reviewId,userName,userImage,content,score,thumbsUpCount,reviewCreatedVersion,at,replyContent,repliedAt,appVersion
79fb5bb4-596e-4d72-bf16-ed7b36fde9ec,Samiya Muzemil,https://play-lh.googleusercontent.com/a/ACg8ocJK609uUOJs_FNSqd1jkYe3p6ahL0eGwByjJiIRzU6qKVGV2w=mo,nice app,5,0,1.55,2026-08-16 21:56:13,,,1.55
ee78568e-b311-4197-874c-1303f47fc8a4,Fida Alkahwaji,https://play-lh.googleusercontent.com/a/ACg8ocIq3jwWn2Rn6Bm55nZfCbJOuhwxmGy0rpdqJvxHMCofuiVhfg=mo,رائع التطبيق,5,0,1.55,2026-08-14 21:38:33,,,1.55
df471641-e4af-4a14-927d-3f9ff4202188,Monira akther pakhi,https://play-lh.googleusercontent.com/a/ACg8ocL7i-uLbf7GYW_7M7uKSHNaykQsyEvppVGXG70pbVCUuh1cHg=mo,very good,5,0,1.55,2026-08-14 19:53:32,,,1.55
87dbd1f3-5245-431f-aafd-ac1f24ce0399,Halimah Salako,https://play-lh.googleusercontent.com/a/ACg8ocJ67SFbeqK1hWpDulPXW76nU5cy_SCiLMHzu-6R79R_BJuZhA=mo,this is a very good app for Muslim but adhan,5,0,1.55,2026-08-14 15:40:26,,,1.55
06430e9d-36c7-46f1-8145-a4b7e7416b9b,Muhammad Asif Khokhar,https://play-lh.googleusercontent.com/a-/ALV-UjVRx6urKfUR_BHSnrpnCWNVCg7Per7Aniy-DkjsfigQAASJPNfV,Very good app to recite the holy Quran and remember the Azan prayer,5,0,,2026-08-10 15:00:53,,,
1dced88c-2a3a-4f86-b5ed-b8ed9423aba2,Abubakar Musa,https://play-lh.googleusercontent.com/a-/ALV-UjWuunio4kxExc-rWv50dk74F4J_x2k2IixXMrtB2EQu4Ht0sdPI,"Just download it few days ago, I'm in love with it.",5,0,1.55,2026-08-10 11:00:33,,,1.55
1163d87f-7722-4603-a6ee-a6b7c2719285,Aleeyou Abdoulhameed,https://play-lh.googleusercontent.com/a/ACg8ocJ_ex8y0KAJnk1yK_mWqKhjn0TrFDnNIp49ZITq8dC4cqTQpQ=mo,nace app,5,0,,2026-08-07 01:09:41,,,
1828846e-37e5-4076-8a05-2687193493fc,Adamu Iyabano,https://play-lh.googleusercontent.com/a/ACg8ocLF1tPMiEbQERU2ExZuDIeMZjjpYatsd1mii9CgP4ywrvOZSw=mo,excellent app I like it,5,0,1.55,2026-08-07 01:08:01,,,1.55
8f5e252b-2cc5-43d4-84b5-49cf1451e5aa,Akibu Olapade,https://play-lh.googleusercontent.com/a/ACg8ocJ1BM2NKyKcMCOCHuGu3wQDEaf1cKrYsDrnq3SGjM1pVe2UFw=mo,Good,5,0,1.49,2026-08-05 14:01:54,,,1.49
974371f8-2533-4ef9-b323-0bfd7dfe4f99,Adeyinka Jimoh,https://play-lh.googleusercontent.com/a-/ALV-UjVmU9RHDIinmz7c7mGuRcOWcESLxGwJ__wfzq0nMTiiq3UwiNE,very good,5,0,1.55,2026-08-04 16:36:41,,,1.55
f25ff4af-1c8e-493a-af26-1d3401e477f6,Rahmat Zakari,https://play-lh.googleusercontent.com/a-/ALV-UjU3AjsLu4Oi3sjkNVPAsZzCyrB2ZaSAbQUnjBAwN0uoGlKZ608,it is a really good app it brings us closer to our faith,5,0,1.49,2026-08-04 12:35:57,,,1.49
53e57b95-a118-421b-9523-8c1a766ffef9,Last born Alabi,https://play-lh.googleusercontent.com/a/ACg8ocLbdnWzgoa__x2OZ5uHEykV4clUjUtybgorbMyKX0Tzl5kW=mo,very good app,2,0,1.52,2026-08-02 12:17:44,,,1.52
c1548f03-768b-467e-9c43-22131ffe864d,Faiza Karim,https://play-lh.googleusercontent.com/a-/ALV-UjVt352JQngu4AibpB_WaxuoCm_SIGHtSKG_hRZmEZJ5j2pDOebV,Good work,4,0,1.55,2026-08-01 14:43:01,,,1.55
993f0371-8ecd-4d70-a768-a64c9131d5c8,Rikta Khatun,https://play-lh.googleusercontent.com/a-/ALV-UjV-pRP9xqLEcyNVDTpSO17U2lgQRxvzaEo2HXt51VmdX5hCWvJ7tA,"very useful good app,,, ☺️",4,0,1.54,2026-07-28 22:05:48,,,1.54
5072b1b8-c1ab-441a-b8c4-2dd47cb59a54,Hassan Dauda kinafa,https://play-lh.googleusercontent.com/a/ACg8ocJ4MmGLIVgQsqMqF3ncfK_4PpFgDJ5H_rWAkyB8XyaebJBkKQ=mo,I'm happy to read in this App,1,0,1.49,2026-07-26 19:24:53,,,1.49
aeb86a15-6f97-4c86-9255-3f18e863ea83,Hussaini Salihu,https://play-lh.googleusercontent.com/a/ACg8ocITw_BxzHbxqRtAo0eIm0bpECR8tjHOysWrPGU32NgXQ0z7Bg=mo,Thanks again,4,0,1.52,2026-07-24 18:09:56,,,1.52
287e35d7-b2a0-4142-a062-a48da3170b63,Maimunat Abubakar,https://play-lh.googleusercontent.com/a-/ALV-UjXS7Z8QkBFv88VafY0QkPbLMj54JzhHRItyuQaf6hIVPH3Ju_oN,Alhamdulillāh. I enjoy using this app. may Allah reword the admin behind this wonderful app🤲. however I noticed that the morning and evening azkar is no more in the app. admin please try and update it.,1,3,1.52,2026-07-23 15:26:00,"Thank you for your kind words! 🤲
In shā' Allāh, we'll add the Morning & Evening Azkar back very soon. Please keep using the app, and we hope to earn your 5-star support again. Jazak Allah Khair! 🌹
",2026-07-23 18:25:22,1.52
9a100dbb-47a0-4012-b586-d88044e41062,Umar Yusuf,https://play-lh.googleusercontent.com/a-/ALV-UjUhyekikYkiCFINAuBJGktpafvwal3jnM0A06DVX5slT8Sgt4Bq,thank God,5,0,1.52,2026-07-18 21:20:12,,,1.52
1876dc81-5077-45bb-a2b2-fafadb7ed56a,Moshood Olaitan Taiwo,https://play-lh.googleusercontent.com/a/ACg8ocILJByGApclOA1LlPkJY3NT6VOQiFl3p_Yp7N-nqPl4SdqNXA=mo,Get to perform solah on time,5,0,1.49,2026-07-16 23:24:04,,,1.49
e1b6c234-a7b8-473f-b496-2b374be2a643,Ahmad Hassan,https://play-lh.googleusercontent.com/a-/ALV-UjUBjtFO572kN70esY3GM835Wvzu6gZuOHW3D4Av6tTr_KjQ1ew,I love the app so much..wallahi no app like it it in my experience.... Thanks so much.,5,1,1.49,2026-07-15 23:26:52,,,1.49
51468fc4-ad64-494e-81ca-a411d8790dd6,Ayomi Adufe,https://play-lh.googleusercontent.com/a/ACg8ocLcPUJJdlLPzZ0WT_dCsThy7fspcdTrVzmqA423SoUKegTg4g=mo,excellent,5,0,1.51,2026-07-14 23:51:53,,,1.51
013bf027-fa78-40f5-9338-b999f9491c93,Jibril Abubakar,https://play-lh.googleusercontent.com/a-/ALV-UjXDW9fG4p9qefpP9WgSu3ItwNQD3ggu-kXEwCIYhQaRJ5UTBJrz,Alhamdulillah Ala kulli halin,4,0,1.51,2026-07-14 01:01:06,,,1.51
12b082e1-7cda-4225-b247-f756a1f75e58,Eman Wesam,https://play-lh.googleusercontent.com/a/ACg8ocKtDQKLpiXPeg6AP0HP63Fzju84AqmQ5hgmRZd6r3TdMQu5vg=mo,❤️❤️,5,0,1.51,2026-07-13 21:40:44,,,1.51
32b6b4ca-4baf-4db0-ab93-9d52a271f4d8,Amirah Okikiola,https://play-lh.googleusercontent.com/a/ACg8ocII4s5zcoaYV92AUMTcoT-7CzB3qxNVQUN889g1M9PhpVXnUQ=mo,"it, s helpful in preparing and remaining us for Salat time please do something about the ringing of Alarm without opening the app",5,2,,2026-07-07 05:27:15,,,
98be7b42-ea86-4595-9346-934c5679e254,Shamsiya Ibrahim,https://play-lh.googleusercontent.com/a/ACg8ocLsZaqkrFV_d4ugew5mPEuWU-XGAnghpSo6Ia7rt2WzLlj2-w=mo,it's very easy and seem less,5,2,1.50,2026-07-06 10:35:48,,,1.50
3d24c71e-2b8e-4a87-8b20-797dd1808859,Isah,https://play-lh.googleusercontent.com/a-/ALV-UjXkdx_59uPBEsamIhHFK_EU8Ra1KOuZGi1O0hQvLhYUr-1Tc_M,Very good to use 👍,5,0,1.49,2026-07-03 13:12:35,,,1.49
d8efb526-0205-4285-b4fb-438c9bc53d29,Abukar Usman,https://play-lh.googleusercontent.com/a-/ALV-UjXwvIVpAFz8vJrZJskV3j2_Dp6vk2tyGTJuRe6F8-We2brpMWwH,nice app,5,0,,2026-07-02 19:19:25,,,
c178a264-323c-4b8c-aed9-f75c31d00ee4,Adamu Khadijah,https://play-lh.googleusercontent.com/a-/ALV-UjWpeFx234dHvwFj0ww0fhC0DyOyEDCYdaN0sWnMwsXfJ_LgP8k,I love the app buhh it doesn't rings alarm until you open the app,4,17,1.49,2026-06-29 16:16:17,,,1.49
f02777c2-9fc7-46fe-9612-7118dc8fbe01,Ajagunjeun iskil Olasubomi,https://play-lh.googleusercontent.com/a/ACg8ocLnU8ia1T7FavPMhOfxcrytZnZN6NcBqEHIF7PRfmKqMVu_JQ=mo,it's very good and make the solat when it comes to adha reminder time,5,4,1.49,2026-06-28 20:43:23,,,1.49
198c9253-a7b8-4369-8ec3-561ba22a09a5,Ibrahim Idris,https://play-lh.googleusercontent.com/a-/ALV-UjUH87iry5ZtXniIrqDtQ4QvJBImZ2fjXCADxHj5iLZWhovsjcOC,"it can remember me the time of salat, and I can benefit of some du'a",5,2,,2026-06-26 18:11:56,,,
6c2d2740-e6c9-4dd9-8f24-fab14e59db98,Abdulfatai Mustapha,https://play-lh.googleusercontent.com/a/ACg8ocKZ2z7OruoA8FkRisupwTtN7dtqfNbg-_vFcTsOm80toBRXLQ=mo,better application,5,0,1.49,2026-06-23 12:44:31,,,1.49
ca59675f-7fde-4abd-9ed8-37c8872bc6e3,Lawali Abdullahi,https://play-lh.googleusercontent.com/a-/ALV-UjWQEvnjngsyfwgbpIDAMQeQHTpUMjsb54havZagYiqKuB2CFmtq,is good is very good,5,0,1.49,2026-06-23 11:27:03,,,1.49
58f99c52-c38a-48eb-871a-ef72a7d6ce16,LAWAN BASHIR,https://play-lh.googleusercontent.com/a/ACg8ocI2l-33zWQGte43T2U1M168EX_eLyG8NXtdUY_e7ghHTpF8rA=mo,okey,4,0,1.27,2026-06-23 01:17:59,,,1.27
09cba783-50c8-45d5-8ac8-025290024bd6,Engr. Bashir Bobbo Mohammed,https://play-lh.googleusercontent.com/a/ACg8ocIEUT2EtC6GfLuc_7ausALomWw9Tc7FMQ1juBFPjlFcSWyoug=mo,very beneficial,4,0,1.49,2026-06-16 01:31:10,,,1.49
2188f31e-965a-40ed-b242-fa8af64f72b9,firdausi Muhammad,https://play-lh.googleusercontent.com/a/ACg8ocIe7O5gvTxYU4R_trdjGbTR4pXThuzL5LpVafmQu4nJgKyOaw=mo,alhamdulillah this app is a very good I faund it very helpful for remembrance and I am advising each Muslims to install it in their phones,5,24,1.49,2026-06-15 11:20:19,,,1.49
b6b03f30-e142-4726-ab0a-fe7dfecd2bcc,Ogunbona Azeez,https://play-lh.googleusercontent.com/a/ACg8ocLlaLvzQ7vg_ORrynIKmAVNQnHAkXDYSnOKr_jzUMXLsPZE4w=mo,Allah is great,5,0,,2026-06-14 00:07:20,,,
1174f5c6-b00d-4059-a1e9-dc7ccb299256,Ibrahim Abdulateef Adedeji,https://play-lh.googleusercontent.com/a-/ALV-UjV46jagQPfIMZx1Ue0YKK0e_lMJdNfafFAQj4fdOYQihyekUO6L,"a very good app, I love it so much",5,1,1.49,2026-06-11 18:28:39,,,1.49
b5a4ae13-d2c6-40e7-82ef-b0fb2b24719c,Said Suleiman,https://play-lh.googleusercontent.com/a-/ALV-UjXf_sAYHzvQfH2fWJ9U_ZH9PphttGTw2ha8IZuyScnbT69Nc98,good app 100000000 percent of Muslim Islamic guardian,5,1,1.49,2026-06-09 18:33:16,,,1.49
765472a5-6508-4010-8306-0e69ec35494a,Oladiti Olabisi,https://play-lh.googleusercontent.com/a/ACg8ocKlZrfo7H1xj_HLbmVyyW_6nrftX9HeZSsKSxxmCez_i4OS2w=mo,"the adhan is not working, it will just vibrate on my phone, can you pls work on that",2,5,1.49,2026-06-08 23:59:39,,,1.49
a7fdc020-9d5a-4611-9451-815e3c7fc143,Greenwell Mponda,https://play-lh.googleusercontent.com/a-/ALV-UjVfwmBVxIdwuiexdL3nf7fFg9bMH7_hbbibI6d6A2J_0QigowND,"super so far, looking forward for the better",5,1,1.49,2026-06-07 00:25:55,,,1.49
51fcea6e-a486-4cd1-a57c-f4f1b1c34c6f,hauwa umar,https://play-lh.googleusercontent.com/a/ACg8ocI5_yO6QPy9APy2b4qqaGVc5CW42FANiY7TyVGJ1esuwFKtxw=mo,masha Allah,5,0,1.49,2026-06-05 13:31:24,,,1.49
163bb336-7219-40ac-aefd-172eceffd4ab,hanifa bukar,https://play-lh.googleusercontent.com/a/ACg8ocIjx993oJRzxZmu3_VTIeYoHYaFVj33UZ9S-M6c8JjAKtGP5w=mo,Quran not downloading very bad,1,6,1.49,2026-06-05 02:34:31,,,1.49
a7e2ea14-b30d-4820-a501-7fd551226db2,Abdullahi Yunusa,https://play-lh.googleusercontent.com/a-/ALV-UjWU8PHQre7Y3ntUaPCeC2r_53yLtmgRAid-FYeGZ_NoSTa3IbIj,alhamdullahi,5,0,1.49,2026-06-02 10:47:44,,,1.49
e36ccf2d-96aa-4005-8354-25a677833f75,yusuf alkamawa umar,https://play-lh.googleusercontent.com/a/ACg8ocJrXylZHt_Wr4aO7L8pfDnRDvB4WLvyCJSN3fdT2CaHSIpUVys=mo,Let's learn Muslim Muna Adh,5,0,,2026-05-24 15:40:02,,,
fb4cf6e0-c8cc-4077-8c8e-5fdcae472a05,Sumaiya Zeeshan,https://play-lh.googleusercontent.com/a-/ALV-UjUv4yjMv-jt-5s9oCEnT3RUWRqxDQTjl56UWnxN1_V836tun7QZ,brilliant,5,0,1.49,2026-05-20 04:11:23,,,1.49
c15285b3-1c7d-4127-96c8-0c12afb2b52a,Ilham Kays,https://play-lh.googleusercontent.com/a-/ALV-UjVLyXnW6qRLhMoAowYD8ZkVjqcpO9P2OtgybDETHwsO6iQ0KVtI,"Masha'Allah, perfect app",5,0,,2026-05-17 11:12:22,,,
0a38a1fe-e57c-4753-b5f4-0cf7416f89bb,Hassan Yakubu,https://play-lh.googleusercontent.com/a-/ALV-UjUKHoEw2JXH41avfKCLh8J-gLrRdfUvQoGXHMejw5qDJN6lNbbe,thanks you Muslim muna,5,0,1.27,2026-05-12 15:40:46,,,1.27
fecfc586-b9d6-4c16-8c68-87fd1f2281fd,Dauda Da,https://play-lh.googleusercontent.com/a-/ALV-UjWhHBEVWla5f40vr1GwfK5yh_9FcAIOsDh8i5X0xs5Vc-5-doU,very nice to me,5,1,1.49,2026-05-10 16:44:16,,,1.49
e572c6f1-c3ee-4340-b2c6-63965187ff0d,Saratu Adam,https://play-lh.googleusercontent.com/a/ACg8ocJwtV-v3SiOb7xkduhI5iJL81DUBlR6FkOYEKfbKs8Titxn1A=mo,awesome,5,0,,2026-05-10 15:43:18,,,
24192fcd-4503-454c-b5e5-34350ab42551,Amadu Sayon,https://play-lh.googleusercontent.com/a-/ALV-UjUeqj7k3cCZCYMYN8CA5zTxoU79oY6Ck5cu6kSGbuMUErghDL2MDA,Good app,5,0,1.48,2026-05-01 12:44:54,,,1.48
4f084b30-4114-4448-ac72-7fef52a4b9d7,Ahmed Arab,https://play-lh.googleusercontent.com/a-/ALV-UjVp2GMdbel0Y4DTCCy_CXnFmmF-tToMaQgCSsubwc9l7StMRUPLTA,Very good,5,0,1.26,2026-05-01 07:14:35,,,1.26
828a1f83-7df5-4edf-9d60-41427edcf295,Buhari Adamu,https://play-lh.googleusercontent.com/a-/ALV-UjVhiStpffH32Qoaw7DJ8Az2k5C7Oxm8P5YEQTzNRHht7ZdS1CIj,thanks GOD,5,0,1.48,2026-04-29 03:55:44,,,1.48
84d535f2-0789-4751-9f51-afccae72a8c9,modu Bulama,https://play-lh.googleusercontent.com/a-/ALV-UjU0H6_G7fkpJbS3MNuJN8IwevZ32SJ7HzBsrmAs8UwHRS16qC91,I enjoyed the app.,5,0,1.46,2026-04-23 15:31:09,,,1.46
7849b6a4-a012-41d7-94ea-d09f65bb2908,Awais Akram,https://play-lh.googleusercontent.com/a-/ALV-UjXyf96WJNd38BfqnsaxwfE_wGlihYIjZb0RVdU32ysJUwo5PfFhBw,v. good,5,0,1.46,2026-04-21 05:27:10,,,1.46
c7cd7ddd-6940-4de4-93d8-58c186a12b3f,Hausa boy Wagini,https://play-lh.googleusercontent.com/a-/ALV-UjUx5dnzlrJZZCL5gAeoJGYd2zRpy4BJcttQWgHTKW9W33fYlIw,good for everything jazakallahu khairan,5,1,1.46,2026-04-16 13:29:54,,,1.46
c463ad7f-7b61-48eb-89da-cd2fb1541a80,Khodijah funmilayo Maruf,https://play-lh.googleusercontent.com/a-/ALV-UjXShC3dWiLNPEPEEmo2c2GJBgN26D05tmCc3fosWniVhMUYhCY,insha'allah is ok,5,0,1.46,2026-04-12 11:05:55,,,1.46
feb940b7-1f77-4600-8967-8b1f21cf36b0,Dikko Usman Zakari,https://play-lh.googleusercontent.com/a/ACg8ocJeKPhD3PRYCbCJrJwgFGzaclDDNVmCSTfQQSmw1AkoMrrnNQ=mo,very good app,5,0,1.46,2026-04-09 11:55:02,,,1.46
e9708e91-310d-45a0-bd19-8ca500724872,Aderoju lolade,https://play-lh.googleusercontent.com/a/ACg8ocL334UHRM13JdV0lf9m0HBQHDcqwyHfeNshlHEhdCiQHC19jw=mo,Allah is Good,5,0,1.46,2026-04-03 21:42:50,,,1.46
0c8fa757-2cae-4a65-817a-1f0613979bf7,Hajja maida Ali zarma,https://play-lh.googleusercontent.com/a/ACg8ocKrqxpg2Oh3bfvfrHrEfL4ClJ-TXAANcY6f8QvCRS_AUNik7zw=mo,I can't hear the voice of the Azan when it is time for prayer 🙏 can you please help me,1,37,1.46,2026-03-26 01:34:34,,,1.46
c755007d-1da7-4d54-ace8-f3f042a2dda7,Shar Sulaiman,https://play-lh.googleusercontent.com/a/ACg8ocJqLeAjcliVutSZcqL3I2DAVy4VlLKsOCGl25-JvGeaAwQhtQk=mo,not ringing every time Sala,5,3,1.46,2026-03-25 07:38:19,,,1.46
6684bc1e-340e-473b-9c6a-14d51c95d1e8,Fataw Latif,https://play-lh.googleusercontent.com/a-/ALV-UjU4FoxXxRB322wepk1ZCPDLmVtA7bkBjnhdA6yajOg2HerRliMW,thank you,5,0,1.46,2026-03-23 06:37:08,,,1.46
89c632c1-21f7-4fb0-b808-cc9c325f6143,Ibrahim khalil Magaji,https://play-lh.googleusercontent.com/a-/ALV-UjWydqRpZr_PgV_pU6KyFtH6O6mrxOPoP7RuP57ptpinkoIYKAk,good app,5,0,1.46,2026-03-18 10:08:56,,,1.46
6b53ef34-85f3-4a31-a73e-9df4f7543b32,Namukwaya Kuluthum,https://play-lh.googleusercontent.com/a/ACg8ocIwdfhCRytbDW--pf5KiO4jIcbFqvHPx7BGjm8wrfUnf0bexg=mo,very user friendly and helpful,5,1,1.46,2026-03-12 16:08:29,,,1.46
e6d3536a-63fc-4921-a8fa-5eee01462bab,Amshetu AWWAL,https://play-lh.googleusercontent.com/a/ACg8ocLur_QSl3BB8K2GetcoCMcis9u8CMv2xSXahnyhmATkN5orOw=mo,"superb, makes my reading and understanding of the Quran easier and interesting to visit at all time Also reminds me to get closer to my creator all the time. I love it. Jazaakumullahu khairan.",5,30,1.46,2026-03-12 06:40:32,,,1.46
700f9c4c-aaeb-4ae0-830a-de7d74178e1f,Oyinkansola Anifowose,https://play-lh.googleusercontent.com/a/ACg8ocLYGecNW1pDh-BCg0LqHPBUja9akkbDZerCEIruAlMrDIAShQ=mo,it made being a muslim easy,4,0,1.41,2026-03-11 17:56:00,,,1.41
5e4e7ba3-47dd-4e08-8320-afb3e2871887,Pedro Ubando,https://play-lh.googleusercontent.com/a/ACg8ocLBy_56Nxt3U5SaaLL2t0yFeLuiy1Qpb6YyVQNew7l3Za2IhcM=mo,excellent,5,0,1.46,2026-03-09 12:32:31,,,1.46
54522894-75e1-4522-a5a7-516f85fc3b06,Shabani Athumani,https://play-lh.googleusercontent.com/a-/ALV-UjVQgyCy7s0lZNKxR1-_e6hq58OYcl12y0xZBOLxItHJW6tYUaPe,good,5,0,1.46,2026-03-08 23:08:10,,,1.46
1eb641d6-9849-446a-bd24-3ce3f158e45b,Shoaib Rana,https://play-lh.googleusercontent.com/a-/ALV-UjVzhHdH-kVJXJDGS4YULiXi_QU3S8W1ZIycZraRlZtMwNYa4k0,Mashallah so good 👍,5,0,1.46,2026-03-02 21:31:57,,,1.46
a09b32bc-705e-445c-9a2a-72370960c050,Ibrahim Seif,https://play-lh.googleusercontent.com/a/ACg8ocJs3R-Ndba38_8rtfxDviUl7vuPqwDoh5nKT-BkBOgv6idSsQ=mo,Fantastic♥️,5,0,1.45,2026-02-28 21:43:47,,,1.45
5dc6f45e-1fc4-4dbd-bc51-4066457f8f8d,Kabiru Sani,https://play-lh.googleusercontent.com/a/ACg8ocLf3MlLrNxfFgPknmA3j_OzIc3EEndwkGSNeXHrvSThcmdFng=mo,very useful and educational,5,1,1.43,2026-02-28 10:07:24,,,1.43
4db49cff-419c-41f8-aa6e-3097af0efc61,Axmed Xussein,https://play-lh.googleusercontent.com/a/ACg8ocJpMw0DPbDLpFPrZu0pHpwagkquFMaf2IY2c_osAwIYVwfkiQ=mo,yes yes .....,5,0,,2026-02-28 04:59:14,,,
b14b1c6c-da69-4631-9f4c-4a71ca4a86e9,Fahim Nihat,https://play-lh.googleusercontent.com/a/ACg8ocKp0IyhlAYBx7eeu5hiQ6UOPs9Hd3V3TxFb2dJlv-TnhKqvrA=mo,love it,5,0,1.41,2026-02-27 13:23:29,,,1.41
0fb1fc21-bd77-4c7f-98d1-8ede27d1df28,Shiraz Ngassa,https://play-lh.googleusercontent.com/a-/ALV-UjUgrJLJRR8oiY-M0sLuQBQE_M4QU3WMTjX0TYiQcX3XY2IEJM89,mashaAllah,5,0,1.45,2026-02-26 19:50:22,,,1.45
44dbdc9f-9382-46af-a0ff-5872ce42c85f,Mahad Yassin,https://play-lh.googleusercontent.com/a/ACg8ocLZnZNWJff53_i5tN4waRyIPo2bUVxBIZ2Bun0SKXZvMpVO9A=mo,it is easier to hear and read for sure it's the right one,5,7,1.45,2026-02-26 02:14:42,,,1.45
cbe730f4-4ad8-4e92-a6a1-35a242e27aa0,Halima Muhammad,https://play-lh.googleusercontent.com/a/ACg8ocJryZsYLm7C7adi0wghJgPlH8FzMVWNKqhg1P3CNN-ygejzhQ=mo,why is the app not calling to prayers?,1,3,,2026-02-25 17:44:16,,,
b98a20fc-1414-46e3-af09-da07b5c9d5af,Abdulrahman Ali,https://play-lh.googleusercontent.com/a/ACg8ocKALXIsbm7iuKROynOwj3wYW7ZHyWMG-IwOqHngelnqYvrAP44a=mo,very interesting app. ALLAH'S blessing,5,0,1.45,2026-02-23 20:56:51,,,1.45
141431c0-8f89-4753-8d5b-2e415f685a05,Kehinde Kareem,https://play-lh.googleusercontent.com/a-/ALV-UjWyLZdx9GbbS71-IDUUvnRO6w8XaBoy6hNiU4boHvKWPm9mNws,I love the app,5,0,1.43,2026-02-20 20:41:00,,,1.43
0b377f2c-97bc-4cf3-a24d-ab6935fd2b4b,ibrahim yau,https://play-lh.googleusercontent.com/a-/ALV-UjW89pvdwcW9gc17FxM47N0WREBXVC42DC_ba8CQSkME95khD5Q,may Almighty Allah bless those who created this application for the improvement Islam and may Allah make it useful for those who reads it Amin ya Allah,5,2,1.44,2026-02-20 04:33:20,,,1.44
5ddda418-88e2-41ac-aa69-0985ef9a97f2,Francis Mampang,https://play-lh.googleusercontent.com/a-/ALV-UjXAUhy_4A06jpqPSxgJ2Hk1EVuuLQnapYVFO3bLf2aRX2HZP5M0,Use full for me because my dad no teaching me about this but now i read this all time to memorize the spech if i am have doing every day thank to this application 😊,5,1,,2026-02-19 15:00:40,,,
42db1941-7b9d-4234-b264-37640d43dc54,Halliru saidu Khidir,https://play-lh.googleusercontent.com/a/ACg8ocI74k5Y05T1DHEgL840Xf7Hi6AQJLHl82zQKfrCP_lN4rKByw=mo,masha Allaah,5,0,1.43,2026-02-19 14:17:51,,,1.43
828f7c4e-8e12-496f-acd0-a0702287d497,Saqlain khan Khan,https://play-lh.googleusercontent.com/a/ACg8ocJDAPGE5qA_FswNkh48K5uoNEW7ub3duV21Epgyrv0mfaf_NA=mo,ماشاءاللہ,5,0,1.43,2026-02-19 14:10:02,,,1.43
896c1f3c-981e-4e19-8d70-e7d79b4161ac,Baba Ahmed,https://play-lh.googleusercontent.com/a/ACg8ocI6FO_rk4qs0pBy-Gd6YqyBqVi6ZoL_I69X2n8BlxOzs0HrSQ=mo,"effective, and detailed all practices of Islam, and equally guide us in performing our prayers. It teaches us the recitation of Quran. may Almighty Allah accept our Ibadah.",5,64,1.43,2026-02-18 18:14:42,,,1.43
55d4dd4f-fd9b-441b-8088-9aa55ecd7960,Siddique Butt,https://play-lh.googleusercontent.com/a-/ALV-UjWSUmiJ1vYSYoUjNIHV-4mkfeFc85X5BEdm9oBvahePtT73SAM,very good 👍 app I appreciate,5,0,,2026-02-18 12:10:53,,,
0657f3b5-10c7-4d18-99a0-71172c60ebaa,MD MURAD,https://play-lh.googleusercontent.com/a-/ALV-UjVTGKOixtmgZU3Et-rCpgMVug7upSOyzeoYz8l38umqETsk5FZ_Kw,"GOOD,,",5,0,1.43,2026-02-18 00:26:40,,,1.43
c38fd357-f454-4c1a-ab42-aa96353fdf0c,Suleiman Ibrahim,https://play-lh.googleusercontent.com/a-/ALV-UjWZNSEKGjKtvcuB488bBci4aAwfah-gw1BamcdTf9BDxSb7wFZU,Nice app,5,0,1.42,2026-02-15 01:13:56,,,1.42
1ba8e7e9-133d-44e1-8ce2-2e249f119e98,Habibat Balogun,https://play-lh.googleusercontent.com/a/ACg8ocJUY2JgDpymZqaInRSRxAR5GnSkZUJjmxqivTV1iae8jYIxvA=mo,The App is not calling Adhaan,1,5,1.41,2026-02-12 00:17:23,,,1.41
81c921af-5b8c-47df-ad32-68daecd18ff9,Kasango Shafic,https://play-lh.googleusercontent.com/a-/ALV-UjUEpJ9zjd2IYRy2ggno9N7kvO6P5WpM-6CGo62AGg9S0tMSysyh,perfect for all essential Islamic worship purposes,5,2,1.41,2026-02-11 21:15:40,,,1.41
800addbd-6a06-448d-b30f-a592368317af,Ahmed Idris,https://play-lh.googleusercontent.com/a-/ALV-UjWR0laFcxq5O3DvFMJza7sDMuCRyzfLqGkIcOFQbAPP_ZwB9MNr,the app is good to go makes me to me to meet up with the prayer,5,2,1.41,2026-02-11 14:16:22,,,1.41
e0eab0c3-a290-49c1-847e-e56427dcda14,muhammad zakari,https://play-lh.googleusercontent.com/a/ACg8ocK7WJpvgOTqWUE5fjblssgVy3JaRsBk8KsxIwr1d3t8brxIwA=mo,very nice and user friendly,5,0,1.41,2026-02-10 23:43:06,,,1.41
8e71ffe2-0bfd-4c41-af0e-fe7d50e23f6e,Lawe Zakariyya,https://play-lh.googleusercontent.com/a-/ALV-UjUyV7ntGMQOh3-zJ1avS4d30hdZP8kW43HOoOpJyI9H8o_f_lc,Very helpful,5,0,,2026-02-09 23:54:41,,,
3b4593e5-ee34-4232-8536-81841dbff37f,SULEIMAN SHEHI,https://play-lh.googleusercontent.com/a-/ALV-UjWFAAJW_1kNg9vYXdc1QNdi0BwfEZILUHGhScdvxTyh_8pgbkJrsg,Good app,5,0,1.41,2026-02-09 18:30:53,,,1.41
e3ed3b46-c75f-4a2d-8c9f-e8669dbdf99d,Ibrahim Abubakar,https://play-lh.googleusercontent.com/a-/ALV-UjVsO0jzAvKT_YQ5ISy-g1J9gF78nL9M-Dop8P9PGr-GncnLoFo,am very satisfied with app,5,0,,2026-02-06 22:47:58,,,
2cc25f2a-b250-4b34-a798-8e6a340470f2,Aliyu Musayusuf0998,https://play-lh.googleusercontent.com/a/ACg8ocIn9jVbAb_eUqaDoCLHPSa8KpMTkGFblxyVqt3aG_Vv13MQDQ=mo,I like it,5,0,1.41,2026-02-06 00:38:09,,,1.41
df2a3c9a-8a6b-4b09-b892-a2f6243230ee,إسلام محمد,https://play-lh.googleusercontent.com/a-/ALV-UjUiDLLRjN7ArsO9FEZGJ9Ofsh3ABNIbCB4X6BxmaifKfCPNbPUU,Very good and very helpful,5,1,1.41,2026-02-05 15:23:14,,,1.41
61d1dfca-657f-4bd2-b40a-180f63ff0ec9,Ishaq Pepe,https://play-lh.googleusercontent.com/a-/ALV-UjWQevUI8j2-_F4Ndo4UwPmPhz5uBjlCDLuHGKsZX2UfCelqoOQ,I love This app more than any app I use because it contains any part of Islam,5,1,1.41,2026-02-02 11:08:15,,,1.41
d413405d-c6ce-4f5f-b87c-949ca2a6158f,Khalid. Elbakry,https://play-lh.googleusercontent.com/a-/ALV-UjXDxKyfbmO34zKH2Mrmj4854l-T_untq0ic3T9D0euf6Me5rVJ67g,يحتاج الى تحسينات ويرجى إضافة اذكار الصباح والمساء ويدجت الصلاوات,3,0,1.40,2026-02-01 17:26:03,,,1.40
63b88df6-83a1-4bbc-8117-74ae20bdcd46,Nadzma Janang,https://play-lh.googleusercontent.com/a/ACg8ocK63RM-A1eZYXCZG9QmSOyONd_jzK_A5NxNoJSya8_qhakcJw=mo,so good.,5,0,1.41,2026-01-30 12:45:04,,,1.41
851f8839-7b52-4e8f-bb14-df9085bb3c17,Saidi majaliwa,https://play-lh.googleusercontent.com/a-/ALV-UjUwwWPYtie21Uzvl6uwNoPmlYeD2bGUpaxodPB5kP2kBbIhanqr,Good,5,0,1.40,2026-01-29 09:02:50,,,1.40
9934a2fd-97a5-4d01-b9c6-41266889db20,abass ibraheem,https://play-lh.googleusercontent.com/a-/ALV-UjXzNMCSDy7cN5dUU9-kWRrf6jEd3GPCdXbv04aq9b56KPmWXVAC,jazakhallahu khairan. more wisdom in sha Allah,5,0,1.40,2026-01-28 23:48:35,,,1.40
e4182c9c-3be7-4406-b46a-877146a9c9ae,Abubakar Isah saulawa,https://play-lh.googleusercontent.com/a-/ALV-UjW8lD4Y6_bZxY6xrD6qR61EhyWYuJcCwEDIXE5MFyKCGmiF600,not interested anymore,1,1,1.40,2026-01-28 12:53:06,,,1.40
716fe811-e9de-4c5a-8b3a-baa3647dc277,Kamal Idris,https://play-lh.googleusercontent.com/a/ACg8ocIrRwfhLpMHk7gWkCHWby48PjrmNg4FyRkz9fICtuccQqe1zw=mo,MA SHA ALLAH this application nice,5,0,1.40,2026-01-27 02:27:53,,,1.40
c2c6c68d-4394-45a4-9d43-9986c59d4a3c,Sadiya musa salihu,https://play-lh.googleusercontent.com/a/ACg8ocIlwNk46s7krZ3PfQ2iVxYIFxJ6pf1JHjTZS1XG913EOHZBxA=mo,"its doing an amazing job,i give it an excellent performance👌,the best thing dat happens to me in 2025/2026.dis app brings u close to Allah 🤝Jazakallahu khairan",5,4,1.40,2026-01-22 12:55:46,,,1.40
e5c0fb73-94af-4bea-8703-4876c386de9c,Abdulrasheed Yusuf,https://play-lh.googleusercontent.com/a/ACg8ocIdFi_yH8lJwFDY-xr1mb8vvCTfLeOHsGAr4L65Q2YHXsY7wQ=mo,Perfect,5,0,1.39,2026-01-21 07:40:49,,,1.39
11c0eb07-bc8a-49e4-ba18-342072478027,muhammad auwal,https://play-lh.googleusercontent.com/a/ACg8ocL1wRDgyq2IZVPMtVk-g8xwEFgMiCqcMHBZP2nVEE3MdBpieA=mo,good,5,0,1.39,2026-01-20 22:58:12,,,1.39
f92363e6-e342-408f-a9fe-b9f57e2f6659,Mustapha Kokari,https://play-lh.googleusercontent.com/a-/ALV-UjXjxw4Bo9zM192lLKrBeKSDbYv28-lS-rvC78ln4rBBxs3SFzmR,Quite a good job.Strictly religious . Not distractive.,5,25,1.39,2026-01-20 13:08:41,,,1.39
05342a91-f0fc-4251-93bf-b9e5120432d0,Binta Jafar,https://play-lh.googleusercontent.com/a/ACg8ocIR4EDJxNJB9cXhsuZD98Xr47CVqIu86M2mDb2ip-A_lo8CeQ=mo,sactisfactory,5,0,,2026-01-20 10:34:30,,,
c61379a1-9fe6-4720-a768-aaf96dc000e9,Shahid Sadiq,https://play-lh.googleusercontent.com/a/ACg8ocKfK7HVWo0yEH9GuY8GqLq6ZXoJ0CGQ12H7sEKs1F5pKUhQhg=mo,very nice,5,0,,2026-01-16 21:41:21,,,
70589435-9e2a-4b8b-b9dc-de33dbe19e98,Muhammad Sahabi,https://play-lh.googleusercontent.com/a/ACg8ocIM1EfwvS2lLvVUER0BS1K6-lwzSyC0acomCRUK3YdDXB-oEA=mo,fantastic l like rabbana du'as,5,0,1.37,2026-01-16 20:34:11,,,1.37
ac55a3cf-a4c1-4800-be93-7a745e580d2d,Muhammad Nasir Idris,https://play-lh.googleusercontent.com/a-/ALV-UjX5bYjQk33yrwfF9Z43qPKjg0r3AVNzSUoDkqr1EjuNDhjwzq0,may god bless who create this app,5,0,,2026-01-13 17:41:13,,,
70a9b2aa-500e-4e04-8516-82dcefad0d35,Tajudeen Shukurah,https://play-lh.googleusercontent.com/a/ACg8ocLCJQ1aSabYQd5A45_gy1b4kYPIFBsnZIilbrKqu0NOpUsQVw=mo,Masha Allah🥰🥰🥰 This is helpful and contain an interesting Hadith that is good for me and some other things.,5,2,,2026-01-11 11:36:17,,,
e85025cf-810d-45b8-908d-bedead7127cc,Salmanu Hudu,https://play-lh.googleusercontent.com/a-/ALV-UjXuPqczV9Wd0cGacuc9_POBeW4lumIgtSvnb86sJTtQuJb_tdY,nice app,5,0,,2026-01-11 08:55:54,,,
65c17ba1-9965-44c6-a233-9861ae09c996,WARRIOR S A N,https://play-lh.googleusercontent.com/a/ACg8ocKs3NDJedJTA7Skh33E_QquwrWp4xCTPAA3IkCerK1tZU_Dhg=mo,fantastically made,5,0,1.34,2026-01-09 11:30:40,,,1.34
17ddc22c-c757-4519-ae5d-3995389314b5,Khadija Haruna,https://play-lh.googleusercontent.com/a/ACg8ocI9-_1Z5Je7YUvoIjBPrs33iy98_Io95-0bZ1bhOIBytcO7Kg=mo,Alhadullullah,5,0,1.34,2026-01-07 21:08:57,,,1.34
83642bf9-66d6-486e-b509-58f9cabfcbbe,Muhammad Gidado Musa,https://play-lh.googleusercontent.com/a/ACg8ocLO7PSHggi_ely2AlGs80sLANKSJr2yh7oG7DyxEdNL2fGgDg=mo,perfect,4,0,1.29,2026-01-07 01:44:16,,,1.29
bfe24a0e-7749-4d37-b5fa-172192339b00,Zohan Saeed,https://play-lh.googleusercontent.com/a/ACg8ocL1Vgf8akir3bygBk0nmGi9wjy0aZ__58ewfyITqG0H4UsgFQ=mo,very good app,5,0,1.33,2026-01-06 06:03:02,,,1.33
72e53728-f946-4617-9bb5-dac7df68d0fd,Anthony Olarotimi,https://play-lh.googleusercontent.com/a-/ALV-UjXls_6c_vWbv_OwDS531LuO3IGMVYRo5vQYI23S3DBsum1o9OnK,This is THE BEST download it,5,0,1.27,2025-12-31 07:40:02,,,1.27
7b34a696-74a6-415a-80c1-2206f40fd518,Sabbir Mahmud,https://play-lh.googleusercontent.com/a-/ALV-UjXU4HsiVMe59R6mtF46cFrT3hcQ37TMSOPlrvcldGHyx7xjxFk,mashallah,5,0,1.27,2025-12-29 01:37:53,,,1.27
822a64b6-7f91-4bbd-a965-74e5cd3b9132,Hassan sagir,https://play-lh.googleusercontent.com/a/ACg8ocKsBoLQpZMbfDLC08e97OWZCIcnCQt2EeRngmKw3ABbNiEsOQ=mo,Masha Allah 🙏,5,0,1.27,2025-12-28 16:39:58,,,1.27
b7f94933-b18d-4396-b75d-2ac3de86657c,Hamza Essalami,https://play-lh.googleusercontent.com/a-/ALV-UjWDl17kRcvxa_1g7K2zfNJiHu594PnJ4tzxJCcRSG1aB0CqOu0wJg,good,5,0,1.27,2025-12-26 21:56:09,,,1.27
e13b6956-f44a-49aa-8bbf-3d6da217135a,Abdulrasaq Kunle,https://play-lh.googleusercontent.com/a/ACg8ocI7Qn2QfYfLwQGq_Uw6X6db7V9ZYbEy3JG4J2TO0fjsQuAVkQ=mo,awesome thank you jazakal llahu khoiran,5,1,1.27,2025-12-22 12:08:51,,,1.27
9f1797d2-cc5a-4e77-bc0f-67afe74f9ea9,ZULAIKHA ABDULLAHI,https://play-lh.googleusercontent.com/a/ACg8ocLahQyt4YCJSZM5qUhkRC_NSokD_jJxaqeQBPwmcQ4EihAChg=mo,I love everything that it contains,5,0,1.27,2025-12-18 22:13:03,,,1.27
825b5954-3366-45ec-9394-53e9c2892a07,sherin rafat,https://play-lh.googleusercontent.com/a/ACg8ocJxSCwWKFbZ1fSDs3-dX5U_KTDWqtdtJtLo3S7-oBBfZoIhlQ=mo,ممتاز,5,0,1.27,2025-12-17 13:36:08,,,1.27
096dbb05-54ed-4711-b06e-0ef6b86ed0a0,Omeer Muh'd,https://play-lh.googleusercontent.com/a-/ALV-UjXEwQX-LvbP4jdhOyAdSxgV_3-P_zNl3l8f2B8V30YX3FJ190xz,Good,5,0,1.27,2025-12-14 11:28:36,,,1.27
0478ef08-cfdd-4c68-87f9-0d0503f1a8b9,Dr. PhD. Azmbukar,https://play-lh.googleusercontent.com/a-/ALV-UjXnk5iNJC5nSEcST4zT5KFnraIo9TiYoSb4gAb-6cMjDnsJJf-K,exceptional,5,0,1.27,2025-12-14 04:59:18,,,1.27
c5094fda-710d-45ec-8d21-d0dda64bccc2,MANIRU MANIRU,https://play-lh.googleusercontent.com/a/ACg8ocIrDqMGK2CCkEXN0GDl4hmN8Uh-OfI3gOBF0gq7dyQLir_bAw=mo,good app,5,0,1.27,2025-12-13 10:34:38,,,1.27
ceff060a-a7f3-44e6-8567-9d180318f2aa,Nuradeen Liman hassan,https://play-lh.googleusercontent.com/a-/ALV-UjW819UyNrjDFRKZRRNVl_h2p9gPIt3FDu93fsMb5rPCCpmxUjpZ,nice app,5,1,1.27,2025-12-12 01:28:12,,,1.27
787ab132-34fa-414f-8e78-6aeceeec54b5,Vishwani Janithra,https://play-lh.googleusercontent.com/a/ACg8ocINVKl7RdNfzqKpvjvKqe0YLiqxXSdmq_UbDvsgMVmjOGzszA=mo,very helpful app. Jazakallah khair,5,1,1.27,2025-12-10 14:55:21,,,1.27
ba217428-be67-4ae8-890e-93d5750b20d9,nanoo l,https://play-lh.googleusercontent.com/a/ACg8ocL6_WMLiJn4Xbi09GQbt0xwnq2WRyr5HeLkKaRTafPBqXHRWA=mo,very good,3,0,1.27,2025-12-08 11:22:03,,,1.27
e17eee79-80eb-407b-a98c-b0d317486ef5,AbdulHameed Hussein Ashara,https://play-lh.googleusercontent.com/a-/ALV-UjVn2s27NVC1TgWxprfxbTesiNg_4Up0kxnUajB6mvl_Uq9MCPo,Am truly impressed with this app. May Allah reward the developers.,5,1,1.27,2025-12-07 00:14:41,,,1.27
8abc392f-a5b2-4f0b-9ba3-6078db9ad43b,NAZIRU M UMAR,https://play-lh.googleusercontent.com/a/ACg8ocKxndB4LE_boQDLbVH5CTgLmHgW0sRjQxb7pTKr8ZhI9P2h05Q=mo,it's very excited and easy 4 use.,5,1,1.27,2025-12-06 23:49:10,,,1.27
2b4c20ad-7547-4b13-8f89-a24c4e5ccc2f,Shazia Butt,https://play-lh.googleusercontent.com/a/ACg8ocILRZH_K4kjEZJm7TIFZzc5sMeG1Q94pvCye5w3fgjIa9wQ6w=mo,not excellent app because zara Sath hath Lago azaan band ho jati hay phir zuhar ki namaz ka time b AP Chang ni kar sakaty,1,0,1.27,2025-12-06 16:27:39,,,1.27
45e74deb-3a7a-4203-86f5-d96fc0a37d40,Fozia Shahzad,https://play-lh.googleusercontent.com/a/ACg8ocKlwGxkCq2YSaEAxjWh_1s14M0M_LdEwA4jDmVIdCf-tcveUg=mo,Mash'Allah 💖,5,0,1.27,2025-12-06 06:17:06,,,1.27
85fd9777-4b61-4169-b9b8-bad8e73ea424,Abass Ikhuoriah,https://play-lh.googleusercontent.com/a/ACg8ocJZn_NA-woN4OCYFhknHUVL3qba4nq0jNDklhaKsUXE2WpDww=mo,"The transliteration, translation, and recitation of the holy Quran are excellent.",5,62,1.27,2025-11-29 22:06:57,,,1.27
812caf34-d3c1-476e-be3a-66fcfc9b3bc7,Sucad Abiib,https://play-lh.googleusercontent.com/a/ACg8ocJBwa-fuWTxByVa24iQEj5kdV7Gi5DI5lQ7pcOp1Wgs0__4Zw=mo,is good remembering everything,5,0,1.27,2025-11-23 12:28:20,,,1.27
9c6b5d6e-ec38-4db8-812f-d317b216ec43,Rama Agamy,https://play-lh.googleusercontent.com/a-/ALV-UjV576ft0ocShEPKo9bBoTWtj2iszktg-lzFVAkmZLQoLpCnfa4,مبسوطه ان مسلمونا رجع بس حجات كتييير اوي مبقتش موجوده فيه زي زمان وعدد المقرئين اقل زي الحصري اساس الحفظ عشان مبسط اتمني تضيفوه,5,0,1.27,2025-11-22 18:23:22,,,1.27
e909405a-2fd9-4c8d-b03a-eb381427e1fb,Prince Veer Maleek,https://play-lh.googleusercontent.com/a-/ALV-UjUVyWGky4ij1TVtICK0S4NV-QvVFOt1udljx3xA0gYMBPIbVJs,"Have you used it for many years back but I can still remember that it's a great app where you can read and listen to Al Qur'an, askar even notify when it's time for Salat by performing Al Adhan 5 Stars",5,92,1.27,2025-11-22 08:08:49,,,1.27
ca30d061-6ed2-48a2-9b40-a2b6bdb9fb0d,Ibrahim Alfullaty,https://play-lh.googleusercontent.com/a/ACg8ocKA8DXbj-yPu-QSx4SufPZHxkBFGyUzNd77Cy97cXJMz9kPCoHS=mo,very good and useful application 💯👍,3,1,1.27,2025-11-20 02:51:03,,,1.27
25675214-01ae-4353-b5ba-52953bad4e1d,Basheer Abdulhadee,https://play-lh.googleusercontent.com/a/ACg8ocK7p9C_H9MMwvGmubRo5ISExRXM6LDHrbekg-u6OEoxfaAPXA=mo,perfect,5,0,1.27,2025-11-15 19:07:24,,,1.27
15b240d1-413b-4049-a287-71471da19ed1,Maurice Prosper,https://play-lh.googleusercontent.com/a-/ALV-UjUbInzSSJUGDH__SMWa41uZcI_2sL_A5NSh_MKs6PkHPQuChbR7,it has drawn me closer to Allah!❤️🔥🤍,5,2,1.27,2025-11-11 22:10:43,,,1.27
930fc2b7-ac5a-4808-b1ca-e8787ce7f1b1,Lamin Gibba Tinting,https://play-lh.googleusercontent.com/a/ACg8ocI4JR-gscvpH3P0iNtOo1v0LcIoGD7rW18rleQCoxuF7E0oVw=mo,it's a very important app,5,0,1.27,2025-11-10 07:00:59,,,1.27
5c2f978d-503a-42e0-b66b-bd2faaef33aa,Ck king Rajab,https://play-lh.googleusercontent.com/a-/ALV-UjUyH0FxMSrwDZD4-2Dh2ol81cPql4RwFGG9N8XIPNUK1i6hcPo,god you,5,0,1.27,2025-11-10 02:21:07,,,1.27
62655f5f-7b6a-43ce-97e6-71fa08a4c799,Juma Faisal,https://play-lh.googleusercontent.com/a/ACg8ocL8kz43BkjvB1NzNfbtyF0kR2jU1Anl389TiU-90bi5RcNy_g=mo,very good 👍 👏,5,0,1.27,2025-11-08 01:00:48,,,1.27
eb9e105a-0e8f-46eb-8271-ac3aeb233aa6,Fahad Bagonza,https://play-lh.googleusercontent.com/a/ACg8ocIaBTluP6z9ac-7IwWvSuytp4-jXuf1rkZkuBksKR4f3PdR3A=mo,the best,5,0,1.21,2025-11-07 18:35:09,,,1.21
d692eb60-5533-42d2-b3db-77bfc6c2199a,isa usman,https://play-lh.googleusercontent.com/a-/ALV-UjUuSwtkPpM5AxbPe1SKblZ9R5OExcUpp6_JTJzryeKCo5fvQPmM,it offline,5,0,,2025-11-06 13:23:59,,,
152ce538-180e-407a-98a2-13ad7efff8a3,Balla Abdulwahid,https://play-lh.googleusercontent.com/a/ACg8ocIlVaNrnTYg44ssAauc_Jq1TZ_uwciPEePAno-2XyBf0kL4HA=mo,good,3,0,,2025-11-06 12:48:05,,,
1caf723f-ed73-4923-a334-bf31cd603123,Alhaji Sulaiman,https://play-lh.googleusercontent.com/a-/ALV-UjV61JgVcFvT7hS8hoHwC0n-bXPOGnSyOxxprYDjmvARb8d5bf0k,The app works well only that it does not make to prayers every time and every day. Maybe I don't know how to set it.,4,43,1.27,2025-11-06 10:18:02,,,1.27
8974df24-0593-41bc-8763-6864d38388e6,Rankxug Yaso256,https://play-lh.googleusercontent.com/a-/ALV-UjWm1AZDw818h8Dbr728YVO8iG9Te9tbGiCD-1Y6KsLXazyksLmx,Excellent,5,0,1.16,2025-11-05 21:04:05,,,1.16
5e97dbd9-98fa-4ae1-85a6-7d62b62fe4f5,Quadri Adeniyi,https://play-lh.googleusercontent.com/a/ACg8ocLawCTRwhWZ3BK9GYZMYzc35JnRzvboVPGuoTDznr2AYo5n2A=mo,It's very good 😊👍👌 and nice,5,0,,2025-11-04 02:12:10,,,
5b0b8dc0-d465-4aaf-a4ad-aa2d1f470990,amjad ali qadri,https://play-lh.googleusercontent.com/a-/ALV-UjXwyIvyAObbLo6DaGE2V65GSY46s4n8CLKVWzp_nfxxjYq1OU0,It is very lonely app. It makes us punctuation,5,0,1.27,2025-11-04 01:31:40,,,1.27
15076344-9902-4fed-b8bf-3c9131b79aa4,Hadiza Muhammad Gummi,https://play-lh.googleusercontent.com/a-/ALV-UjU8i27nSs5WLSCICRkgKwQsF9hG5cLtnEZCWqVnin8_xKgy9Bza,Alhadullah. Awesome 👍.,5,0,1.27,2025-11-03 12:16:23,,,1.27
b6829b16-9478-4f87-8f7e-fcdd67e0d2e8,Babo Khan,https://play-lh.googleusercontent.com/a/ACg8ocLejV7oS6iIg7JTEAED92LH0Z9AZC27BjB53G8tKKS-qoFXQg=mo,Good aap,4,0,1.26,2025-10-30 11:48:19,,,1.26
cbf45289-f31a-4109-803e-eceac8f121a3,Aminu Dauda,https://play-lh.googleusercontent.com/a/ACg8ocJ_8oc9WxPQe7oXV666L6s5aWteGad6t_w7x4r0LX5uptwMFA=mo,Very good,5,0,1.26,2025-10-29 23:46:19,,,1.26
0c58744d-3dc2-4217-b0dd-6a51cb188f13,Afolabi Abdul Malik,https://play-lh.googleusercontent.com/a/ACg8ocIKkS3FrHeChCZBJuPUsg4W2h1VLftUrTHKt-mrab52oyg3Pw=mo,It is an app Muslim need to guide them to the Right path,5,16,1.26,2025-10-29 02:40:18,,,1.26
37a7865b-2684-474d-a854-43c3fd784d69,fadwa m,https://play-lh.googleusercontent.com/a-/ALV-UjVo6D2iIkUDkS33zEHSFB2daDU0ryQ19RvwUp6ZFxdwHOY3_6GZ,"there's no full Azan?if not, I'll remove the app. thank you",1,8,1.26,2025-10-28 17:43:22,,,1.26
ea5f5f46-6d37-44c1-8235-ca2319cad053,Zulfah Nakafeero,https://play-lh.googleusercontent.com/a/ACg8ocJEctp7ftDoa0RBbsBXnYEz7MGvHDGoguSBDvalQOq_m09jKA=mo,it helps me as a Moslem,5,0,,2025-10-21 01:12:18,,,
c7b0e920-218f-4f4b-9972-662fbc6765bd,Stubborn Ness,https://play-lh.googleusercontent.com/a/ACg8ocK0lg4kPQU112QazjSNMeAxjHttdS7uMpcMi7Fg8yUJz1juew=mo,I love it,5,0,,2025-10-20 02:19:18,,,
b28ed130-c300-4e7c-861d-de8b7e6f86f1,LAWAL MUAZU,https://play-lh.googleusercontent.com/a-/ALV-UjWcAQYWh3XFPvL_m5TLLw8Ct_jJV36rBiz5scgKFuMEkUNxwyIp,Nice app,5,0,1.26,2025-10-19 01:37:31,,,1.26
427bc713-f54b-4cf1-bacf-8c76a7d4a8d9,Taaib 27,https://play-lh.googleusercontent.com/a-/ALV-UjVo_kdOMGaBkyEBmujClE_87Yy_d0lHUeC50wWEZtkCYEEPMa0,very useful,5,0,1.26,2025-10-18 20:04:13,,,1.26
bbb2769d-cd73-4fe4-b8d3-e6e7fda327c0,Ahmar FalakSher,https://play-lh.googleusercontent.com/a/ACg8ocKanYg-Tdaitwh9fTnKOFS1kSUmn-jxJXw9napVGVEZ5kxmUQ=mo,wonder full,5,0,,2025-10-17 19:52:12,,,
26dfd132-6915-429a-85b0-f32c7b2c50e9,Adekunle Agbalaya,https://play-lh.googleusercontent.com/a/ACg8ocIfejblOFGx408q3kFKjbb_b8Yp8awPGtTNg1HhNu1UAMujvg=mo,So amazing,5,0,1.26,2025-10-14 15:46:04,,,1.26
280ee898-1b37-49f0-91be-65f7211621a1,Halima Hassan,https://play-lh.googleusercontent.com/a/ACg8ocKjKwg2GEZStTjK9BknA_B2V6JJJRql3wwuMOazAnyP-UaRnA=mo,I want wake up pray time,5,0,1.26,2025-10-14 04:25:04,,,1.26
294e546d-56a9-4664-b821-b61521c2d546,lukman idris,https://play-lh.googleusercontent.com/a-/ALV-UjXrynAG1OXEkh0-kwbs7buHsYH2IqwitAtqejQqtVM0YcL4ggMG3g,alarm in not functioning,4,0,1.22,2025-10-14 04:23:42,,,1.22
f1743187-e0c9-4cd3-a0dc-02b06345c33e,Abdulmajidi kimaro,https://play-lh.googleusercontent.com/a-/ALV-UjXoy3KPdRrSscUGEaxO95IZVtBu0w4TIrHGOutd1bLYYtAIGco,Nice,5,0,1.25,2025-10-12 22:37:55,,,1.25
9f83600f-dbd4-475e-88b6-c79102071c1e,Adekunle Zaynab,https://play-lh.googleusercontent.com/a/ACg8ocL44EBDlf4r-D8MnRTAhSlJLZO2hvB1XPtwLPYHQ8bA1zc1Yw=mo,the only problem is I can't mark my solat obligation,3,0,,2025-10-12 20:00:22,,,
efa46475-0426-4521-9bf9-7edada356d54,Zee Hydar,https://play-lh.googleusercontent.com/a-/ALV-UjXGBQ4Lvi1-lYPmIGsAvpVwkxTb8qA8u4xn8oKoH8q-9QUApWw,❤️❤️❤️❤️I can't explain the kind of joy I'm feeling for downloading this Islamic app,5,2,1.26,2025-10-10 18:49:42,,,1.26
c798fe75-baed-4b34-b1c4-fd47e64333ce,Babatunde Omolasho,https://play-lh.googleusercontent.com/a-/ALV-UjVuOccGeLNHGErD3FU6SfgESIJ19u3kOpuik3HvemhwXmji0jI,ALIAMDULILAH,5,0,1.26,2025-10-10 00:45:47,,,1.26
1da74db8-f14f-4498-ba85-40b3b715899a,Abdulmalik Abdul,https://play-lh.googleusercontent.com/a/ACg8ocJ894fu8EGGe7rZDkDpJjtIjyxgdFU_rpFg9hJ0ex2cFfTEgg=mo,"the Azan is not playing at each prayer time,but the tests are ok",4,4,1.26,2025-10-06 20:57:24,,,1.26
554def8b-7b13-4cf4-850c-9b3912925098,Kudrat Mohammed,https://play-lh.googleusercontent.com/a/ACg8ocKCk81UwAjbiBEqGb6MmixPMUIixgBDlpitGC-CPjbI5QiryQ=mo,it's reminded me praying times,5,2,1.25,2025-10-04 11:20:03,,,1.25
15e35aaa-f643-4a91-87fd-a279d9e3dfa1,Muhaizee Aralun,https://play-lh.googleusercontent.com/a/ACg8ocLUCg9bcs9Za8oADMprEAhKQZkB8MtAJV2b5BkbwHjBhg5ztA=mo,best,5,0,1.26,2025-10-02 20:48:22,,,1.26
f2bd7c15-f9f7-4d6b-b190-b8bb90e7f1e5,Muhammad Ismail,https://play-lh.googleusercontent.com/a-/ALV-UjVolzzdTQsLr1s6AARy5LXqmVjy2Jy8ewjYrBLGVmovazFvBW8,"It's a user friendly app and easy to navigate jazakallah khairan for the good work can you please number each pages it'll help if a user has a target of some amount of pages a day, especially during Ramadan May Allah reward you 🤲",4,15,1.26,2025-10-02 11:55:47,,,1.26
3a6b2af0-391e-4408-b5f0-bb921d958d66,Bilal Bashir,https://play-lh.googleusercontent.com/a/ACg8ocJn_KXQePtIgrn5W8Bw9gwtcJhYKXzmpGVqgMp8-atnptmwNw=mo,is not working properly is scrapping,2,0,1.26,2025-10-01 13:01:32,,,1.26
7f51b799-8d03-474a-a850-3e66b9c91e8c,ELSADIG Aburjilla collar,https://play-lh.googleusercontent.com/a-/ALV-UjV5tnef5colVa-xXz6CrRhbKRjmSwu6zJvq9hZ_dI-kWSTtAvKV,جزاكم الله خير,5,0,1.26,2025-09-27 19:51:57,,,1.26
d0b5651d-7f0d-4dba-9dbb-4633762c7b45,Busari Qosim Olaitan,https://play-lh.googleusercontent.com/a-/ALV-UjUgG8E14fefh8KxqSHCsXaf77AglEAp1vtWGiA6JMTs-H4iq1OB,very good Application,5,0,1.26,2025-09-26 16:46:36,,,1.26
09e0cdf8-144c-4f8b-9b1d-5216530f178d,Bashiru Garba Sani,https://play-lh.googleusercontent.com/a-/ALV-UjV5tQ_Tb8vCiM1b6qiB43QVvkqgWCJ4BCu6z-fNX6_8Jy_40yC5,As a Muslim it's a welcome development in order to make finds things that you're looking for very easy,5,35,1.25,2025-09-22 14:14:34,,,1.25
98c42ba3-2350-424b-8ec8-53203f23327b,Babangida Kabir,https://play-lh.googleusercontent.com/a-/ALV-UjXAdy3Mpi_I65n0tFieS2I6NlvGUMqZeveMifrk3czJCB1tATBh,the application is well arrange and meaningful. may Allah continue guide us to the right path 🙏,3,19,1.25,2025-09-21 10:47:58,,,1.25
4df4962c-8296-4249-9a83-a02dd8b51a1e,Zainab Abubakar,https://play-lh.googleusercontent.com/a/ACg8ocKS-wvK59f27ZudOxXuAnDuOC4BT9dT_gIMLrtlEEOHX7R5Cw=mo,"very impressive, i really love this app",5,7,1.24,2025-09-18 11:17:08,,,1.24
f8f935d8-6691-46a0-ab95-f84a5289b3c3,muhammad auwal muhammad,https://play-lh.googleusercontent.com/a/ACg8ocJY9qTjH-2rXy5qqNZBsXhZNHh1ZG0Ttnvf8TEjKmOG3l9RDw=mo,So very true app,5,0,,2025-09-17 04:09:45,,,
c6084bc7-dd74-41a5-8065-dd2580113ed6,Bilkisu Musa Muhammad,https://play-lh.googleusercontent.com/a/ACg8ocKFhI7yt-2lXaPZ02Q7dAeBq-r_pmfgmOsOJKESbZa4dMQKow=mo,I really enjoy this app,5,0,1.21,2025-09-15 19:55:28,,,1.21
18e33342-d022-4700-b1aa-15d8de62dfd3,Rukayya Suleiman,https://play-lh.googleusercontent.com/a/ACg8ocJyz7uvDsGBk5bwqisLi-lCk99LWY2e2Lz8cZp_nwFvcOin7Q=mo,it's an amazing app but the problem is that it usually recite ayatul kursiyyu every morning and every evening but now it doesn't so I will like to give an advice about morning and evening azkar should also be reciting on its own incase we are busy but when the app start to recite the azkar it will remind us of reciting the azkar so we won't be able to forget,4,112,1.22,2025-09-14 05:53:45,,,1.22
59f87a70-789e-4a27-a5f1-03b8848ceeb6,Hasanna iliyasu,https://play-lh.googleusercontent.com/a/ACg8ocLvy6oD3jp3BsV_d3Hvs88SRDMomwy1ApIMWxJm4LpAuhouQQ=mo,Excellent,5,0,1.21,2025-09-06 17:52:08,,,1.21
dc58a31c-f0b2-4ef5-a77f-fff1daf5f46e,Yusuff AbdulQohar,https://play-lh.googleusercontent.com/a-/ALV-UjUlzbeOtGjs8SAN1e21qN1Ll6AAoEX2ZhsemjCJLaAKV80_SNSJ,I love this app 🤣,5,0,1.21,2025-09-06 13:52:22,,,1.21
8c30bae1-41eb-4f3b-ba8d-e38a506831f5,Zainab Abubakar,https://play-lh.googleusercontent.com/a/ACg8ocKye3SOsPbhNpkY-6aie_tpYMk_9eVruGSbn5gHgfU5mVAZLw=mo,"this app is so mashaa Allah tabarakallah, may Allah bless the developer and increase him in knowledge",5,23,1.21,2025-09-05 23:01:49,,,1.21
6dcebe73-316e-40b8-8f1b-e9b7efcca3b3,Nura Ali,https://play-lh.googleusercontent.com/a-/ALV-UjWMJcqtql06oF2GyY9yAruBC194DQUm79cmTTPTYae-EiaGrq4A,nice Islamic app,5,0,1.21,2025-09-03 12:27:57,,,1.21
6d47d97f-e373-42fa-8316-de3f497b7b1b,Sanusi Sani,https://play-lh.googleusercontent.com/a-/ALV-UjX2L55JxMh6hRSDsZ-6JpaKm69bHB_7yZSiCLk-meQaB5FsYrXd,improve time adjustment with the locatiom,5,4,1.21,2025-08-30 11:54:26,,,1.21
4b4a068f-da9f-4887-bbfa-25ee44370010,Nafiu Rabiu,https://play-lh.googleusercontent.com/a/ACg8ocK6VJ62EiTbFo52k55gxoCnrCQ060TSmxw6Xx_UrFh1RW1NfEc=mo,Nice,5,0,,2025-08-29 14:25:56,,,
3a2ad3ba-7163-42e4-8890-2ea8076f3273,Bunu Mohammed,https://play-lh.googleusercontent.com/a-/ALV-UjVOG9ay37ez3mqob6cBlUofOgnf7-UtBZol9nlIpZLA731PGnz2,I really like this app so much,5,0,,2025-08-28 09:28:37,,,
e5500d1a-0470-45bd-b3bb-767c1d42dddb,TAJUDDIN FCT,https://play-lh.googleusercontent.com/a-/ALV-UjXPfhQM7R1KTwQVWdRmf1rDa4gZ5SfOTx0-6z3nK_8XxjzsjEFM,Masha Allah,5,0,1.21,2025-08-28 06:00:54,,,1.21
fed5a1c6-7c07-49c0-8e89-c2626f73db88,Iyabode Adeyemo,https://play-lh.googleusercontent.com/a-/ALV-UjUsy3sM6Nr_b76dWa9g0bGfeR-hVCrEE3SF3718J2zwyKD-blCH,Very good and useful,5,0,1.14,2025-08-26 11:40:57,,,1.14
316ee92c-238c-47cc-809a-7a719cd1d27e,Muhammad Abdullahi Hamza,https://play-lh.googleusercontent.com/a/ACg8ocL6kDb4aEOJL27ef0QGV6XNDBOIIjx3Dme7Oz5ciDjspzhbsA=mo,Chrome,5,0,1.21,2025-08-26 00:25:58,,,1.21
e27288d7-45af-43dd-8c53-3d66bb5dc67e,Abubakar Ado abba,https://play-lh.googleusercontent.com/a/ACg8ocJ7iarTjVWfYP7q2zZdKpCvq9s5VwJCMZoGcmqtbR56l5W6SQ=mo,Masha Allah,5,1,,2025-08-24 15:41:06,,,
e18c2f6a-b491-4ca3-bbc7-2705e19c22d6,Abolaji Kamaldeen Sekinah,https://play-lh.googleusercontent.com/a/ACg8ocJRsiX5IKbLC3Y-dWsicelUkNN8s-NmMT5UQfWr51Trx-8HuQ=mo,refuse to notify me whenever it is time for salah and calling for adhan failed for weeks now.,3,3,1.21,2025-08-24 10:32:41,,,1.21
43317d30-a750-4c44-883a-3eecbef5474f,Meddie King,https://play-lh.googleusercontent.com/a/ACg8ocKaFNAToNX3MkfRAV9nbkGSoKmubjDudMegGYDSkqrnTIh5XQ=mo,I have been using it and it's ok,1,1,1.21,2025-08-21 22:44:20,,,1.21
d489ba43-39fe-41bc-a4cd-effa103c7769,zakari garba,https://play-lh.googleusercontent.com/a-/ALV-UjWoZL6Hp_lm2r6jq0XwnFyB1iw49EK-wabwSwMobOOk3qI91ZZx,Awesome 👌,3,0,1.21,2025-08-21 01:31:08,,,1.21
74990da4-4d18-4565-bb64-7841bcd89d67,Amina Lawal,https://play-lh.googleusercontent.com/a/ACg8ocKN-8c4hGZvUAp6JTF0wUiNAhbeAi7d9PmOzEA8ww20SCTsQPo=mo,so amazing Masha Allah,5,0,,2025-08-20 04:51:05,,,
9d63a497-1ba4-4ea7-950f-22ec0b492a0f,Abubakar Abdullahi,https://play-lh.googleusercontent.com/a/ACg8ocKrv9QCufHLTSvXxmd5o7_mD-rA8mrT8Wx1XAF_EkptiD7p=mo,it was very nice and beautiful and I really love using it,5,0,1.14,2025-08-19 13:09:19,,,1.14
e02c9f69-c112-4fd3-8f89-34669e175562,Muhammad Isah Muhammad,https://play-lh.googleusercontent.com/a-/ALV-UjVMAKhV4fzTNSy2H1loTKWetgh9QoAGFH3YyjvLCWxHiqZD3OJi,alot if mistakes,3,0,,2025-08-17 17:42:19,,,
93224d67-7e79-4932-8805-b73b93321d50,Sadik Mohammed,https://play-lh.googleusercontent.com/a/ACg8ocKXiI1uAsq52adVd87vKfZxT2q6qn9I4Q3XrfA-yzmXnbOrrw=mo,this is good for me,5,0,1.21,2025-08-13 15:31:11,,,1.21
88316d13-bab0-4679-8f86-d1656a7c9be6,Gurey Axmed,https://play-lh.googleusercontent.com/a-/ALV-UjWLG6tEF717LhEMVHp9KSElGICFe45xNp1s7PaeumMSd1ythoA,its good app,5,0,1.21,2025-08-11 22:53:57,,,1.21
b711b0a1-d466-4dc0-870f-6231bbf43462,Arouna ADIO,https://play-lh.googleusercontent.com/a-/ALV-UjVwGAj3CCXDxtuWhjCjzw4w-YG3x608wtKrQGEulp98du0AsuX_,excellent,5,0,1.21,2025-08-11 22:47:46,,,1.21
3137c98e-9b2a-4c56-8d23-487fe31e511e,Olanrewaju Arisekola,https://play-lh.googleusercontent.com/a-/ALV-UjU8s9jtxiCn6Cseb03xWETAndcQfSObNjiBUir-L_o6djs4qoE,someone should be able to change their time of prayer and the tasbeeh used to have some prayers point,3,0,1.21,2025-08-11 02:15:04,,,1.21
28242a98-ad9e-49bc-afde-cda482838529,Siraji Ahmed Remo,https://play-lh.googleusercontent.com/a/ACg8ocLCtq_e2vch9RmhWUPnxhUJ1ns0vAlYMLlFe6pTVkoyI-YI6X8=mo,very good,5,0,1.21,2025-08-10 06:23:51,,,1.21
21869d78-873a-4333-a9f1-d5963a941461,SAMAILA ADAMU,https://play-lh.googleusercontent.com/a-/ALV-UjXYSa-AbG_4I22Uwb2ikxEGQBpTX4NtY-tWuOlvikYVuJd_ty1u,really educative. Alhamdulillah.,5,1,1.21,2025-08-09 09:58:46,,,1.21
914dacb8-7894-4714-8179-40bd8a9a9a17,Shahbaz Anwar,https://play-lh.googleusercontent.com/a-/ALV-UjVCIk1-OnGk9eX9TYTe4O8DnGogeKCwEJeHc7N98GleDrz7rhw,good,5,0,,2025-08-09 05:00:37,,,
300bbb9d-0573-40bd-9cdb-2a004c74e59a,Abdul Majeed Ayinde,https://play-lh.googleusercontent.com/a-/ALV-UjXVl-kxNdibvjsHdeO8ji8m6A6lzhowd677EmeRD7I_stPrkUfE,Excellent,5,0,1.21,2025-08-07 10:10:11,,,1.21
54172bab-ab01-4f44-954d-dd23d2e9ebe4,Auwal salis,https://play-lh.googleusercontent.com/a-/ALV-UjURYSwl2hw-oHZjLeXJg4kLV0AFBA-_PRV2tMPmG6kDKVW5uVh3,excellent,5,0,1.21,2025-08-07 06:35:24,,,1.21
f8b8b86a-8b3e-4720-a7ed-f377823f1266,Fatima Mohamed Ali,https://play-lh.googleusercontent.com/a/ACg8ocLjDb6WvKvULUbmoHJU9Xest3j3WdymS5Z4n2pfFo30KXlCIQ=mo,prayers time 5,5,0,1.21,2025-08-05 23:57:49,,,1.21
cf31ec74-e9ec-4f39-ad74-4273ac8da138,Dawda Barry,https://play-lh.googleusercontent.com/a-/ALV-UjX31Zm2tgD2RHWL9FmQ0EUJCFIPi81F8AthjfOQXtxiUsZ6tTrZ,I love quran,5,0,,2025-08-05 18:12:45,,,
7f20988a-7fe0-4693-8541-fb1605b4f484,Maijida Hauwa,https://play-lh.googleusercontent.com/a/ACg8ocIcrCUQfb-T-_T_DBiiBOVGRNrtLzXjDg735RAnICxZBsxYjw=mo,fast and accurate,5,0,,2025-08-03 13:07:02,,,
a510ef32-93f3-43b6-b1e7-5318017ec4d5,Aishat Adesina,https://play-lh.googleusercontent.com/a/ACg8ocLHLDf6m-wi7T55cgMD4fWDPfzwhj7RwI20N4OcKBCF-x7O=mo,I love this app very good and educative for Muslim but one thing must be done is adding of morning Adhkar and evening one to it.,4,35,1.21,2025-08-02 11:13:06,,,1.21
17b4f7de-a35f-44a5-9242-8d008cdcc0a3,haruna jibrin gasi,https://play-lh.googleusercontent.com/a-/ALV-UjV7nBZBHR8SA7Vzc9Jt6t7zTBMP7Rb2kTWkmLGkTsc54TbTCslL,very good,5,0,1.21,2025-07-29 00:27:21,,,1.21
e957f626-8951-4c3b-8c99-a75db212181d,allah rakha,https://play-lh.googleusercontent.com/a/ACg8ocKCFa4ZjkkKgSx7chuEwPfodXG7fwzUIOkFalswEpKMVv-MXQ=mo,great software,4,0,,2025-07-27 20:11:56,,,
4d0230ca-82d2-44f3-a58e-2cdd1be0693f,Nafisafalalu,https://play-lh.googleusercontent.com/a-/ALV-UjXq4x5CD07vmw5ln0_HdehFzTqNfwtnKHK24Fs74Bz4k4QRS4A,"Ma Sha Allah Alhamdulillah Ala Ni, imatil Islam",5,0,,2025-07-26 12:13:53,,,
a70278c3-f859-4e3b-80a0-5b9ef44b4ea3,Makona Juma,https://play-lh.googleusercontent.com/a/ACg8ocLOdTMn5SmQr7HGn8aIYBcuOp1lSEHT1b3kZIWtvLAqw5HYxQ=mo,It is the best,5,0,1.21,2025-07-26 10:32:31,,,1.21
76382218-1f6d-4b4d-852f-5283b7ab89f7,Mohammad Hassan,https://play-lh.googleusercontent.com/a/ACg8ocLS2qPTpNqx_h8F2PJmqrfKGQiUyfC9MinA-_CyyXVdRDQkyQ=mo,I love ALLAH ❤️,5,6,1.21,2025-07-25 13:42:13,,,1.21
cfae7a7a-fa96-4321-aa91-d9c2e3e82a81,Awwal Abba Jakada,https://play-lh.googleusercontent.com/a-/ALV-UjUEVpobZ0GSqLvCFT9mYgLfH1dqdq-n3vJQKOAMYU6aFr2qy0ZI,"poor performance, late adhan does not alarm untill prayer time passes",1,13,1.21,2025-07-21 11:11:57,,,1.21
2aaefba7-5659-4181-995a-95a83285ba0a,Amira Kabir,https://play-lh.googleusercontent.com/a/ACg8ocL_0hPQ6ihbQkDsetFsMzrasZHWZZx5YUksWEeyQ3tXZOjYIQ=mo,awesome app it help to pray on time and the azkhar was splendid,5,4,,2025-07-19 21:51:04,,,
5e0b5359-f45a-45a8-b75d-a12c78196b82,Kulsoom Humayun,https://play-lh.googleusercontent.com/a/ACg8ocJ4cEhWD_XBesnEFetOCErydBOYX1pUG6uK_KYdaMAS4HRdEQ=mo,subha our Shaam k wazaef nahi hain.,3,0,1.21,2025-07-19 09:35:30,,,1.21
8e91dd01-160b-4c4c-a45b-de89da7ab729,Fausat Esuola,https://play-lh.googleusercontent.com/a-/ALV-UjV-BXs9ekpCm2mLb5hcLws56v8bVzYRbEDq1wBzQfxsh3DA4_O3Gg,"good, so far, I love the app.",4,0,1.21,2025-07-16 04:11:39,,,1.21
222fed74-f46c-4ca0-83e1-4b2583e94b94,Musa S G,https://play-lh.googleusercontent.com/a-/ALV-UjUas1FF-IJvh5luMIqSQiKoSxGg4yKdJuKaheRQ08_l-8S4A9ELeQ,Masha Allah jazakumullahu khairan,5,0,1.21,2025-07-13 11:06:05,,,1.21
22be743f-4680-49dd-a483-5dc3272ed44c,aisha Dahiru,https://play-lh.googleusercontent.com/a/ACg8ocKH2etQO-_-kkshn-olCoUUlHEbh48IVnwbxPYwOi84U1pqCA=mo,exelent MashaAllah,5,0,1.21,2025-07-12 23:55:58,,,1.21
6054dbb4-40a6-4140-85a6-72f213ef2538,Maryam Vem,https://play-lh.googleusercontent.com/a/ACg8ocIuALMGZDhiwfvak1MR5RATy7M7Erk-0mp4dAQEegZOh5gN-w=mo,Great I love this app it remain me to always get up and pray on time the Quran awesome the azkar splendid I love everything about the app thanks for helping me with my din Alhamdulillah May Almighty Allah bless you all,5,4,1.20,2025-07-10 21:33:30,,,1.20
e90a14da-1ebd-4ae9-a5a1-6de287265a91,Aeman Qayyum,https://play-lh.googleusercontent.com/a-/ALV-UjUJC_9urlm5Fj3jVYXkZ0vbz-yCtUy1y82ZamiAgmD44Fsn3XA,"The application is good, but the azan volume is very low. how can i increase that?",4,1,,2025-07-06 22:59:13,,,
1c1dee59-a716-421d-9bbb-79894ef03587,Sam james,https://play-lh.googleusercontent.com/a/ACg8ocJQDl-0hhsKugXOpl2z4C0wjonC67Gsby6or4ZOuke69NBMWg=mo,amaizing😍,5,0,1.20,2025-07-06 19:42:08,,,1.20
c52dcbce-ae24-4f3d-a73d-39b6637b4c48,Abubakar Ibrahim loguma,https://play-lh.googleusercontent.com/a-/ALV-UjUdmJ_4s_dDkPNgN78ysAjxDl2YtZNaVDf2y9GYEWu2sMF3DAA,good,5,0,,2025-07-05 10:21:52,,,
820ac582-8eac-45ee-a8be-d655f1eb656e,Selector Umar,https://play-lh.googleusercontent.com/a/ACg8ocKcsijikkdZzvC3WTtk-KzSIKO3G0VeOYiTlbi779uTgHYR2w=mo,thanks alot,5,0,1.20,2025-07-04 09:26:41,,,1.20
e3610afe-a339-4d5f-9faf-a9774c1ddeb2,Ahmad,https://play-lh.googleusercontent.com/a-/ALV-UjVf2ybqnxSWR52NHvJ7G_uHSn4hXrHr0Up5JGKrcuGQxzFFk8yW,Muslim proudly,5,0,1.19,2025-07-03 22:22:33,,,1.19
2f1f8aa7-c036-4c4e-88ec-0a8ba49fe911,oladimeji Mubasheer,https://play-lh.googleusercontent.com/a/ACg8ocLo_XS0EkSSyR8aQm2httumt0kQGgCtjPqdeKnWAi4AH1WmuQ=mo,good app all Muslim should have,5,0,,2025-07-03 05:01:31,,,
a4f20e94-88f7-4a74-815d-800644c4e404,Idris Maikifi,https://play-lh.googleusercontent.com/a/ACg8ocK2FPdSBRJqg4hao9iW6yRSHxsV8lRguX4xyXjeZT3fOGYgsw=mo,so interesting,5,0,1.20,2025-07-02 06:40:48,,,1.20
c83c28dc-a95c-499a-bf23-62a37fc142ad,Musaddique Chougle,https://play-lh.googleusercontent.com/a/ACg8ocIVcSOfMxgL2Q7vxkJsWroolI3WZN79dAoX2sIQtXF16rbspBg=mo,good,5,0,1.20,2025-07-01 20:31:58,,,1.20
ce685f1f-d832-4984-8efd-25bc32ea6f67,isah sulaiman (The Machanic),https://play-lh.googleusercontent.com/a-/ALV-UjWWNvfhK7LUc2vU2mOXjW8v5mO6yWqRxwPHgLYg90gnEBBChyM,you deserve 5 star guys,5,0,1.20,2025-07-01 17:29:21,,,1.20
57792622-8094-4df8-9e3a-efea92a806a8,USMAN MOHAMMED,https://play-lh.googleusercontent.com/a/ACg8ocLOgoDPLLdzTqK-ERKGg49Ehu3SsfojQ4fVB8beVcUpeQCCkg=mo,it contains important thing everything is clear to my understanding very beautiful Application thank you for job well done,5,0,,2025-07-01 03:27:41,,,
7c694907-9ab4-4604-957f-ceb68a535013,Raji Thaoban,https://play-lh.googleusercontent.com/a-/ALV-UjUpBqKou6arqpRMSyh2Ysq3GaqNU6_15bEMsr8sSla4p0XUsH0,very good and reliable,5,0,,2025-06-26 12:49:35,,,
527ec826-61df-4fe9-acbc-c49c72ec5082,Ssentaayi Vicent,https://play-lh.googleusercontent.com/a-/ALV-UjWqcxYxtkdFwmis0BDceUokQm_0n4yHY-GFXNgj8FiapCzl90Oq,perfect and easy to learn mostly for the beginners,5,11,1.16,2025-06-15 16:04:08,,,1.16
14b6d6c3-43e4-4dff-b48e-ecf487356edc,Nabatanzi,https://play-lh.googleusercontent.com/a/ACg8ocKTUS8yoKk1Iqi_BwNFIs2DQrBgWn2D6rTgTxyxlMNbI1nutw=mo,it's really a good app ma shaa Allah,5,0,1.17,2025-06-15 15:49:12,,,1.17
e71aebf9-732e-4393-8a0f-87dfb388c508,Zuaibat Salaudeen,https://play-lh.googleusercontent.com/a/ACg8ocKtuBca2yP6UIfseomCV0Gq1QO5Q4TEsVeGpImsCXrb2AfXkw=mo,awesome,5,0,1.17,2025-06-15 10:30:48,,,1.17
399b609b-6055-491c-ba49-5c61464b574a,FATIMA ISHAQ MUHAMMAD,https://play-lh.googleusercontent.com/a-/ALV-UjW0Sb30Mlrbhwo0hvdFsG7ynU5mkxu4by89jjOkF9JhaDk9ukNO,"am New but enjoyed it,it comprises the things I need",4,0,1.17,2025-06-15 02:43:34,"So glad you’re enjoying the app! If you could spare a moment for a 5-star rating, it would make our day!

",2025-06-25 14:07:42,1.17
72a1c63e-db3b-4dbd-90a8-a61b11f7f6b6,RIDWAHIMGLOBALRESOURCES,https://play-lh.googleusercontent.com/a-/ALV-UjWkpBiUaNITR2BRIhcvcpYdRLh5Fz0xAH7A5fbS_esBcaFkfyw,Fantastic,5,0,1.14,2025-06-12 11:31:48,,,1.14
ebc8d9e0-682c-4197-a0e2-1adf471bee9e,Bilal Mulugeta,https://play-lh.googleusercontent.com/a-/ALV-UjVhexHCzKBzfn4VOQIDkEzvHARkNzM2cNOrba3cSE3PHGLmPHWu,bad advertising(it shows sexual images) on top of that there is a lot of it,1,7,1.16,2025-06-11 01:30:23,"Thank you for informing us. We are very sorry about this and will immediately review the ads shown in the app. Ensuring a clean and respectful experience for our users is our top priority. Jazak Allah Khair for your feedback.

",2025-06-25 12:34:36,1.16
0dd9e595-5dff-40f1-85cb-ce12b1c91272,Kamile Abdunasir,https://play-lh.googleusercontent.com/a/ACg8ocKZWiONFbs6f57jiDuEE8dqvBXl7NDNv1pB4h1sL8eSPy9rbQ=mo,app namaati tolaa baayee barreedaa,5,0,,2025-06-10 22:55:36,,,
6c81d85a-1407-4720-bb1c-64cea5970a6e,Abubakar Nuhu gidan alhaji,https://play-lh.googleusercontent.com/a-/ALV-UjWrE2X0nsic_kWzsnSyvuYNDtHJs5oYmF1pQv6mWeni1TvPai6b,Masha Allah,5,0,1.14,2025-06-10 04:21:13,,,1.14
c16e07b0-0182-44fd-8979-9914d05da2ed,Nabil Abdulaziz,https://play-lh.googleusercontent.com/a/ACg8ocK3lSQP-edi21LggGsN7XTBkiVxTpxenBKPZPhUN-FhRGJJMg=mo,helpful,5,0,1.16,2025-06-10 00:41:37,,,1.16
9b770090-62a2-4790-ad35-eb9b168d80b3,Kyoto Masuudi,https://play-lh.googleusercontent.com/a/ACg8ocJDQ0m_3G4PNhiJX-GZDJv8an9n047EAm-snAvFmliW-Oz8Dg=mo,I wish it installs old version,5,0,1.16,2025-06-09 20:16:45,,,1.16
57987991-9187-4d33-b5b8-91aee1415dec,Jamal than shwe,https://play-lh.googleusercontent.com/a-/ALV-UjXLYezf6x_zMuxVg0Z95UITbmDvhvIl8rtMar29heVHBdQDZpb4,I'm use app,5,0,1.16,2025-06-09 18:36:08,,,1.16
5728c458-0716-4dbb-88cd-78f9989c857c,halima sakasuleiman,https://play-lh.googleusercontent.com/a/ACg8ocIwLW6THKgV6KLjJvM0mkJQX6D5Jh5ydBY3fQtJhRp_FIZ6JA=mo,this is very nice 👌 I love it,5,0,1.16,2025-06-05 20:39:06,,,1.16
fc0f103b-c062-4ace-8380-5619f0eb59e8,Travis Hawkins,https://play-lh.googleusercontent.com/a/ACg8ocLVr_whCovUnVEP-sk0YiYdcEzg0kSasYaUNbDlR50Hl2xVrw=mo,Alhamdulillah am satisfied with the app,5,0,1.14,2025-06-05 14:50:12,,,1.14
21a751ba-b6d1-4555-9792-28e27e87aa71,Ayoub Osman,https://play-lh.googleusercontent.com/a-/ALV-UjXxCNIjK-xp6JeKkqcIOAJEFioZPvQLaDO6cvzEp8FordD__lE,muslimuna is very helpful for people how to upgrade your believes in Allah alahad,5,0,,2025-06-03 07:53:17,,,
d709c47f-dc95-410e-98ff-d6eecdd4f395,Saka Lawe,https://play-lh.googleusercontent.com/a-/ALV-UjUA2UiodTPK0RZMQIKLeNCgVSaR46SIn0_-I3o35yq1YgTTexc,It's a very good app,5,0,1.16,2025-06-02 18:04:05,,,1.16
cb1da5ad-5ff6-4144-9fa5-16123a9f6c1c,Sanusi Ahmedgyallesu,https://play-lh.googleusercontent.com/a/ACg8ocIAlOtVqHGVlqVU8njYOZCRSA24RA2W0Qsi7RMgPo5Nd95rHQ=mo,fantastic experience,5,0,1.16,2025-06-01 23:46:08,,,1.16
976568dd-b1b7-45dd-a727-5cdf8805965c,Rhamydex Akanni,https://play-lh.googleusercontent.com/a/ACg8ocK1QPiqEKYEKsWpO_vSmHnS9w7slCgnuc1yHWk-jS4A9wIfZg=mo,very helpful.....ma sha Allah,5,0,1.16,2025-05-31 21:09:38,,,1.16
6ab7ce12-a20c-4af2-bc0f-7ffc8a0a09ad,Shakirat Bello,https://play-lh.googleusercontent.com/a/ACg8ocLIryJFCRuO2mkTokSfSRVn6v-HRdakTJewt4QLP17kmQmZhg=mo,"Muslim Muna is an excellent App, easy to use and gives you everything you want to know about Islam, most especially the Qibla compass, the Quran to read everywhere I go, and the Supplications wow, I love them and I love everything, I usually have problems of where to face when I go out but now Muslim Muna App have solved the problem, Alhamdulillahi 🥰🥰🥰💝💝💝💝💝💝 I will recommend it to all my family and friends. Masha Allah.",5,110,1.16,2025-05-31 13:30:46,,,1.16
8109441e-cf76-4f49-9ce5-4f95eed25b00,Abubakar Umar,https://play-lh.googleusercontent.com/a-/ALV-UjVEiBgxQGGuo2T9JjXBQd7i10vcaZkBRBjY8thwl5Q40NvoMMM,💗,5,0,,2025-05-30 07:47:22,,,
83726d8e-4317-4746-b7dc-ba829ae98a61,bangumoh,https://play-lh.googleusercontent.com/a-/ALV-UjVmeqbzAtEVaABSqX5NuRAeIRr4fDiDALkSXAUYO9W4WxwF1Ag,Excellent work,5,0,1.16,2025-05-28 22:58:22,,,1.16
9ee3cba2-1f89-4663-b99b-6df59b5c9a7a,Mohammad Bangura,https://play-lh.googleusercontent.com/a-/ALV-UjWRzJlsiRQndxn-3jWNHG8hVT0G40aPMsHym_wCPjoXsUw2iNLa_A,Excellent service,5,5,1.16,2025-05-27 18:03:53,,,1.16
7e467956-4a18-4a6f-b673-ce0508875d74,Muhammad Kudu Muhammad,https://play-lh.googleusercontent.com/a/ACg8ocJeIrNGtffNzNvWglkERzhIlOKIKbRM85nWfhHFn67m6BTFpw=mo,Fantastic,5,0,1.16,2025-05-27 05:29:09,,,1.16
304f0011-3b29-4d12-9a99-4d6132b38e15,Sankung Saidy,https://play-lh.googleusercontent.com/a/ACg8ocI05QTgHsunnAahG5tyWiCsmddK48yb_LsrX_vqzJxk0y7rPA=mo,I am very happy about this app,5,0,1.16,2025-05-26 23:55:56,,,1.16
d7fdd494-39ae-4d79-ae7f-b2518208cf7e,Alkasum Hammawa Waziri,https://play-lh.googleusercontent.com/a/ACg8ocJlk3UVper1U7f2_XVSrySlXwNZIbmACq0ukjZ9zkJ98V6IGw=mo,Excellent 👍,5,0,,2025-05-21 18:26:00,,,
4dfdf40f-d752-4409-9610-58a9ed37277f,ashfaque hasan,https://play-lh.googleusercontent.com/a-/ALV-UjUsou6vBTdFJVSyyXwiacIcD80hDzE60bGyU1FKt57u-U0dC1Zf,I'm yet to use it. Just downloaded. I'm more concerned with accurate prayer time and Azan,3,6,1.16,2025-05-18 11:55:56,"Thank you for your feedback. Please make sure location permission is enabled and select the correct prayer time calculation method in the app settings according to your country. In shaa Allah, we will continue to improve the app. Your feedback is very important to us.",2025-06-25 13:44:05,1.16
6f21eb7c-afad-4609-a942-221254789667,Sadik Chome,https://play-lh.googleusercontent.com/a/ACg8ocKecVJxhtYA-Kg7FjfpSdVEtGKO-cZkF4v_sQzu5MBV-PL3Bg=mo,good,5,0,1.16,2025-05-16 13:45:32,,,1.16
fcb93b8a-3c01-4e66-b3ef-a72467e2009c,Umar Abubakar,https://play-lh.googleusercontent.com/a/ACg8ocKM5IEbsjrKld2YMHYd7b3CQoPkF7kWzOfHqEKml4jlxA8u3w=mo,very excited for the app,5,0,1.16,2025-05-12 09:56:02,,,1.16
68ce5826-80a2-4aec-96c8-d8afe9c03779,Aisha Murtala,https://play-lh.googleusercontent.com/a-/ALV-UjXnVI7QSuiszuc7wsLLMEAsb31EayGiQL-lMJBHGkauH_FBoFXy,it helps alot,5,0,1.16,2025-05-12 08:20:47,,,1.16
8333dd82-fc32-4776-8168-49134ccd0664,Abdi Hussein (Seifu Hussein),https://play-lh.googleusercontent.com/a-/ALV-UjXVMuFWnJkYbfZw8k6yNWPPK3vQ71khXXu3n_sL6ZT-z0YN73lyzg,my dear Application,5,0,,2025-05-09 15:34:16,,,
824654a1-abde-4c97-8137-5c5f012a348c,Liticia Taraji,https://play-lh.googleusercontent.com/a/ACg8ocJhM_6cWQj9-DfU60Y8VjQr9oCgB9TH_k4Z9YJhto20Kfw8JA=mo,very productive for me,5,0,1.16,2025-05-09 13:20:15,,,1.16
edb7ecc7-4716-4963-9d59-9eff49881adb,Muhammad Abdullah,https://play-lh.googleusercontent.com/a/ACg8ocLK2dy9P-xNqmd9xStcU7KapDYZR-jBtzMFMXN5M7JWyOMQiA=mo,It's just perfect,5,0,1.16,2025-05-05 01:16:39,,,1.16
5f705d33-b597-469d-912b-5f13efd2c1eb,Peter Abdulnasir Otterbein,https://play-lh.googleusercontent.com/a-/ALV-UjXVvc-PFC6BBytxeKxJLI1Xa3EoO7zYwv15hTYa_TU3yRoKPSMl,Alhamdulillah,5,0,,2025-05-04 00:19:19,,,
a948d01d-17ef-4b83-86a9-90c2790966d1,Lucky Musa,https://play-lh.googleusercontent.com/a/ACg8ocJqxUII_khLjDlqBx8nRXzJWgBirs1eklpYTgz6-bbK-MjB0w=mo,I learn inside thank you sir,5,0,1.16,2025-05-03 18:59:08,,,1.16
ec951a34-f069-405b-bba2-390dae361da5,Abubakar Sadiq,https://play-lh.googleusercontent.com/a/ACg8ocIC9KT4-GLmdDAKDAARU7VafKfHUnnBusv25XlWLVjiMthJ0A=mo,the best app that make person close to Allah,5,0,1.14,2025-05-03 10:42:48,,,1.14
0c82e44a-9d33-4707-934c-14c215c5149d,Ebrahim,https://play-lh.googleusercontent.com/a/ACg8ocLfxXLDzsnDRwJudX2VYAwbz_XjoaemVrNqURmXaDZ2uOsSXg=mo,It's very good,5,0,,2025-05-02 08:28:25,,,
cede754c-afe9-48c5-b590-b3bb5e34fb07,Nurayya Umar,https://play-lh.googleusercontent.com/a/ACg8ocJWcHTGuRGDj33OsrRSbbfC1Eayay5mPYq83Z9olklKde6ohQ=mo,I suggest that this app should have arabic dictionary in order to help people with arabic words...thank you great developer🙏,5,6,1.16,2025-05-01 07:17:24,,,1.16
87f8fcc9-1afb-4b37-9b41-66e83631e13f,Folami Balkees,https://play-lh.googleusercontent.com/a/ACg8ocI8vLe4awVoMBp6_xIKnOzXwY31BpmZdPslN8Ctw-LRS7KpXw=mo,very effective and convenient app,5,6,1.16,2025-04-30 21:19:09,,,1.16
08b71aa1-dc53-4f28-acd7-6e1dd9e03bcb,Isa Ibrahim,https://play-lh.googleusercontent.com/a/ACg8ocJ77_8GHmB6ALq3MbNnlR3oURzU-aXftYibNeTjRO0nvoQGDs8=mo,I love this application,3,0,1.16,2025-04-30 20:31:36,"Thank you for your kind words! We’re happy you love the app. If you’re enjoying it, we’d truly appreciate your 5-star support. Jazak Allah Khair",2025-06-25 13:45:31,1.16
aea980c8-c862-4953-8bc3-984f7cf22af2,Din Muhammad Siddiqui,https://play-lh.googleusercontent.com/a/ACg8ocJtN3JZdF4brsTGzo5P1FvEGvndeKBe-fAwcIlD1DRMbsPXCA=mo,It is good,5,0,1.16,2025-04-30 11:44:37,,,1.16
0f8f7cc0-60f6-4a08-9dcb-2316cf232427,Bala Usman,https://play-lh.googleusercontent.com/a-/ALV-UjUFowDDkRxXyhhpu14IYEWp0EDh63vd48QQD9_i8rFddT4Wm4Ac,very nice app,5,0,1.16,2025-04-30 02:03:40,,,1.16
165467f4-1314-4048-844e-7cb9f07ae060,Sagir Hussaini,https://play-lh.googleusercontent.com/a-/ALV-UjXq4RbfeyGKL8D5cO7ry9Df4oQq5pYdTpVWVood6ggjHhOARD1q,so sweet app,3,0,1.16,2025-04-25 23:47:21,"Thank you for your kind words! We’re happy you love the app. If you’re enjoying it, we’d truly appreciate your 5-star support. Jazak Allah Khair",2025-06-25 13:45:23,1.16
0bc116f8-af68-4f91-87b1-28b94477d0bd,Anthony Barrera,https://play-lh.googleusercontent.com/a-/ALV-UjUQZOzVtSWZB_iV-YwR1O5NhSw2hMcz69E8_X_ixabBtQqJ6vjV,I have notifications off and I still get them can you please fix the problem but besides that I love this app.,4,21,1.16,2025-04-22 08:23:27,"Thank you for your support, we will fix this issue soon. Insha Allah",2025-06-25 14:08:26,1.16
94580d76-61c6-4d0f-ac55-fbb89049e211,Mal.Muhammad Garba,https://play-lh.googleusercontent.com/a-/ALV-UjV2fgN-bFQdmaZGboz7lXR-Z9MHxo7jWwNqGalAqBU2iQLXtw,Very good and well arranged the icons 🙏,5,1,1.16,2025-04-20 10:55:45,,,1.16
a3ee2fb4-5fc7-40eb-9979-41e7775a2981,Musa Salifu,https://play-lh.googleusercontent.com/a-/ALV-UjXXDxGAvkl8dNZ7Xz7zuu5saxiAJhIGCGOFM-fkbmzYPOgkEhc,fantastic very interesting I love it's so much,5,0,1.16,2025-04-18 00:06:58,,,1.16
604b3204-738e-473f-82f5-677458f5a0df,Ubaydah Aduke,https://play-lh.googleusercontent.com/a/ACg8ocI1qyMAPFRZJdYl5ugUUCtP3onF8l2zeHArxQMiuxnt3pCmPA=mo,I just install it i love it already 😍,5,0,1.16,2025-04-14 06:19:18,,,1.16
8e4071ff-d21b-4144-8c08-0300c6f9dd2d,Bashir Nababa,https://play-lh.googleusercontent.com/a-/ALV-UjUwk1562sqzDRACekRsQjOMhxnnFKvpjQ0i_8peJFhKUcxAv40,"This app is sincerely useful, which describe many Islamic knowledge",5,0,,2025-04-10 00:47:50,,,
1c588f8a-b021-4e4a-bc3e-8cc9513b384a,Ibrahim Garba,https://play-lh.googleusercontent.com/a-/ALV-UjUl4H0S27AiCh802Oi_kGDbI3A7DfpdUPTsAGpt1ClW0j3IDoA1dg,Awesome,5,0,1.16,2025-04-09 20:37:18,,,1.16
5711403e-abf4-43cb-a8d8-0cf87b26674a,Rabi Hassan,https://play-lh.googleusercontent.com/a/ACg8ocJ4cIsgvFnFBMqi3Kcne70qjqqkENIE5I3dFfx-BBbDJoi7AA=mo,"Alhamdulillah very good app, especially the dua's in it",5,1,1.14,2025-04-05 05:10:47,,,1.14
97b5bcc8-e5db-4f66-bb85-c8056790e9de,Moin Burni,https://play-lh.googleusercontent.com/a/ACg8ocKl9v4a9L4HGGLFjHLRg3DgVWWhTZEWXiRaOQUaCFxc9FJH1A=mo,nice,5,0,1.16,2025-04-05 00:46:09,,,1.16
4efb1f07-c9ae-4bd9-b66c-60075f459a00,MUHAMMAD ABDULLAHI,https://play-lh.googleusercontent.com/a/ACg8ocJKZXWH2S6VjlCnq5NM354BZABWxKM2MFRWLjGqt_8jLATRFg=mo,I am happy with the application of appropriate,5,0,,2025-04-02 19:32:32,,,
1d537299-17e3-4bf6-bbb2-b19b6b9b6026,Kafayat Owoyemi,https://play-lh.googleusercontent.com/a/ACg8ocJeoIB3ZhexCVif066B2bOQ3G2Teh6OrM7kLD5h20cuwLIT=mo,app so superb and satisfying... jazakumu'llahu khayran fiidunyah wa-l-ākhira to all involved.,5,0,1.14,2025-04-02 17:26:56,,,1.14
e2a59aee-1270-4071-9c2f-a9e28b506e7e,Nansubuga Safiyat,https://play-lh.googleusercontent.com/a/ACg8ocKpxPpfoZU920S8kCBqU_xxgd5D80aWWhJCzKppDAitEqQYRA=mo,Has clear teachings on Islam,5,0,1.15,2025-04-02 17:16:20,,,1.15
2b663790-a9b4-47bc-9769-d19b94d40bce,Idris Sani,https://play-lh.googleusercontent.com/a/ACg8ocJ4pSFL6l-vs3qSeLYT4VKr6NZiU-gl0tPS4phjQE9s6to69w=mo,Slm I'm very happy to have you in my life,5,0,1.16,2025-04-01 02:53:16,,,1.16
d4903b8c-75f8-4ed0-ad4d-959011d7903f,awa janet,https://play-lh.googleusercontent.com/a/ACg8ocLMvShVGwfPL7MjJj3SO5i1yQ9TKnzNBq274EKEVZjg3UL_uw=mo,excellent,5,0,1.16,2025-03-27 11:45:15,,,1.16
06c6a88c-d59e-448b-bacc-f33a31640493,Hossain Shahid sohrwardi (Nasir),https://play-lh.googleusercontent.com/a-/ALV-UjU1kyijAHYThmGXoGO_H4OsGoHgob16tHWoDYNTq_xx2DFEX2cJbA,great,5,0,,2025-03-27 09:04:19,,,
dad39d25-ad0d-4e81-a561-b1a3507b99dc,Majharul Islam,https://play-lh.googleusercontent.com/a/ACg8ocJBIVOvhRwIbpott7nMivCtRCflETPe-itIUm3VYkSn-86HoA=mo,Good app,5,0,1.16,2025-03-25 23:02:34,,,1.16
cf8d5bf9-4641-428a-abdd-57ba751b2173,Ahmed Mahmoud,https://play-lh.googleusercontent.com/a-/ALV-UjUOHIVvdjtj-KM5Yhkwq3VxP6aOV26XnkofFjraw_t3rkEjH5krzg,Prayer timing not accurate although i have adjust the current location many times,3,3,1.16,2025-03-23 15:59:15,"Thank you for your feedback. Please make sure location permission is enabled and select the correct prayer time calculation method in the app settings according to your country. In shaa Allah, we will continue to improve the app. Your feedback is very important to us.",2025-06-25 13:55:41,1.16
ef88ecd2-b819-462a-b304-ad40526a5302,Monsurah Ashabi Abdul Jabbar,https://play-lh.googleusercontent.com/a/ACg8ocJX2NIwZHv8-UfV3huOQKSTk3rz0-24ZGw5qlFhUY6UYJrG2Q=mo,it's okay,5,0,1.16,2025-03-23 14:51:00,,,1.16
3ad7a072-01bb-447e-a782-c08f97f7b68d,Kuthpudeen,https://play-lh.googleusercontent.com/a-/ALV-UjWR4Cq8NNBZk_0RvdZMWPd3MRU5mdyjB0P1xfq3r7DK8BbkZoh_hg,best app,5,0,1.14,2025-03-22 12:14:49,,,1.14
4d57f1e4-87b8-4329-94f6-7a81db878aa2,Sfc Javier Torres,https://play-lh.googleusercontent.com/a-/ALV-UjUYtFqC4bE-HHbQe7ouWSVgP4R7TlaYjh_6N-sTCO1u98mqlZM,better,5,0,,2025-03-19 22:26:42,,,
c8b6251b-4158-4b0f-94b6-8e5f43522269,Belal abrar,https://play-lh.googleusercontent.com/a-/ALV-UjXu4HmTjV05bURZTkE4GaeAoh4oQC_WdUcu6SB5I86WOYHnT-xaOQ,very good application.,5,0,1.14,2025-03-16 21:03:55,,,1.14
44c1e87a-631d-4e5f-b189-37e4c307bd63,MD Muhsenin,https://play-lh.googleusercontent.com/a/ACg8ocL9W4SgX1rd7t9l76abZzba0erFmz3--nxS3_G1eFxw73eYkQ=mo,good app,5,4,1.16,2025-03-15 23:03:47,,,1.16
7ce74c99-a397-49d6-a552-dddd0bc6ffd3,DANJUMA BELLO MUHAMMAD,https://play-lh.googleusercontent.com/a-/ALV-UjUAUjd-7iTSm3Ca6yOXT4fRqvGEFeD0bJZv2FzlxDdPLanE_r1E,You failed to include azkarus sabah masa completely.,2,0,1.16,2025-03-14 11:15:17,"Thank you for your feedback. We sincerely apologize for not including the complete Azkar of the morning and evening. In shaa Allah, we will add them fully in the next update.",2025-06-25 13:26:17,1.16
48f2f300-55ea-4da6-8529-4388c54f2c52,Iqra Khalil,https://play-lh.googleusercontent.com/a/ACg8ocJ3ILPHLpA1Dw8yk4OGZbyFMi2dQNE23JVoYYzz2k4U6MheaQ=mo,This app is v amazing,5,0,1.16,2025-03-13 07:37:11,,,1.16
ba7c132f-4103-4524-9f36-8d576802c4ac,Ajmeer afghan,https://play-lh.googleusercontent.com/a-/ALV-UjW_68v3UCwXS-Q74oIs2UKWpMzMlaAMiek17y1zH3EkXSisrpQ,God bless you,5,0,1.16,2025-03-13 05:46:55,,,1.16
e520b9c7-4aa9-4858-a81b-42654bcfa053,Dhikrullahi Mubarak,https://play-lh.googleusercontent.com/a-/ALV-UjUJaxyKi659RBvoalxmnvOt0lg9y6rErm0bIx9pIZ5zcJbY_Go,"Best app Quran recitation is the Best, Islam is a great religion",5,0,,2025-03-11 23:30:35,,,
a648867f-c341-4aef-a6ab-9dbacf8ed7c5,Anna Khatun,https://play-lh.googleusercontent.com/a/ACg8ocJaO5OoDLuMyPNv3tBCncM_GSahe3w3l11Hn9KDFnrP4QGBbQ=mo,App doesn't work some times,1,9,1.16,2025-03-11 05:17:12,"Thank you for your feedback. Could you please tell us what issue you faced? Your feedback will help us fix it quickly, In shaa Allah.",2025-06-25 12:50:41,1.16
187bb0fb-4170-4393-87ce-d4795a83765d,Kolawole Usman,https://play-lh.googleusercontent.com/a/ACg8ocKKnWtYNmNc1ILRlnzEnJ3AbJI-bDCdHR9FBNfwLzoMgXHu6g=mo,SO NICE😊 JAZAKUMULLLAHI KHAIRON 🙏,5,0,1.14,2025-03-09 09:39:53,,,1.14
7997288c-7ca9-4139-b2c8-6f53dbc496f1,Mai Tark,https://play-lh.googleusercontent.com/a/ACg8ocKQUYU00kUBWsMWJOL42BOF1n-22469Be4XMy5kq8zFc1ctiw=mo,Good 👍 I 💕😘💕😘💕,5,5,1.15,2025-03-08 14:37:00,,,1.15
a31d9f92-a6fd-4ec8-92d6-788ef71a0ba8,adenike adediran,https://play-lh.googleusercontent.com/a/ACg8ocLNuMV5i_6lExzEClQ0VtiaTORmfSY9bi7vwypoWfsVKHk9eQ=mo,Good,5,0,1.14,2025-03-08 10:41:44,,,1.14
c83f12d1-9167-41e1-ada4-c0e316b5399b,Dodou Sanneh,https://play-lh.googleusercontent.com/a-/ALV-UjWA46H6Ok9qCoIS5b7v9LAk_3RD2hdjCj7lGokN8_Qh1O0wzPLw,The great app for All Muslim in the world 🌍 everybody this is your app,5,0,1.14,2025-03-07 10:12:21,,,1.14
5272e422-ffd5-4893-b2d0-085154472a18,Abubakar mohammed,https://play-lh.googleusercontent.com/a-/ALV-UjV01a5rHJ1Tburtow_h9bBilfkUm_qcaJdgmd_hOPHEnmHW8wQw,Alhamdulillah,5,0,1.15,2025-03-07 07:05:33,,,1.15
3c76030a-71e6-4e87-8def-0f6ecd23baef,Shaheen Ahmed,https://play-lh.googleusercontent.com/a/ACg8ocK_JKhvN3q2NxOEbUE1yMQBGFwZuVoXdBZUm4GT7KttTkPFjg=mo,Excellent,5,0,1.15,2025-03-06 12:16:57,,,1.15
b6452b46-66f9-42e5-b49c-2fcd7f3ba76f,Parveen Tariq,https://play-lh.googleusercontent.com/a-/ALV-UjU0uqCQU29Lp8x9fImSMvui5FjtKU6bZGNtq2UqUh9oXsKRg278,It's very good. I feel Muslim ummah need a single direction and unity and this is a good try for ummah. Allah bless all Muslims,5,129,1.15,2025-03-06 06:17:31,,,1.15
522ddd43-aaa9-4e32-aeed-c79136b99784,Namawejje Safinah moni,https://play-lh.googleusercontent.com/a/ACg8ocIhJtOlaNpg_HTd-z4a6p_zh_VNYq9QyGwD_T53CO1OdWF4iQ=mo,It has helped me to learn more about islam,5,0,1.14,2025-03-05 02:06:59,,,1.14
be1d1f5e-a622-423b-b598-fa83969cc958,Abubakar Mai Bukar,https://play-lh.googleusercontent.com/a/ACg8ocLqGxQaeXBcb9ZlcKujV0svjELy9svugU5mXrVEu312a5bS=mo,Mashallah,5,0,,2025-03-04 18:58:59,,,
4cb08517-8579-48c0-bf46-bcf96c339572,Soliu Seidu,https://play-lh.googleusercontent.com/a-/ALV-UjWQOFN9uSi33tqa1g2AXMjmi3APderu9B6gdixsu-YYrwwusXtR,"Is a very good app to guide your orientation to ""ISLAM""and to learn you many things about ""ISLAM""",5,2,1.15,2025-03-04 14:46:09,,,1.15
69e5005d-925d-4118-9695-574840be8307,Tariq Mehmood,https://play-lh.googleusercontent.com/a/ACg8ocKhZa9tSBmLQl1LEsfkLSxy2kTEoYDUAppW3PhD7Pz6GZ7Mgg=mo,Mashallah bahat khub hai,5,0,1.15,2025-03-04 07:05:54,,,1.15
be9876f4-02d8-48da-aaf4-0977e34e0e84,Saleem Abdul-aziz,https://play-lh.googleusercontent.com/a/ACg8ocLcPIlklyzwR7OgmnHbnHPGXcZ_33uzFI6-Ch7dJWTNcLbd7w=mo,alhadulillah this is best app in my phone,5,0,,2025-03-04 07:03:03,,,
70b7c88e-86e2-44a0-8a2a-8b3598a45cae,Raseena Illiyas,https://play-lh.googleusercontent.com/a/ACg8ocIbw2r2qIebdXS2fmAabJE0NTf7QfyRHv-kLtib0OD3H79WdQ=mo,"Alhamdulillah, it's very nice app. It hadn't daily ramadan duas but it provide 1,2,ans3rd Ashar duas in ramadan",5,95,1.15,2025-03-03 15:16:21,,,1.15
fbbf275e-72da-4042-a3f0-47e86b6e7b90,SR tv,https://play-lh.googleusercontent.com/a-/ALV-UjU62fUO4bczcbieCGLqqq238da_cquIMd2JH2kv8U0gSPZYIj4,Best,5,0,1.15,2025-03-03 10:50:04,,,1.15
823fede3-a3a5-426d-ab75-4862b0f5aefe,Shakirullah Adekunle,https://play-lh.googleusercontent.com/a/ACg8ocJIcTK6GD2ZyZ4ELZNK0beh1UOriANGIyErps56Y0YRtT6adQ=mo,"A trustworthy Quran app that provides accurate and authentic translations, recitations, and commentary.",5,4,1.14,2025-03-02 20:45:04,,,1.14
9db1bc36-eadc-4fae-8f19-0c0143a55aeb,Yousaf Khan,https://play-lh.googleusercontent.com/a/ACg8ocInwufWG5sU9T3oFvmKTRkPOV5Mw1ZEfYdSZ7BSMtRKMa1krw=mo,This app is very helpful,5,0,,2025-03-02 10:11:22,,,
9fe3e577-ffa0-4be6-a1bf-77473965826b,S,https://play-lh.googleusercontent.com/a/ACg8ocIJzShPWHbvyI9vEe8VCgxtl5qB_3LKkaNGNKv9pRpniCG0iitH=mo,Great accurate timing and futures,5,17,1.15,2025-03-02 10:05:06,,,1.15
14457bdc-c9c1-4479-a1c8-a9e8176c190f,Salma Awad,https://play-lh.googleusercontent.com/a/ACg8ocKA1jfPSEdAFNmzIeG87ef84Y_MxfiUaI1ylyWUH_eSZUhC7w=mo,تطبيق جميل جدا,5,0,1.14,2025-03-02 09:34:38,,,1.14
1b1ecc58-da80-493c-9a27-a5869be3c2ba,Me Shohel,https://play-lh.googleusercontent.com/a-/ALV-UjVvKumK-Ua0NpGfkAQboQM7hmIWnn8fZiXoY5s-J_GTMhwK4x4VTw,Nice,5,0,1.15,2025-03-02 08:29:35,,,1.15
098c4da9-4f68-42be-b3c9-852fac814dd7,Musa Yusuf,https://play-lh.googleusercontent.com/a-/ALV-UjVRgWKrAYsQr0mh9cggemqA9oCcNlRYgBaW2kvZFOLU8sqqYKbU,I'd love it,5,0,1.14,2025-03-02 04:46:19,,,1.14
9b7ab3ae-60d8-47c4-8061-ce99eeccbb07,Malam Bashir,https://play-lh.googleusercontent.com/a-/ALV-UjWs9uXVJAK2E-uhamtnnXgr1h3me9sUyV8IRKKDxIkiKk3rss27,Perfect,5,0,1.15,2025-03-02 00:24:13,,,1.15
8ca8325c-25f4-443a-ad8a-07fc4450ad8d,Zayyanu Abubakar Saddiq,https://play-lh.googleusercontent.com/a-/ALV-UjVai_SLr_yli2nbqRti4jgy9HcEakWsqk7Hh4d1cTejuMUmntM,Great job thanks 🙏👍,5,0,1.14,2025-03-01 23:46:27,,,1.14
2fa161bd-e384-4913-aca1-7e49194600a1,Algoni Mohammed,https://play-lh.googleusercontent.com/a-/ALV-UjX_SHiNrXiyQQrfxqtvWkMsAyXWcp7Y7onPIlQlwRDjDvJwBQRlvQ,Most used Muslim app in the world.,5,0,1.14,2025-03-01 22:53:48,,,1.14
b3234d40-a9c9-43f3-9366-19fa694ea01b,Infnix Gahnug,https://play-lh.googleusercontent.com/a/ACg8ocKjsksqqaoKNpz808HkB6vxwEecMkHQhQUMinu8wVdZqgf3rA=mo,I have used this app more than 5 years and this is best app I use for my 💕,5,3,1.15,2025-03-01 21:45:13,,,1.15
a7f9f903-bece-498d-9bf8-ca071e800b05,Muhammad Sarfraz,https://play-lh.googleusercontent.com/a/ACg8ocKgRg8FC-t2rf4ITDkOrdxxraLhCVsqotXGci85FRPjkzgxfA=mo,Muslim app very good,3,0,,2025-03-01 19:26:54,"Thank you for your kind words! We’re happy you love the app. If you’re enjoying it, we’d truly appreciate your 5-star support. Jazak Allah Khair",2025-06-25 13:45:53,
0aad245b-8919-4983-9631-c7867b99abc1,Musa Halimat,https://play-lh.googleusercontent.com/a-/ALV-UjX4AzyTDNIfoLxeJaKlXCu6y0i2R8thfPyQ4fl7DNHXoYSghpBa,Awesome,5,0,1.15,2025-03-01 19:20:25,,,1.15
7e19a97f-f10e-45fd-ab81-0ee1c446ad9b,Nakibuule Sophie,https://play-lh.googleusercontent.com/a-/ALV-UjWn1UY0k4VmBOURW1qAFK1_tDdbOJ1L4KtQeUzUBQEFAQmAoV4s,Very Good and the best Alhamudulilah 🙏🙏🙏🥰🥰,5,1,1.15,2025-03-01 16:08:40,,,1.15
e144eb44-571d-4c81-9689-6d5b46a7eb21,Asmau Abdullahi ibrahim,https://play-lh.googleusercontent.com/a-/ALV-UjVAUrthEoZdoudkP7BVKkBBr9H8wYWpZmnS-Wy34fyp6hQvuVk8,Great,5,0,1.15,2025-03-01 10:14:12,,,1.15
c362b6e8-269a-4862-89ab-5419ce9c2a13,Faridah Juma,https://play-lh.googleusercontent.com/a/ACg8ocJ-O_kRpEoLe2YjQmtvbwlE153au9IdIui9ry8wUMuNJHmjyw=mo,"My third Year using it, just that it could heat my phone and i reached to the extent of uninstalling it.",4,38,1.15,2025-03-01 08:20:56,,,1.15
183b2340-8cc4-4574-889c-cdf0e0816daf,Iamme Allahisone,https://play-lh.googleusercontent.com/a-/ALV-UjVeFB74n9LaoRhtcTGV1XmArcrobGUyX5PARCJPvPVwVfUf2b6-,Maa sha Allah,5,0,1.15,2025-03-01 04:31:43,,,1.15
40d48a64-f07c-477f-b7fe-0cbe5d752e25,Muhammad asif Khan,https://play-lh.googleusercontent.com/a-/ALV-UjVyEdBu8Lr9zFzXDXmEojyM2aSFhXTOR5OOUFNb--KVKcbAKWS-,V nice,5,0,1.15,2025-03-01 03:19:44,,,1.15
59adeef0-5d83-4862-8760-0a98766929e1,Aliyu Isah,https://play-lh.googleusercontent.com/a/ACg8ocKe3DbyfhYD8DdIRXyZweRDDNTlgRKLnRS3Gl-Of2kXiu62hw=mo,Ilike is muslim muna,5,0,,2025-03-01 02:56:29,,,
7ebdd6fb-a494-40a7-af0f-70b0b8a1f18f,yusuf usman,https://play-lh.googleusercontent.com/a/ACg8ocIAwNQf2X72z-gLIWHMF-6xFxap_zCJe-O1UmrAi5gUckto=mo,Alhamdulillah To Have This App On My Phone,5,1,1.15,2025-02-28 23:58:04,,,1.15
afc72219-1d24-4962-8983-1cd636323458,Miss Huma,https://play-lh.googleusercontent.com/a-/ALV-UjU67d-zALDDo7M-Cno-6341dHui5le6gfYJCf9ftHhr9vIXaOL6,I like it.. 😇,5,0,1.14,2025-02-28 19:05:54,,,1.14
07da17f3-c3e6-4e9b-be6f-e7dae0fa7206,Mustapha Goni,https://play-lh.googleusercontent.com/a-/ALV-UjXk6V-GS2vRD_8r9-nX6eSllOpFPVHuxysECNXEi8ghqBWQHcc,It's very useful,5,0,1.15,2025-02-28 17:23:23,,,1.15
ade92e64-5e32-461b-9333-a66f6001d39d,Abubakar Salisu,https://play-lh.googleusercontent.com/a/ACg8ocLq1MErfSMCjhzYKlIfl0jnqqvEqfNJQTszKiRdbnu_6TYJcQ=mo,The application it's very active especially time for prayer adhan azhkar calendar all of them are very important to us Muslim,5,2,,2025-02-28 14:30:37,,,
69689f32-921f-42f8-bfff-3bb6931c1764,Abdullah Aderonmu,https://play-lh.googleusercontent.com/a/ACg8ocIlcoVwr2hmfMr740NQZIPrUk8gCcPnQAjGzhksvIwzcVTVPA=mo,Love,3,0,1.15,2025-02-28 06:20:18,"Thank you for your kind words! We’re happy you love the app. If you’re enjoying it, we’d truly appreciate your 5-star support. Jazak Allah Khair",2025-06-25 13:45:58,1.15
09679035-5d3c-4fe6-aba1-b491d13b5072,Murtala Habibu,https://play-lh.googleusercontent.com/a-/ALV-UjVZj5aq9Bl1ia3uMB1-FfYuuEP9AYYlCsDBWL-frrc48orxEiOE,thia app help me to know the for prayer,5,0,1.14,2025-02-27 17:06:15,,,1.14
15c9cd33-665f-4ae2-853a-28aea8fa4e21,Md nazmul Huda,https://play-lh.googleusercontent.com/a/ACg8ocKYaJEtueodkH_q79fjYLRO1caem8GN5qOkIPHNmlcARe2hIQ=mo,Love you alllll.,5,0,,2025-02-26 21:01:58,,,
fd009c0c-ab07-4977-b2b2-f8ff4c755172,Mohsin Javed,https://play-lh.googleusercontent.com/a/ACg8ocJdhiERXVUtB3CXz3GLIjWlqumMAyG5mC4IpK0jTxvCL75UyA=mo,Verry best application,5,0,1.14,2025-02-26 08:12:20,,,1.14
ff858814-4169-4636-b36e-5ce67722f4bf,Silent Killer,https://play-lh.googleusercontent.com/a-/ALV-UjXYFjDa08QxLaVgUFHC1RKFXjTISUUKcl4ZKJJoWKALl55ravQ,The app is very important to me and other Muslim umma proud of Muslim,5,0,,2025-02-25 03:28:04,,,
bcf0db40-33ac-4c8c-9125-9a9ef2e0cfb3,Kyazike Shamimu,https://play-lh.googleusercontent.com/a/ACg8ocJ1Ir-Fk_M6PdqI6MWRr4VSSqXvTLVbryjr5xzpyVN2HyO-dQ=mo,So Masha Allah,5,0,1.14,2025-02-25 02:42:45,,,1.14
cff69975-96e2-476b-9760-77bb6c6777ad,Haruna Shaibu,https://play-lh.googleusercontent.com/a/ACg8ocIuUWtC8-RAq_DpHyIcE1ZVNg_yMUAgBUaIKEGCE2lJdOxTvQ=mo,Alhamdulillah,5,0,1.14,2025-02-25 00:00:41,,,1.14
d04954da-f018-47a2-a2ca-8eb3d63c3ba9,Kabiru Labaran,https://play-lh.googleusercontent.com/a-/ALV-UjXA7ieRxOMGW1W-YilOLMSCPMGV8GyKeStWkErgkQdu8xUETV4j,Good,5,0,1.14,2025-02-24 23:34:50,,,1.14
3b1b0e31-0d63-41b8-b190-afc62f924455,M. Ali,https://play-lh.googleusercontent.com/a/ACg8ocK1mdqZJjFEhZDwP3Yo9fwm3oIcHa7X8-4z4-PGSXVp15qLLZA=mo,V good,5,0,1.14,2025-02-24 19:11:09,,,1.14
594c9336-276f-48d2-b4c0-f0b6c10ae179,ABBAS IBRAHIM,https://play-lh.googleusercontent.com/a-/ALV-UjUp8BV3Zp0j1QxZhGKHqG-qkqLqRxr8qrWhGrAnou5_N-xrLwk,Nice app,1,0,1.14,2025-02-24 18:18:17,"Thank you for your feedback! Since you liked the app, please give us a 5-star rating — it means a lot to us!

",2025-06-25 12:53:54,1.14
6b6114f7-733b-4105-8f29-06e6d41ff1aa,كارما محمد,https://play-lh.googleusercontent.com/a/ACg8ocI6pXN1U-LzApDEpeblueKbWQZ60lx3Wy042F7Fbgx7a4xKuA=mo,بجد تحفه في ادعيه واذكار واسماء الله الحسنى واتجاه القبله وتسبيح وتذكير بمواعيد الصلاه وقرأة قرأن وتذكير بمواعيد السحور والافطار,5,0,1.14,2025-02-24 16:51:43,,,1.14
7c14c526-ff92-4cf5-8be4-28f4b352f44b,Mustapha Kayode,https://play-lh.googleusercontent.com/a/ACg8ocJY-tNjI5XiWMG1VnJ7QNPSs5hxgFXUfHaMncWAmW_3x0F2BQ=mo,Great,5,0,1.14,2025-02-24 16:05:03,,,1.14
ec93d95c-2bfd-4e7c-ae10-c5fd7d503f13,Aliyu Ibrahim,https://play-lh.googleusercontent.com/a-/ALV-UjW55y-c6csDHOGkgzHsYYBwBkcXar_RWW6FyzeboolOzB8wyshX,Excellent,3,0,1.14,2025-02-24 11:13:25,"Thank you for your kind words! We’re happy you love the app. If you’re enjoying it, we’d truly appreciate your 5-star support. Jazak Allah Khair",2025-06-25 13:46:05,1.14
c806e3be-fde9-4dc0-9eca-f043b495d4e9,KAFILAT BABATUNDE,https://play-lh.googleusercontent.com/a-/ALV-UjWNTDZJLjV121vlXWU-TV9yZNqLCBn9o6goW3db0D_cxxmrbmk,Very good and recommendabke app though I haven't try it but seen the app when open it really make a lot of senses,4,4,1.14,2025-02-23 19:29:11,,,1.14
78a73cc0-27e5-4c75-97a0-b604273fdcba,Suleiman Abubakar,https://play-lh.googleusercontent.com/a/ACg8ocKT8ViYQWU-GHRSBnJE56aoZogmXa2265Ug-NYVa72IJdQuQA=mo,Thanks for you,5,0,,2025-02-23 06:26:10,,,
68529629-c94d-4e15-a41b-153775db664e,Taiwo Muhammed,https://play-lh.googleusercontent.com/a/ACg8ocL9k72QjQzqGOcpg_Mrr1UxiB5pKzJT0wU6HV7mgbeoAcBpGA=mo,I really love this app it gives 100% courage and guidelines to perform extremely well religiously,5,27,1.14,2025-02-23 01:35:04,,,1.14
17405839-5e62-4cab-b6e6-6e641d9c848a,Christopher Somino,https://play-lh.googleusercontent.com/a/ACg8ocJHfvzetfSNxoVG0eM8XkvzdQ2aApege6-WxYcYBuY_GnFwnA=mo,So good,5,0,1.14,2025-02-22 21:36:00,,,1.14
ee07e70d-097f-4131-81e3-e7125fb4ad10,Naima Mamuda,https://play-lh.googleusercontent.com/a-/ALV-UjURdY57GfuSlFcgOVwW2xI-_a-iNjmpYImPxk9AfEqsuwxgZhI,I love this app because I enjoy using it all the time,5,1,1.14,2025-02-22 11:50:25,,,1.14
11d5fb9c-5f81-40b3-a528-70278a9782e1,Tahir habib,https://play-lh.googleusercontent.com/a/ACg8ocKt0_hsXOLdXtaNhW3-tu_riYtE1rMd62ZtB8UOL7CzGauxaNY=mo,Very good app,5,0,1.14,2025-02-22 08:41:42,,,1.14
a1582f22-5c0f-45a6-83bd-386fe77d3367,Salisu Idris,https://play-lh.googleusercontent.com/a-/ALV-UjVpMk_f5mgzIN034CCC9JkI4StIv2Prhkmal2paIptRUkypkYW_,Excellent Application !!,5,0,1.14,2025-02-22 03:23:36,,,1.14
1d7c76ca-4a05-4e42-8e94-bfc546a17329,Salimat Ame Abdullahi,https://play-lh.googleusercontent.com/a/ACg8ocLk0R-uploBlUVK3VYCOR8okhMWszzxn3FKnE_Y9PasQGz7Yw=mo,"Very good, I one can read clearly with the app",5,3,1.14,2025-02-21 23:35:53,,,1.14
c3217a1e-2d2c-46f8-9719-81204091a3b6,abduljabbar,https://play-lh.googleusercontent.com/a/ACg8ocI38wO8HVHKnU1hCNtXcSyanu4gl32zgZlck0gtZpwa_oYOiw=mo,Alhamdulillah ❤️,5,0,,2025-02-21 21:21:05,,,
cb582323-8b58-45e8-9541-3ab1632cceb5,sadiq 1122 sadiq 1122,https://play-lh.googleusercontent.com/a-/ALV-UjWvvwsLF-7NC0Essc4Yksj2tdI8lURm7NEDs4iheWyJ8E8dIvM,Best app,3,0,1.14,2025-02-21 18:12:16,"Thank you for your kind words! We’re happy you love the app. If you’re enjoying it, we’d truly appreciate your 5-star support. Jazak Allah Khair",2025-06-25 13:46:11,1.14
83e2abc3-21ce-4f0a-bd43-c53bb3edf2d5,Adib Hasan,https://play-lh.googleusercontent.com/a/ACg8ocK9F4Zo64E59bWNaP1cdL3rQtgnAzr13APdMal5KtQcXzcL6g=mo,Alhamdulillah,2,0,1.14,2025-02-21 18:02:23,"Hi, if you like the app, could you please give us more stars?",2025-06-25 13:27:01,1.14
86cfcbda-20c9-4164-bf9f-6bf5751f28e3,Ayesha Sayeed,https://play-lh.googleusercontent.com/a/ACg8ocKUGNatLmuItjujRPEYDCn5yFAH5cAHh5SYKVOH4jYjP63DCA=mo,mashallah mashallah bht asaan tareeqe se use hota hai or mai to isi se quraan pardhti hoon mashallah mashallah bht use full app hai mashallah kehte hai na islam bht asaan haan bht asaan hai aise hi is app se tasbee quran direction allah k names ahadees dua sab kuch milraha hai is 1 app se safar k doraan bht asaan hoga quran ki tilawat karna mashallah allah hum sab allah ki ibadat karne ki nek hidayat de *AMEEN*,5,0,1.14,2025-02-21 16:39:51,,,1.14
62f854e8-1902-4788-a72f-ef67fd1bf91d,Mamman Midra,https://play-lh.googleusercontent.com/a/ACg8ocIGI_kT9kL1zj3xQWZR0tCfzeOCyW4IOnu-uAdBO32KjiGdaw=mo,Nice,1,0,1.14,2025-02-20 18:09:23,"Thank you for your feedback! Since you liked the app, please give us a 5-star rating — it means a lot to us!

",2025-06-25 12:54:04,1.14
a57bf76c-5ef6-464c-975a-c909dc916d31,Eisa Christopher Somino,https://play-lh.googleusercontent.com/a/ACg8ocJiqNfoiuhIQMXbTHb7WLaIvdpPV2yU2D7fWfIyJD0oLRiGF1I=mo,So good,5,0,1.14,2025-02-20 15:09:17,,,1.14
83f3c8dc-5dfb-461e-86bc-da3c6c3065bf,As Iq,https://play-lh.googleusercontent.com/a/ACg8ocLz9G_bm4GCNWT3WcWv5Zlb2-6khr270UEqjMf4jgFnrkkqSQ=mo,Timing sahi nahi hai,5,0,1.14,2025-02-20 09:50:51,,,1.14
d3efbb34-c0aa-4866-ad9e-2f1b6ec1ee2d,Ibrahim kushegbe Umar,https://play-lh.googleusercontent.com/a-/ALV-UjXeGM_FB1azQUm7LPslTCZP6zjMgu_m9mcFJPOR5A-5UlS5AMnl,He is excellent App,5,0,1.14,2025-02-19 22:35:54,,,1.14
4170bc3f-d7e9-49e6-9046-9c118c23d2f3,Muhammad Ismail,https://play-lh.googleusercontent.com/a-/ALV-UjWMM3GO-xjzZlIIY3IYGChMhKtEnNQkrqHQBZweyxM8yf-9C52Zag,Good,5,0,1.14,2025-02-19 22:35:01,,,1.14
254bd94f-4719-47db-9530-b084563ceff9,Ashraqt Saeed,https://play-lh.googleusercontent.com/a/ACg8ocKqRs-W464r1z0KbiGB2WH0LsDl8ZdAPQv_FWQF6DHHKqA5Xw=mo,ليس به اذكار صباح ومساء لكن دون ذلك فهو جيد,4,0,1.14,2025-02-19 07:05:40,,,1.14
d6f4adfc-167d-4e06-8abc-f8c573bb6383,Rahim themala,https://play-lh.googleusercontent.com/a-/ALV-UjV_0e9woOcagbmwfPK0KugNjt13hhKVKqm7X71-ERLDltTt3wNiSA,perfomans is very poor,2,0,,2025-02-18 20:20:36,"Thank you for your feedback. We apologize for the poor performance. In shaa Allah, we will optimize and improve the app’s speed and stability in the next updates.",2025-06-25 13:29:39,
de0e6825-2899-4792-b1e2-8f56cc450518,Anjum Anjum,https://play-lh.googleusercontent.com/a/ACg8ocKapdej43YnuZAP7k6U3113XJqlE2cElToUgEUOL5YUo_Gz=mo,Best app,5,0,1.14,2025-02-18 07:47:28,,,1.14
8020162b-c35c-4d31-b9ab-a0bc4a7fe516,Folasewa balogun,https://play-lh.googleusercontent.com/a/ACg8ocLVC3hmFdSacEz7Im4dctH3lLOrwaepPw54DSdBJ9Wp8rjd7Rg=mo,Work perfectly,5,0,1.14,2025-02-18 04:46:45,,,1.14
b519a63e-9839-4834-bc5a-ecd09f56e0d6,Ghakhar JANJUAH,https://play-lh.googleusercontent.com/a/ACg8ocIkWaDK_QN0UTrk5KBtA_D9X-WA25pC9yLvLzd6C1ahhsdzV8k=mo,Bht nice hy ye app is Ki waja mere knowledge Mai izafa huawa hy Mai bht like krta hu,5,0,,2025-02-18 03:35:50,,,
880c90d6-ea74-4a55-a9a3-c1194e33e63b,ASIC,https://play-lh.googleusercontent.com/a/ACg8ocLfc4VOSCxJ0nNX8ZpVxA1tIzqMf9-OrfXHBW-NMgJXrjCBNw=mo,Great,1,0,1.14,2025-02-17 23:00:18,"Thank you for your feedback! Since you liked the app, please give us a 5-star rating — it means a lot to us!


",2025-06-25 12:54:11,1.14
3ea76ff0-392a-4d33-b80a-354a1a52f70c,Sadaf Naaz,https://play-lh.googleusercontent.com/a-/ALV-UjVdsOYEK14xSTmTBT0FpkvFJkES2jwO-b1hmwKuf9DAMgRIbG9F,Make sure ringtone of azan should be changed according to our preference,4,4,1.14,2025-02-17 20:10:55,,,1.14
939b0f6f-50f8-4ad5-ad05-fcdd7450a949,yusuf khan,https://play-lh.googleusercontent.com/a/ACg8ocJqICHDwv_J8_GG1V9IaU57lV95tyWUrIR_9_LcO2_9yK4a=mo,😊 happy,5,0,1.14,2025-02-16 16:30:12,,,1.14
62d83cce-55c2-4f50-b351-7262aec85bf4,Ibrahim Mohammed Barau,https://play-lh.googleusercontent.com/a-/ALV-UjVzQLuPWwPb5xpxD7OV1Je7RbWi8cL_UVU_nCThhZiH-ZFAxpEi,Fantastic app for Islamic knowledge,5,0,1.14,2025-02-16 04:08:24,,,1.14
9b3a43e3-2536-496b-91c0-883bd1afbc16,Abdullahi Bichi,https://play-lh.googleusercontent.com/a-/ALV-UjUkBgbFTf2xp0cnNOktidOolfgFH12vakQD_0fhsRNQf-aZTIWR,This application is not working every time in my phone,3,15,1.14,2025-02-14 23:39:13,"Dear User, can you please try the new version of the app.",2025-06-25 14:02:01,1.14
1075ef52-f211-4e6f-97c0-a332f1599cc5,Abdullahi Isa,https://play-lh.googleusercontent.com/a-/ALV-UjUv16kSrTV8ed4t-qq854wpsxc9-Iv9DQ_6eC5oBB4p4dgNsek,So nice 👍,5,0,1.14,2025-02-14 21:29:53,,,1.14
c59ae0cf-90be-4b06-8ca1-b68c9ac40575,NASIR KHAN,https://play-lh.googleusercontent.com/a/ACg8ocIosAkEF65SpgfqxQNGE474XTxENuq0OpxvbmuDDcpWLvb_orY=mo,Subhanallah,5,0,1.14,2025-02-14 19:41:50,,,1.14
c84b47b8-3d1d-4699-af89-c89a19f5f2fe,Shahzad Ahmad,https://play-lh.googleusercontent.com/a-/ALV-UjUe93RWZeJWCJcrlVYlHgNEXtagP2ftik78sn9z11zipvCzwykq,Mind blowing and incredible app.,4,1,1.14,2025-02-14 14:42:46,,,1.14
6dc90f93-1ec0-4b2c-bcfe-64114f705f89,JUNAIDU Sani,https://play-lh.googleusercontent.com/a-/ALV-UjXw845XDCE70AVWM3yh2-XuG2CU6BQZ5TwXTdBXs-MMtDdmQEo,Alhamdulillah the its best app so far!,1,0,,2025-02-14 14:28:17,"Thank you for your feedback! Since you liked the app, please give us a 5-star rating — it means a lot to us!
",2025-06-25 12:54:21,
2497129a-ccca-4012-82fb-a15552eeaad9,A Google user,https://play-lh.googleusercontent.com/EGemoI2NTXmTsBVtJqk8jxF9rh8ApRWfsIMQSt2uE4OcpQqbFu7f7NbTK05lx80nuSijCz7sc3a277R67g,I love islam. Application is soo good and Allah bless him with happy and joy that is making this app.,5,2,1.14,2025-02-14 01:00:25,,,1.14
4f0870d1-4c73-4d71-b183-0dd71abc2da2,Mohammed Isahlamfade,https://play-lh.googleusercontent.com/a-/ALV-UjWaFHGiZoRUMTAZ6Bi7-Sf7YulunG--XBWtV01rNkKltg7A7Dc,I ever using worderfull apps like this b4 im appreciate,5,0,1.14,2025-02-13 23:08:50,,,1.14
cd6a2fdc-8629-47bd-b1bf-7aadd1af86ea,Nazmul Hossen,https://play-lh.googleusercontent.com/a-/ALV-UjXYu8FTnvZDiGS77WLjhXjxK2NsodqUzlfBzLyUDmTAkVptkZHU,Nice apps,5,0,1.14,2025-02-13 20:27:37,,,1.14
b3de2af4-7749-4114-85f1-7f351bfa5d66,Nurudin Hisham,https://play-lh.googleusercontent.com/a/ACg8ocIEPGPqjIeeG0ekXtZk-5ONcFNWHVlU1uU9Ko-ujc9updI5Nw=mo,The best app,5,0,,2025-02-13 11:36:10,,,
e874626c-8b51-4be8-b3e4-645be6fa8807,muna yusuf,https://play-lh.googleusercontent.com/a-/ALV-UjXOYz3HGoGP2Rj8VgItmEjU2qHnL-L1qzBxJ78UjfGwaF0-OGPY,Great app,5,0,1.14,2025-02-13 09:27:02,,,1.14
ddb318b6-82d6-4fb7-82c7-ca631ead0c4c,Gulzar,https://play-lh.googleusercontent.com/a-/ALV-UjWWKcHYDkGYI3PD3yorT_Xqu-QksWp22jg5F9Y2ocHNsmi99uLB1g,Best app,5,0,1.14,2025-02-13 07:02:26,,,1.14
6099474b-d433-4ad3-81b6-eac83d182ef7,Abdullahi Baba Idris,https://play-lh.googleusercontent.com/a-/ALV-UjXza9HmYNNy3pMS82V9NGQuT4u8v8v5JckJ1T_KRvk7qVBxONo7,Alams not coming up,4,0,1.14,2025-02-13 00:01:29,,,1.14
83fa264d-4293-4755-b453-426e6142cf87,Salamatu Muhammad,https://play-lh.googleusercontent.com/a/ACg8ocIV-xg_fFSI-1ZcaLmupzvFMryWMfVKkCt7XHrffJrSBjEJMA=mo,Beautiful,5,0,1.14,2025-02-12 18:46:04,,,1.14
1b38684c-ea7f-4695-a146-9ae7ad8ef358,Saleem Ali,https://play-lh.googleusercontent.com/a-/ALV-UjU0PD1zDI-9GWmxBU7lP9MY3buffawCei8ITDahuw-LLYz4M1Hw,Good application,5,0,1.14,2025-02-11 22:23:20,,,1.14
13529ba1-dd06-4bca-ae96-d8385e97a8d2,Sagor Ali,https://play-lh.googleusercontent.com/a-/ALV-UjV4UFZRh2s69sNQrHR6W4XUIwbnr8e7NlZapLrJFLoe0iB6Exk,Good app,5,0,1.14,2025-02-11 21:07:09,,,1.14
c4b3799e-ee68-4ea8-b318-03f660438588,Magami Yaya Magami,https://play-lh.googleusercontent.com/a-/ALV-UjXP9bNTKXXzy4hQSlYiSNwvjEMcdn-Me8TYBC9CvytiYUJi4ag,Very good,5,0,1.14,2025-02-11 18:51:31,,,1.14
ccdea6b6-d998-4cd7-ad6e-28b2ce254be2,Auwalu Dalhatu,https://play-lh.googleusercontent.com/a/ACg8ocJp6pxcQakcs-24rIQ8liAtCB1gnNjuY45ToHuzjAJHyJ3mxA=mo,Alhamdulillah,5,0,1.14,2025-02-10 10:31:51,,,1.14
4d70fff7-cd9f-4552-92a1-205694f8fe68,Vans Weller,https://play-lh.googleusercontent.com/a-/ALV-UjXBtMPJB8dcAAsH1Jjp92LH047OWQeRedu9Gg4yFeScMDszIwc,Mashalah keep up the good app,5,0,1.14,2025-02-10 06:56:23,,,1.14
7a7f3dee-6418-43b2-8295-cd566201d308,dimeji Wahid,https://play-lh.googleusercontent.com/a/ACg8ocKVMqq50htBZWMs6ZmIoDpkI0-ZLfVci2T0dKDKLDraVikvhw=mo,Nice app,5,0,1.14,2025-02-09 12:35:36,,,1.14
d2361bf4-7438-4bdd-ba18-1cd3ef0660b2,usman jafaru,https://play-lh.googleusercontent.com/a-/ALV-UjVEUg5mdpP6npzteHcPnvGpCduFlWqALu8YeZMZFmNok6PP5O5K,A very nice app,5,0,1.14,2025-02-08 23:21:30,,,1.14
c0a8bb5a-1b6a-4d58-9a46-3fa014a72297,Kakooza Aisha,https://play-lh.googleusercontent.com/a-/ALV-UjWPhWJCJaozARP0G9V6hkTBEenz339Wl77KAtABNFq0A_8vNevc_g,Wow I love this app💕,5,0,1.14,2025-02-08 22:13:29,,,1.14
fd3fdeb0-2933-44e5-bad0-fab360505900,Sohil Khan,https://play-lh.googleusercontent.com/a/ACg8ocJUxa9EKw4nebYlQyhu-YWXpmwEIzfLzxeid1gtC-LXvo6-aw=mo,Good application,5,0,1.14,2025-02-08 20:26:50,,,1.14
e44e298d-6c0a-484d-88cc-5779f31314ab,Saleh Lawal,https://play-lh.googleusercontent.com/a-/ALV-UjUUgxCs8cDbAYGytvrpdnQe9icHrVo6LCXJNQZEwDzmUoS1o3AY,Very good app,5,0,1.14,2025-02-07 10:06:20,,,1.14
e553ec0d-b110-4b49-92ba-cb243b853aca,Akeem Olamilekan azeez,https://play-lh.googleusercontent.com/a-/ALV-UjVsnPsMeF-KwEiFpmmbID6Tbn9md9mRKpwknZoyb89kBcIOXTU,This isn't working on my device ever since have download it,1,3,1.14,2025-02-07 04:28:52,"We’re sorry for the issue. Please try reinstalling the app and make sure to allow location permission for proper working. If the problem continues, let us know, In shaa Allah.",2025-06-25 13:01:49,1.14
750c220e-d37a-4ac1-ae3f-fc3e6aaec25b,Ibrahim Boidre,https://play-lh.googleusercontent.com/a-/ALV-UjUfy3Y6qLv5E-F_VTHmScODZp9-mrh__2IlPU0FAuM2YzFn_Sr-,Very good app mashaallah,5,0,1.14,2025-02-06 22:54:02,,,1.14
fdb4e524-4b3e-49a3-8baa-ce852b56232b,Rukie Shamz,https://play-lh.googleusercontent.com/a-/ALV-UjVNg6440pRQh5X0o1Z98j4CJf5vdhzGkIByQTB9LZJzP80rZzs4,Understanding my religion more,5,0,1.14,2025-02-06 09:47:31,,,1.14
2e777358-14a4-4c58-8d61-d27887dab8a1,Ibrahim Usman,https://play-lh.googleusercontent.com/a/ACg8ocIX2d-6F2v3V92TD3iG8FKUVuXIWk_TcAfuiJKmYFz1KusE8Q=mo,It was fantastic and thank you very much for creating such an app all the features I needed was there,5,71,1.14,2025-02-06 09:24:07,,,1.14
2810971c-2bb7-4cd7-8899-916ae35166b2,Faa Mohammed Yahaya,https://play-lh.googleusercontent.com/a/ACg8ocLpAcUjYPSG7eBjomgedN-0GjlVi9jcb5M0sGZWWpLAs976EQ=mo,Very good and nice,5,0,1.14,2025-02-06 00:52:06,,,1.14
b5375049-e3b6-4056-8628-dc6a9fd8f635,Aliyu Suleiman,https://play-lh.googleusercontent.com/a-/ALV-UjWZD6RhEg6azOCj5_LSdZTCrmWYBeMToIoAzaPIzMsyM50CHpDN,Nice work so fantastic 😊,3,0,1.14,2025-02-05 12:24:39,"Thank you for your kind words! We’re happy you love the app. If you’re enjoying it, we’d truly appreciate your 5-star support. Jazak Allah Khair",2025-06-25 13:46:25,1.14
00e6c726-30b6-4f1d-a613-5e6a0622f877,Ahmad kabir,https://play-lh.googleusercontent.com/a/ACg8ocIkC_Zc9JvA2eh4f5dXJZMjZUNjz-YmUiudiG2t1anSvOkozQ=mo,Thanks for your time,5,0,1.14,2025-02-05 00:26:43,,,1.14
71b31886-73cc-443b-8e68-aa6bc3b0076f,Adeyemi Adeola,https://play-lh.googleusercontent.com/a/ACg8ocKWL6zUmN3r26KBrnWagj-F8zIj_HjFpacYSCZtqeWzMorPHA=mo,Not confirm yet but look good in design,2,1,1.14,2025-02-04 23:17:02,"Thank you for the love! We’re happy you liked it. If you’re enjoying the app, we’d truly appreciate your 5-star support.",2025-06-25 13:32:25,1.14
e07b2eac-3ba1-4cbc-a211-e4615af17d4b,Romana Akter rumi Rjrana,https://play-lh.googleusercontent.com/a-/ALV-UjXqgi6UWQV2tUv8-JBdliMrTcc8dzHXRZ-NJczZfXtOPPhuY5Q,Good Muslim,5,0,1.14,2025-02-04 16:50:06,,,1.14
43b89c6e-0455-4a5a-b205-3c673c24bfb3,umar muhammad,https://play-lh.googleusercontent.com/a-/ALV-UjWRDTfQlLks5vJI375EkVhMZpkm02ON8fPPD61OKDPmnGXZETnb,"Masha ALLAH, jazakallahu khairan..",5,0,1.14,2025-02-04 11:54:59,,,1.14
7dca8178-5c4f-4b7b-aa6e-537427627199,majorgun,https://play-lh.googleusercontent.com/a/ACg8ocIJA91pX3s8vHAjRABMjj1iX8QuWeTU6z-zNfrAdbjKYOneoQ=mo,Ok,5,0,1.14,2025-02-03 18:47:26,,,1.14
d4784273-d8cd-4a1d-8c19-0e8502b990d0,Tabbassum Aga,https://play-lh.googleusercontent.com/a/ACg8ocI-_C3TX0y4Klq3IeridXiaIYrFTp0Az7lEa2jiUIVajJoiGg=mo,I am happy 😊 very helpful thank you so much,5,0,1.14,2025-02-03 13:30:21,,,1.14
53ee4a87-c1b3-44cc-ba77-baf8f26cd4e4,Hussaina Biyu,https://play-lh.googleusercontent.com/a/ACg8ocJo8wZlst_RYTVKqu51IKucVHM00qkRUtoFtbircj9Jcm048g=mo,"It's has all you need to know about Islam, Alhamdulllah.",5,0,1.14,2025-02-03 12:06:38,Salam! Thank you so much for your 5-star rating! Your support means a lot to us. We will continue improving the app to serve you better. Jazak Allah Khair!,2025-03-09 02:20:19,1.14
6f428b44-1401-46d0-952c-d0bda57a9f09,aishat ayomhiposi,https://play-lh.googleusercontent.com/a/ACg8ocKKksjxCnukgLtcrKrip2k0Md6kPmiul9OI5Dy1W437svD2Zw=mo,Good,3,0,1.14,2025-02-03 10:26:13,"Thank you for your kind words! We’re happy you love the app. If you’re enjoying it, we’d truly appreciate your 5-star support. Jazak Allah Khair",2025-06-25 13:46:31,1.14
0a28f54d-29f5-4eef-8bc9-3fd175573552,Mustapha Aliyu,https://play-lh.googleusercontent.com/a-/ALV-UjWsmKtyzGXEomhdxODiNzfKSqchmMnT8O0pWNvWoL_frbgXZJ-HkQ,I love this app and i recommend it for others to use,5,0,1.14,2025-02-02 23:59:57,,,1.14
3437df42-7654-4ada-ae20-54d87c76b9a7,Beghum Halima,https://play-lh.googleusercontent.com/a-/ALV-UjX48KAX_QWr5g24E-8WFcJKUUVgFKpwpdWKqP5vdyUriRASxgl0,Good job,5,0,1.14,2025-02-01 11:28:44,,,1.14
fa5e09a3-48f4-4940-aaa2-5789eaf66a20,Zaharaddeen Ismail,https://play-lh.googleusercontent.com/a-/ALV-UjWCqajkwl9xCkIJ2ghjqEpMwJov4UTqb1Vyye9VYrB0-d7DXt0,I'm very interested in using the app 100%,5,0,1.14,2025-02-01 11:16:09,,,1.14
a678a40e-b7ca-475b-bb30-88ac4044a15c,MUHAMMADU SALISU YAAQUB,https://play-lh.googleusercontent.com/a-/ALV-UjVXNr8IcU-KcOimLigS7EAjTcdY2fNThmK4N07YfiTtLeIlffdF,Thank you very good,5,0,1.14,2025-02-01 02:04:06,,,1.14
3f7e203a-a677-4a56-aaba-98ee972bfa28,Almoruff Adisa,https://play-lh.googleusercontent.com/a/ACg8ocLOaHA6mllIZTuu2zWyDWf0Q5Z-nfDY5BkaHKZkyR9_t4ir=mo,Good to go,5,0,1.14,2025-02-01 01:30:26,,,1.14
56260061-5146-4ee6-96df-84d767fa3fee,ABDULRASHEED SANI,https://play-lh.googleusercontent.com/a-/ALV-UjWtyRIs51brf0Xli9uLU_On7VD3rukf0b-PqqFv7GAZLXtoADgK,Masha Allah,5,0,1.14,2025-02-01 00:40:07,,,1.14
62d345e7-b770-4d1d-b966-4b65b87b4787,Chossan Miburo,https://play-lh.googleusercontent.com/a-/ALV-UjXPS84ZmWbb3tBR-f11nLto7eJBSaBgS8oEx2KYJWHyQGLuS0sh,I appreciate your app,5,0,1.14,2025-01-29 16:00:57,,,1.14
383746ef-5f1b-41d5-8767-9db18e919ed9,mukadam okikiola,https://play-lh.googleusercontent.com/a-/ALV-UjXZBEgTmUEkk6MqMC6iPTDXQvwcrMy39DeCtctjits9DFdUFpY,Nice app,5,0,1.14,2025-01-29 11:13:24,,,1.14
cd95a626-fd6f-4207-ae04-6dc90c269737,Mehataj Shaikh,https://play-lh.googleusercontent.com/a/ACg8ocIM4b_1oX6lnC7itTpf7rH1Da5uT9sFS75IkMCSmedUEsezZQ=mo,Allah subhan wa tala bless you and your family for this wonderful app for us.jazakallah khair,5,0,1.14,2025-01-27 17:15:48,,,1.14
478547db-2723-4f42-b20b-63403ca31de8,Bilyaminu Ibrahim,https://play-lh.googleusercontent.com/a-/ALV-UjWa3hUtuGvHebCd01eAmwRmu6ay6GfQ8ekSMP6d7i3p2LTEZBLb,It's so amazing 😍🤩,5,0,1.14,2025-01-27 13:55:21,,,1.14
11f02413-7146-40c3-920d-49ecd9b386bf,Akeem Oluwatoyin,https://play-lh.googleusercontent.com/a-/ALV-UjW46vUcy5IFxbHhtz-ftVJOj-SfC99j2UZRZlJCqmrIM9l5-K8,In credible,5,0,1.14,2025-01-27 12:26:42,,,1.14
4897769b-90d3-43e7-adaa-5645d5c98f8c,Umar Saleesu,https://play-lh.googleusercontent.com/a/ACg8ocJCYyUEhFxIxmEyqAEoPjJYo7aXfKG3TMEbJ9iZkLEgZB33XA=mo,I am very happiness with this app,5,0,1.14,2025-01-27 01:00:59,,,1.14
4592b1bd-af3e-4a6f-9c5a-7aae6b7115d1,Gousiya Mohammad,https://play-lh.googleusercontent.com/a/ACg8ocIUSAs2Gsg2fhDFgnY2esjMIZO9DIVVLepVU-6tBFwKcRknZg=mo,Good aap,5,0,1.14,2025-01-26 19:00:49,,,1.14
3a041c64-9997-41d1-8a9f-ad3245d14b1e,Aliyu Hassan Abdullahi,https://play-lh.googleusercontent.com/a-/ALV-UjVaNjW7ySXmqizw0ZCvMEcrgVnYBIgvz6UZWBkLcSlfTy9xTqCPtA,"Everything about the app is excellent, from the Du'as to Prayer time, Qur'an and Qibla direction. Very useful to me.",5,134,1.14,2025-01-26 05:09:28,,,1.14
84a78af0-1371-47d4-88fc-b0abf27117be,Rebeka Kobir,https://play-lh.googleusercontent.com/a/ACg8ocJl2iPBSs4_ANQMzKttTC5SKQ_qJzB_PVkrS0-lzNOXo97FbQ=mo,Good,5,0,1.14,2025-01-25 17:42:24,,,1.14
cb5dc7f0-4d49-4924-ba49-f121ae0021b7,Grema Grema,https://play-lh.googleusercontent.com/a/ACg8ocI_ecQTGBXU4mB7yqGOtmJTyy6ShDjoBzpsNNL7bOUvGfA87Q=mo,Good,5,0,1.14,2025-01-25 10:56:07,,,1.14
3cd0dafa-509f-43e2-9ecd-e09aa55ff530,Muhammad Auwal,https://play-lh.googleusercontent.com/a-/ALV-UjWUWmfDCLpLhp2CaKARSNXwvjszfLAMlPv-4MvwoGYQ-hp5lJg,Perfect 👍,5,0,1.14,2025-01-25 03:51:44,,,1.14
2cff3ff8-c71a-4b94-92df-17eca8035691,Abdulsamad Idris,https://play-lh.googleusercontent.com/a-/ALV-UjUwimLQkPQ-TBuahgwVAv3L4y3qkU65BtD38kgzF2yuChC7B-MI,Love the app,5,0,1.14,2025-01-25 00:55:34,,,1.14
34f13827-ce1e-4f8d-a3af-55a03b1f3f45,Muhyideen Agbela,https://play-lh.googleusercontent.com/a/ACg8ocI-Z7Mp3vUQnpk_ji2NyNaJZhmR6onBYq5yHxfYrmWhza1nhA=mo,Very good,5,0,1.14,2025-01-24 21:22:02,,,1.14
a17cdd3e-4f88-4a70-9823-c81fe07b3bb5,Serry Sesay,https://play-lh.googleusercontent.com/a-/ALV-UjWHZfAHe4Xgo8jI63AO56h1iTOkUwW40Jh9laVVdsJeuXz9mXs,Jazakallahu kairan for impacts knowledge on us all,4,0,1.14,2025-01-24 05:08:59,,,1.14
3330e879-96aa-479d-b428-301fa47f9cec,Saidu Ibrahim,https://play-lh.googleusercontent.com/a-/ALV-UjUSO5_SJqg-ieQ8sI2JNe_zNa_uZ0Bc9fTZDYmRHMRijgVNV8Cw,I like this application,5,0,,2025-01-21 23:04:05,,,
f6336da8-22e3-4375-9562-3bb9197f4ef7,Muhammad Abdullahi,https://play-lh.googleusercontent.com/a-/ALV-UjU1_JqhF6H1TuU_PnADoh4RFNl8c2w2SsuBcFEwC25TAw0uM1k,Alhamdulillahi for everything,5,0,1.14,2025-01-21 22:59:55,,,1.14
d6686271-4963-42d8-81b0-8b9ecaed9427,OLAMIDE,https://play-lh.googleusercontent.com/a-/ALV-UjUDWSJcdl15CS3L8Q4zYBMCCJDK_kJkx8KCOG_YCX4yLxKpJ0k,Exceptional,5,0,1.14,2025-01-20 03:23:06,,,1.14
5bbdb27e-5635-4df7-bbc4-81a0bcd3cf88,King Promise,https://play-lh.googleusercontent.com/a-/ALV-UjUufhwoKZaL0RhyCLSC5mnRBf8_YYFy28FJDry9xiZ8vG6R-oKI,This app is very nice,5,0,1.14,2025-01-19 23:57:03,,,1.14
6d3c1d93-8614-4dc1-bc1d-8b75635fbb63,Ibrahim Usman,https://play-lh.googleusercontent.com/a/ACg8ocKnu5IWeat0YgSPUGm8QzDxEenIPeqq4kgX2Kp-Qd_2r0QYDQ=mo,Good,5,0,1.14,2025-01-19 23:56:16,,,1.14
f829cbd0-45fc-4284-87f6-4aea9a5cff44,Ayub abdulkadir,https://play-lh.googleusercontent.com/a-/ALV-UjVe3yJiArGnFJWkGem8U2u2H5v-GJU4W0rJRf-UvARBuwLgUPY,Masha allah,5,0,1.14,2025-01-19 20:43:07,,,1.14
b9050e09-8c8a-441c-b4c6-4ad1af61abc6,Nata'ala Sa'id,https://play-lh.googleusercontent.com/a-/ALV-UjUScvofgtBSMcioe3iAnM8gs5RoJiFaDdw34eVZa_640i1MQxhWxQ,Very educative app,5,1,1.14,2025-01-19 11:12:08,,,1.14
ef65aef4-e64d-4e73-b9b2-ca08fddef921,Kaliiffaa Abnegaa,https://play-lh.googleusercontent.com/a-/ALV-UjUQSP7IBvZ93Z2T4x7dJTJjEhqSEumkiSsSedRdqI4ZOof0AsgZ,Mashallah,5,0,1.14,2025-01-19 08:34:08,,,1.14
a6233a71-7148-4dc8-bc61-d1f116b39539,Pharma Bridge,https://play-lh.googleusercontent.com/a-/ALV-UjXA_qH_nqNt5xglgjIS3mgfzxRW4AwZyAQLs0v30cVhA3EJL3Lu,i love this appp,5,0,1.14,2025-01-17 16:40:06,,,1.14
0e0c6310-30b9-4b05-9380-25fdd9cbecdf,KAILE AHMAD ALIYU,https://play-lh.googleusercontent.com/a/ACg8ocJ-wBSaMsn1h_fnQBEO1e_Gk8QIYXbzx3r0eskcAnqGJcBK1w=mo,I like using the app because is very educative,5,0,1.14,2025-01-17 15:49:47,,,1.14
c2c602cd-f4cb-4611-acb8-4fb3ea9a9550,Idrisa Mohammed,https://play-lh.googleusercontent.com/a/ACg8ocJVC7fW-1WPRBh6DFYKlQge3pGknWZ2l1GPPWeffRtaQiTWen8=mo,"Masha Allah. Very nice app,",5,0,1.14,2025-01-17 10:41:02,,,1.14
ded4ba42-d00b-45e4-b2f6-64af36d4f45d,Muhammadrabiu Usman,https://play-lh.googleusercontent.com/a/ACg8ocKBcf-B0sRMTl9e0REx7MyDHcM3BQaCj_1fbDsjXqYTT0jH9w=mo,Excellent,5,0,1.14,2025-01-16 21:18:02,,,1.14
d7928d24-3e49-44c8-a4e9-dd92f1655d19,Ssendagire Mubz2,https://play-lh.googleusercontent.com/a-/ALV-UjUT3CHf36-YDh85tbgYSt8CmptxZ8sYOnCpfxc6A0UfPZ5dSxJW,Moo good,5,0,1.14,2025-01-16 19:19:34,,,1.14
8a016c6b-8a4f-4ece-968f-1f5e30687582,Ali Mirza,https://play-lh.googleusercontent.com/a-/ALV-UjVat9zUjSBvJh2iSc7IkZ-uNdH0d1SYwhzMB1Kwenp6w7b-WebL,nice app,5,0,1.14,2025-01-16 14:27:15,,,1.14
5dd8e14c-9179-4429-b2a5-5e0dbb054ea5,saleh Umar,https://play-lh.googleusercontent.com/a-/ALV-UjXKQSN34XF9tsJfBl2ZTfmxJS2GAMDpUTUe-hVjHsQeaN2s7bhr,Very educative and highly recommended I'm from Bauchi state Nigeria.. it's working keep up may almighty Allah grant and reward you in abundance,5,3,1.14,2025-01-16 11:49:24,,,1.14
3f99a07b-4f2f-42fa-b2f8-c828f38410d8,Ojuka Abdullah,https://play-lh.googleusercontent.com/a-/ALV-UjUoRPFqTJQcqZdYqCXwBn1--3HpFKkWVxTWP8SUF9SxoBNJKwBj,"Well, it's so amazing",5,0,1.14,2025-01-16 10:29:56,,,1.14
f20d666a-1a44-47e9-a73d-6032dc0cdf31,Yusuf Ibrahim,https://play-lh.googleusercontent.com/a-/ALV-UjWchMn3_nw4rpMbKh6zZJic-oZqNEkdh8XtV3HyXVi9HQBAOsg,"Great app, easy to understand",5,2,1.14,2025-01-15 20:38:38,,,1.14
f311d4cb-b1e0-46a1-9361-ffd3f16b3d29,Salihu Muhammad manga,https://play-lh.googleusercontent.com/a-/ALV-UjWWkFzbpLnwt1Cbz-k1SK1WNSrA9P1B5z6dJwL6rb685QFV7iSb,It's good,4,0,1.14,2025-01-15 17:43:57,,,1.14
9497e645-7897-4330-af16-a5930ff939bc,Saith Hamza,https://play-lh.googleusercontent.com/a/ACg8ocLxid-jLuXkG4xUxfIFTEMDG6Vq9yguw_Ys0QG3qQ-Z7zftJw=mo,Good app,5,0,1.14,2025-01-15 09:08:28,,,1.14
f89ce4f2-949b-4f87-b043-7854bf1bc997,Isah Sani,https://play-lh.googleusercontent.com/a-/ALV-UjV2WT3rZr2UOkqLoXF4GBPQLPy7H5Utr1FZlgykL-hhYhZ64uQ,Very good app,5,0,1.14,2025-01-14 13:51:17,,,1.14
5b92e29b-ee5a-4c8f-bd1b-bc5b99aa7fdb,Faida Abdul akeem,https://play-lh.googleusercontent.com/a/ACg8ocJV7q3Kgl9H8mkqokHOvGf2ovprrA5YvjU_1vj0c_MN-8Hxjw=mo,"Allahuma Barik fihi wa alayk. I just downloaded it now,and mashAllah I love what I'm seeing may Allah increase you in knowledge.",5,3,1.14,2025-01-14 12:17:19,,,1.14
631f16ae-9157-4275-90ac-f1e2bb21f440,Maryam Ijaz,https://play-lh.googleusercontent.com/a/ACg8ocKOeiuGTcW4tLg5SUPSg_Wy8LAS-wUQgICHGzNqDQ4qEYLYow=mo,Best app ever,5,0,1.14,2025-01-12 21:56:35,,,1.14
b49d7206-48bc-4894-97dc-7d8e4f5b7652,Abdullahi J Abdullahi,https://play-lh.googleusercontent.com/a-/ALV-UjW9rhZCXxnECNEF3KUAXxiTN4ufMNb5q9PmzcTqGFD95xwGkz0,Very sweet and easy-to-use,3,5,1.14,2025-01-12 21:36:18,"Thank you for your kind words! We’re happy you love the app. If you’re enjoying it, we’d truly appreciate your 5-star support. Jazak Allah Khair",2025-06-25 13:46:44,1.14
9a4f2907-51ed-49b8-8b91-d2c2f150388c,Md Naeem Hasan,https://play-lh.googleusercontent.com/a-/ALV-UjWAuOGFi2qZljdxygpUYEpAWxo5TgtPWrnmo9XauDEgBc3cIlHo,🌹,5,0,,2025-01-11 23:52:50,,,
4df8401b-31e7-473f-b6cf-f6f20cee7a17,SUHEL GHATKAI,https://play-lh.googleusercontent.com/a-/ALV-UjW2be8Bf4HlPs4I86eODkpPBPIy3E0yj1H4sfF40e87dmX3Bikv,Awesome app,5,0,1.14,2025-01-11 13:17:58,Salam! Thank you so much for your 5-star rating! Your support means a lot to us. We will continue improving the app to serve you better. Jazak Allah Khair!,2025-03-09 02:19:17,1.14
b2321073-2774-424b-b5ec-f57f8726309a,shafa-at Husain,https://play-lh.googleusercontent.com/a/ACg8ocLA1bTGvOU7DKYPLDxzK0YkpZ5TDiHiiglwzgaqP0Aj7NODpA=mo,Excellent 👌,5,0,1.14,2025-01-10 20:00:13,,,1.14
e7566103-0327-4c1c-ac03-7930405aa3c7,Ibrahim Bala Mohammed,https://play-lh.googleusercontent.com/a-/ALV-UjUROH6Utd8GFn7-rsVwZQkBbILne55gYnUrfPxy-sxYD39ZCKJN,Excellent,5,0,1.14,2025-01-10 12:09:04,,,1.14
30ac78d5-cc72-43b9-ad47-f1a1c14e33f5,Med Bin Sulaimah,https://play-lh.googleusercontent.com/a-/ALV-UjXqFcczZELk98OmUmlRr-bnWEWUtYou_RvxGKNynILcJZh8Mgx6,So good for my desires,5,0,1.14,2025-01-09 16:30:15,,,1.14
18a38c73-574e-4314-9191-dd1620af8cc6,Babangwagwa Ibrahim,https://play-lh.googleusercontent.com/a/ACg8ocKoEeNr3ztfbzTBybWBROKpQ0keC6h0gZqOfoJ-qla8Vh5cag=mo,Alhamdulillah for finding this master piece for Deen inclination to my creator Allah jazaakumullah bi Khair you are doing a great job 👍,5,2,1.14,2025-01-09 11:35:54,,,1.14
127d26c5-f0d2-4436-a2b7-ab4fec9e65d5,Hafsat khamil,https://play-lh.googleusercontent.com/a/ACg8ocL8_KEjhYbRy2YaCQ3FbDacCuqdJdAJ-j2UG0DVgSJoQXJNpw=mo,It help me out,5,0,1.14,2025-01-09 01:33:00,,,1.14
c4a1f471-eedf-4f3e-af50-e82fb055fc9c,Fatima Abubakar Jawara,https://play-lh.googleusercontent.com/a/ACg8ocJXOtenHRs1ihl6g7FPJAiH0aihLSdSPkHcSrEoJ--0VvYbdQ=mo,Masha Allah... The app is good,1,0,1.14,2025-01-08 22:03:44,"Thank you for your feedback! Since you liked the app, please give us a 5-star rating — it means a lot to us!
",2025-06-25 12:54:44,1.14
2ff00f13-ec5f-4e5f-818d-08f1516237ca,Lehah G. Akbar,https://play-lh.googleusercontent.com/a-/ALV-UjUgEhVJin6f0ZdNLjk2AIa94OgrTUJARM-g5dPBL3nFOhBfG4E,Good,5,0,,2025-01-08 20:24:25,,,
6039f312-4892-47a8-8172-45b213f268ac,Auwal Adamu,https://play-lh.googleusercontent.com/a/ACg8ocI-IGjQs4GtxXRmxJixc4VrXtQSo7HDzCYo1hg3uxT_Ug8lYhQ=mo,Good,5,0,1.14,2025-01-08 15:25:25,,,1.14
c7d10953-837a-4ed8-b3fb-11f85006a6c1,Naseem Ahmad,https://play-lh.googleusercontent.com/a/ACg8ocJGrkAEI69URoE4s3GZL4rDSG4047zYNrVttYHstfEM1OS5Jg=mo,I LOVE MY app,5,0,1.14,2025-01-08 11:34:05,,,1.14
9fd7b5ac-1b7f-494d-bdaa-56fbdaf16be4,Abdulrahman Abdulaziz,https://play-lh.googleusercontent.com/a/ACg8ocKauY73-oqvYeOzAkEqhsv8Qu7qR-jmygW9u_L8FZuLtmI6QA=mo,Well for a Muslim,1,0,1.14,2025-01-07 20:20:56,"Thank you for your feedback! Since you liked the app, please give us a 5-star rating — it means a lot to us!",2025-06-25 12:54:54,1.14
2900f828-581b-4b27-a3aa-04a9f311c145,Abdussalam Tukur,https://play-lh.googleusercontent.com/a-/ALV-UjWSBO-XKGBJafOB-EgH5KTFX4s6d21LdZ1rlhpZSLylw3yiSig,Excellent.,5,0,1.14,2025-01-07 15:20:25,,,1.14
4edccf95-41d1-4669-9d6f-2ea2b2055cd0,Sakina Shari,https://play-lh.googleusercontent.com/a-/ALV-UjXIfwnUY1s-xVLbdbOQSFez6H-OFOIz13PUoFQu8BOHkfN_EuoZ,Excellent and very simple contents. I wish morning and evening adhkar folder was added.,5,33,1.14,2025-01-07 07:18:03,,,1.14
d4b656cd-c4a3-4a1c-bf14-5d10455b774e,Mahmudur Rahman,https://play-lh.googleusercontent.com/a-/ALV-UjXzKSlhd6EXdo_G0VVDmGMYtbhJz46ygNGQZhZ7QuebCtFfgow,Good,5,0,1.14,2025-01-05 23:32:51,,,1.14
3d2308dd-cc2a-449c-857c-8bb150fb1131,Don-Ayinde Oluwanishola,https://play-lh.googleusercontent.com/a-/ALV-UjWlK4ANuRZ5Qmsou2JSwdTSuwd_TBjbZXy33tlixkHPChVsYN4,💓,5,0,1.14,2025-01-05 18:48:39,,,1.14
4cd2eba9-b830-4272-ae96-bf46b3691651,Nura Aliyu,https://play-lh.googleusercontent.com/a-/ALV-UjW4Uq82l_poTZuINxFURxM6sf7AHJRLYo9RweAEWwn6TQrC0kki,Masha Allahu.....a very rewarding app.,5,0,1.14,2025-01-05 15:47:51,,,1.14
038231ee-d8bb-4cef-8aad-39ed13c1cb45,saheed segun,https://play-lh.googleusercontent.com/a-/ALV-UjVgZ1SR_W28CwMj0LmpsUaihuB3VXQsG6Z-bXJ0HdL1hJXbrGni,Awesome and good,5,0,,2025-01-05 12:06:01,,,
4d10db7f-b50c-447a-92e2-954c8469f22b,Maymuna Hamman,https://play-lh.googleusercontent.com/a/ACg8ocLc6Pf6l_LpGskXKUnGTt4t0pxksnEEijvgkZRIlF-aE93gFA=mo,First time,5,0,1.14,2025-01-04 19:27:55,,,1.14
7bfde446-f4df-4b1e-8ebe-3a3f73d88e11,Aisha Salim,https://play-lh.googleusercontent.com/a-/ALV-UjWwpyJdi--0JIoZvSCad-RJtbimQzO-fsLh0wB-yDyK5ue6P_00,I am very grateful for this app I appreciate it so much,5,1,1.14,2025-01-04 19:03:26,,,1.14
cc4ee676-c60f-45bd-ba9d-23355be204a2,Abdulraheem Dupe,https://play-lh.googleusercontent.com/a-/ALV-UjWJ05h7ZIYC7WRwO_i2Mi-6PFuPLoxzHfbStupUHY0W7ZB9-Ipp_A,So lovely,4,0,1.14,2025-01-04 11:01:10,,,1.14
8271dcc5-31ea-4a42-8188-b67556d8bae1,Yusuf Muhd Yelwa,https://play-lh.googleusercontent.com/a-/ALV-UjUFC5kAd-ay5yOGbq5UJl_GsGM7vfQ9wKEpMypGMJnJ_639glMN,I love this application,5,0,1.14,2025-01-04 03:02:28,,,1.14
275eaab9-a0f6-4362-8294-384c6a21d386,Ahmed Sham,https://play-lh.googleusercontent.com/a/ACg8ocIrsA1xKiWqrWjt9zoyCJarh50TtFmjyTZo35zCsJiwxdzYyQ=mo,The best app jzkl,5,0,1.14,2025-01-04 02:35:46,,,1.14
104cea8b-3618-45a6-820c-06e6b6d7fcb5,Kareem Saheed,https://play-lh.googleusercontent.com/a/ACg8ocIxf3SQzbC96-z-UcPtqOBLC35pjvpVx60gR8P3KdvUbXaznw=mo,Very Good app,5,0,1.14,2025-01-03 23:16:53,,,1.14
3c2f5e5d-9f0c-4426-be16-a3ace265d5aa,Saif Sheikh. i love this serial,https://play-lh.googleusercontent.com/a-/ALV-UjWjpbFiYSdQspCtHRjR0ARsjlgMXDsIXZA6OdCoaDVJYxz0VVE,Excellence,5,0,1.14,2025-01-03 19:18:41,,,1.14
63e971a6-e136-4514-bfc8-7b7c38d67bc8,Sk Bhai,https://play-lh.googleusercontent.com/a/ACg8ocL3VeiNFD-Fa_h6N_ZUXgpO-hobWrMF14aVm2EARRHuW3ydug=mo,It's very useful for Muslims if he busy in work and then app alarm on I love ❤️ this app,5,26,1.14,2025-01-03 16:28:55,,,1.14
ea5e89ca-d964-4f02-b84c-0abd39c2b55b,Kaabe Abdu,https://play-lh.googleusercontent.com/a/ACg8ocJMq6iGdECS3EsUXKdqqaF3zt7s1hb-4bGBkiW1VEAHCcEz2Q=mo,Baarakallahu fiikum for the app also do for us one for the kids a like it so much,5,1,,2025-01-03 11:14:48,,,
d413416d-8582-405f-9135-d51227b3155c,Naveedpanhyar Naveedpanhyar,https://play-lh.googleusercontent.com/a-/ALV-UjWE4iFbrjZh9qH6cxnFyiYWoaxbaeBH8P1jMAEEwh-Wd2ArVgc4,Most knowledgeable app,5,0,1.14,2025-01-03 10:38:42,,,1.14
76ba6904-739a-4c3c-8bc1-c90e7665f4e9,Abdilahi Yare,https://play-lh.googleusercontent.com/a/ACg8ocIfkk9kRCEZdxcnPxpublFo1fxJalt8ijUCw8zl1pRlbOzHbZA=mo,Useful app,5,0,1.14,2025-01-03 03:59:42,,,1.14
87a72a93-c376-4189-85a8-e6bfc08ae376,Is'haq Ibrahim,https://play-lh.googleusercontent.com/a-/ALV-UjVqAgFBkkSoGm2BhcI9OV2WrBTEpMvS8hRETUhYE0eKE81zfUM,It's fantastic,5,0,1.14,2025-01-03 01:06:14,,,1.14
e5700514-0ce0-4c70-9fb5-4fe6679e6437,Sofiat Balogun,https://play-lh.googleusercontent.com/a/ACg8ocL3Yrg76hSdJhZ73KSM-Ph_Sn3IqdZq8vQOKP8WUFCALIjcfe4=mo,Extraordinary,5,0,,2025-01-03 00:54:58,,,
78033058-5919-419e-b624-8f5e5da6d43c,Nawaz wazir,https://play-lh.googleusercontent.com/a-/ALV-UjVQWhsatn_BPKwBffLuO-1UKjt6RD0y2CU6QsypMZVgHJXNMTw,Mashallah,5,0,1.14,2025-01-02 01:07:46,,,1.14
2e8116a9-2c7b-4203-8914-eedcdbecb0ee,AGBAJE HABIBAT,https://play-lh.googleusercontent.com/a/ACg8ocKhonmJGGaFCTFAWomc-PEuBcFhuC8Za650Oii1zbhzFcWjrw=mo,"It's a very good app ,I love it.",5,0,1.14,2025-01-01 14:44:37,,,1.14
48a3f9f4-cf0e-4f16-b671-0bff27e0435a,Kazeem Salam,https://play-lh.googleusercontent.com/a-/ALV-UjVAgC-3Mc1vnrRlBGnAt4KQ7ja2tfQcUvYHfpd86T_NaJZcPvg,Very useful,5,0,1.14,2025-01-01 12:19:27,,,1.14
2fa15edf-c422-4dfd-a8ab-c63369059cc6,zarami mohammed,https://play-lh.googleusercontent.com/a-/ALV-UjXbTN4mGkKjt1FDRCuhMk2eJPeodr9CHT-_qajZ1KhxZuLGEIUT,Best app,5,0,1.14,2025-01-01 10:53:32,,,1.14
7cf1b626-9989-46c1-8a30-f9eda81997fc,Rukia Haji,https://play-lh.googleusercontent.com/a/ACg8ocLhjubqtRs-eKtMLn0dTifZBBOj5Vzmcg5qTgTtVzHM0Qa7mQ=mo,Very good,5,0,1.14,2024-12-31 21:52:11,,,1.14
72a8efd4-9959-4492-919c-4e19fad0df81,Abdelmonem Salman,https://play-lh.googleusercontent.com/a-/ALV-UjVy_X_iE7wnOr6h588gLhxYJ_nOddzb2oHm4CWGVW6IWdfI0Do,Pretty good,5,0,1.14,2024-12-31 19:51:25,,,1.14
46515814-7c2c-4792-9ef9-7351dea0dcfb,Maryameen Abdullahi,https://play-lh.googleusercontent.com/a/ACg8ocLPH_oY4SXwIG6o3uYCVSo0XupAm6bdVp2YLEeuSv4udWfHcQ=mo,Excellent,5,0,1.14,2024-12-30 13:40:18,,,1.14
6ee2c7f6-1c26-4274-a2cb-46cf069ff6b6,MIMO EXCLUSIVE,https://play-lh.googleusercontent.com/a-/ALV-UjXZ4S3w-0ScYddkz1hgWU96PgRcpwU9vqH9-cRRMyjWIh9pABY,Good 👍,5,0,1.14,2024-12-29 18:05:57,,,1.14
9052ba01-4198-4a58-b73d-609af1645c89,Sara Amini,https://play-lh.googleusercontent.com/a/ACg8ocLDL6UaAVnPrtpc-UoPMlw3zDSEV1Cbx29o0jKTw3AaBtNgVg=mo,"The hell with this app, so much advertisement!!!",1,2,1.14,2024-12-29 10:14:18,"We’re sorry for the inconvenience caused by too many ads. Your feedback is important to us, and In shaa Allah, we will work to reduce them and improve the user experience.",2025-06-25 13:11:16,1.14
f1e2bd21-dd4e-4110-bbd6-4284ccf8586d,Rukia Khamis,https://play-lh.googleusercontent.com/a-/ALV-UjU2aMgqd8t3lvF0aepddfeZKYHScmjdBI15gvKpSvaHAciVZMQn,Good,5,0,,2024-12-28 18:43:46,,,
bc221c8f-3478-443c-96cf-da3dd4451c55,Mwantumu Mohamed,https://play-lh.googleusercontent.com/a-/ALV-UjWauHMDzPB-oXz0P7IIPO06MOA_dR4GUXjaCfvYWtGMr-6VcfDL,Proud being muslim,4,3,1.14,2024-12-27 23:23:44,,,1.14
97a301b0-4c4a-40b5-8c77-f1ff248bd416,Saheed Ogunsiji,https://play-lh.googleusercontent.com/a-/ALV-UjVQ_D8YJbNMmtV421GxUTviwpHXl_9R9LrJkCt7LmwEOglki6bT,Awesome,5,0,1.14,2024-12-27 22:51:06,,,1.14
9041c11e-65e0-4c57-ad1b-8201a4932293,Affsana Tania,https://play-lh.googleusercontent.com/a/ACg8ocL9TOCvaiQdSa0NC_ANXktv19XcWju945EmKgdVE7Xa33y-BQ=mo,Good app,5,0,1.14,2024-12-26 23:59:12,,,1.14
7ec0755b-fc3c-4a04-b5ea-a807e1852c89,chmch Kazam,https://play-lh.googleusercontent.com/a/ACg8ocJNGK3AfYl8KVXLnbC0c2BnDwa-2E204grx9dVQXLTY93lgVQ=mo,Good,5,0,1.14,2024-12-26 05:22:11,,,1.14
aaeedb94-7fe6-47f2-91e4-3d2d657f3674,Md Golam Rabby,https://play-lh.googleusercontent.com/a-/ALV-UjW_S_Ed60DfKBtuGLKY3bcJb9F5I-1BgPuoFfIVp-uJJciW2Eg,This is very very bad app.l am not liked.,1,0,1.14,2024-12-25 22:42:23,"Thank you for your feedback. Could you please tell us what issue you faced? Your feedback will help us fix it quickly, In shaa Allah.
",2025-06-25 13:11:46,1.14
81c8cf75-28be-4894-b8f5-9acb7ac359ee,Kasasira James,https://play-lh.googleusercontent.com/a/ACg8ocKHNCnD1_zO87-wqsm9geC4CxZwEwH3VabseAeDQ3MJPl7q6A=mo,Very good,5,0,1.14,2024-12-25 19:28:18,,,1.14
8a34ef1b-5393-4237-806b-8a907b4d6020,Rashida Umar,https://play-lh.googleusercontent.com/a/ACg8ocLDnhykODw17u5eZGW7AeX5NwlXX5xPxvr1F5T1mUHEfw8igw=mo,Masha Allah for this App,5,0,1.14,2024-12-25 05:19:23,,,1.14
b0e16e98-9623-491b-b896-e9128ced2347,Maryam Ladan,https://play-lh.googleusercontent.com/a/ACg8ocJ2c1G7g68RzPtngOUJSND2KJV2KEqAaccZOFxxccGwDJ4gEg=mo,Bestest among the best👌,5,0,1.14,2024-12-24 00:26:20,,,1.14
3cd8ba5b-085d-4374-b6be-d78cfba3196b,Kehinde,https://play-lh.googleusercontent.com/a/ACg8ocKFavh0EyTEP_IFTDZrYdDionOn1KbRfB19R0qTdzWatrylyg=mo,Very good app,5,0,1.14,2024-12-23 23:38:12,,,1.14
ceadde4d-07b7-4f79-95e2-c18b7cf1d98c,Adebayo Ridwan,https://play-lh.googleusercontent.com/a/ACg8ocKxJWLHC2Ac0LAw9JzR7OedvlluNp17JDUv9e_D6fOa85GHNg=mo,Good,5,0,1.14,2024-12-23 22:10:42,,,1.14
b52916b4-c133-4592-8d36-cd00fd4286fd,Rahima Sathy,https://play-lh.googleusercontent.com/a/ACg8ocI9LZxljiPp8fP6qAi2PR5UBHvvU7YaihUed8UlN-f89Nf9Bw=mo,Good,5,0,1.14,2024-12-23 10:13:20,,,1.14
a9ba2393-03b9-4ecb-a680-cf31cc72fd77,SK Rehan,https://play-lh.googleusercontent.com/a-/ALV-UjUf58iNpJaoZckk1H6MEHaUS8Dr_uQO3xGq1I9PFBZiJIbsw2gb,Lovely aap,5,0,1.14,2024-12-23 02:20:16,,,1.14
0f3a2497-915c-4bed-8aa4-62328f38c635,SALIHU ALIYU,https://play-lh.googleusercontent.com/a-/ALV-UjXMSQ1B2VKxD4rnF0n_9F6_COnbHqbQH5DXO-KD7KHBB7jMzT5u,very nice,5,0,1.14,2024-12-23 01:53:38,,,1.14
ec10ad26-2606-485f-91b7-44c18d2c14aa,Mymuna Rahman,https://play-lh.googleusercontent.com/a/ACg8ocIuD9-o5lCHZSz6zEpbe3X9Uf1vAmj8HUlP9B7TUKJQzS-p0siU=mo,Ok,4,0,,2024-12-22 10:30:16,,,
fff272e0-4935-4e94-be0e-761a333fe8ea,moqqiyy abdulmuiz,https://play-lh.googleusercontent.com/a/ACg8ocKKYaS4haB_zhyHU7HY0zFUc30-HmNyUvi4-696yFOr7iJU4w=mo,ماشالله,5,0,1.14,2024-12-22 00:12:37,,,1.14
5d494ec0-85cd-4455-863d-dbee53509563,MUHAMMAD SANI,https://play-lh.googleusercontent.com/a/ACg8ocLyVdNZBqdZB54dqJrCfwdYX4KYIbYweTcKVPW-PCm4amlV8w=mo,It's helpful,1,0,1.14,2024-12-21 10:57:59,"Thank you for your feedback! Since you liked the app, please give us a 5-star rating — it means a lot to us!
",2025-06-25 12:55:19,1.14
10b97773-81a8-4bd2-b92a-d9605ab2f154,Yusuf Rabiu,https://play-lh.googleusercontent.com/a/ACg8ocKDEpf_pcJKj-L8n5Cu7oVR19ePLhbISLRCBL5rmRpywSLiRg=mo,Is the emfort of islam,5,0,1.14,2024-12-21 00:01:47,,,1.14
e50dccc6-f590-45aa-8d07-769b9f54412f,Habeebah Adejoke,https://play-lh.googleusercontent.com/a/ACg8ocKCyH9o7ZfjqhwHqqSEzcRtSQJpY6KzC3-SztpzgE8Xp0CTjQ=mo,I love muslim muna,5,0,1.14,2024-12-20 02:40:14,,,1.14
60a3dea5-0be8-4a46-aca3-22832482c9c5,Jony Khan,https://play-lh.googleusercontent.com/a-/ALV-UjWl8hDGrGxYqxRFwtDBdsDR5PrCeljO-Z3hebo4phsMOyvGK4zn,Every one helpful this app thank you,5,0,1.14,2024-12-19 02:56:13,,,1.14
3153d558-b754-4d2b-ab1c-d026438f1c71,mohammed “Owiti”,https://play-lh.googleusercontent.com/a-/ALV-UjViPvXq0GZK3K5rP2FfAZ_1rdzZJy2LuDk22MpP3Ug4ldUdKpMC,My Allah reward you for your great good appreciate this app a lot,5,2,1.14,2024-12-18 22:44:22,,,1.14
ee92ac72-bcd3-4026-8565-7777f081ca9a,The leader of the wolves,https://play-lh.googleusercontent.com/a/ACg8ocLt6-APRBtFFjSHEBMpSbPKiuCEiUoFVMKJ2EtT2OSMvd7Igw=mo,Good 👍🏼,5,0,1.14,2024-12-18 21:55:01,,,1.14
3a38a067-3f27-49e4-9a68-133758df6a61,S Kaura,https://play-lh.googleusercontent.com/a-/ALV-UjXbZpOJfqZCfhZzP1xrYMWa2Ga7zhHHz6fxkHN5K_iCt-hsuOk,Very nice,5,0,1.14,2024-12-18 21:20:22,,,1.14
6e164530-acfd-478d-bd10-32443f4d9037,Amarius “Quany” LaRoux IV,https://play-lh.googleusercontent.com/a-/ALV-UjWK6LX3XCFrP1jFt7k649VyHxiqmgEZSpe8DD8y_gVWMi86naWMfA,"It keeps me aware of my salats, I love it...",5,2,1.14,2024-12-18 05:58:23,Salam! Thank you so much for your 5-star rating! Your support means a lot to us. We will continue improving the app to serve you better. Jazak Allah Khair!,2025-03-09 02:19:31,1.14
5aeeb0de-2275-451f-9985-4a175673f410,tajonera gigi,https://play-lh.googleusercontent.com/a/ACg8ocLl6ejIx-0jC9XQAu2bUkfmle6p48eTQO-XzY8qXUjTQ5HXPA=mo,This apps is very helpful for me as a revert muslimah thanks much..,5,3,1.14,2024-12-16 07:55:32,,,1.14
67da7265-9e64-4b63-8fcd-344e6e9b5c76,Fausat Alabi,https://play-lh.googleusercontent.com/a/ACg8ocLasDqHANg8lBqC808gLKtvaNZifqebT0HSi4vgBBQsgUYRig=mo,"I like the app it's very useful it has helped me to learn my quran easily, and I've been able to know the meaning of the quran",5,0,,2024-12-16 01:18:56,,,
313edf3e-0d16-45b2-a0d5-978c836f04bf,shinkwap mazawaje,https://play-lh.googleusercontent.com/a-/ALV-UjXWKvkqs1Y_8Y4yyfWS1QPjNaitc1G3MviMV5o8ijZPTjmDPyaL,Alhamdulillah,4,0,1.14,2024-12-15 23:40:27,,,1.14
bb3be774-2c51-4955-92d8-835aff079e86,suleman abbakar,https://play-lh.googleusercontent.com/a-/ALV-UjXeXl08jzD6dqZHVMnNjXKJTn3zasvP_WRDLe80Mx2kzK_dYFg,Thanks for your help,5,0,,2024-12-15 05:34:02,,,
fba7f6b8-fc40-42e4-a3d3-777974938e63,Haruna Musa,https://play-lh.googleusercontent.com/a-/ALV-UjUgBRIlwjhiWRuY6vdF8Aa87TWm11zZEHu6KiPmIn7tRGVHqvyB,Excellent,4,0,1.14,2024-12-14 21:51:42,,,1.14
3610cf09-2322-456a-b65d-83c3f0ec3c8d,Muhammad Al-ameen Sani,https://play-lh.googleusercontent.com/a-/ALV-UjVcQGyVM8uieUID_lyUrVomwIcr3-mDftuuJdNb6pKeIFaik9A,You are the best you have a lot of function,5,0,1.14,2024-12-14 20:24:26,,,1.14
da662d96-3c18-4fbb-8fe7-1125c2cda705,Abdul rehman Khichi,https://play-lh.googleusercontent.com/a/ACg8ocJ7Q3WsEF7bNMjCpABnNibrcGRSQGpCVnKHE4OgdFF_7_NjOA=mo,I love this app 💗❤️,5,0,1.14,2024-12-14 17:16:56,,,1.14
4d20d248-fcd7-4b35-bd2c-f0f059d70972,ABUBAKAR NASEER,https://play-lh.googleusercontent.com/a/ACg8ocKf9vf0rN0ojoTj-PQfF09AK_c50P9Vw4mBs_ah0QNNJCHSVg=mo,VERY NICE APPLICATION,5,0,1.14,2024-12-14 14:54:24,,,1.14
01bb87a8-d3ea-4ce5-b3da-123a348b8217,Akter Hossain,https://play-lh.googleusercontent.com/a-/ALV-UjW_5toYwR2t90bZxoIIqOrDmBlcHMThx4Vn-w7jMsA7FSk2Wz8,Good app,5,0,1.14,2024-12-12 20:06:40,,,1.14
46ef6c38-b82e-49eb-aa1e-b1da1bd44f46,Rosemary Birungi,https://play-lh.googleusercontent.com/a/ACg8ocIN8vPAQfT8BVWuswbTVhXIdqP_p8YWtId9zQsFKNGZgjLLaw=mo,Very good app,5,0,1.14,2024-12-11 22:29:53,,,1.14
3f28f883-fbda-4815-80a2-945c93b9ef4c,fatima umar,https://play-lh.googleusercontent.com/a/ACg8ocIV7ksbjwH2s3lOCNarfbNVtDxtVmH2F90TXxoheNq1OvRuOA=mo,Wonderful app,5,0,1.14,2024-12-10 23:21:04,,,1.14
5a25d1eb-35ac-43da-a885-41cd159eeef3,Shikh Imran,https://play-lh.googleusercontent.com/a-/ALV-UjUxEHJlxTgF2Q5rTX_V7k5iKgCwcoJY0UtCFErKej4TCTfWg5wN,Best prayery,5,0,,2024-12-09 10:54:07,,,
d661d259-2594-4a4c-a049-c399de3dd46f,Khalid Usman,https://play-lh.googleusercontent.com/a-/ALV-UjW9pe40xPVhBIJEWphz4LH1b4SW2tK8P2C3H6d5aWlyqQ_t4UHJ,Masha Allah,5,0,1.14,2024-12-08 01:22:04,,,1.14
6130d83e-5ca1-4606-b8fe-1a3704011128,Abdulkasim Mohammed,https://play-lh.googleusercontent.com/a-/ALV-UjUEPYoFmys7no0pboJU1vSaS9lb0l7UkpS3a3HftagjGwcZqyAE,Very good maasha Allah,5,0,1.14,2024-12-08 01:21:36,,,1.14
77190317-1a8f-443c-bbed-aad845c71d21,Garba Hassan Katuzu,https://play-lh.googleusercontent.com/a/ACg8ocKXYbf4lWnIZgDaz5j5PkEozvdo7PfNgCOMaT9ptn-wr_b_iQ=mo,I found the application more useful than any application of it kind. Because it consist of all books that I require,5,41,1.14,2024-12-07 01:16:26,,,1.14
5bb4c44d-11dc-4ac1-8dcd-20db73bafe6a,Iman Lefkir,https://play-lh.googleusercontent.com/a/ACg8ocKvd6ymMrSw5rbQRXaFGEFIWuelsrPd4ec1K8JU-XLgI5Vegg=mo,جميل جدا,5,3,1.14,2024-12-06 22:54:29,,,1.14
df65100a-f3e0-4294-81bf-5cd5da855adc,Garba Hamza Danshagamu,https://play-lh.googleusercontent.com/a-/ALV-UjU3x-fkl7q89K3wHkAg1WduMHASdK6dljWdIhdAWQpCIRvCf4G1,Very good and easy to navigate,5,5,1.14,2024-12-06 19:16:07,,,1.14
83182c62-62c7-45e7-ad06-5e4e763d8a73,Zayyanu Haruna,https://play-lh.googleusercontent.com/a-/ALV-UjX9QT143aPCKmeRh-uNL0Ni9__BljV4bdK5SqqggUP-h_-J_rXaqw,very useful and impactful app,5,2,1.14,2024-12-06 01:00:49,,,1.14
86217837-9985-4dfa-beca-49bb08ec1b0a,rayane darkness,https://play-lh.googleusercontent.com/a-/ALV-UjUwe69yB1oJyINtpFUdAbDkxEBcx_Jnr0sicbpn6un-wYWdIlU,تطبيق صحيح التوقيت انصح به,5,0,1.14,2024-12-03 21:59:57,,,1.14
0bdcee67-2a4d-4e99-93ee-906ede240379,Garba Kaura.,https://play-lh.googleusercontent.com/a/ACg8ocIPF-313lW3nwgB_pBZwTGw6BdGeRg9LEB4hbuO1YSiZpV8Fw=mo,"Very useful tool for any Muslim, Jazakallahu khairan",5,1,1.14,2024-12-03 10:31:32,,,1.14
749b0c8d-74d9-41bd-95e0-b7be4d624965,Sani mustapha,https://play-lh.googleusercontent.com/a-/ALV-UjUL9ZQiXIiQEnFF0OQZeo9TsViuymX8TAYYsa3qZ9LBLcn2yHGf,Much love beautiful 🥰,5,0,1.14,2024-12-02 22:20:17,,,1.14
c0f9bb5d-ee67-4db8-b96a-7f6ae8f5dcbe,Nukish,https://play-lh.googleusercontent.com/a-/ALV-UjWjuGXEnLc_T7XtGAtd0wgGJhpmeTq9e6u2IQ2QP2-HwBrYXPl4,Mashaa Allah massive,4,0,1.14,2024-12-01 00:45:19,,,1.14
9b538789-2242-46e1-b956-ef672b70fcac,Ahmed Ahmed,https://play-lh.googleusercontent.com/a/ACg8ocJAOXrULOhRkjnTUA9tjTU3YmaIc-vA3xXEdpgx0sHG1rjH1A=mo,Good 👍 app,5,0,1.14,2024-11-30 19:02:12,,,1.14
5c54c9e3-e97e-428e-b1f9-c23bdd5df8de,Shaheem Ishamu,https://play-lh.googleusercontent.com/a/ACg8ocITrmDFp12eWLuirNRwj1b1-C4L50MjFoYqkFMRGkfIO7RF4Q=mo,It's a good app for learning,3,2,1.14,2024-11-30 17:30:34,"Thank you for the love! We’re happy you liked it. If you’re enjoying the app, we’d truly appreciate your 5-star support,",2025-06-25 13:41:38,1.14
e1bde815-a725-4330-adb5-4fffbb203225,Abdullah Sheikh,https://play-lh.googleusercontent.com/a-/ALV-UjUXPvWny-lBPQJW93adzRg1-ndqUTMtiwXd_O-8zsh4fjcHneVL,This is wary help ful app mashallah🇸🇦🇸🇦,5,0,1.14,2024-11-30 04:42:11,,,1.14
9463e38e-2fd6-48d9-b50a-ebabeecc80a7,Mohd Meharaj,https://play-lh.googleusercontent.com/a/ACg8ocJgH327TU-8iTb6eLe5O-wYAQBnZ1VtY7Tx-kD655r5ElaWlA=mo,Excellent app,5,0,1.14,2024-11-30 04:26:48,,,1.14
aaa73c1d-3bc1-4e4a-b92c-936d5b47fc14,Mohammed Hussen,https://play-lh.googleusercontent.com/a/ACg8ocJdt8QmoWm29VA4_B0f21BGW1oKbWo-uTDIFTny9CG0-WfL5g=mo,Exeptional mashallah,5,0,1.14,2024-11-30 01:28:05,,,1.14
3fbb59e4-ca0b-4ece-b9d1-d6fa474afb1f,Mohamed Jalloh,https://play-lh.googleusercontent.com/a-/ALV-UjUl6ZlxaiNaHcfvguMIKpnmyFmumne77s5Klpe0bv9DG3Omzt7DXQ,Amazing app,5,0,1.14,2024-11-29 18:48:54,,,1.14
30cfe46e-798e-47f3-877d-3b5e055f568b,Mustapha Mohammed Lawan,https://play-lh.googleusercontent.com/a-/ALV-UjXkWgrzILgyHwU7-l5F4DHa0-s0g4RfaOW3-3CXX6zpma-1_-rJ,Great!,5,0,1.14,2024-11-28 03:22:48,,,1.14
61938d95-d1b2-48ed-8e08-25415ba9dc3b,Ashraf Rabiu,https://play-lh.googleusercontent.com/a/ACg8ocI-IFQhpBD5cRpi_WTM8Pj1laNGsNSSiE7VHhTWwWvKTMemHg=mo,Very good appl,5,0,,2024-11-26 23:09:57,,,
bc4e4567-e7e0-44be-8595-46095fe1e9e9,Shaikh Sabiya,https://play-lh.googleusercontent.com/a/ACg8ocLcXm1TvvwINtJJl06UbR2KNh1NNoPbuDrsHRqqTpgIGhQoIA=mo,So amazing,5,0,1.14,2024-11-26 16:47:03,,,1.14
708c621a-b17e-4c57-ab01-ccad53928787,Naima Mamuda,https://play-lh.googleusercontent.com/a/ACg8ocKQv8FD-pOb306nJmKBuqqpUoCkQSG8bqIVWvBWl31Vy9F3Zw=mo,Love this app because much appreciated,5,0,1.14,2024-11-24 17:12:33,,,1.14
8ec5cea5-1507-41a2-af4a-e47867de134e,Mohammedali Babu,https://play-lh.googleusercontent.com/a/ACg8ocKK_trWMJ2P-VL8qc_bua9ptuJCC7FeVQo-p-KYHc8KnRxpoQ=mo,good app,5,0,1.14,2024-11-24 15:46:17,,,1.14
15dad21a-bf3c-4fe8-b53d-c500ae6e1da3,Abdullahi Sheu,https://play-lh.googleusercontent.com/a/ACg8ocIXkf71nbSd50TT8IaMdSXgJL1D_rv5Fo07NflxJztW2cQ_EOI=mo,It very good for Muslim,5,0,1.14,2024-11-23 13:17:22,,,1.14
d368561b-d682-441d-8b80-79f504c804ec,Abdullahi Babatunde,https://play-lh.googleusercontent.com/a-/ALV-UjWTfnglv1-5RNNR2fe0N_MQza8DupDPfeYzL8n6v9doDhK71lou,Smooth,5,0,1.14,2024-11-22 17:39:33,,,1.14
6034dbea-5b49-46f2-a5df-926f01e04a78,Abdullah,https://play-lh.googleusercontent.com/a/ACg8ocLE5JIke6bqcqqBtL6Xq1-Y5nMbR9AbFU3YD0mQDsjrfSxsBw=mo,Best app to learn quran I love it and it has helped me so much,5,3,1.14,2024-11-22 16:46:43,,,1.14
f69a79a2-1626-4c64-9456-d14daaad9950,alaa nejm,https://play-lh.googleusercontent.com/a-/ALV-UjUEJqHy35ITa2fQkJKeAN0mwQSvDSRSrS0M9kkdyFOf-QoAm0A,تطبيق جميل,5,0,1.14,2024-11-22 15:34:03,,,1.14
ffba7349-fec1-4625-9e86-4994c0ca2cc1,mohd aliyu rasak,https://play-lh.googleusercontent.com/a-/ALV-UjVqShmXg1Mx-6nxGUxaZzXbT0DuFPpcoMbrsr5MCr5UjoyWL6EM,Excellent,5,0,1.14,2024-11-22 11:05:00,,,1.14
ff9c7c82-3438-45de-b86d-97d31a2dee08,Mostafa Seikh,https://play-lh.googleusercontent.com/a/ACg8ocI-1WZ-te9bDvOXmpZ0x9kBlESfkFT4YryQ56MWfu5Dkc27eA=mo,Good,5,0,1.14,2024-11-21 20:47:19,,,1.14
140f76ae-1110-4ff9-b792-ca99d21a9618,Arsh Tigar,https://play-lh.googleusercontent.com/a-/ALV-UjWP-87jUbX5qrACSjsnwQ8fChLrIMjo0bnfTl7e9L3KF0hfIA,goood,5,0,1.14,2024-11-21 16:22:57,,,1.14
24e133ab-7fde-4e9f-83f1-509e36d6e3aa,Bello Taiwo,https://play-lh.googleusercontent.com/a/ACg8ocLggwnpUuFPmMliQA54h1sPa4vpEfLjDlupbLcGgc81WqUobw=mo,Thanks dor thid,5,0,1.14,2024-11-18 23:53:05,,,1.14
89f4bcff-9414-4aa8-84fe-41925a7225bb,منذر جبابلية,https://play-lh.googleusercontent.com/a-/ALV-UjVfmzRdIxX4EQz3MJOfWz9DYesX_uUuqYlMPnpIfa2B3HfUO0Y,السلام عليكم,5,0,1.14,2024-11-18 00:01:53,,,1.14
805ada7a-5aad-4df2-9461-db8c91677598,musa yakubu,https://play-lh.googleusercontent.com/a/ACg8ocJg-kgRjGy7muzARNFNxekKRCGoSyAJk3Z9drl4lkFjagfTgQ=mo,It teachs and expand ones knowdlege as well keep me updating religous wise. Infact no words to describe it better. Am really enjoying it.,5,3,,2024-11-17 18:08:00,,,
fa429ebe-0560-4445-bb7c-e49023d2ca0a,Shaziya fathima,https://play-lh.googleusercontent.com/a-/ALV-UjVtm_MmTrGroYN2l7-z86DqMhttsaemj8pIxIgfjavRioj3dFhp,Happy allah Shaziya Fathima Muslim,5,0,,2024-11-14 21:47:25,,,
da60f6d0-b8f1-4ec2-8199-3326a4207226,Farida Usman,https://play-lh.googleusercontent.com/a-/ALV-UjWE1Xf-MBSZpo-ndbSqAqDpa6UX-iwxs4XBiw5Zb7T60KZnEbW4mA,Barakahu fik,5,0,1.14,2024-11-12 10:40:12,"Thank you for sharing your thoughts & rating. Your support means a lot to us. Jazak Allah Khair :)
",2024-11-14 21:33:13,1.14
84b9c212-07d2-48b3-b61f-369d324f82a7,Seerat Jutt,https://play-lh.googleusercontent.com/a-/ALV-UjXvlyVY7iM0MZdGpVYAt0OwZb6hjUnqkEI6VaUJv-YYZlMMdyw5,Maa shaa allah,3,0,1.14,2024-11-12 08:36:46,"if you like this app, please consider giving us a 5-star rating. If you have any suggestions, please let us know at muslimapps2@gmail.com.
",2024-11-14 22:08:48,1.14
0eaef438-91ae-45a9-99ba-7ebdcfb9c3ac,Sikubwabo Daniel,https://play-lh.googleusercontent.com/a-/ALV-UjWac8OsQJZPNQZHSpZZEth1yprjzUnYENhlS0rojH6zuKE5OMtZ,Alhamdlilah,5,0,1.14,2024-11-11 23:06:18,"Thank you for sharing your thoughts & rating. Your support means a lot to us. Jazak Allah Khair :)
",2024-11-14 21:33:28,1.14
26d763fc-dea2-45b7-9874-3e999ffad8fa,Awwal Jamal,https://play-lh.googleusercontent.com/a/ACg8ocK6Bu6y565pXMYE8xDbD5hZee-wBmOmgbeklsk8NZZvnvyb_g=mo,"Wow the app is very good because azaan prayer,azkaar,qibla gps,dua and quran and islaam piroblem i 💓this app😘😍",5,4,1.14,2024-11-10 14:56:49,"Thank you. We are happy to know you like our Muslim app. Please do check out our other apps , Jazak Allah Khair :)
",2024-11-14 21:34:02,1.14
037e055e-5033-47ee-ad97-72690b7de21c,Umar Abdullahi,https://play-lh.googleusercontent.com/a-/ALV-UjUPDkH3vyPiHRNWPtiIIb_-8bYHw0mgNLhvc0ybwbMJZR3zBh3L,Helpful and Interesting and it will make you get close to Allah,5,0,1.14,2024-11-09 05:01:44,"Thank you. We are happy to know you like our Muslim app. Please do check out our other apps , Jazak Allah Khair :)
",2024-11-14 21:51:41,1.14
c977a131-66ac-40be-8f35-2aeb3a8a14f5,amro ibrahim,https://play-lh.googleusercontent.com/a-/ALV-UjXuVh-jnZxdKduMgutbwnbEVrDddKZA0fffWvYHuaGqx_0mYEA,Awful,4,2,1.14,2024-11-09 03:16:20,"if you like this app, please consider giving us a 5-star rating. If you have any suggestions, please let us know at muslimapps2@gmail.com.
",2024-11-14 22:21:37,1.14
ac880843-baee-4f0a-9b88-b792685feb83,bilya Sharada,https://play-lh.googleusercontent.com/a/ACg8ocI92d4z5rS7T8Z8iIQhZHQyz8_bUZVgP2TpqlKdy6KIQmyP=mo,"I really like this app. It is an amazing experience compared to others. I recommend it for every Muslim, please. Let them have the good experience of this app.",5,74,1.13,2024-11-08 01:37:42,"Thank you. We are happy to know you like our Muslim app. Please do check out our other apps , Jazak Allah Khair :)
",2024-11-14 21:51:55,1.13
91716d93-3527-4af4-bf7c-234add5598fd,Lara Aliyu,https://play-lh.googleusercontent.com/a/ACg8ocLD3N42_siza8kKtE01uW6qUpSwSjtTW9mS5HktVTUTVjJUOQ=mo,Alhamdulillah,5,0,1.14,2024-11-07 09:05:23,"Thank you. We are happy to know you like our Muslim app. Please do check out our other apps , Jazak Allah Khair :)
",2024-11-14 21:52:03,1.14
361b3775-da58-4669-a7ac-a8dd8ddef1d0,Bashir Muhammed,https://play-lh.googleusercontent.com/a-/ALV-UjWQ2ILDQ1LEFCjKBCU9_81PbVeVNXUH2LMXcQZO65OXfDpxeXU,Am very interested with it,5,0,1.14,2024-11-05 20:51:28,"Thank you. We are happy to know you like our Muslim app. Please do check out our other apps , Jazak Allah Khair :)
",2024-11-14 21:52:16,1.14
281c669c-18b9-4d3d-a2a6-511246b89e7c,ام حبيبه,https://play-lh.googleusercontent.com/a/ACg8ocLBA8rfmxMm4czjaFE63KVidN6Vzl7HXUMr7-WU5Pr2r34K8Q=mo,جید جدا جدا جدا,5,0,1.14,2024-11-03 22:38:12,,,1.14
7fb7e241-875c-4213-af45-57c6dcd30ae0,Muhammad Ammani Muhammad,https://play-lh.googleusercontent.com/a-/ALV-UjUueDt2pDYSLXTX4k08kdcyTZw6yggIvDzRlu5E39g1TqCjFw,Fantastic,5,0,1.14,2024-11-03 17:30:57,,,1.14
5020056e-4c58-4363-a633-6478a1c13854,Nur-in Saide,https://play-lh.googleusercontent.com/a-/ALV-UjW6VCDyvFBKSE1KN25pa4IyFNNoWqvdFRO0fC6Cgc8duXz2ouUe,Masha Allah,5,0,1.14,2024-11-03 10:15:50,,,1.14
5c967797-5576-4427-a4be-ca7ad2dbcf6b,Abdurrahman Umar,https://play-lh.googleusercontent.com/a-/ALV-UjWTaRi-Cb0CvfHdoFvIaVHUMBHOGtf0rO9gfXJMneE_HIAaNDY,Nice and good,5,0,1.14,2024-11-01 18:13:30,,,1.14
bf6bf010-6dda-40b0-9d8a-45b18b336ec9,Fatima Abubakar,https://play-lh.googleusercontent.com/a/ACg8ocJtJyLIs2xLPMDdRXj5aZQzqDLj_MnPpJYFVp1SMUfg10s5mA=mo,The app is inspiring and exceptional.,1,8,1.14,2024-11-01 09:49:30,"Hi, if you like the app, could you please give us more stars?",2025-06-25 13:18:06,1.14
8db8d81f-00cd-4110-94b2-e582795990ed,Komolafe Suliat,https://play-lh.googleusercontent.com/a/ACg8ocLcCsNLzn3df-zADvKkhbcLKZan4P-XFTUreARoMEV1ZSp4rw=mo,This app really helped me in preparing for my Salat,5,0,1.14,2024-10-31 10:56:22,"Salam! Thank you for your valuable feedback. Please update the app, as we have added new features and improvements. We will continue working to make it even better. Jazak Allah Khair!",2025-03-09 02:20:53,1.14
061fcc14-4310-4c59-8846-e4ebc5538aba,Ismail Ibrahim,https://play-lh.googleusercontent.com/a/ACg8ocJPORZstEOwXNiMb-AO29am_oj8UslPdFkVH01LtBZ09_BotA=mo,Masha Allah,5,0,1.14,2024-10-30 10:14:36,,,1.14
077f1f4b-e207-4340-a88f-cd243fc05083,Abdul Atabo,https://play-lh.googleusercontent.com/a-/ALV-UjUsRj0tsDV_wQjug0_KTBdQiP0BgYLBwq9okhuFiV0O37Hw82cw,All correct,5,0,1.14,2024-10-29 02:44:33,,,1.14
67b94450-cd1b-40ae-b732-5308080015cc,Haleemat Maali,https://play-lh.googleusercontent.com/a/ACg8ocKppp1me4awX98YTvm2K6pA5Mna49UgbPkVSLFqRx9UpE4_1w=mo,"Muslim muna is the best Islamic app so far,it always gives me the best experience.",5,28,1.13,2024-10-25 12:04:52,,,1.13
a8a98731-c844-42ef-b288-bd02bb4bae75,Fatie Wa Nince,https://play-lh.googleusercontent.com/a/ACg8ocJ8mYS4AA7JDCMYKk8EQ-Ks1dOdfApvyteWWAefFHxlpBDjgg=mo,Ma shaa Allah 🥰❤️,5,0,1.13,2024-10-25 02:52:45,,,1.13
e208a317-a8ac-48de-94be-046564424d76,Nasiru Habib,https://play-lh.googleusercontent.com/a/ACg8ocJkNw1fezaECL71X5YnfQcBMotKeoWvy66cEa8pwXvAdHle0Q=mo,"You're the best, upgraded beyond my expectation",5,1,1.13,2024-10-24 11:24:55,,,1.13
597de2f6-c210-4e49-9aa8-586160f08b20,Jamilu Aliyu Rabah,https://play-lh.googleusercontent.com/a-/ALV-UjWR8yrBQOZ-5PN6drnuwVN6COmdeHezIqCOhNCJa_KTDjaWIx6wUg,Satisfied,5,0,1.13,2024-10-24 11:15:47,,,1.13
a991df5b-0b79-4f22-a017-4e33157e5ad9,Adamu Ahmed,https://play-lh.googleusercontent.com/a-/ALV-UjUBp82MCwsOnWRIGZ12eMqHwja_ga5Of0rqCyMOk42NeZABWTU,I really like this application is my favorite pls keep going with good albarka as you are 👥🫂🕋✅,5,2,1.12,2024-10-22 21:55:51,,,1.12
1179310c-caff-4afa-806e-d6ee6a890bc5,Suha Kirabo,https://play-lh.googleusercontent.com/a/ACg8ocLLIzzRsX9RRCrfI_UGH1NGE3M02uyG5HCGr3u379ul6l_FkQ=mo,It's nice coz it has helped me learn da Quran so easily and it's well translated I can be able to recite and understand da meaning so fast en easy,5,44,1.13,2024-10-22 16:20:03,,,1.13
37d4b383-58a0-4d2c-a0f4-62db2a93436a,Bilal Kedir Kedir Tesso,https://play-lh.googleusercontent.com/a/ACg8ocKb329gF4SL7qQOjk2E6vjuoC51FOwVff8AGY9qiBGsykcnjQ=mo,the application help me to pray the salat on time by alarm of adthan.Thanks.,5,3,1.13,2024-10-18 22:23:59,,,1.13
ace19faf-4a03-46b6-8c96-611d5d8ae624,AUWAL NUHU,https://play-lh.googleusercontent.com/a-/ALV-UjWUk-6McbSmkr1hTgRBQwyM521HLQL-gVzO_qjhJdyyG20a6lqg,Very important app that will help you to improve your reading and learning of holy qur'an,5,24,1.13,2024-10-18 01:54:38,,,1.13
c1587560-bc03-4823-a5dd-4806ae03b48b,George Sungwa,https://play-lh.googleusercontent.com/a-/ALV-UjW2Lp0awM7cR2wK16-fwGWhICz0VDSXurbP4Ve_m93FUKgg0_Y,Good,5,0,1.13,2024-10-17 19:10:34,,,1.13
b4878e92-d95f-4c89-87ed-34a05a432ae9,Hunain Ali,https://play-lh.googleusercontent.com/a/ACg8ocJFOXQAndJVUBMn7NZPFk9wJniYP7z22AE0Np4nEKB9woAd0A=mo,It's quality is too good,5,1,1.13,2024-10-17 06:13:20,,,1.13
1cf00c2b-66b0-4169-b028-177b24997c98,Umar Muhammed,https://play-lh.googleusercontent.com/a/ACg8ocJ83bmeosG3mJ3eDTJVxPcvNZ1TMaqPNUrBJYQyehXJe3xmcg=mo,Quite exciting and satisfying.,5,1,1.13,2024-10-16 21:40:40,,,1.13
d1d03203-52f4-42e1-82ab-146972188d01,Adamu Salisu,https://play-lh.googleusercontent.com/a/ACg8ocLBMJGM5PxAGNbvrBKt400IK22HDWMOgTDlwvBl_HJBYyraoy8=mo,Masha Allah,5,0,1.13,2024-10-14 00:42:50,,,1.13
dca061f2-1159-4a05-925b-ed2ab80d5bc7,Thirdborn Secborn,https://play-lh.googleusercontent.com/a/ACg8ocJJPn0yxaV_fRjW0GAzG2O4Xl3rP99H4V0FgnD0Imog8mkmrA=mo,Alhamudulillah,5,0,1.13,2024-10-13 14:56:08,,,1.13
506d07c0-b5f9-4250-9bcb-0e52d860f472,Alfa Makusidi,https://play-lh.googleusercontent.com/a-/ALV-UjVVYHJD1htJKQM4VZZCNCQWyHx2xl2STvo8Uqiey-mC-pLRNA,Good,5,0,1.12,2024-10-07 00:25:23,"Assalam o alaikum. we're happy that your experience with the Muslim app has met your expectations and thank you for taking the time to leave us a review. Jazak Allah Khair.
",2024-10-11 23:03:45,1.12
42a3eb57-6aaf-4c23-858a-0f9e5303758e,Amina Onega,https://play-lh.googleusercontent.com/a-/ALV-UjVkOfvgvVVwi2UOTXqEdoVZ4Q6jTo_92t3-ewWcDnrnKowvlRPq,"Very COMPREHENSIVE. Masha Allah I'm proud to be a Muslim, Alhamdulillah.",5,4,1.12,2024-10-04 03:49:12,"Assalam o alaikum. we're happy that your experience with the Muslim app has met your expectations and thank you for taking the time to leave us a review. Jazak Allah Khair.
",2024-10-11 22:54:07,1.12
ae5a2dc2-692c-408a-ac7c-39ded6ff6e5a,ZIBLIM TADZUDEEN,https://play-lh.googleusercontent.com/a-/ALV-UjXCgHY2l1-g0ibL0UEdcRpoytUeW3oz9WvMEloYIuCogtpobWza,This is very good,3,3,1.11,2024-09-29 11:17:04,"If you like the app, could you give us more stars? Jazzak Allah Khair
",2024-09-30 23:22:04,1.11
48bb9fcc-78a6-4ac2-92be-4023ac3a4b6f,MOHD Sameer,https://play-lh.googleusercontent.com/a/ACg8ocLkIpb_sXOcSn4f71W6WRr80r6qAV_5nueRccMXxvm8HfoKSw=mo,5 lakh,5,0,1.11,2024-09-25 13:34:58,"Thanks for your review! Please recommend our app to your friends, Jazak Allah Khair
",2024-09-30 23:20:11,1.11
3c27202c-62ea-4652-a403-3adec631d5dd,Hafizg Waqas,https://play-lh.googleusercontent.com/a/ACg8ocJGcFFuL_5qoBQnk5ph-qH4yi0AEP_a_fLKsc3mjb-7_liq1w=mo,Excellent app but file crash error occur when I open it,2,3,1.10,2023-05-20 06:17:27,The app is completely redesigned with many cool features and the app can be used in different languages. So please try a new version of our Islamic app. Jazak Allah Khair :),2024-09-19 15:33:52,1.10
077e08c4-e1d6-49ad-b820-8d97aff40639,Mursal Noori,https://play-lh.googleusercontent.com/a-/ALV-UjURQeHWe2g_CGVAp9sjYHgtZW1JjQ7ezBm_xiXkuQwlVkcd-sVb,Why doesn't it work😥,1,0,,2023-04-19 04:57:23,The app is completely redesigned with many cool features and the app can be used in different languages. So please try a new version of our Islamic app. Jazak Allah Khair :),2024-09-19 15:34:00,
6ebf45e1-5b75-4ffe-a129-ce66c75e3da9,Riaz Khan,https://play-lh.googleusercontent.com/a-/ALV-UjVbNrdQf7D92mJt66UBucYu1jRY0dQ6x9tdjCj9i_2UxlMLPtwj,Why what happen the Holy Quran app is opened?,1,2,1.10,2023-04-15 03:22:41,The app is completely redesigned with many cool features and the app can be used in different languages. So please try a new version of our Islamic app. Jazak Allah Khair :),2024-09-19 15:34:07,1.10
7de82576-1534-47c2-966b-3ef175e06068,Taimur Atique,https://play-lh.googleusercontent.com/a-/ALV-UjUgCClsKV8-_7PMs2XzNSNJhXG2z0WYih9c_rhHQyM9ylN_4EXj,Good,5,0,1.10,2023-04-13 06:04:33,The app is completely redesigned with many cool features and the app can be used in different languages. So please try a new version of our Islamic app. Jazak Allah Khair :),2024-09-19 15:34:13,1.10
788c2f61-2506-4f66-99e6-aa750dece00e,Noor Shad,https://play-lh.googleusercontent.com/a-/ALV-UjWNtUSxY3Dho9wd6c03kCeeoYOTW9gQhaLiKc39stLqkAP3B6g,Its too good,5,1,1.10,2023-04-09 02:24:54,"Thanks for your review! Please recommend our app to your friends, Jazak Allah Khair
",2023-05-25 17:13:07,1.10
7dc12e04-4747-4a4c-b47d-4fded2c3cccd,Bilawer shah Shah,https://play-lh.googleusercontent.com/a/ACg8ocJB1MlfZvw4BdyHhsCrz2w_jepeIvin5uW-9Kq-Bi-JpaF_sw=mo,Masha allah,5,2,,2023-03-28 06:54:40,"Thanks for your review! Please recommend our app to your friends, Jazak Allah Khair
",2023-05-25 17:13:00,
064866fe-ff9c-49a9-9796-94aff12b104e,Taha Jameel,https://play-lh.googleusercontent.com/a/ACg8ocJIhWDFa12Cm2wzFuCoNhc1GbBEAxCzTOTOAu1AoGl6_UMTlA=mo,I love quran,5,0,1.5,2023-01-22 20:25:50,"Assalam o Alaikum, Thank you very much for liking our Muslim Ramadan app. May Allah bless you with the blessings of Ramadan . Jazak Allah Khair. :)",2023-02-14 00:49:23,1.5
eb7951e5-0480-424a-a823-a01eef2fc477,Mohsin Raza,https://play-lh.googleusercontent.com/a/ACg8ocLGrB_cpmHW23QyhkH4EKq8mNNfFG6nPFn_2w23XI3kvZi6HA=mo,Ma SHA ALLAH great app,5,1,1.5,2022-12-05 05:22:29,"Assalam O Alaikum, We are very happy that you like our Islamic Apps. Keep using . Jazak Allah Khair :)
",2023-01-10 19:50:56,1.5
f4d96de8-a787-49ce-9142-99c31b975c22,Toqeer Ayub,https://play-lh.googleusercontent.com/a/ACg8ocJB6bVavcVa1SfTDVEJzvIucLs_LmJtniTxJIQNraHTOIeQDw=mo,ماشاءاللہ,5,0,,2022-11-20 05:16:52,"Assalam O Alaikum, We are very happy that you like our Islamic Apps. Keep using . Jazak Allah Khair :)
",2023-01-10 19:51:02,
5285104a-ab63-41f0-8d53-4db7f932ba61,Watch Khan,https://play-lh.googleusercontent.com/a/ACg8ocKIDzS79i9-9XVrfPKPUbkZewn4NEtAkqCSqgkMmu3mBb2aNA=mo,Great apps But need to improve The pages like To not show just picture,5,9,,2022-11-01 01:05:10,"Assalam O Alaikum, We are very happy that you like our Islamic Apps. Keep using . Jazak Allah Khair :)
",2023-01-10 19:51:09,
93a5675f-495e-4daf-b188-e3f5f735ff82,Tahirqureshi,https://play-lh.googleusercontent.com/a/ACg8ocL57RGM7JzgfKXOxb5kJJpmu3f8Yaor1uO99Q82VRl_67bBlg=mo,Excellent,5,1,,2022-09-26 15:37:05,"Assalam O Alaikum, We are very happy that you like our Islamic Apps. Keep using . Jazak Allah Khair :)
",2023-01-10 19:51:14,
d48c9c73-5ce5-4004-b6e9-d954dff0f6c5,jawad khan,https://play-lh.googleusercontent.com/a-/ALV-UjVi1U4FmJyTReSG2OikjhCrhPuJtx_HPvAzZTPs45L3bKfXTFe9,Very Best App,5,9,1.5,2022-07-20 11:42:27,"Thank you very much, we are encouraged by your review. We are working to improve this app. Please continue using our app. May Allah reward you :)",2022-09-26 13:33:46,1.5
f73addf0-05aa-4ffe-aa23-83ab7a3e6a7b,Hafiz Mehboob Ahmed,https://play-lh.googleusercontent.com/a/ACg8ocLzFrXwyRsNgP4zPKIpmtQV3CmfyiTeNjIFL6eJjhas8UizlQ=mo,Good Application,5,3,,2022-04-25 05:05:24,Thank you very much. Keep using our app :),2022-04-27 13:21:16,
bd22f1ff-3748-47bc-a171-dbb9af5c09da,Naveed Shah,https://play-lh.googleusercontent.com/a/ACg8ocI0yDx3oVahJyaKztKdyPgqFW7s_4T2uqkYdSF-jRecKa4xEg=mo,They rich or poor Allah is the best of insure.,5,8,,2022-03-21 08:35:04,"Thanks for taking out time to rate us. It really helps us to keep going and delivering the best :)
",2022-04-08 23:27:46,
