reviewId,userName,userImage,content,score,thumbsUpCount,reviewCreatedVersion,at,replyContent,repliedAt,appVersion
31a0c351-e0f5-4db8-93c9-8e4ccfa6cef3,fatisha,https://play-lh.googleusercontent.com/a/ACg8ocJjn1cf-ER4HL_VcT8FLauMmUPofxm3bU7JFDwF4JtDqW7iFA=mo,"Hey, in اسمءالحسنی the description of السمیع is the exact same as البصیر, could you fix that please.",5,0,3.7.0,2026-08-11 17:19:51,,,3.7.0
23181e5f-42e8-47e0-8154-c906b1fd8c8e,Kikiyo_10,https://play-lh.googleusercontent.com/a/ACg8ocLYcwJ4IGuVXZNcYQ6t-g9qplE_4VBrjJtcvq7CvXuiX_y5pA=mo,"You guys need to understand that this is not a marketing application. I downloaded it and before even I could have a quick view of the page I was flooded with ads. ok it's fine happens I waited for the arts to finish. then I come back to the main screen I was taking a look without clicking anything and hair comes under the set of ADS and then another and then another and then another and then another and then another. What is this app, a fish market?? let me at least access the app..!!!!!",1,0,,2026-08-06 10:27:17,"We’re really sorry to hear that your experience wasn’t what you expected. We’re always looking for ways to improve, and your feedback is incredibly valuable to us. If you have a moment, we’d love to know what we could do better. Please feel free to share your thoughts or suggestions with us at davrazriders@yandex.com",2026-08-06 10:34:03,
8a096433-aa7e-42d1-b5c8-bd3045b4ea32,Mudassir Hassan,https://play-lh.googleusercontent.com/a/ACg8ocK_1nI7qChkjihjz8SwHV6W3mQqUAZVg2p6vqiej8Bk6emaig=mo,App features are very good but 1) After some days it show message that you have to subscribe by paying money it should be free 2) problem it take too much time for opening 1 min & 30 sec minimum take when I open 1 add appear then sometime 2 adds appear while opening so I waste much time to removing/Waiting for adds except that This app is best solve Add Problem,1,0,3.7.0,2026-08-05 02:08:15,"Thank you for letting us know about this. We’re truly sorry that things aren’t working as they should! Our team is already on standby to get this sorted out for you. To help us fix it quickly, please reach out to us at davrazriders@yandex.com with any details or screenshots you can share. We’re here to help and get you back on track!",2026-07-30 06:34:03,3.7.0
3b77c018-9aff-48ea-b7d6-59b7d9e41604,Jasmin S,https://play-lh.googleusercontent.com/a/ACg8ocIeaH_5JHgIOwXo9f-BDgEZbIOkNhk7vo5OgVGRQGIzXc-Lsg=mo,too much adds. we are not able to open the pages in the app. After restarting also same adds pop up and block the app usage.,1,0,,2026-08-02 23:26:49,"We’re really sorry to hear that your experience wasn’t what you expected. We’re always looking for ways to improve, and your feedback is incredibly valuable to us. If you have a moment, we’d love to know what we could do better. Please feel free to share your thoughts or suggestions with us at davrazriders@yandex.com",2026-08-02 23:34:03,
763ecfd1-1a43-42e1-a27d-1807ff5e3a94,Fazel Karim Musaddiq,https://play-lh.googleusercontent.com/a-/ALV-UjUQlJIMCmdkU_KW7FO1id1LIDonh0rVCCa8LxP0VpKrY9H3OuNM,"It doesn't deserve even one star, but there is not lower than that to choose. So I had to give 1 star. too much ads! I couldn't get into its features due to the ads getting stuck to them. as a result I am going to uninstall it.",1,0,3.7.0,2026-08-02 16:44:28,"We’re really sorry to hear that your experience wasn’t what you expected. We’re always looking for ways to improve, and your feedback is incredibly valuable to us. If you have a moment, we’d love to know what we could do better. Please feel free to share your thoughts or suggestions with us at davrazriders@yandex.com",2026-08-02 17:00:04,3.7.0
7e888e00-f78c-435e-bfb4-7db842956ca7,Fatima Bint,https://play-lh.googleusercontent.com/a/ACg8ocI74bZE1V7y2ZGgeV1jILKVJF0tPMq3jsGduOCSubfIwlWQAQ=mo,"this use to be very good until the recent changes. After the change, I told myself this constant bug about my data not being updated will go away after premium payment. I was wrong. there is still a shielder telling me my data isn't up to day. and another thing is no habits gets updated. it's been long and I thought it'll change. yet no, there is bug",3,0,3.7.0,2026-08-01 21:11:55,"Thank you for letting us know about this. We’re truly sorry that things aren’t working as they should! Our team is already on standby to get this sorted out for you. To help us fix it quickly, please reach out to us at davrazriders@yandex.com with any details or screenshots you can share. We’re here to help and get you back on track!",2026-08-01 21:34:03,3.7.0
8c553ee5-ee42-4c02-b5f8-55f06ba4af4a,Mohammad Nasim,https://play-lh.googleusercontent.com/a-/ALV-UjWPNmD8F7ebcoldAjk0WRt8x9q9JTybUJC8cJi03w94u2C1cT44vQ,ماشاءاللہ good,5,0,3.7.0,2026-08-01 09:12:57,"Thank you so much for the love! We’re thrilled to hear you’re enjoying the app. We’re always building new features, and we’d love to know what you want to see next. Have an exciting idea? Drop us a line at davrazriders@yandex.com",2026-08-01 09:34:03,3.7.0
361022ea-0818-452d-9961-96e379f0c439,Abdulsalam Ibrahim,https://play-lh.googleusercontent.com/a/ACg8ocJ-nGYNGKUedsaGirORk2fdQEPk8bQ93t6UHa1MkPA55j0X3Q=mo,the app is working perfectly,5,0,3.7.0,2026-07-25 13:59:56,"Thank you so much for the love! We’re thrilled to hear you’re enjoying the app. We’re always building new features, and we’d love to know what you want to see next. Have an exciting idea? Drop us a line at davrazriders@yandex.com",2026-07-25 14:34:03,3.7.0
3419c436-cb0e-4eb4-a983-3e6093fa8025,Muneer Hussain Chishty,https://play-lh.googleusercontent.com/a-/ALV-UjUezpzf-pnG4FNV0GIbi3dQKLsWlsECDfK2WHFjRcxT0GjDEEU,VERY VERY NICE APPLICATION.,5,0,3.7.0,2026-07-22 08:02:17,"Thank you so much for the love! We’re thrilled to hear you’re enjoying the app. We’re always building new features, and we’d love to know what you want to see next. Have an exciting idea? Drop us a line at davrazriders@yandex.com",2026-07-24 17:34:23,3.7.0
87f488af-7d75-46df-88dc-3a9a8f291391,Muddy Brown,https://play-lh.googleusercontent.com/a-/ALV-UjVDPbcS_-QzqDnjoaLPApGPzXFl_CLRVUd2ZZX1GV-ox5EOrtE,nice app mashaallah ❤,5,0,3.7.0,2026-07-16 03:39:42,,,3.7.0
95af2f7b-6c90-429c-af0d-0ea5e748c2c4,Ric Sevilla,https://play-lh.googleusercontent.com/a/ACg8ocL4XP23ArOyd9Bo6Lx7eWuQp52HCJ3IVGfY-Ama_bQ2UHGIng=mo,Thank you very much for this app. It is very useful for beginners like me. Allahu Akbar,5,0,3.7.0,2026-07-14 14:05:45,,,3.7.0
e270c2cb-1494-43cb-a3a5-4c0950dd1eb6,Abdur Razzaque,https://play-lh.googleusercontent.com/a-/ALV-UjUf05TV6WbLUIeHJmuvZhSQmG_qqAy08rKEdcb5PPa6DU73NCLFjA,Too much advertising sometimes you could see almost no clothes lady's in advertisement better not to download,1,0,,2026-07-09 04:50:25,,,
36680bf7-6b06-4209-bed7-647fa320cfe3,Mohamed Ehab,https://play-lh.googleusercontent.com/a-/ALV-UjVFf_QMiMQt0ALZkcWqbwtSS52KazNnxO1oeZz1I8R_wXOWV5LW,full of ads can't even use it,1,0,3.6.0,2026-06-28 03:46:27,,,3.6.0
f7b9fc59-9665-4b14-90a3-d18c36a59025,Walid Abou Daoud,https://play-lh.googleusercontent.com/a/ACg8ocKV2LqRtaUdcCuEHs_YOMr3UDWRKd3ateon4v58cllYo5ssKQ=mo,wrong direction for kibla,1,0,3.6.0,2026-06-26 23:31:29,,,3.6.0
8f87d013-eaf9-47fb-ba46-8c545363969d,Mezouri Younes,https://play-lh.googleusercontent.com/a-/ALV-UjWtwXM6AtWwiSWpCsVljO90s-C9_vW_kZt3wxlA0f6I4OzMZXibBQ,it's a good app but ads are horrible . ads showing up each 10 seconds . didn't even complete 3 page tutorial and i've seen 3 ads . we came here to approve not to watch ads,2,0,,2026-06-25 21:55:45,,,
e43e2fa8-2f1b-4987-b6c6-61d067d2ef43,Oladimeji Saheed,https://play-lh.googleusercontent.com/a-/ALV-UjUZ-OUdSTZMQp62AKCd9LRc3BgEO1WKCktV0tsut2e8FcMmzM0Q,it good to know and very nice 🙂🙂🙂 app,5,0,3.6.0,2026-06-25 13:30:35,,,3.6.0
ee50cdba-798a-4c19-9327-65710751d25d,Meen Channel,https://play-lh.googleusercontent.com/a-/ALV-UjUAIGbcJ2vVPv7_63UUAHGrgrE9cxX-IUwpk2SDeE3D9SH7BUKIBw,"Apps that I need, because I am still in the learning process after I am reverting to Islam. One thing, the timer is not correct, already try to adjust but can't.",5,4,3.6.0,2026-06-25 12:00:31,,,3.6.0
e3c1b805-b6ea-466a-9d6f-6b2e6e687d54,Aznag Shell,https://play-lh.googleusercontent.com/a/ACg8ocJ7P_6bNCWp4nrOjoQf9lLTf1pqNCDgTJy7-Co2Qvn7kJ9rEg=mo,جزاكم الله خيرا,5,0,,2026-06-25 10:07:25,,,
3bab65ed-7a32-4241-8ae0-0e4fe77b1130,Siti Nurhasanah,https://play-lh.googleusercontent.com/a-/ALV-UjWu7WTmI5KSVz1kUJF7sU-Q0f-pQhRxbX2hsiFCjw6qXwxL2fFn,Wonderful app,5,0,3.6.0,2026-06-21 17:33:37,,,3.6.0
8e98e90f-8a1c-44b4-b648-67c5e699db9f,Ala Haider,https://play-lh.googleusercontent.com/a-/ALV-UjXcAj4MBbEtcSH04aL3OgVjf-zMfwbULaSC_1bN1Ur_6rr2Rgdi,good one,5,0,3.6.0,2026-06-20 15:47:30,,,3.6.0
edfaf428-d7aa-4bff-8d5f-c61ed6ceca32,M.Salman Awan,https://play-lh.googleusercontent.com/a/ACg8ocJp4Yy5Hc8M7V1R6saFVZNfB3sLHpVbymyMAnuC-rhTLFHkkw=mo,I like this app,5,0,,2026-06-19 19:39:33,,,
d9406e06-b41e-40c5-8060-f5084d74755a,Hizbullah Ali Qamaruzzaman,https://play-lh.googleusercontent.com/a-/ALV-UjXnEmGsc77UwciV4M8VN-yEHoVxPhl3q74QkaU3q7E-I5he4PE,"to many ads, and hard to skip",1,0,3.6.0,2026-06-18 09:23:34,,,3.6.0
d9bc9191-6cef-4d38-87eb-9725a9772b29,sumbal zulfiqar,https://play-lh.googleusercontent.com/a/ACg8ocLQL3KjJVet8_Dmw58kUgOeKOZ0YImgYg0SvuirhtNi5fFJHek=mo,uninstalling this app due to a lot of adds,1,0,3.6.0,2026-06-18 04:18:33,,,3.6.0
e18e9b47-6220-4dbb-9082-08b482c91a94,Abdurrahman Mafuz,https://play-lh.googleusercontent.com/a/ACg8ocJb1LDU2b0YFyXxuX4R4Z3iqQMouuN4qSH6M0Asx9tV0x_isg=mo,"very good but it’s no weekly, monthly & yearly habit traker chart🙂🙂 i hope next update's time it will add as new feature, insha allah",5,0,3.6.0,2026-06-16 21:25:37,,,3.6.0
84f44bd4-1a58-4360-b4a6-809c9dcba3f1,Kembara hati,https://play-lh.googleusercontent.com/a/ACg8ocLO2yYqSOzh1GGmd32EsMyX9SxpiXu0N9NODo8NSGeugoDzWw=mo,i cant believed myself. the ads is that much. every clicks is ads. uninstalled.,1,0,3.6.0,2026-06-15 18:30:37,,,3.6.0
f0aa4127-9073-4759-9e34-a62348ce64a5,Mahummad Ahmed,https://play-lh.googleusercontent.com/a/ACg8ocLFXVRHbojSbfFCYtVJftHybS60aLv0X_ymp4iktrbA7Yf54Q=mo,Acha app hai quran with tarhuma,4,0,3.6.0,2026-06-13 18:20:28,,,3.6.0
5d5e7042-4ea0-47de-bd3c-fe336de2fabf,Mohamed Afshal,https://play-lh.googleusercontent.com/a/ACg8ocJZK7y05k99mjM6MULOcfeZuHjWAujwYLMk2RKkrUGxHT4lMQ=mo,too much ad,1,0,3.6.0,2026-06-11 05:44:09,,,3.6.0
ba5a11ad-3e0b-49ed-9d9d-3d2e5c0db1c2,Khawlah Fayez,https://play-lh.googleusercontent.com/a-/ALV-UjX1NgubRgS5a6-VU2TDQKcq2iFvkJjZNPNc9ac0D9cf_ew7vyU,Best app Just toooo many adds,4,0,3.6.0,2026-06-10 23:18:06,,,3.6.0
f50a6b76-4c9e-4b66-bcdb-f7ace940d48a,Boulkout Zoheir,https://play-lh.googleusercontent.com/a-/ALV-UjWZKRay5lYCo6qWi8B0BGdIrYjDTt3rGjh3XFE0KDFuvdlOOz9_,بارك الله فيكم,5,0,,2026-06-10 09:27:15,,,
0116d79c-c416-4ba7-a8e0-9098dd8e601a,Ahmad Azkan,https://play-lh.googleusercontent.com/a-/ALV-UjWFK0YDXCUHOk8gzyLkbQTnJHFXDSR31iP0bJLK0EqEb_BIgu6J,"This is supposed to be a tool/reminder for Islamic prayers but upon installed, and run for 1st time, its littered with ads. So sorry devs have to resort to these ads pushing into users face. May Allah SWT give you guidance. Uninstalling this sub par apps.",1,4,3.6.0,2026-06-08 18:41:06,,,3.6.0
0894fbaf-4d6c-4fe1-a7a0-57fc15c43b3c,NAMRAIDA KAMSA ABDUL,https://play-lh.googleusercontent.com/a-/ALV-UjXcKvbTgE09d1H0xPqvS_KhE8c8v-qNsulat85PUuADdU4P-GWc,Alhamdulillah so very nice Apps,4,0,3.6.0,2026-06-08 17:36:37,,,3.6.0
19217fe4-3fd6-42f8-b763-57b751df392b,Giorgos Michailidis,https://play-lh.googleusercontent.com/a-/ALV-UjUFJIJkrKKdD8ZLUF3qYbgTORncUCJEb94uQpE68ieDN3dBZsKP8w,Unfortunately too many ads and without a trial period.,3,0,,2026-06-07 05:18:13,,,
08edef0f-2228-4c94-b78b-3f8be541cc87,Mohammad Hamdaan,https://play-lh.googleusercontent.com/a-/ALV-UjXcmxCytseCFWX3JWY-MdTooDL3y3BkoW7OPZs-TKqeC3V6ds0,this app is my assistant for Islamic studies,5,1,3.6.0,2026-06-03 21:39:33,,,3.6.0
c35b12d3-117c-4308-8c2a-ddd528b8a905,Farah Amirah,https://play-lh.googleusercontent.com/a/ACg8ocJodpV_8eRM43UqkKPQj3DL32CFipAtc6px5C1-VEGfanteDg=mo,"so far this is best prayer tracker to have. i can mark my past and my present prayer. i appreciate it if you can add button date and year so that i can easy mark from 2007, it such a hassle for me to keep on pressing this button (<) everytime i want to mark. update : i just found another app called Qada Tracker, more convenient for me",3,3,3.6.0,2026-05-31 22:26:45,,,3.6.0
50bc57a5-d7df-47b7-b3b8-7ba4cc601c50,Adel Elfiky,https://play-lh.googleusercontent.com/a-/ALV-UjUdjKa-iI9mgZDoSZPYs4XPosdFdGd8ePl01cMsKYwPKBPEd9g,just advs,1,0,,2026-05-27 03:36:31,,,
954376fa-5a88-45d1-a63a-f03c3d49eef6,OLANREWAJU YUSUF BELLO,https://play-lh.googleusercontent.com/a-/ALV-UjWTW7p0cbRYPtfAHD0OjRJvnU-h7cE-cvhI1LtYDs5Il4ilbAEB,The best Islamic App I've ever come across,5,0,3.6.0,2026-05-27 00:59:16,,,3.6.0
2a939d59-eea6-4f04-86e9-3b8b73f65603,Jillur.rahman Jillur rahman,https://play-lh.googleusercontent.com/a-/ALV-UjUOAF9oXNboNO4uvT6_acF03KR9gpcAgtZ7KpeB5uSxHaKI8Zk,নারায়েতকবির আল্লাহু আকবর,5,0,,2026-05-25 02:16:52,,,
526aaa2f-70cc-4a72-8439-d1d5cc9c4c64,Muhammad Taqi,https://play-lh.googleusercontent.com/a/ACg8ocK863PM5noXadTeRqXSxaRg3IVOJe_vlK8bEFRikHAUSvhGBg=mo,"please don't use it , aik qibla open krnay k lye 10 dafa add dekhne par rhe hai . worst ever app",1,0,,2026-05-25 00:32:57,,,
5fbdff12-66a8-4b3a-9c61-cc3f8f8ff8f0,TARIQ MALIK,https://play-lh.googleusercontent.com/a/ACg8ocKfqUpcZYHAsCOtyysTMOr9Ja1ECRvrV4QnpMdBYv07vNZiwg=mo,very good app,5,0,3.6.0,2026-05-23 12:25:05,,,3.6.0
c546822a-0baa-41bf-b8f9-2fdeb74a4b5c,Murtala Idriss kl,https://play-lh.googleusercontent.com/a-/ALV-UjXHiZ8AQ6AfjlhfHhFBiK7rSjtl3Pg-uzkaY-CXwBdkjKmWm_k,wonderful app,5,0,3.6.0,2026-05-23 00:33:22,,,3.6.0
93233eef-94e0-473a-8e2b-771437bb495f,Ziad Saiyaleh,https://play-lh.googleusercontent.com/a/ACg8ocIN9ej8m-MngXC-JfGFscs9o7JyGjKBuryv8FdEdDZFRrAE0Q=mo,يوجد خطأ بتوقيت صلاة العصر في دمشق سوريا بمقدار حوالي ساعة وربع الساعة لا أدري كيفية تعديله وطريقة حساب الصلاة حسب تقويم رابطة العالم الإسلامي ولكن أتوقع أنه مثبت حسب المذهب الحنفي فيكون بذلك مخالفا لغالبية العالم الإسلامي وفي ما عدا ذلك فالتطبيق رائع,4,0,3.4.0,2026-05-22 22:18:50,,,3.4.0
f1942c24-568e-4dfe-993b-53625aff1d4a,Abdullahi Abubakar,https://play-lh.googleusercontent.com/a-/ALV-UjVNR6KfphXgLuJ7eBT4HX3OQpm0xoNblch5H2xgVQblGtFtoC2r,i need,5,0,3.6.0,2026-05-22 01:08:47,,,3.6.0
76bb2dc3-5a69-4ec7-9b36-3f387dadd53d,Khadije Mohammed,https://play-lh.googleusercontent.com/a/ACg8ocLJ1kISEDVUfErvGxAdZEWByiWNngFa3jIQwdizZlV8LD-jXw=mo,Mash Allah....this app is amazing,5,0,3.6.0,2026-05-19 19:51:28,,,3.6.0
83592cc6-00d3-436e-9500-ff9df8b1c656,Boss Lady,https://play-lh.googleusercontent.com/a-/ALV-UjWLv4jY-SQn3cb0ityFlqA5pYvVsSrOBvRwK8JAQPEtqNXExKyH,The app in itself isn't bad but very annoying due to enormous advertisement that appear every second,1,0,,2026-05-15 00:54:07,,,
fbf0fe08-6cc1-4531-944f-dcdafb551ad2,Islam Salem,https://play-lh.googleusercontent.com/a/ACg8ocJD627qsmta-_wVrCzHQ_X7tCcKT__QU4UWF8gnJz4De6GIbA=mo,that's an amazing app but need to get rid of that adds every time I I choose something open another add. I think less adds on this app will make alot better than what we had.,4,4,3.6.0,2026-05-14 23:30:17,,,3.6.0
65f596d0-ba54-4a23-8a75-864591207a4c,Malia Iravo,https://play-lh.googleusercontent.com/a-/ALV-UjXNoiK64CZwbiNZ_1bQePBB0qUnsl2hqGlcp7OSOfhYt1vbl_DJ,this app is super awesome,5,0,3.6.0,2026-05-12 16:39:56,,,3.6.0
34efde3a-f4e3-4f44-9930-261bb845d258,Nassuna Rema,https://play-lh.googleusercontent.com/a/ACg8ocKSzqEl0EpoGpPvgPYIDWLMA1VvPlQhUrN-nkR1f3yPoPmMOA=mo,good and educative,3,0,3.6.0,2026-05-09 00:48:03,,,3.6.0
407542f8-5b01-4905-a207-d72132739fca,Haruna Mumuni,https://play-lh.googleusercontent.com/a/ACg8ocJQ9lyavCtmWjSofPKZedAh78ylFvSirI35wfBoffkSPQCveg=mo,the app is good it is helpful,2,0,,2026-05-07 22:01:35,,,
7158e8dc-613d-4332-b378-bc8779bfdd48,Saeib Shihab,https://play-lh.googleusercontent.com/a-/ALV-UjWMeG7p0U0wPtOZYNbSHgE7BTeyR9zyA3IKS1w3xz089MGOMadH,"Excellent app, I downloaded this app because I wes experiencing inaccurate salah times form Azan pro.",5,0,3.6.0,2026-05-07 03:20:41,,,3.6.0
277c055a-51b1-4360-b353-9cb321637c90,Sakiru Ganiyu,https://play-lh.googleusercontent.com/a-/ALV-UjVuudbWr6D4ABA8TvYRZhGKbslDB0NNaYGT2SDDrzVAQrdBSr4,very good,4,0,3.6.0,2026-05-06 05:42:37,,,3.6.0
0579723e-bb33-45a7-873b-095286b425b2,ZacK79Official,https://play-lh.googleusercontent.com/a-/ALV-UjXZKqvWOU6YwAYwHVrB_ioEyefHEQApyA9A0drZ9lx43AIccdht5Q,𝑻𝒐𝒐 𝑴𝒂𝒏𝒚 𝑨𝑫𝑺....,1,0,3.6.0,2026-05-05 23:21:33,,,3.6.0
a2b4074a-589a-477f-9eb0-ecc492c1607a,Rinosa Iqbal,https://play-lh.googleusercontent.com/a-/ALV-UjU4z_x813s-il_nejJlpwJvDkcYpSIeIsxOHkpIUpS6q6x-D9E,very good,5,0,3.6.0,2026-05-05 15:05:46,,,3.6.0
b6e07501-3c0d-4bd3-8313-419c90d2e96a,Khalil Muhammad,https://play-lh.googleusercontent.com/a-/ALV-UjX21k87L8_mgLeEuKHlIBF5kB67O6tPxm--rhwVeXG8akXgQzg,perfect,5,0,3.6.0,2026-05-04 21:01:48,,,3.6.0
1bfa37d1-95e0-4a34-b4a4-438f16c79b81,Lubna zafar,https://play-lh.googleusercontent.com/a-/ALV-UjWPjVNXe9LBacvROXzgXnDCA7x0X4YOcMryAD7pYMzMoI2-aLNU,Assalamualaikum this app is v good and easy Qibla tracker is 💯 accurate. Quran font should be change.without premium Islamic stuff available thanks jazakAllah.,5,16,3.6.0,2026-05-03 17:58:50,,,3.6.0
6462c40c-5c49-46c9-816f-901260c2a35e,Khaled Sayaheen,https://play-lh.googleusercontent.com/a/ACg8ocJClah8QsaG5ieV3wRtBbHY4zV6b3JKm8Fa9psY5sRPbwQSXg=mo,تطبيق رائع,5,0,3.6.0,2026-05-02 00:08:54,,,3.6.0
0dba47db-7899-4c70-a9ab-c8fb160c4278,rusli abu bakar,https://play-lh.googleusercontent.com/a-/ALV-UjUY220fQpPBspm9zCrhdOCqT4lkxxidAjnG6rGScy00HEFeq0k,very good,5,0,3.6.0,2026-04-29 13:09:25,,,3.6.0
2a7acd42-908c-460c-b86e-7637c22fc4e8,king loban,https://play-lh.googleusercontent.com/a-/ALV-UjUIguUb29xkKgcPQ_QZEzOa1FCE1D07MH2jLJuYm1dIyP25m8E,banyak iklan. mengarut terus buang apps ni...,1,0,3.6.0,2026-04-27 07:50:05,,,3.6.0
d02fc1fd-c6d5-431d-a40d-0206dd3ef4c0,MOHAMED BIN ABDULLAH,https://play-lh.googleusercontent.com/a/ACg8ocLHA3V-ws4ajMI7T8w7TuzsySloeGHWPRlT8YGLUnuBaH0z8shB=mo,"Alhamdulillah, ALLAH HU AKHBAR!",5,0,3.6.0,2026-04-22 11:05:29,,,3.6.0
5f7254b1-9f71-43d5-ab03-5aabfc8472ef,Mat Sabri,https://play-lh.googleusercontent.com/a-/ALV-UjU5ZFz0SQ7NuHiaM2jeStyQmIFZJcnOVrRzGT8Rd4yZdNNzxcRP8w,the best apps i found,5,0,3.6.0,2026-04-21 14:30:14,,,3.6.0
4dfb752c-3344-4f50-a95f-05cec788ed87,Imtiaz Dipto,https://play-lh.googleusercontent.com/a-/ALV-UjW02zi3nRRrt3Av2MaWIMJvkf7fm9XoFlab1IUqrx3l9m7kWuRg,"app ui and performance is good. But everytime doing after any kind of action within the app. it shows add, this is very much annoying",3,1,3.6.0,2026-04-18 15:39:38,,,3.6.0
8fd690df-81a9-41d2-8d5b-6b12712f8872,Muhammad Hassan,https://play-lh.googleusercontent.com/a-/ALV-UjUNk1sjvSMs5vAU0iwqIcllS_9cT6P5xE0zw6gTo8ky95podAk,The app is extremely helpful and highly beneficial for the Muslim Ummah.,4,1,3.6.0,2026-04-17 14:17:48,,,3.6.0
3ca3cf5b-b470-45de-85f9-860d4ca6e9cf,Jibril Dima,https://play-lh.googleusercontent.com/a/ACg8ocLQpy1yKau39TFgBfCgR4p0EY_72AT8vcVP9aJUDM8evjazyQ=mo,Best app,5,0,3.6.0,2026-04-15 22:13:43,,,3.6.0
7dcc8c29-c3f6-4e2a-aab5-ce91e618bccf,Fatimah Susulan,https://play-lh.googleusercontent.com/a-/ALV-UjUFQ3wtf3V8y24LXsfKtDm7LDVTM20IRF_hn52vCJkeKAO-XzQ5,perfect alhamdulillah,5,0,3.6.0,2026-04-12 11:41:43,,,3.6.0
ef3e3352-ca9c-4c72-9667-45906b17e449,mohd rayyan,https://play-lh.googleusercontent.com/a/ACg8ocKZMb4lOxNKrmPUe9tG0d9uHKnaHxe-I3_ln4bxdIlCESc71g=mo,awesome,5,0,3.6.0,2026-04-11 07:21:03,,,3.6.0
1770a114-c23b-4791-816f-b659a5fbff08,Abdul-Hamid Seidu,https://play-lh.googleusercontent.com/a-/ALV-UjWp5qeVTmHniSNnzTYjk3it-W9i1V5mkHtNBufWWMcvBPliQP5e,too helpful,5,0,3.6.0,2026-04-07 01:46:06,,,3.6.0
9eb262c8-d920-4fe2-b1c8-a555672c3c8d,Sunusi lshaq,https://play-lh.googleusercontent.com/a/ACg8ocI0vMAk4Q0Gzi70Fd_Eg_Vnklt_XSfIGp-bs1miznw4oGSoKQ=mo,Im musulim,5,0,,2026-03-30 11:42:17,,,
9ff0cf1e-2396-4d0d-ba25-d2f98a50a54d,Fadzil Abdullah,https://play-lh.googleusercontent.com/a-/ALV-UjUzac-wUCtFz6FliZHp9qDes_3ch3iQabPMroRaydGRbW1AkzDj,good good,5,0,3.6.0,2026-03-29 12:40:11,,,3.6.0
e8ad648e-5ec6-466e-92b3-2fbb9f3a7a74,MD. Jafor Ahmed Emon (JaforSormi),https://play-lh.googleusercontent.com/a-/ALV-UjWi0e2czP6OmUwWGAaG2yq1QolQVjj8AF3PKS4OnZdsJSwZPYnS,nice 👍,5,0,3.6.0,2026-03-28 10:37:04,,,3.6.0
a9e74cfd-eb0d-448a-aec2-96df21b3a959,Mohamed Ahmed,https://play-lh.googleusercontent.com/a/ACg8ocLoHVLgdiXw_dJitA7gA48Z36mfcotO_lolitOf36jLd--a_Q=mo,no no,5,0,,2026-03-26 00:06:56,,,
b20e2a71-b378-4788-95b8-cc1556838297,Amany “AmatuAlwadood” Osman,https://play-lh.googleusercontent.com/a/ACg8ocIjpqnnx9-fQLf927PFG1VFweazSwYGvUSxLOrwxXh1hdVi4yCw=mo,salam...very cool but what about Zakat... hajj.. adding,4,0,3.6.0,2026-03-25 11:19:29,,,3.6.0
b490d96c-cdf7-4478-a793-4a8fa561f89b,Mustafa Silika,https://play-lh.googleusercontent.com/a/ACg8ocIdnMJL7L7p5c9dPin51HhY9XndohTK25dvJFmvZvbdlIS6VA=mo,easy to use for all ages able to understand English language,5,0,3.6.0,2026-03-24 17:36:25,,,3.6.0
47c8732a-d5f6-48db-84d3-23c6f02b869c,Queenie,https://play-lh.googleusercontent.com/a/ACg8ocL3ND1BX2g4gjsNfnQA5B4BGV0JDbHd7LyigWuERuGlfzRI_Q=mo,thank you so much. I really liked this apps,5,0,3.6.0,2026-03-23 13:58:36,,,3.6.0
14b1aa03-4d1b-4118-9767-c3efa70a5bdd,Sam Y,https://play-lh.googleusercontent.com/a-/ALV-UjXm0fQ4j1n7qd1keXPNV_4BnV2tCIIfX0SsFhoG_7LdnTXVpo6XSA,full of ads,1,0,3.6.0,2026-03-20 23:34:23,,,3.6.0
b489957c-54f3-45e8-9172-2cefb274390d,Loaura Luna,https://play-lh.googleusercontent.com/a-/ALV-UjX7scHaPT94mmBBkifOChDwg1Su92Xne_A2r8u6tl5IUPeaoilH,too many ads. annoying,2,0,,2026-03-20 14:40:37,,,
7f6af160-360e-46f1-a16f-771b308f5035,aysha mossa,https://play-lh.googleusercontent.com/a-/ALV-UjULRkD4afEdrT4PByqgPfjUJnYmW6lDK3mf3d6YhTArAsGXrY1P,Just what I needed to keep track of prayers and dhikr everyday! soo many different features to it too without having to pay for premium..Recommend.,5,30,3.6.0,2026-03-18 00:02:16,,,3.6.0
08bf8791-81ea-4d17-b047-73602e9baf2f,Mk Bashar,https://play-lh.googleusercontent.com/a-/ALV-UjVj3r43vauBTgpbxeIOPTTS0SkqHIMVt8B-a3wHteO0yB4VEVhn,excellent,5,0,3.6.0,2026-03-17 17:26:36,,,3.6.0
6ab575fa-866e-47be-b311-5b210a05bfce,Virama Bustan Barito,https://play-lh.googleusercontent.com/a/ACg8ocK2tX5ga9taFsWEstQrfRaXkMhqK0Cqr91Z6EaRajEKoYaIZ2g=mo,good...,5,0,3.6.0,2026-03-16 04:37:38,,,3.6.0
b79a464f-5298-4007-b878-095b1cd20f54,Muhammad Ibrahim Hamisu (Ibrahim Khalil),https://play-lh.googleusercontent.com/a-/ALV-UjWB5zQK9oadgiNRlLwZZVUja32oEpdnOo6HZ4wLaaoQocFsEPE,widget if possible,3,0,3.6.0,2026-03-14 22:04:43,,,3.6.0
aee65b88-7371-4c10-a27f-e628940c9c48,Yusuf Ramoni,https://play-lh.googleusercontent.com/a/ACg8ocKTIkTHxPznBkcZkqoW3Gw8952_tJ5S36u6oZaUa3Ofs0hKEw=mo,needs data and always advertise betting company,2,0,3.6.0,2026-03-07 18:47:19,,,3.6.0
f2183fd6-faf1-4a00-8e12-c114b6af2c51,Aisha Hoda,https://play-lh.googleusercontent.com/a-/ALV-UjX6vcKg0IK89reAzqe5phR1P9insDJsM9h_RjwhuwZDOKepLkoM3g,such a useless app only adds Pop,1,0,3.6.0,2026-03-06 06:04:59,,,3.6.0
0ddc52a4-5669-401d-9c12-0d2630e81690,Lila Abu,https://play-lh.googleusercontent.com/a/ACg8ocJiaEmTQ-l08pv3ILLQv0Wxaw1saM8KfTvEIeAUCMH4husTAw=mo,"Wallahi, this app is all every Muslim needs . it shapes you and draw you closer to Allah. it doesn't matter if you are a beginner",5,24,3.6.0,2026-03-06 04:32:45,,,3.6.0
418dce76-53f1-4739-9f82-435a6a06386a,muhammad sani,https://play-lh.googleusercontent.com/a/ACg8ocKdONclLQ06QZcaoLZecFk7pThj-oQBaLR7ARt5fij7qn30jA=mo,A very nice app,5,0,3.6.0,2026-03-06 00:33:10,,,3.6.0
84eed1d6-131b-4691-befd-3d4f5a1b2d1a,Ibrahim Adam,https://play-lh.googleusercontent.com/a-/ALV-UjV2Etuo3nfIbC0n0s1cZd4tuHe6NQVvlruKCTvPnwYjRmESQS3bhg,nice👍,5,0,3.6.0,2026-03-03 16:58:19,,,3.6.0
25ddbecf-dc1d-4836-b1a6-f5c30bb93d09,Shukri Xasan,https://play-lh.googleusercontent.com/a-/ALV-UjUdcHL_JmtQP12ZgzalyC7mHXlEq81O8bl_XUAwLYeKA0Md4IY,"remove ads from quran , great app",5,0,3.6.0,2026-03-03 16:45:41,,,3.6.0
91384dc8-0912-4541-8070-9c8449765c42,Gaadisaa Mahammad,https://play-lh.googleusercontent.com/a/ACg8ocLVxt6rs58u2Bc9CQB3ULFBT9oFagDL3liSSmTtVjntKF8RArk=mo,bayyee gariidaa iitii fayadamaa,4,0,3.6.0,2026-03-02 22:29:18,,,3.6.0
86bbe966-3763-46a8-ba21-6a14d260f455,Murtala Mulki,https://play-lh.googleusercontent.com/a/ACg8ocJu7hRlcT4mL5Y0s9uChxb2vIl-Wg_TIROW59bDe5jJ0-LI0aM=mo,very nice app,5,0,3.6.0,2026-03-02 02:55:39,,,3.6.0
913f2634-f8e9-48ad-8dc8-3edc681cd803,sid Ruhai,https://play-lh.googleusercontent.com/a-/ALV-UjUHs5sJ11OkYth3tJjHTmGi7mDTIECoch7hWKhKcvUom3dFMOCk9w,to many ads uncontrollable very irritating app. And it compass hang even with gps on,3,0,,2026-02-28 00:42:47,,,
41ad931e-d293-4b18-b909-8bb8b1d0a223,Duriati Gio,https://play-lh.googleusercontent.com/a-/ALV-UjXbppOW2v8wYH52rVHmTc30ijJyDctkIGgmUdEQmiSVzo6Bjl-e,good and suitable for me big hurf,5,0,3.6.0,2026-02-27 18:27:45,,,3.6.0
7b33bd24-750c-494b-9c1f-1d6240c16065,Lawal Abdu,https://play-lh.googleusercontent.com/a-/ALV-UjWGUX-yDASCAs4RX1JIJ4tsGy00X0ScfFvCX3dFi_r0JXieNMzO2g,very useful for a Muslim.,5,0,3.6.0,2026-02-27 15:29:50,,,3.6.0
47c60086-ed36-4bb7-89d7-8826ab476a29,nawshin lowtun,https://play-lh.googleusercontent.com/a/ACg8ocIKn9l35MRIpHgImZaob7YIoEpX_k3tvynpj5fnWWamhjvOEg=mo,very nice app 👍,5,0,3.6.0,2026-02-27 06:53:36,,,3.6.0
03385923-1407-481d-a60b-db632e7922ec,Pozz-G Randy,https://play-lh.googleusercontent.com/a-/ALV-UjU8tU_w-E3O_mRsp6e_3bfIIMa5rVLI2aTbwHrx038zzaMRhXJ0,Allah wakbar,5,0,3.6.0,2026-02-26 21:09:26,,,3.6.0
d5302bc7-cb5f-4556-9e3f-b529753e5319,Afrah Pasha,https://play-lh.googleusercontent.com/a-/ALV-UjXmT7f-yeaIWmfXKyq9cMbBT3zadSF6qf9bRX0GtJyD8LzXA_Vt,Nice 👍 app,5,0,3.6.0,2026-02-24 16:16:38,,,3.6.0
e2758100-5d27-4177-a3f7-a75cd1d55637,Ramzan Chemicals construction,https://play-lh.googleusercontent.com/a-/ALV-UjW4cZgYfmhcL1s3dbbBV2nowzz1D-Va8SE_r-U-cq_Aw5G9_ug41A,good app,4,0,3.6.0,2026-02-24 07:23:44,,,3.6.0
9344c994-8a95-463d-9cf2-23b979ee2dbc,Mostafa Shalaby,https://play-lh.googleusercontent.com/a/ACg8ocIsaRkO3oD0F7yylGvTHJvMnZA9b94ZMNCijXfwxJVk-BF2SQ=mo,amazing and Excellent,5,0,3.6.0,2026-02-23 23:11:07,,,3.6.0
f4d6db1f-e9cc-46ec-9e82-fcbba019eebe,Daud wayson Ishmael Razack,https://play-lh.googleusercontent.com/a-/ALV-UjVOrs4Et-fXa2HPPzdE8OztBMMfhTRM8L1MoKlwnH-mOaY_ALI,Masha_allah nice app,5,0,,2026-02-22 01:35:55,,,
9a761265-57d4-4664-9f95-64a15ad03568,Abdallah Yussif,https://play-lh.googleusercontent.com/a-/ALV-UjVN3R4uAwFpvPOusBD2ev39mdZUw4HkHZn08GOB4rjFEVFbmpbq,MAA SHA ALLAH Great display l love it. ALHAMDULLÍLLAH,5,0,3.6.0,2026-02-21 17:17:54,,,3.6.0
4d7aa31c-3c62-4b25-9bb0-b8d73b937968,Muhammad Abubakar,https://play-lh.googleusercontent.com/a-/ALV-UjUalX44EloLeyO1OfNEJqZwVhe5ea7M7NmmpeJjAdOymLzNSDW9,Perfect,5,0,3.6.0,2026-02-21 14:27:34,,,3.6.0
386563fa-500f-4119-95af-fab808040648,Omar Amer,https://play-lh.googleusercontent.com/a-/ALV-UjV4qAj6_kaZAR32zEeSVKurnLWbBXT9lVNyYNXhSDpEeZeUCAY,good 👍,5,0,3.6.0,2026-02-21 07:13:52,,,3.6.0
5687639f-3ab0-443d-bbd7-f23d845e836d,Maram Jamal,https://play-lh.googleusercontent.com/a/ACg8ocJGnnU6Cscze-3zLAeFN--hGDv-ggY7I6tccHAy0YBJe9kDhw=mo,amazing,5,0,3.6.0,2026-02-20 22:21:43,,,3.6.0
3fbe2631-e4be-4edd-9985-041f7f1fc3a6,Opeyemi Oladimeji,https://play-lh.googleusercontent.com/a/ACg8ocKsN48tR5CnfnwECgPPWZa8GibmjnzPzhuLycD9DDmaudmG8w=mo,I came across what I've wished to have the knowledge Alhamdullilah 💯,4,0,3.6.0,2026-02-20 18:10:33,,,3.6.0
deac87d1-27de-42a8-a6e7-c34eac0073d9,Md. Mamunur Rashid,https://play-lh.googleusercontent.com/a-/ALV-UjXOX5ZQlKhjfbJx_nl0F7kjW21FkrjmZfqjF6hEurCSNKThlFng,"Ok, I need to go pro to avoid ads. But that doesn’t mean I have to watch 6 ads right after installation just to get to the Home UI.",1,0,3.6.0,2026-02-20 16:25:01,,,3.6.0
9ce193e4-f244-419b-a7f2-2dc0c069c761,Muhammad Nuruddeen,https://play-lh.googleusercontent.com/a/ACg8ocJzIx9jzsEI9FMsidhm62STrlBuhTzWAssehZcT_n1ou2EqJQ=mo,good,5,0,3.2.0,2026-02-20 09:52:51,,,3.2.0
84b0b0dc-e7c4-4e4a-8c1a-c66217edbfba,zeyad Hussain,https://play-lh.googleusercontent.com/a/ACg8ocJTfMEilE_QQqpxTyqRQq910SEKgXY7W9hvL0zxR1u5TpYyzg=mo,👍100%✅,5,0,3.6.0,2026-02-20 08:27:07,,,3.6.0
a83bad3c-1851-4e6d-ae22-4909f9c8d43d,samy romizan,https://play-lh.googleusercontent.com/a-/ALV-UjUuDdp504T3LlcrPlPck2d9aLa18VI1GqaxzHJdCiE_YPfQYv0i,"first get my attention, let's see",5,0,3.6.0,2026-02-20 07:31:18,,,3.6.0
2da2b9ef-5ef1-4e41-b371-81abd8c23427,Md Hanjala Ali,https://play-lh.googleusercontent.com/a/ACg8ocJkLp4e74QQYgK-XVzFnFZercoVLyqdsl5wXpySSUuwYuCKkg=mo,nice,5,0,3.6.0,2026-02-20 00:08:55,,,3.6.0
bd7c6571-1dea-4b5d-88a7-da7ebe60d031,Shakil Khan,https://play-lh.googleusercontent.com/a/ACg8ocJcRTZxRKeLvWwNBO4syFzZLnB20OGjpwZFPREVVna4dHq4tHI=mo,ধন্যবাদ,5,0,3.6.0,2026-02-19 20:20:15,,,3.6.0
6d4e6a2e-e694-4c1e-93d9-8ad82495eaa5,Jamal Hosen,https://play-lh.googleusercontent.com/a-/ALV-UjXjUTp7US6R-j81iVB9CjxK55CharN759eDc1n736NBNTcN66Lm,"কোন কাজের না এই সফটওয়্যার টা,, ওপের করার সময় ৩/৪ টা এড ভিডিও,, মাথা সহ খারাপ করে ফেলে,, কেউ ডাউনলোড দিয়েন না",1,0,,2026-02-19 16:21:08,,,
fcc8d0c7-e3ff-41f9-bf29-753525b6f0fb,Wafiq Ahmed,https://play-lh.googleusercontent.com/a/ACg8ocLJ8ayBFiHG-HsUqbvJC7jzfAxN06UDs8Rc-ax74koidzILQw=mo,"So many ads in every steps, its so irritating.",1,1,3.6.0,2026-02-19 12:55:17,,,3.6.0
316ad774-a7bd-4260-a2b9-c94aaa49ef4d,Ajiboye Ayomide,https://play-lh.googleusercontent.com/a-/ALV-UjXrD4Qdx1WxIAAzDmkHzJW9dN-gZjPcoaDXknoaO0TNk0-7ozg,good,5,0,,2026-02-19 09:35:25,,,
d696fed0-06a8-4213-99f4-09b5cd8375d8,Maimuna Shaikh,https://play-lh.googleusercontent.com/a-/ALV-UjUMYcP4aNZDglxuumAS40DyuyB482umOnKcvzbQXSGnAcWxRJz1iQ,amazing app but the endless add made it unbearable for me i am sure those adds wear not by choice but lack of resources I'll definitely remember in prayer such amazing people who are trying to do something for the Ummah,3,0,,2026-02-19 08:11:13,,,
1a82b6c9-dba6-4f33-97f2-ddea0931e5ca,Faisal Lukman,https://play-lh.googleusercontent.com/a/ACg8ocLqOcRs6fHXGMrtCytovSkIDWN_pB_JItZCTiJg2wWwx7FEdg=mo,very much good,5,0,3.2.0,2026-02-19 01:17:01,,,3.2.0
2234822d-b399-4186-a1be-d57994a9fb08,shahada,https://play-lh.googleusercontent.com/a/ACg8ocJ1r5YvUsr64FSaR1nl9ke-03S4G7BFCqH9GuavVnVYO0-cn-U=mo,excellent app...,5,0,3.6.0,2026-02-19 01:05:08,,,3.6.0
e5441ad0-a596-4d1f-a44b-b0f70b55b758,Itx Ansari,https://play-lh.googleusercontent.com/a-/ALV-UjVGkHHzPNpnHvneMV0oMfAU66XXntTXJdcc6vXzTe_iMVkbdZIp,Mashaallah bhut achi app hai ❤️❤️,5,0,3.6.0,2026-02-18 21:00:23,,,3.6.0
cbf01f9f-16be-42ea-b74d-dded90a0100b,Jamilah Azis,https://play-lh.googleusercontent.com/a/ACg8ocJ5rtb_Cc_NGhqL3DXdGYoi34KgPHl0L6Ja0_07mD7h46GnWA=mo,it's very convenient to use,5,0,3.6.0,2026-02-18 17:46:16,,,3.6.0
1f962134-b1bc-4f1e-99e4-3911adfbc7a0,Miraj Salad,https://play-lh.googleusercontent.com/a-/ALV-UjXca5qFPWrGQwpd-eGKtQfTYlNbPZIK8V4pqr8CL0A7ZVzfgIA,I'm speechless. this is the best Islamic Ibhave ever downloaded.❤️🥰,5,0,,2026-02-18 16:52:57,,,
c54c7fec-fb06-4256-bec0-43bd31a0a633,عائشہ خان,https://play-lh.googleusercontent.com/a-/ALV-UjXF7uCAWGAoch78YpnW_w_pknu19CJRr0Gy9uxqRclCCA0feMlW,𝑵𝒊𝒄𝒆,5,0,3.6.0,2026-02-18 15:47:19,,,3.6.0
9a9bc28a-dc4d-4700-9b09-2b794ed8170a,Rashmi Kaaka,https://play-lh.googleusercontent.com/a/ACg8ocKUy3Z5guK0jdQQfDiH0T8z8ebiDxOips0Mu1spD1j8xB0m=mo,excellent features this app. very useful to muslim ummath.,5,1,3.6.0,2026-02-18 14:28:52,,,3.6.0
70a6be8f-acf9-4a74-af34-a6b767c84975,Salis Tajudeen,https://play-lh.googleusercontent.com/a/ACg8ocK7UZLQ_GIf2COEcn575VtN3oD8ERwpdBy7l8T6JtbPPQbX8A=mo,Good,5,0,3.6.0,2026-02-18 08:29:19,,,3.6.0
5e2a60d6-f2fb-41c0-82ec-5079584fe545,Anees Nissa,https://play-lh.googleusercontent.com/a-/ALV-UjVrB01EEH67NXFJk-8FJHmY9ugqDF_P0pV_-8X8FKARprrS_g73,aap is perfectly fine each and every thing the most annoying thing is adds it appears every next sec please reduce the adds it will be helpful to use more,3,7,3.6.0,2026-02-18 08:20:30,,,3.6.0
56c46276-6598-4b9a-81fa-bef36a879b99,Muneer S,https://play-lh.googleusercontent.com/a/ACg8ocLVdIRZHK7miDhOBRmQaygRFnYtmziPNmjGgNzIZsJcx2q9Iw=mo,very good app,5,0,3.6.0,2026-02-18 07:27:55,,,3.6.0
1a7e21ff-64d4-4f43-9f52-777375f18662,Shanita Nabakooza,https://play-lh.googleusercontent.com/a-/ALV-UjWYLNnyXRq9uBlNI_I2YVQ5-gWarJU2FKhrwMPDo8gfUK95NQvc,it's a good app only one problem it's the adds sometimes you have to close the app because of them,5,12,3.6.0,2026-02-18 07:16:13,,,3.6.0
2a477149-b456-4fe1-99b9-d90e8755787b,Bilal Jibaly,https://play-lh.googleusercontent.com/a/ACg8ocI1wS_FHWyIN75BndmewNmUEUn3osUVjfeW79-j-8YY0BjbZw=mo,shame on you for having so many ads on an islamic app,1,0,,2026-02-18 05:39:11,,,
44c643a2-0718-4206-b668-48dda89d6e60,Kardi Olivia,https://play-lh.googleusercontent.com/a/ACg8ocKpCL7auo5Kbr1_zjzFQ1LY4_BLNiRVfjyut2EYDkMK1t0vow=mo,inshallah,5,0,3.6.0,2026-02-18 02:03:44,,,3.6.0
94b8c663-6f4a-45e5-9546-9efb85cd920c,Ismayil Muthu,https://play-lh.googleusercontent.com/a-/ALV-UjVcGNy--9S4auKSs67Og9pMnJzLt8jJ4YnEKeyKj2vbuCzx_5H3,super👍🏻,5,0,3.6.0,2026-02-17 17:12:48,,,3.6.0
600bfb2a-7874-46ae-9115-d7a76cdea062,Arif kurniawan,https://play-lh.googleusercontent.com/a-/ALV-UjWQPAIXYAUoAgjRw7GeqEOioh8gIs4Yte6iLgIHaYm5E76ayU2rzQ,"have subscibed for a year, but ads still appeared",2,1,3.6.0,2026-02-17 11:29:24,,,3.6.0
ee455241-b5b7-47e8-9f99-68f19f7cc4f4,Arshad khan Khan,https://play-lh.googleusercontent.com/a-/ALV-UjUjgUoBhDDi-6jCN3oAd5bW2NNe6X2klC01tT-HzB3Kh39ORUhc,good,5,0,,2026-02-17 09:37:20,,,
37856836-4bad-4a3c-81bf-9ccf07f5b77c,Mohima Khanom,https://play-lh.googleusercontent.com/a-/ALV-UjXrYaOfvTqVC-UFH12ymOyEZlmUDeh-RbLX2GcQ-LtcZ3W0oA,they really put effort to pull us into the right path,5,1,3.6.0,2026-02-16 14:02:18,,,3.6.0
0a1b5b76-d3f4-4857-814e-1360547fdb7b,Saghir Shaikh,https://play-lh.googleusercontent.com/a/ACg8ocJRcfSW2IMT1E_er2rj8rz2MjDpPhbITisneEkmdBN3-SyiDQ=mo,masha Allah,5,0,3.6.0,2026-02-16 10:52:05,,,3.6.0
2e3712aa-345c-4d9b-b3db-aa0fe1055ba2,Ibrahim Khan (Ibrahim khan),https://play-lh.googleusercontent.com/a-/ALV-UjV_toRJ8v-MhEKMpgbEcZmcvEkwmV0TGsQAarh7XNkbWghwQHo,ilove 🥰 you,5,0,3.6.0,2026-02-16 09:25:12,,,3.6.0
de33d060-17c1-4969-bfc6-ab526e287360,Adnan Ahmad,https://play-lh.googleusercontent.com/a/ACg8ocJosADkfmwla0G1iQPcZPtCI71EIspuCMUyb02U9YJwLx-egg=mo,good 👍,4,0,3.6.0,2026-02-15 02:24:40,,,3.6.0
1b2c1475-4e2d-4a7d-8435-19e0172d1a38,muhaid abdelwahab,https://play-lh.googleusercontent.com/a/ACg8ocLqDtVqrRuwCMonBz9eklymPdqBCGh_Wfx9k_PRhT233XOcgsqJ=mo,جيد,4,0,3.6.0,2026-02-15 00:18:50,,,3.6.0
8dc38631-5190-4e65-9ade-92cfec67db2e,Kamaalee Wilson,https://play-lh.googleusercontent.com/a/ACg8ocKglysWq1wkfixsxxw-woRYul-voVEIwZEfen6--ZTdtNzAiw=mo,i love this app,5,0,3.6.0,2026-02-14 17:44:07,,,3.6.0
f2366629-8f0c-433e-8837-f316e9d6884e,Khalid Faheem,https://play-lh.googleusercontent.com/a-/ALV-UjUj8ZTFozpZJ_4raFGdY1NUZLWbpiorXNzXCtO17F1IeWvA03J0Fg,excellent,5,0,3.6.0,2026-02-14 17:00:55,,,3.6.0
fc145ef7-8c94-4223-a25e-f7913c0964fc,rafana mubashir,https://play-lh.googleusercontent.com/a-/ALV-UjUThIPSwxJZDcvOxSLQQAwswVLbKinNT5-RkjkqTTiiZJVhlVjDqQ,good...stay blessed....🙏🙏🙏🙏,5,0,,2026-02-14 08:42:51,,,
d86ead7d-ccaf-4dd6-86af-dd3c8ba65133,Adebayo. Hussein,https://play-lh.googleusercontent.com/a/ACg8ocL7SVCzxNF5Fsoue2HINiwt36vEYWCMZCcPLiA7pmYjDj7WAQ=mo,One of the best app have meet on line,5,1,3.6.0,2026-02-14 04:33:34,,,3.6.0
78beaaa9-989e-4c83-a43d-c55264334c82,Risma Lafir,https://play-lh.googleusercontent.com/a/ACg8ocII6zs97XW6Ewh2KtvvdxmsBgJ-IjZJmBE5X3M59YZraH75ag=mo,♥️,5,0,3.6.0,2026-02-13 20:02:59,,,3.6.0
224b9384-0759-457a-a554-85e92e2d47d0,Zara Yasin,https://play-lh.googleusercontent.com/a/ACg8ocKMRUGr6hfsvEyv-8smiF4tNOkB92_EVsrCvxTTcW-rR_3GTA=mo,its a seriously good app but its annoying that the salah times and ramadan dates are wrong and they dont sync properly also qe cant change the colour and dark mode and I need it to be a bit more user friendly so we can change stuff,3,0,,2026-02-13 16:54:09,,,
d43a5074-5414-48c1-a70c-b41f9bcaaf1a,SALMAN KHAN,https://play-lh.googleusercontent.com/a-/ALV-UjVca-4ahP2PSucXJkVJIfQeRtS8Wb-U0OLD6N5eLF2ndCzPg1k,good,5,0,3.6.0,2026-02-13 14:07:43,,,3.6.0
09e271d3-9259-4305-a8e3-99441bdb86fd,Mohammad Nafi,https://play-lh.googleusercontent.com/a/ACg8ocIC6U1LBB4yRdntlz_rfJ_2VWig34Za03cGNtSxChKZVsq7Vg=mo,Good app forMuslims,5,0,,2026-02-13 08:18:17,,,
746004a3-99c2-4fef-83c6-949ae40a0635,ѕυlтan мoнaмad,https://play-lh.googleusercontent.com/a-/ALV-UjVgDEN9RkQEr1kiG4aefNx6K5ZTZl7yHIxTvgTRy4OnsvbHCHBxJg,super appreciation,4,0,3.6.0,2026-02-13 00:53:02,,,3.6.0
127a49b7-eb46-478b-8242-e279e9a00348,Mian Atif,https://play-lh.googleusercontent.com/a-/ALV-UjUXrVx6PwbOmZNtebT4Am5RSUN1aOG1pnF9RFqNwgGmPkDGidOv,too much ads,1,1,3.6.0,2026-02-12 15:04:58,,,3.6.0
8dcc7ec2-5eb6-4e25-add0-feddf86877c8,Muhammad Abdifitaax,https://play-lh.googleusercontent.com/a/ACg8ocI_fqBbJYcI3cPFdsngQs91QwmvxWMSJCVJT9RvGbyhJXzzsQ=mo,masha Allah is very good ap,5,0,3.6.0,2026-02-12 05:17:02,,,3.6.0
f79528fd-42ed-44ca-b9b3-106f7bb618f3,Muhammad Salman,https://play-lh.googleusercontent.com/a-/ALV-UjUoNOrQP20MmilFsBA2UTDY1fdlL9Ay3VoRFC196TA08Dl1rO4C,ad on every single click. pathetic app,1,0,3.6.0,2026-02-12 04:30:57,,,3.6.0
c55be362-706f-4bc5-8e69-a1d8b7c928f3,Raj Singh,https://play-lh.googleusercontent.com/a-/ALV-UjVWmZxElaIACb30CkJn0vmiOOeWUsf-6PZ7iDMuLHkGnrToUG9-kg,Great,5,0,3.6.0,2026-02-12 00:50:40,,,3.6.0
3403a842-0acb-41cb-aee4-d1f6624a952b,Marium Nesa,https://play-lh.googleusercontent.com/a/ACg8ocJwcwZVA4-kkj4LhD85M8nhMWkG93C8v5DgL-freZTRADK2gA=mo,very very appritiated,5,0,3.6.0,2026-02-11 11:26:40,,,3.6.0
4190c7c6-1801-4adf-a77a-bdbeffeddaf8,Fazeeda Salamat,https://play-lh.googleusercontent.com/a/ACg8ocJGN_VmMbwv0vlx5trtFMnXyhAGMJWGrxrgrJkTcHFUL6DNeDOB=mo,easy to navigate Alhamdulillah,5,1,3.6.0,2026-02-11 07:56:29,,,3.6.0
9e819d91-9b2a-453a-9f5b-3cbd79404934,Heena Khan,https://play-lh.googleusercontent.com/a-/ALV-UjXa7wYoz3rCBaSdBaHH5TPagbRMWCixFRL6uli2FRyLP2iXV1Dl,ya Allah 🥺🕋🤲,5,0,3.6.0,2026-02-10 12:48:26,,,3.6.0
07089fc7-0b6e-4b93-8426-13b01ec0e704,Sajida Anwar,https://play-lh.googleusercontent.com/a/ACg8ocLNJdAbsq1za5LkCLeLu0Hy28BimoTQs4suZd9l61hZkQvung=mo,bhht achi 🌷,5,0,3.6.0,2026-02-10 09:23:09,,,3.6.0
552cd0b1-55a7-4610-922d-1bcb12205d10,Shahdil Saab,https://play-lh.googleusercontent.com/a/ACg8ocLEnLujR_7ufvqM1EQwYdxA-MDIxmwqNe6DjRPYyhzCG5NbCg=mo,too much ads,1,0,,2026-02-09 23:36:06,,,
b2a3b802-c57d-40ef-b552-9bbfc9e7b66a,Iffat Jahan,https://play-lh.googleusercontent.com/a-/ALV-UjU3cH6LXIuSP_YrcFPPhhgOve69UgH4eLbu-zJYGWoeqYJE7Xb8,bast experience,5,0,3.6.0,2026-02-09 01:27:52,,,3.6.0
c17fa59a-7311-4a61-8938-d5202b3e7548,Shhiabaz Shiakh,https://play-lh.googleusercontent.com/a/ACg8ocJ3nJUHnml3riBp5IqHHh3oL3XqTGlPkIawcnCn6S4wDyfXMFs=mo,mashallah,5,0,3.6.0,2026-02-08 21:51:04,,,3.6.0
21de24ae-016c-498e-89d3-eb064a8f52ab,Thakhani Nengudza (Thar-key),https://play-lh.googleusercontent.com/a-/ALV-UjWbRfIt3fx5ZJTC1KHRTRUDWDJ9dHy3v_cmL37esIqjcoKsSgah,I recommend every Muslim to have this app especially the new Muslims (reverts),5,1,3.6.0,2026-02-08 20:41:41,,,3.6.0
3697bc4d-2271-4049-aee2-1390f9144b80,Noura Emad,https://play-lh.googleusercontent.com/a/ACg8ocKRa6_MRb-eJOf5Y8NENUrTI8OIh4khpRA1Q7ZudWhqh8O7bQ=mo,أحلى تطبيق استخدمته ف حياتي اشكركوا عليه جدا بجد الله يرضى عنكوا ويراضيكوا,5,0,3.6.0,2026-02-08 06:02:09,,,3.6.0
343bd13d-c698-449b-91b3-161e0987238d,mntsr tap,https://play-lh.googleusercontent.com/a/ACg8ocKmWN4rDYj7IQdnTjN1cMSYS26IMgcYmhf7CSQxZqEGdJ6FqQ=mo,"keep going,,",5,0,3.6.0,2026-02-07 23:19:43,,,3.6.0
59a39308-2470-486e-9560-b5ba14418298,Nabi Ahrar,https://play-lh.googleusercontent.com/a/ACg8ocLwplqndijtrfOGCCAkYqv2uI3Trjz-_ViSiZCjXqojRjdvpA=mo,ads disturbing,1,0,3.6.0,2026-02-07 19:10:43,,,3.6.0
48ef650b-2f83-42bb-833f-e21173bc9a50,Zeynep Yilmaz,https://play-lh.googleusercontent.com/a-/ALV-UjUkPKa8SK-uGPpNNBiqo_fQOPyUFuy-wa2wlEhtNmGeOewLWmnq,I really like the app it's perfect except the advertisements but i guess it's needed but does it have any kind of tracking for the fasting time?,5,62,3.6.0,2026-02-07 01:53:30,,,3.6.0
ea5f0d25-dc9d-4a67-807c-e51541fc00f3,Md Monju Md Monju,https://play-lh.googleusercontent.com/a-/ALV-UjVk-Ofaem7pm4c0GO91lwxcrgdOMhQ6ZkBABkVlOIivq2nVawnE,মনজু,5,0,,2026-02-06 18:42:18,,,
4b6a7833-e39b-4bbd-b4b2-a628e15dfc7b,Ateeya Mohammad,https://play-lh.googleusercontent.com/a/ACg8ocKpcYHVChoZVJKh4xeDrHEP-0qRAgOB5m7z4S1gLwsPVGvZGw=mo,very good,5,0,3.6.0,2026-02-06 11:43:55,,,3.6.0
31b2050a-2839-45eb-8e60-9b7c881f119c,Nailly Mopac,https://play-lh.googleusercontent.com/a-/ALV-UjVe48edHRPxto0HKfft08AYLbU5Zml9UbdkEuoMLTD59qoUbzsk,nice apps,5,0,3.6.0,2026-02-05 18:24:07,,,3.6.0
8ee5d22d-c327-46b0-9361-e897eeed7969,Anees Azhar,https://play-lh.googleusercontent.com/a/ACg8ocKasbPwPtyrGNl8P8AbHYKFZLUUAOArkSH_GyHgzj9KVwxwUg=mo,amazing😍,5,0,3.6.0,2026-02-05 04:43:35,,,3.6.0
5e3b169a-22a9-4c95-a227-ea27cb39c17c,Mima Mima,https://play-lh.googleusercontent.com/a/ACg8ocLrlBUOv2IHh8ecFUyWHzUGNRIlkPQqe08ZJnKE7l-8o8Hs6Q=mo,اعلانااااات كثييييرة وليس مجاني بالكامل,1,0,,2026-02-05 00:48:17,,,
544166e2-cf45-4341-bd8a-7bf04bb0de90,Roba Abrahim,https://play-lh.googleusercontent.com/a-/ALV-UjUrc0F7KUJTaRnFGiVM44ZT9ARSwZDQeb4SoTmumFjMCv0uAk8,good,5,0,,2026-02-04 22:02:18,,,
381a0db1-eb3a-4dc7-af35-93b3996850a0,perfectshine,https://play-lh.googleusercontent.com/a-/ALV-UjUmLL3ZWn_qJnNK9nf6N9V2iCo8ZU8PnqK0_jCGb_AcmnkS43wz,MASHA ALLAHA,5,0,3.6.0,2026-02-04 20:14:58,,,3.6.0
f8742b00-9724-4022-beae-9f12529b0564,Abdullah Shaikh,https://play-lh.googleusercontent.com/a-/ALV-UjUmFWXAa-VS0-Aww_zyex_mUjkmfds2SysyrB6pRWoPjUGnY_o,Veri good,5,0,3.6.0,2026-02-04 19:28:38,,,3.6.0
58ee051f-619a-4e1e-ab38-472de36bdde3,Yaa'qub otiso,https://play-lh.googleusercontent.com/a-/ALV-UjWp1BX-A0GMVe6amsphcCoJyvwQWA_Irc-GOP37ALFmXNUbe7E,this app is my best app ever,5,0,3.6.0,2026-02-04 17:45:34,,,3.6.0
f4efb003-b851-4a4f-9253-44e8df3abcf4,Raju Ahmed,https://play-lh.googleusercontent.com/a-/ALV-UjX4_STScgGO43B6CDfUI6q9NpddtWcNas7_x0ccyl3ilFe3SZI,❤️,5,0,3.6.0,2026-02-03 23:43:26,,,3.6.0
cf9bcc6d-007a-441a-85b2-b8b4bbbe0263,Isaac Mathu,https://play-lh.googleusercontent.com/a/ACg8ocIr50HxUwgYTTYnqtYLatSDHP1uFHRDfY7ccaQ2Mk6JYPzlJg=mo,best👍👌,5,0,3.6.0,2026-02-03 12:33:43,,,3.6.0
9ce75e3e-bcd5-44a3-815c-9bf820de5387,Nasiru Mohammed,https://play-lh.googleusercontent.com/a-/ALV-UjVyu1r9gpoPztgBK-dHBu3nxiibOCTOionEM715r4xJsQIAZilX,is the best an easy to use very very interested all prayer be to Allah,5,7,3.6.0,2026-02-03 09:49:26,,,3.6.0
a0f3ca51-f249-41f2-91cb-ac06d34d316c,abdirahman hosh osman,https://play-lh.googleusercontent.com/a-/ALV-UjXSLCHj6SSWnnIHJivuAH_G-jsFWy8Eg4wel7lyyxDBFVfW2e0S,It's very nice apps,5,0,3.2.0,2026-02-02 22:27:33,,,3.2.0
0684d170-d4de-4f80-9b5d-1b5b8ad841dc,Sevara Mamatvaliyeva,https://play-lh.googleusercontent.com/a-/ALV-UjV9zXi60SY5bIFVeRRzo1bdrwuinKDQnU_Hq4TgL67jQzmUKMk,juda ham ajoyib ilova ekan ichida juda koʻp narsalarni iziga jamlagan va ayniqsa odatlar,5,0,3.6.0,2026-02-02 20:53:14,,,3.6.0
20e3a9ef-1531-4e0a-9cc6-766accb0f9e8,Amina Kunovac,https://play-lh.googleusercontent.com/a/ACg8ocL0Ay2ShOq8x_cYVcJH9LSVFgJ_NKmfobju5zzFcrfu_6Aa_Ta_=mo,Disaster! Just because of advertising! And also pro is paying! Advertising every 2 min. Deinstall. Bye.,2,8,3.6.0,2026-02-02 20:52:46,,,3.6.0
2de630da-5374-4e5b-b3ee-f47a509bea83,Soliudeen Olalekan,https://play-lh.googleusercontent.com/a/ACg8ocJlNipVodXiEo2IJKyMBA3XYE355iDe6ysW44mULPpZCiLqgg=mo,"good app, best among the best...",4,0,3.2.0,2026-02-02 13:18:29,,,3.2.0
660c0b15-558f-4bc3-b8b7-6d8f6e5579af,Subhan,https://play-lh.googleusercontent.com/a-/ALV-UjX47zsEM4ej2yoLEgsu9z5wqm3xI8U0_-nnaf5dFQ6l0kraM9TU,please add widgets and general habits for life and the ability to add or make our own routines and schedules. overall great app i love it,4,17,3.6.0,2026-02-01 18:23:04,,,3.6.0
70fd0d52-bc84-4324-b49e-782921722840,Zahan Zakiya,https://play-lh.googleusercontent.com/a/ACg8ocKtM2ymgiSsGMRhpxyugXufuhyusEXz8MxKbba_0lvLd-uvAA=mo,Too much ads.awful,1,1,3.2.0,2026-02-01 16:53:54,,,3.2.0
76003870-f69d-4ab2-8e4e-222ce7969a5f,Mimi,https://play-lh.googleusercontent.com/a/ACg8ocJ-7eVjr0TT6THyVd55a3TfbOxoE2FDQpqSxVvazo2xjhPriQ=mo,Great 💜🙏🏼,5,0,3.6.0,2026-02-01 09:48:05,,,3.6.0
f49bd136-b318-4966-8dbe-aa315baa1359,Nura Abdullahi,https://play-lh.googleusercontent.com/a-/ALV-UjXr_CRZ5eO-69RE_QU3_lhJlRxYe_8BQfqyv8xNKpaM8OBf3v8,This is very good app,5,1,3.2.0,2026-01-30 02:47:57,,,3.2.0
f989a679-cd38-4774-a974-346b13861b32,Mamadou mouctar Sow,https://play-lh.googleusercontent.com/a/ACg8ocLl8J19UrJDKetrDO4Pwy5-aOuijKU0FYz2av8Bri0B2OUoMIk=mo,Just cute apps,5,1,3.2.0,2026-01-30 01:09:03,,,3.2.0
e1fb62b9-22c1-4b0c-a31f-38e46ed9c1d5,Eng.mostafa Nayal,https://play-lh.googleusercontent.com/a/ACg8ocJd_QukYqBSC2Ht2APku0V6KhJouKs1KGii8gnqPHnoWHZM0Q=mo,ممتاز,5,0,3.4.0,2026-01-29 03:36:58,,,3.4.0
12654cf6-20b1-4299-a849-0f97707dff11,Opus,https://play-lh.googleusercontent.com/a-/ALV-UjU-ftDmaulkachXxj9UkY7yPQ0LjLlcy5R-EJcyXCXaZbZNMUY,Ads,3,0,,2026-01-27 21:40:37,,,
0068727f-6355-4c4b-bbbe-e167c208e5a8,Abubakree Abodunrin,https://play-lh.googleusercontent.com/a-/ALV-UjV7fdUIZUF0xjk-WTWLYKcMiAgpVjE951m6RKUdLvd29LrLV3e6kA,Alhamdullah robil alamin for giving the developer this knowledge,5,1,,2026-01-26 01:00:37,,,
773099b8-c09a-4a89-81f3-bd5ac50aaa68,Nedved Muzzammil,https://play-lh.googleusercontent.com/a/ACg8ocK8kj9dbhLqjLXzvOulLLfxjxpncApxJU7ZRXC07CCffh-w-g=mo,good ap mashallah,5,0,3.2.0,2026-01-21 19:52:12,,,3.2.0
f3aee148-3961-4b5e-bbb8-f12709db2daf,Positivity,https://play-lh.googleusercontent.com/a-/ALV-UjVNzUUqUg7oL1dkJaTW7mj6WL9bQSDWSiT0Gc_gIuHnVHKgZn9s,actually it has everything . I liked it very much,5,2,3.2.0,2026-01-18 21:59:25,,,3.2.0
ec5f09aa-07ac-4c37-95b8-87eba1cb40d1,Nada Gad,https://play-lh.googleusercontent.com/a/ACg8ocI-T5uinGs_FizloC6bw3CiFOCGql3EOCvQdZFbwNWTj_Vzsw=mo,"At the beginning it looked good and promising but 5 minutes later I decided to uninstall the app because of the amount of ads that made the app not usable. Every time I click on anything, an add pops up!",2,5,,2026-01-18 04:25:21,,,
8642c266-05b9-4994-a171-b7297668d9bb,Nazifi Bala Zango,https://play-lh.googleusercontent.com/a-/ALV-UjX8s-16WmiaEUtcE5ZwBGbaPxSzi3Qiyo_y5W9DHymNYQju_vbYMw,a very good app for muslims,4,2,3.2.0,2026-01-17 16:45:56,,,3.2.0
95a14bca-ce87-4853-a54f-1ec88b112e72,Umar She Abdallah,https://play-lh.googleusercontent.com/a/ACg8ocIDqw_zKaeFa0HTK7Qo9huiPtrSPuEgznSn3L1or7m_gJ4n-A=mo,Islam ☪️ 🕋 🕌,5,1,3.2.0,2026-01-16 11:11:55,,,3.2.0
7c3a17f2-389c-4e11-b8c0-846032923de2,Olawale Odeyale,https://play-lh.googleusercontent.com/a/ACg8ocKhgeHakr9H3qbVG6bsgQrnaO6aQwbYPyPwQ0tkod-WLaVIlg=mo,great,5,1,3.2.0,2026-01-16 05:03:34,,,3.2.0
e97b0e62-3b02-4a6e-b1bb-3fa05c50f92c,NS- K,https://play-lh.googleusercontent.com/a-/ALV-UjV52Q5I40-SSBTFzWBV9jMONojZcC9Uu-jVkB2zQYujPAspashP,too much adds for prayer app... non sense...,1,4,3.2.0,2026-01-15 17:41:09,,,3.2.0
3f6884a4-4f73-4ea1-ab56-acc3827ddbf0,Faridah Ahmed,https://play-lh.googleusercontent.com/a/ACg8ocKwyGiQDCybxbszGqR7yJBVEZU2NIfL7Tg9_uowztPhXnvp=mo,good,5,1,3.2.0,2026-01-12 01:19:54,,,3.2.0
b3952909-4db7-4ed8-ad55-3f9488ef498b,Magarsa Dgg,https://play-lh.googleusercontent.com/a/ACg8ocLkGzKWJYiWYcwSXYKFROtUM8bSCGCg4MXlSB2DYsOvnoImlw=mo,boo koottu jimaa san fidi ! waan jedhu hin fakkaatuu ?Namni gurbaa kana beeytan share godhaa biraan gahaa🫡😍,4,0,,2026-01-10 20:42:19,,,
ade7d9d6-d285-48c3-b45c-581719c59dc0,KHADIJA IBRAHIM MUHAMMAD,https://play-lh.googleusercontent.com/a-/ALV-UjXgY4zR6ePD_kCtD83vdZBrDVB0bInfY0Be-syYrn5eSWl4c6xD,Amazing 😍,5,1,3.2.0,2026-01-10 10:20:38,,,3.2.0
b80a3ba6-f933-403c-97a5-6a113bf08961,Amhi Kas,https://play-lh.googleusercontent.com/a-/ALV-UjXx_p-wsuosAcdQ-cx_L8X-fvBXkb8GUpRKXUxjGmjJtUkLQso,Very useful app one should try,5,2,3.2.0,2026-01-10 03:54:17,,,3.2.0
56505b7f-ec73-4c26-8131-4aeeb000b381,Hussein Asheikh,https://play-lh.googleusercontent.com/a/ACg8ocKeFRU-JJRyHAG4zEXuIkqnHiyVsSf_0SCZXD-prTotSzBp6g=mo,تطبيق مفيد واستجابة ممتازة,5,1,3.2.0,2026-01-09 21:18:17,,,3.2.0
f1033cad-9c41-47d2-882e-98fddc4154e1,ikram ullah,https://play-lh.googleusercontent.com/a-/ALV-UjX5Vc-CI1JMWehH2ih61bWSjORMeGsU_AcZMlpmw3fa_BvVhpM,A very Good app but you have placed ads please make it ads free it will be for your akhirat...,3,4,3.2.0,2026-01-08 15:48:15,,,3.2.0
c70a9479-89ec-431c-a7a3-f0273b2bfd33,The Black Shadow,https://play-lh.googleusercontent.com/a-/ALV-UjU8A8xEkY73UERL6uU3R6VUx9Orw69L1oWx56HMU1aMc4pV0iIZ,very usefull for muslims,5,1,3.2.0,2026-01-08 05:39:37,,,3.2.0
80672981-9007-4689-8c6f-24f1c9ec25b4,Yaqeen Waleed Kamil,https://play-lh.googleusercontent.com/a/ACg8ocISTAdPsRgjmQ3g760inwsMF7IRnIkNppTjga2e1XbBsLS0Bg=mo,"Great concept but very slow performance issues ​Rating: ⭐⭐⭐ ​Great app but very slow. It takes a full minute to open, and ads make it hard to log habits quickly. Sometimes it freezes and needs a restart. I'm using Honor X9c; please optimize performance. I'll rate it 5 stars once fixed.",3,11,3.2.0,2026-01-08 05:30:33,,,3.2.0
85441244-d024-45cb-b8c9-a4f328cb9968,Akua Tasneem Coffie,https://play-lh.googleusercontent.com/a/ACg8ocL-vrkVQ11YyCjn78pgVDk-bJBGJ8QLR-xbAhavmE_-bQlHJQ=mo,l felt a big sense of belonging to where the Ummah has comitted devotees consistently ensuring all remained guarded. May Allaah increases us in Faith.,5,1,,2026-01-08 02:58:37,,,
4695006d-4f02-4226-9372-dd72338dcba9,Muhammad Kabir,https://play-lh.googleusercontent.com/a-/ALV-UjW9y1bZNanhTcpfEFkQTDl2YaRhzfYBTXQeh7yhYAzJTHzg_bk,Wonderful app..,5,1,3.2.0,2026-01-06 11:20:20,,,3.2.0
ec347268-b714-45f1-bdcd-4c374db6cae0,Sayed Hasan,https://play-lh.googleusercontent.com/a/ACg8ocKE60zdceAqHVrJUk7omNCtOOi5xcCLz_eU4Y9Ma7leigmXVw=mo,Nice app,5,1,3.2.0,2026-01-05 00:58:37,,,3.2.0
d2f2182e-4d22-4a06-808a-d6b472627325,Mahedi Kaiser,https://play-lh.googleusercontent.com/a-/ALV-UjX0MhSn37Z4DYhu__W4Za9X-6SOPdgoufwVTtRLQnA3CC_ZgCWGBw,"wanted to like this, but after I installed it, I was greeted by an ad as soon as I opened the app for the very first time. no welcome screen no nothing, straight to ads. uninstalled immediately.",1,5,,2026-01-03 11:33:48,,,
ab51058f-9b7f-48ca-9759-f76a9e0ec706,Abdullahi Hussein Hassan,https://play-lh.googleusercontent.com/a-/ALV-UjWYBzvFgHCN3_P8zcKCEH0L0ZIUjkuUa167x-uJrjeuWndQvw3d,it's nice app,5,1,3.2.0,2026-01-02 21:51:43,,,3.2.0
aab1518a-43fc-4514-9f30-519a99685519,Xia,https://play-lh.googleusercontent.com/a-/ALV-UjXCok9GpQY6UgPAff-p4eWU0Otfj5KIvf-KdreL6yk_ta4ZzZim,"السلام عليكم و رحمه الله و بركاته so first of all, love what you're doing the app is amazing, absolutely in love with the tracking. when I downloaded the app I had expectations and you fulfilled them. But the ads are truly too much. i can't open a thing without an ad popping up, and I'm not even exaggerating when I say that it's making the app LITERALLY unusable........ Yes there is a premium option but to young Muslims like myself, who can't earn and make a living, it's out of the question.",1,141,3.2.0,2026-01-01 08:53:54,,,3.2.0
e6bcf320-ecc0-4a54-a2d9-23fad13e8647,WB,https://play-lh.googleusercontent.com/a/ACg8ocIAMROeOC7eJdiegzwxYm6AJm_LZjwfok9DXJ1wdvu5rkfKuZs=mo,I don’t understand how anyone is supposed to try use this app when an ad pops up every second whenever you click on anything. It’s excessive,1,11,3.2.0,2026-01-01 06:59:45,,,3.2.0
fa30399b-d9e9-45a6-a2ca-ae0f76b99888,farzanah,https://play-lh.googleusercontent.com/a-/ALV-UjURJOUeoE2JyjB3eeib1EaaXfpsjml-Mqxeu1ziqjJuJzo3lpUa,"I love both interface and features. However, the solat time is not accurate. There's also one region available for my country which is a major problem because every region has different prayer's time. Hope you can fix this!",3,14,3.2.0,2026-01-01 05:32:45,,,3.2.0
8e930e74-01b3-4f52-b91d-127aa10be68d,Rizwana Habib,https://play-lh.googleusercontent.com/a/ACg8ocKIb6FeA6SsX_wih5gitxOgSYqmTvQbxIJena_PlLd_ZwsKAg=mo,wonderful app!!!,5,1,3.2.0,2026-01-01 04:44:58,,,3.2.0
9c8d913d-3eda-4739-aff9-38d267948c75,King fusein Mohammed,https://play-lh.googleusercontent.com/a/ACg8ocKN1I2QuHKG6IsHQiD46F2_cJMsWTpXe_2j7Mejyvls4Qu6VA=mo,yet to know much,5,1,,2026-01-01 03:38:58,,,
13e56717-d11f-45ea-8228-256f150b2140,Imran Sheikh,https://play-lh.googleusercontent.com/a/ACg8ocIbzLBII1LkNgFaStpV8AeVNP3dYiTfQpMR-EzBRXpScupgMPZZ=mo,Alhumdolillah,5,1,3.2.0,2025-12-31 20:11:04,,,3.2.0
a5d27569-b996-479b-8377-7e57bbbd8c96,MOHAMMED ZIHAD,https://play-lh.googleusercontent.com/a-/ALV-UjXfbjA67Ax7QjvtuIOJorh11LcVRxIyKu-8vx1OXBPIlt0OTXw,alhamdulilah this app is good,5,2,3.2.0,2025-12-29 22:18:40,,,3.2.0
3d44e810-fbc7-40b6-8b95-df07f3068014,Ammar Ahmad,https://play-lh.googleusercontent.com/a-/ALV-UjWskexVoOvW9opndyBdGvXmwN_Z6UDGEPo10kOkpfLXosj1bXtE,This is app is something I was always looking for,5,2,3.2.0,2025-12-29 02:31:27,,,3.2.0
2b388c01-aba9-4dd4-9ee6-e32c10eba811,Alhassan Mohammed wushishi,https://play-lh.googleusercontent.com/a-/ALV-UjUSuoFhb7bo4_OpzcOLx28cNmfK1jWz9I7R_ATXbUEnGm6eZdsO,it's a very fantastic App pls download the Application,5,2,3.2.0,2025-12-28 21:45:20,,,3.2.0
64d5a0b2-0b25-46fc-9379-2ca934fd99d4,Atiq Khan,https://play-lh.googleusercontent.com/a-/ALV-UjXWh6acv1oiP615_6L0UieT4q9_Z34976QU1-ta7FITjtzjIKAa,Good app,5,0,3.2.0,2025-12-28 13:10:12,,,3.2.0
bce02c49-dcdb-4004-a949-bab00a3d1d8a,سيدعل شيخ,https://play-lh.googleusercontent.com/a/ACg8ocIKjiNYrdV5at_k4RceGc0UbUeHf209_RhUVCNL9vnmQ--KJA=mo,asc,5,1,3.2.0,2025-12-27 00:44:01,,,3.2.0
d92cccf2-2929-4956-9d99-c1fa18c86781,Shuaibu Audu,https://play-lh.googleusercontent.com/a-/ALV-UjUogaDe09nRedmQYoQYS815yx6Sy-ZSxnub3933s9nS6nRdsPQ,"yes..love the app hoping it will give all necessary need to make someone boost his ibadadth at a time., by mare looking gadget software arrangement in it.",5,43,3.2.0,2025-12-25 06:27:11,,,3.2.0
e5c62497-bf71-48c1-8bd8-8f967343e036,Arshiya khan,https://play-lh.googleusercontent.com/a-/ALV-UjXSEiONp_izZ4mHdHrTfbyXiOuLym3VmfGswWr2_adSn6J4CdCV,very bad instead of tracking your zikr it takes to you to play games and completely distract you from your deen .waste of time,1,2,,2025-12-24 20:44:04,,,
189dc5cf-46cd-4576-8b5b-6f349bfc372c,shukri masoud,https://play-lh.googleusercontent.com/a/ACg8ocLhFzKm_PvWlgD_fG76QNapP4LN4Ew1aS2WgXsxHnwzYQ4iWg=mo,nice and very helpful this app,5,2,3.2.0,2025-12-24 03:30:30,,,3.2.0
c27c3583-0cd3-4620-bbc6-cccde870b5c8,Kids A S Educational,https://play-lh.googleusercontent.com/a/ACg8ocLgqqf2QDuDgnvRsTSGp_JUXuC8ij9p0C_5jG2K7CNOqMgyMA=mo,bahut khubsurat App hai Dil khus ho Gaya,5,1,3.2.0,2025-12-23 15:25:54,,,3.2.0
6a188521-0a08-4b3e-8cab-b6c72fbe316a,Ibrahim loguma Abubakar,https://play-lh.googleusercontent.com/a/ACg8ocJAtN3E_0s27uMCl-18TpR0EIhjlzXssjkuopFkUFsFK1WhDME=mo,good,5,1,3.2.0,2025-12-23 13:19:11,,,3.2.0
e8814a91-0cbe-4a30-808e-b8d86503ea1d,Jebril Lumangkibe,https://play-lh.googleusercontent.com/a/ACg8ocKrVDTJ1d7ghTtmaI_hC0ddU_5JyQSPrx-MWHCNUDiT4doeJA=mo,Alhamdulillah,5,1,3.4.0,2025-12-23 12:56:34,,,3.4.0
67fbb7bf-a8e9-43a1-b812-5ecfd3ec9f73,Ssembajja Shafic,https://play-lh.googleusercontent.com/a-/ALV-UjVkPhaLNVdiImKMRTz17Zdrq0MwPU2i2TJVLioYYlW8_Mi0660,good,5,1,3.2.0,2025-12-22 17:47:25,,,3.2.0
0908d315-204d-47e7-a18e-9098420aa0b1,Revirmeo,https://play-lh.googleusercontent.com/a-/ALV-UjXeuLzcxBLWwRYkkgmCasRfnGzjz1DG42AAHJeFqx7ksaSCrbTV,"I'd say it works great comparing to the other islamic app I had, it admittedly didnt load for quite awhile one time so thats why im retracting a star, but other than that and the ads, I have no complaints.",4,10,3.2.0,2025-12-20 21:38:19,,,3.2.0
219172d7-c79b-4c1a-b7d3-a29ff2b4b156,Aslani Ebra,https://play-lh.googleusercontent.com/a/ACg8ocID54Myjm_qQQMzX28BtYrRsvfcTFRKRtlemrtMWeunzeXT5w=mo,Rate : 5/5,5,1,,2025-12-20 17:13:09,,,
5c073d2b-1426-4761-8f72-7604e0806138,Qari Shuaib Ur Rehman Shazli,https://play-lh.googleusercontent.com/a-/ALV-UjXrqqx_6KzvyTCn6DR21zvg_hF4uJ8cGv8TCSRzCddWuxvwWWY,best,5,1,3.2.0,2025-12-20 08:30:25,,,3.2.0
b76012d9-8844-4f85-b29e-41e454919092,Safarin Samsudin,https://play-lh.googleusercontent.com/a-/ALV-UjXMx9IsxTYzOumgkpLrCr7BgaS8noVdz5r1DS1I-VDrns-GJRVq,Way to much ads. every click.. every page .. Will prompts ads. wasted of time,1,5,3.2.0,2025-12-18 14:45:54,,,3.2.0
bfb66459-e4e1-4712-a193-c65d08e691e1,Hauwau M Sani,https://play-lh.googleusercontent.com/a-/ALV-UjVr2iDpt3mFZ8unfQW95E5CT64ixV_J-g2xJlSvkESvb6yHuCAd,gaskiya ina jin dadin wan nan App jazakallahu khairan,1,1,3.2.0,2025-12-18 10:47:57,,,3.2.0
b1eb992e-44c9-4835-bd6f-d4af8649f65b,Meharbanu Meeyakhan,https://play-lh.googleusercontent.com/a/ACg8ocKoHP_j8EEETydFrvzZ65IB1cMkY0HUSLUDuDdfC_HS0tjlDQ=mo,jazakallah,4,1,3.2.0,2025-12-17 18:11:47,,,3.2.0
6ab0cc4c-b17d-4188-a17e-f4c12497af1e,Abu Bilal,https://play-lh.googleusercontent.com/a-/ALV-UjXvJ8IGSTfyrskhNZfyuTw0m4TbQsfCFhZK-IjG_pgW9P0Q0yFDWQ,very useful Islamic app for daily life of Muslims,5,3,3.2.0,2025-12-16 19:49:15,,,3.2.0
5fbcc100-39fe-40a6-9a20-277c80991a78,Hamza Butt,https://play-lh.googleusercontent.com/a-/ALV-UjXYoBom-6RVOPzPXeT9uLWY-b5Q4eMAQiQmUHeWXm9FLEXKqmGw,Mashallah Subhanallah,5,1,3.2.0,2025-12-16 00:34:54,,,3.2.0
95dfca51-ba7c-436e-b0d2-914bf60c5437,Mona Lisa,https://play-lh.googleusercontent.com/a-/ALV-UjXMsOrAIM9RtRz77Ow7QEtp0-c6kG6D3_kq8l86JIpZCumjTCCU,"too many adds. as an Islamic app it shouldn’t have any gambling or games add. dispite of add everything in this app is very simple and wonderful. And,it takes longer time for opening the app. i hope you will consider these two problems Adds and App opening time.",2,14,3.2.0,2025-12-15 23:03:31,,,3.2.0
b13655fd-6320-4874-a387-caac563bf60d,Muhammad Yameen,https://play-lh.googleusercontent.com/a-/ALV-UjXI7sQRLLY2IBpruaJcZe9H5dji1FA0PErgC-D2mSImwGhQmx9O,Very Nice Good App 👈👉👌,5,2,3.2.0,2025-12-15 08:34:40,,,3.2.0
085b636d-d730-4193-b391-dd85dafd0596,afrah jaleela,https://play-lh.googleusercontent.com/a/ACg8ocJtPm4YyIrEsQ7Cp2DMr63Tsvg1BfBdyLHgqGkOTZyiuoMjog=mo,Alhamdulilah I loved it may Allah reward you for making this app... It's really helpful 🤍,5,3,3.2.0,2025-12-13 01:38:31,,,3.2.0
82f6a5f8-613a-4aa9-afaf-16e4219e04ca,Yunus Abdulmaleeq,https://play-lh.googleusercontent.com/a/ACg8ocL9U04U5PUNpzLLl06TRr87Aikb-Vy7exuTBMp3sAYHu2fBXQ=mo,good app,5,1,3.2.0,2025-12-12 03:32:19,,,3.2.0
0bc9a17c-5bb9-4aae-9500-c486beb80373,Rayyan Siddiquee,https://play-lh.googleusercontent.com/a/ACg8ocJlzdtnKW86FqlE47BL44d9nZb06GYBWRKALLIRRV1SiTChfA=mo,good,5,1,3.2.0,2025-12-11 22:35:19,,,3.2.0
13aaa605-9617-4b37-8220-ee9b9a92091d,Khurram Rashid,https://play-lh.googleusercontent.com/a/ACg8ocJYxNm2UcaPKdnELcJbtMdNvaV5ELueTgxiY5ObgFRPVHvHfg=mo,"Salam team just to let you know in Alif Baa, there is an incorrect pronunciation of د ز and ط ظ please correct that",2,28,3.2.0,2025-12-08 23:02:49,,,3.2.0
28c45632-2c86-47fa-b9b6-37136c25cd61,Fatima El-faruk,https://play-lh.googleusercontent.com/a/ACg8ocJLG-uhgyaQV2h7Q_q9w_5EYcOvzr3j5hjnlj7LEbKJfBiXgg=mo,I just downloaded it and in shaa Allah It will not disappoint jazakumllahu khair,5,3,3.2.0,2025-12-07 08:39:36,,,3.2.0
42a169fc-1731-457c-9048-ccbd3b49db1f,musa adamu musa,https://play-lh.googleusercontent.com/a-/ALV-UjUhtSwTNZ9mVH-zIrbKzSzjJzcrWr7ZETc5NHB_UY2fq1-6daJI,the experience with this App was wonderful,5,2,3.2.0,2025-12-05 14:28:02,,,3.2.0
4028272b-9d38-494c-b3fa-0d992847b973,Rashid Makokha,https://play-lh.googleusercontent.com/a-/ALV-UjVR1MgH17XDSQWC9EJq4Ky4cQnEYd1NGEIPceoBxO27AN-iIKmZ,good and easy to use,5,4,3.2.0,2025-12-05 08:56:42,,,3.2.0
c3e16430-92fb-472f-a8d1-a59530f3307f,Ehab muhammed Muhammed,https://play-lh.googleusercontent.com/a-/ALV-UjVxLWHRWILS8voHxHe8ptofTJ68r4I3PuYC6lkBPeCr2MD-iZ7Y,very good app and usefull,5,2,,2025-12-04 13:01:21,,,
2161c3ad-fe0b-4b89-b1ad-5da8f05dc2e5,Abdelmar,https://play-lh.googleusercontent.com/a/ACg8ocIgVcQQ64SmweYJ22XzaShVcOJryPLktpc-nTT2YRCJikKfUA0=mo,very nice,5,1,3.2.0,2025-12-04 06:47:30,,,3.2.0
aba93e8d-7267-4022-a87b-67bedd678d2c,Ruhan Khandakar,https://play-lh.googleusercontent.com/a-/ALV-UjVLhIqoXMBu2I0t6q5U9WjYJQpssXvaPqES5SO8ieElDogCQMF-,do you have iOS App as well ?,5,2,3.4.0,2025-12-03 18:52:33,,,3.4.0
1d323025-f783-47d2-898c-29e8ddd84efb,Abdul Hassan,https://play-lh.googleusercontent.com/a/ACg8ocIHIFL3fC7eKOPPemp5sl1yPKbzwHDF6ZwlO6hnIYlgo8SwwA=mo,Very good app I like it,5,2,3.2.0,2025-12-02 10:08:56,,,3.2.0
29f98226-28df-4a45-ab59-a541c5e78cf9,Asma Tahseen,https://play-lh.googleusercontent.com/a-/ALV-UjVvAql8wl35tQ1gAljDgTDoe-GwZ6eOpaqDQorOpaL0KcRHt5Sa,it will be more helpful if u add tahajjud salah also for tracking,5,2,,2025-12-02 09:01:52,,,
bb2fc00f-cdbf-4882-8720-30401fd2e12a,Alamudin Ibrahim,https://play-lh.googleusercontent.com/a/ACg8ocKuw8sn0jGbSDp992Vv0o0gFhpOkxsVvgwDfCzgmS_JGyfS-A=mo,I like this app,5,1,3.2.0,2025-12-01 23:46:40,,,3.2.0
1dc12cb0-169f-4259-93a5-716969200f03,Hon Jiya,https://play-lh.googleusercontent.com/a-/ALV-UjVUDlkBoqYQjlMx5OTuWZ_ZEnCMRpc17EsMlRY80XQ-6us3oxMV,expert,5,1,3.2.0,2025-12-01 13:44:16,,,3.2.0
e180367e-f824-4473-ad59-928a06f65ceb,Yusuf Allie,https://play-lh.googleusercontent.com/a/ACg8ocJp03eFBI7jGJzOLdeorYSL3NTdsKHoABC5tOxVB8QYsVWZLg=mo,"Very good app, just struggling with Qibla",5,3,3.2.0,2025-11-30 09:43:55,,,3.2.0
ef63b2f4-395b-4f7f-904a-f254ccf0d7f4,Mohamed Tshira,https://play-lh.googleusercontent.com/a/ACg8ocJcdx0CMoN_rJXAlsrGpAuHqU-H4CTWFZCetG8Jte9Hm6B-nw=mo,"The idea is good but unfortunately ads are too long, and alarms are random",3,3,,2025-11-30 04:31:32,,,
af70d403-9c3a-496e-8a1c-5d27bbdfc055,Yusoftsultan YusoftSultan,https://play-lh.googleusercontent.com/a-/ALV-UjVPqH9XDhHHCNXpidSOkVFFbP35PyHPc2_DNTpGlqxCIe0X2sw,HI thank you (GOD),5,1,3.2.0,2025-11-29 11:17:35,,,3.2.0
ceaf5e4a-5afd-4389-88a5-020b80124000,kalaw Mohammed,https://play-lh.googleusercontent.com/a-/ALV-UjUX-ppNb9Udr-CD5w3s3AM7jhiaphrdY84YysnFmefZr86wXzt9,Sunnah sak,5,1,,2025-11-29 08:02:56,,,
69aec626-677e-476d-bc06-f51d9bb6895d,Handy Dannu Wijaya,https://play-lh.googleusercontent.com/a-/ALV-UjXTV7l28MmWT63_0lqF3W3FMbEV1P3c99ivJJBmd2utVtyEARJG,"too many ads, how can i prayer while there are ads keep poping up",2,4,,2025-11-29 03:14:20,,,
76e5f5da-cc0e-4ce9-a68e-bb3d67c6a009,Jakir Hossain,https://play-lh.googleusercontent.com/a-/ALV-UjUD4LehsOCnwLEfH6BBUKlv_H_jdMlSgGnXv1qUyb9_t9pxqlJ6,mashallah very very good and helpful app,5,2,3.2.0,2025-11-28 13:27:43,,,3.2.0
15d842a9-626d-4904-a0c6-8d18f0e6ad3a,Ahsan 007,https://play-lh.googleusercontent.com/a-/ALV-UjXN626fQlx9KeVxXx4fd2dupihd21YeZMU-ojW-PN_xuVZ9JdA,best app ever,5,1,3.2.0,2025-11-28 03:51:58,,,3.2.0
7467ec93-d127-4533-ac68-22286b072387,SIDIIQ BAXNAANO,https://play-lh.googleusercontent.com/a-/ALV-UjX9nYKQY4Mhe5Ka_WNKWiS8xbFwxQAh9MCx16l0-Jfzf6ZByPINvA,great app,5,1,3.2.0,2025-11-27 09:15:38,,,3.2.0
146837b8-a2c8-470f-81d7-f5114be4a17e,Musawar Ghani,https://play-lh.googleusercontent.com/a-/ALV-UjWvYpBhyYRYHEa5jcB-w0QBKg2gJqI2kg8AccpJuwczGn2AT4MzIg,very nice aap in world,5,2,3.4.0,2025-11-24 11:53:16,,,3.4.0
644e154f-a465-42eb-8b6c-a505c136fbd3,shawel getahun,https://play-lh.googleusercontent.com/a/ACg8ocKdPKvWKIPfV-05x9i3wgbTdMAwEZVCcErmlJ6pzEuJGXRoBA=mo,ok,5,1,,2025-11-23 22:26:18,,,
f256a210-964f-4c15-ac52-a9a5c5bafea3,Ry loft Rehan yousaf,https://play-lh.googleusercontent.com/a-/ALV-UjVSpTZarkQjcV9P6SM332ECZJVGIFkSw2yHJefBAy_9Ih93XY64,Amazing app very laran full,5,2,3.2.0,2025-11-22 22:41:33,,,3.2.0
ad792a24-dae6-48db-b9b4-de8df9285bb3,kaweesa,https://play-lh.googleusercontent.com/a-/ALV-UjXGIWubB8DagBT8-J2xdtXsYsHsVYDj326OpVwfAHiqXCKULB8O,nice application Islamically and I love it.thanks management.😍😍😍,5,3,3.2.0,2025-11-19 21:46:44,,,3.2.0
7163eaf3-a0ae-463e-a977-203c75fed01b,Muhammed Jaseel,https://play-lh.googleusercontent.com/a-/ALV-UjVoX3ZfjCPhZupN_EQ52-IW8rR3IOLK7iqoc-iajioA7sK0rzDECA,Irritating ads,1,1,,2025-11-18 00:45:41,,,
8f51e4c8-fef1-4c57-8a07-9d5bd63cafb2,Mwarua “Hakika Ali” Ali,https://play-lh.googleusercontent.com/a-/ALV-UjXiBeurG0X-1at11MSeLjKwcD3-fXq-sOm68ll_dRvox2l-PeEcJQ,good,4,1,3.4.0,2025-11-16 22:25:01,,,3.4.0
bb2e9325-8e30-42bd-9f2f-90f6a9278dca,Sebahat Uzun,https://play-lh.googleusercontent.com/a/ACg8ocIAlUFN5u6CnX5PxKKZyItiMHDEv6JqPdUOekd9A8Cy0b-X-w=mo,theres too many ads but it's really good better than every other qibla apps,3,5,3.2.0,2025-11-15 23:21:33,,,3.2.0
ea126489-3995-4958-9747-66dba71a5397,mulham shukri,https://play-lh.googleusercontent.com/a-/ALV-UjVMAYjJKnuAaHm4e52-57zJ9CiO8PXcYCprgmNVX0JyBlpQpjPo,nice and useful application,5,2,3.2.0,2025-11-13 22:18:43,,,3.2.0
cb191c2f-0b0f-4381-8471-db7ce447e81f,Shahista Zahoor,https://play-lh.googleusercontent.com/a-/ALV-UjXNZh0_icF_m4jSr_UbzlCPhejJp2Ob2j5qj3QdtjRsrmAYxvk,alhamdulillah nice app,5,2,3.2.0,2025-11-13 04:27:36,,,3.2.0
4b743deb-2f39-44d0-83fd-78efae18018e,amu Yaser,https://play-lh.googleusercontent.com/a/ACg8ocKzNqttzTavpmw3uu48wSbJJNqBbFofPX5fY_U1QLtGowLaQg=mo,good,5,1,,2025-11-12 15:07:55,,,
d3ea0107-0c28-4f8b-847e-fcf60fb5a824,Sabina Shahnaz,https://play-lh.googleusercontent.com/a-/ALV-UjVghe2YUR_CS6-zjrZyj7pB6Clv3cH3e4h_eQlfsvthn7WFHdbS,Solid app for new Muslims and practicing Muslims. And also for the ones who are in the middle of it.,5,71,3.2.0,2025-11-11 22:38:51,,,3.2.0
3e71b087-a1ac-4077-a73a-79647615b664,Ibrahim Sunusi,https://play-lh.googleusercontent.com/a-/ALV-UjUFWsKujcQFQc4f6gf9Nv4QnoCYHTdR_6PS08HPoNCMsQ92330,trusted and good,5,1,3.1.0,2025-11-10 22:17:15,,,3.1.0
d848907b-2026-4039-8bb2-94be327b44a0,Shinta,https://play-lh.googleusercontent.com/a/ACg8ocKhx1qoZ3BuTTLOS1DPnhWZgSeUq0vN3Ps2FOxAMcSmiDfM4Q=mo,very helpful,5,1,3.2.0,2025-11-09 22:15:04,,,3.2.0
03d2f27b-4f82-4fcd-a975-9be22e0f3705,sophia awol,https://play-lh.googleusercontent.com/a-/ALV-UjXMMZhGTSdllkZJxl-VQ5l316TVjuC6VAyOgAJVouFFCyCi7Os,so nice,4,1,3.1.0,2025-11-07 23:12:03,,,3.1.0
197b4c06-e498-40a0-b7d9-42352f69199b,Mohamed Ijaz,https://play-lh.googleusercontent.com/a-/ALV-UjXLx_J4MHCE_hbN8NOHZKzj3LOy28OQNw_BRFeXZNlmhjKuYE4,excellent,5,1,3.2.0,2025-11-07 20:39:47,,,3.2.0
7a0649cc-d566-403b-b4ff-64430265a78b,Hussaini Muhammad Aliyu,https://play-lh.googleusercontent.com/a-/ALV-UjVsD4z262F1WQ3VllZ19Ng3fShRMJVM_zyLPsRm6XyzMu2QI7s7,Alhamdulillah for this wonderful application may Allah reward the developer of this application and all the teams. Ameen ya Hayyu ya Qayyum,5,18,3.1.0,2025-11-07 03:32:46,,,3.1.0
7808ddc5-4e7e-44e1-bdfd-9fc6922f0b41,Bilkisu Yunusa,https://play-lh.googleusercontent.com/a-/ALV-UjXt8qGcZ89iPRaEvLJHEUeVXf38IZwauzNVlpj8Sk87FJuqIpq_,it's an amazing app alhamdulillah,4,2,3.2.0,2025-11-06 18:39:31,,,3.2.0
88c84c19-ac04-4235-9e0a-c0e69ffcd34c,Ayman Lasgues,https://play-lh.googleusercontent.com/a-/ALV-UjUvNBh3iK49RRmBvNfLfxnHZxKuorB2E1dWN33qdDCylnzbtCLq,The App is very useful But Unfortunately I see pubs upon app opening twice and the subscription screen always appears first,3,3,,2025-11-03 22:25:34,,,
77b92707-6d32-4e0c-b79e-b4b32e3f27fd,Mahira Malik,https://play-lh.googleusercontent.com/a/ACg8ocKo5YiqSA0P6X7aUG6AXDIhFd6IrngpiVU9Kc15ZiqBdVv-6Q=mo,بہترین app,4,1,3.1.0,2025-10-27 15:46:54,,,3.1.0
982cbeb7-0cab-43b2-80c4-b0f053630e17,m. saber,https://play-lh.googleusercontent.com/a/ACg8ocIpmqVCy-cdfHmjKmdDLShslqMWoes-aR_Vw-IXAaAFzBuXpg=mo,very good 👍,5,1,3.1.0,2025-10-26 20:48:33,,,3.1.0
73908578-67fb-4a89-98fa-4b4c4bda1039,sinan.w,https://play-lh.googleusercontent.com/a-/ALV-UjVsEwF7CUWy-dJJeAwxzmXnYamNL0UoVEmYi4K1BlYlRiM4Sg,"the best out there, to boost ur imaan",5,0,3.1.0,2025-10-25 21:59:07,,,3.1.0
55643fe9-910d-4b49-b544-a897b642fc63,mian usman,https://play-lh.googleusercontent.com/a-/ALV-UjWKYZV7bGwRgL3_C4OrBDUlUf8Q6PLG5AWnftAcFty2EkZiV9EHoA,mashallah acchi application,5,1,3.1.0,2025-10-25 01:13:09,,,3.1.0
771c688d-4d47-411a-96ae-2c41ec587844,Asadbek 2020,https://play-lh.googleusercontent.com/a/ACg8ocJD-gaH88PyqOFJrqNHbgLkz8uo2qSc1KPoS6-3DBhviH2X6g=mo,zoʻr,5,1,3.1.0,2025-10-24 10:53:30,,,3.1.0
50a3e2d3-7d57-458a-bf30-80b5f4862cf0,Marion Nthiwa,https://play-lh.googleusercontent.com/a-/ALV-UjUXOD-aBQri5J9csLZj-sp0LsL-81GdsMrcfa48eJWbcJhpLb-4nQ,"very much good,I like it",5,2,3.1.0,2025-10-24 01:18:53,,,3.1.0
192cdcd0-c02c-4ae4-9596-bcecd23a8921,Alikamat Yakubu,https://play-lh.googleusercontent.com/a/ACg8ocKJfapybGElU2_EmlHH0sffNs1pX79HgCX0EvVfzMXBpJiJ=mo,Good,5,1,3.1.0,2025-10-22 12:05:58,,,3.1.0
23d19c28-0803-4d06-b4a7-2743009bad6c,Fahima nishita,https://play-lh.googleusercontent.com/a-/ALV-UjWxntsto4_WxQSp9fesSaCd523gdV80i6gekdHk2AZFBg2Ke50,"i loved this app before Update,.but when updated Become there was a option where i can track my prayer in every salah individually now after update i couldn’t found the option anymore.So, I'm upset for that. If anybody can see my review then Please Check it out. Neither ig i wouldn’t use the app anymore. I'm badly seeking for the option.",3,15,3.1.0,2025-10-21 12:49:28,,,3.1.0
0d1075f9-ce60-49f3-89b1-2c952575d2c4,Sladjana Ilic,https://play-lh.googleusercontent.com/a-/ALV-UjW4wvZ8VO84hlNP3dKIm5XXmCCUX-aJMW2NfAvIBIO3nrJwQbo,ok 👌 ☪️☝️🤲,5,1,,2025-10-20 23:43:18,,,
254ddcc0-42fd-49f2-a71f-1ef1d3587d27,Maria Punongbayan,https://play-lh.googleusercontent.com/a-/ALV-UjU1VWdJLLR8IwozcRsbAelxIPW46xeJlDFBzr5jsa4uHGj2IBcJ,Good,5,1,,2025-10-18 16:17:38,,,
a31ee375-bd53-4c7e-914a-3ab33116fbfe,akanbi rahman,https://play-lh.googleusercontent.com/a-/ALV-UjXMJnIsooDXMkio34gBoLK2NUy-NB40s3yTsq7yLKFfNi4gE_yR,I seriously love this app not like others.. so unique and friendly use.,5,11,3.1.0,2025-10-16 13:20:40,,,3.1.0
2eb4d94c-8351-4ec4-8b01-958de61ea2fe,Tajri Noor,https://play-lh.googleusercontent.com/a-/ALV-UjXM0ic8sseLzu9yhCICqmB18qDhurBIpUMueJFAJM-9z9mvg8mU,i decided to buy the pro to cancel the ad but damn in the all menu tab there is till banner to buy a pro it's just stupid even when i clicked to buy again it says errors because im already in a subscription lol,1,12,3.0.0,2025-10-12 19:06:42,,,3.0.0
620b3234-0c80-49f8-ba93-39686074a84e,Lalasa Walikar,https://play-lh.googleusercontent.com/a-/ALV-UjXiApSTHO_15fEfujJpUnLjcug5bqXWsN3CkVBhMD5I38cAqEfJ,super,5,1,,2025-10-06 23:40:59,,,
20a204e4-764f-4a49-a17c-8539223fa851,Maria Maria,https://play-lh.googleusercontent.com/a-/ALV-UjUlnvN_3TvvBCNvOxWUQvz4TsBS8iOWaRkMGlBe-GZ615o9626hzQ,please Stop showing ads,4,2,2.9.0,2025-10-06 07:07:57,,,2.9.0
8851937e-2d64-47e0-b84d-6f93b43e24f1,Yasmin Merige,https://play-lh.googleusercontent.com/a/ACg8ocIP9WJBQzyWeyw_Pjz6SEAGrGz5dwd1FsLfsxKvuxmiHaPN9w=mo,great,5,1,2.7.0,2025-10-06 06:20:41,,,2.7.0
8568d700-ab27-40a5-959a-0c988e506989,Jibrill Mijinyawa,https://play-lh.googleusercontent.com/a-/ALV-UjXQ7NR3K1Ie9PxF6m2OKMebL1Kjkm8RvWKAvryDKO4A7uuQXvk,This is a great app for all Muslims. It is reach and easy to use. Jazakallah.,5,3,,2025-10-03 16:12:50,,,
da8080b7-fdb1-43ad-9c36-2a08334aba0a,Rashida Awal,https://play-lh.googleusercontent.com/a/ACg8ocIveVmMZQElfKMM6gfkWyfX02-VgxMp61ZF_CuPumplCA6yaA=mo,"this app is really helpful, it has everything I need thank very much and I will encourage many people to download it it's really helping and it's also an interesting app. thank you",5,97,2.7.0,2025-09-23 20:03:19,,,2.7.0
68b99a5e-b942-4b78-8abe-5be44ea4154b,Sam Ih,https://play-lh.googleusercontent.com/a/ACg8ocJ4Xut3iJYZ9gFOSVGzXYkAzWu1ne-neXnr6UxSK4wEom2IKg=mo,worked well for 2 weeks then it started crashing.....can't open the app,2,5,2.7.0,2025-09-22 16:47:35,,,2.7.0
7500c1b9-149f-466b-996c-07fc8255c324,Abdullah Kamal,https://play-lh.googleusercontent.com/a-/ALV-UjXq1gth8h10ujX2NYOAkv4nF5vvOMGZXFLd3cAr34vVPSSRlIS8,Perfect App.,4,1,1.7.0,2025-09-22 12:18:30,,,1.7.0
16f96790-28b1-4091-b3f3-6bcb3ec0ecdc,Anas Raja,https://play-lh.googleusercontent.com/a-/ALV-UjWOJgush9vz3N6IKHcEj-Wpq2KMK903kvLHyRe7KQDojzgInVIa,"This app has many Quran mistakes that should be fixed. Like in surah Ala, there are 2 mistakes in the 1st ayat which made me switch to another app of quran. I really felt bad and a strict activations are required.",2,12,2.7.0,2025-09-21 06:49:38,,,2.7.0
f57ffdfe-a57c-4084-8985-2de90a40a692,Alhassan Radifat,https://play-lh.googleusercontent.com/a/ACg8ocIILZd6HNx8Myb0KRDL1kX0_ubCqRvJY8kUjAhNVyDAnteYeg=mo,the best app ever,5,1,2.7.0,2025-09-21 00:54:05,,,2.7.0
f31e8ce7-f1fd-4488-9442-7758ea2377b3,Waniya Osama,https://play-lh.googleusercontent.com/a/ACg8ocInHAzVU7bh6oJq10xud2GHY4Aqrkt1yxZvIQpBF_jy03QOCw=mo,bhhiii kisna bola tha iska new version Lana ka lia bas adds h aty rhata haa.. or bas Calender daldia roz ki namaz pora mons ma kis kis time pa ho g... issa achaa tha phala wala version tha jisma ma ya thaa ka konsi konsi namaz phr li ha at least kaza namaza tw pori ho rahu thi... ajeeb O areeb features dalka new version bana dia ....,1,1,2.7.0,2025-09-20 00:48:31,,,2.7.0
7916ea4d-47d4-4461-b6b3-c81427721f4e,Zuu. F,https://play-lh.googleusercontent.com/a/ACg8ocKUy_OI73s-owvguGC9mrmb8Xz8wxsrlKzhs6p2Uxm0MmREnw=mo,beutifull,5,1,,2025-09-19 20:15:01,,,
b008df68-6dd7-43f1-8712-d30ed7ae93c7,uc store,https://play-lh.googleusercontent.com/a-/ALV-UjVmHkuUxYdrFHt-MpwhKdVoSFt9vR-oF-z0br9AbpTsIdrBhSM2,astagfirullah ad,1,1,2.7.0,2025-09-17 23:55:08,,,2.7.0
a5533194-bba4-4b63-8593-ebe98a4feabd,Azmi Saat,https://play-lh.googleusercontent.com/a/ACg8ocIaigG1LRC7d4mo5hws0mjJbYcIsnrLyObR_5IS7fr_xw71bw=mo,good,5,1,2.7.0,2025-09-17 04:30:52,,,2.7.0
21c86e30-cf1b-4b27-ac99-e2a62abc758f,Khalid Muhammed,https://play-lh.googleusercontent.com/a-/ALV-UjWtgB2JFlZ5UFxjv8-t5wAwgwccHrBhxOG4ZRxWZl5WRBzPgwA,"it's awesome, but i would like to say if the app could recite the hadith and duas for non Arabic people like me.",3,6,2.7.0,2025-09-16 13:40:15,,,2.7.0
4ce244e6-7b90-4e3f-9d77-7d7dd6bf567b,Hamidah,https://play-lh.googleusercontent.com/a-/ALV-UjXdLraDJgUpKtcJEJssoesMc1nt2-YbAqdBtPKiixAczrlOXyTIFw,"It's the best app.Is even has Alifba lessons,I looooooove it",5,2,,2025-09-14 10:00:11,,,
d8d756e8-6be0-4ccb-9a98-061cb6ea0f68,FahmedaHonor,https://play-lh.googleusercontent.com/a/ACg8ocKFCWWMX8gGZ1uQHmQUJ33m_65TEJg233RF4g4fWw_E5q0sDA=mo,where is prayer tracker in update version???,5,2,2.7.0,2025-09-13 19:34:43,,,2.7.0
ac129490-389a-465e-b052-072da77e123f,Md nirob Nirob,https://play-lh.googleusercontent.com/a/ACg8ocIoAjGgqyqy_e7uzeeY6BOvWw6hrAkQk5jpcxgZlSM8VotBsg=mo,good,4,1,2.7.0,2025-09-13 04:09:09,,,2.7.0
63ee0967-344e-4941-810f-f7fa02f4d25d,Saima Rizwan,https://play-lh.googleusercontent.com/a/ACg8ocLXLqa2KtnkBvlvG-3COylVTi0DBwZqrdszoTK-f4RaPPVgFA=mo,y app mujy bhot acha lga but ab update hny k bad mujy smjh ni aya q k es m peryar traking mens(namaz dairy) thi ab nahi h kindly peryar traking add kr do please,5,0,,2025-09-13 00:59:30,,,
7704e7d9-cec6-45f8-ad04-394ff73baed9,zobia khan,https://play-lh.googleusercontent.com/a/ACg8ocIqZbLA0NG2D1w_cFvNZJReWRFwz_sAImXaNet2-lSxfh5ufQ=mo,"it's a good app. I used it to track my prayers of all five times,but with this new update I can't find it or it's not been there. That's the main reason I used it. please fix it",3,7,2.7.0,2025-09-12 19:30:21,"Hello, Thank you for your feedback. The issue you mentioned has been resolved, and the relevant updates have been made in our new version. You can download the latest version of our app and use the Prayer Tracking feature again. Thank you for your valuable feedback and for choosing our app. Best regards, Mortys Games",2025-10-08 20:48:27,2.7.0
26b825c6-cea0-43a9-8980-6558f1c68bc2,Daniyal Ahmad,https://play-lh.googleusercontent.com/a/ACg8ocIjlfraA-6tx2FJk7E-BN3R701wpX-UqddprlXQpaFwAAD-XQ=mo,please tell me where my prayer tracking icon is in the latest update otherwise I will lose all my prayer records . please must reply to me .,4,4,2.7.0,2025-09-12 12:01:18,,,2.7.0
00d1a39c-9c2b-49d9-ba4f-f367f2c2ecab,Qurat ulain,https://play-lh.googleusercontent.com/a-/ALV-UjW_ulZUBd9zxPIZJYDVIA1cEueX9ecm_JTDENhR9b590ZiZH84I,"I used your app because I was able to track my prayers, I can't find my previous namaz calendar I can't see how many prayers I offered and how many are left to offer!",2,13,2.7.0,2025-09-11 23:45:31,"Hello, Thank you for your feedback. The issue you mentioned has been resolved, and the relevant updates have been made in our new version. You can download the latest version of our app and use the Prayer Tracking feature again. Thank you for your valuable feedback and for choosing our app. Best regards, Mortys Games",2025-10-08 20:44:24,2.7.0
bf49b6b7-7498-4ad3-b42d-23793002880d,Abubakar Thani Muhammad,https://play-lh.googleusercontent.com/a-/ALV-UjUiREpgoJepO5qr8jp5eWS0YO583RJ_Sg8YxJDqx6S-cgVuUzLZ,Very nice app and helpful,5,2,2.7.0,2025-09-11 11:59:42,,,2.7.0
13cf65d7-dae4-4491-a668-8244b0a486de,Shannil Moustafa,https://play-lh.googleusercontent.com/a/ACg8ocJ6pVU9P1jZ9xiju4-B4UGDP73z_yoVrp2JAQaup1jkgLtgmA=mo,The Qibla finder doesn't work,4,2,2.3.0,2025-09-11 00:26:32,,,2.3.0
5ef1944c-9ea9-4c06-93ca-bd67b750e1db,Mai Mohamed,https://play-lh.googleusercontent.com/a-/ALV-UjULYS36qjwywVWAdARsDHv84jvtzhbB6ZOc1bNdDTLhIPszLynV,I uninstalled the app because after the update all my prayer tracking data was erased and also there are too many ads.,1,3,,2025-09-10 21:51:58,"Hello,
Thank you for your feedback. The issue you mentioned has been resolved, and the relevant updates have been made in our new version.
You can download the latest version of our app and use the Prayer Tracking feature again.
Thank you for your valuable feedback and for choosing our app.
Best regards,
Mortys Games",2025-10-07 19:08:51,
4723cf5e-2ecb-44ab-998b-772e9291ce3a,Bushra Rehman,https://play-lh.googleusercontent.com/a/ACg8ocK301gWwoR6-X3IwvRKzvK5K55kN_bPEhDmO7eGLdi4JVsGzQ=mo,it has lots of ads which disturbs a lot and i am not able to find namaz tracker.. where i used to tick my salah whether i have prayed or not,3,6,2.7.0,2025-09-10 21:36:25,,,2.7.0
c125246b-002c-4df0-93e1-a83d55e47c61,Sanjeeda Shar,https://play-lh.googleusercontent.com/a/ACg8ocK602wzMAhRJi25SXOHBW4EFX3jhEH6Fax_-0oM6DKzblrPJw=mo,"This app is extremely good for habit recording but needs few changes such as there should be an icon for Fasts. and there should be a year and months easily searched it's hard to reach past years to see if there is any Salah missing... I didn't find the prayer tracking icon it's not the same , where is my history.... I DON'T LIKE THIS VERSION... I need my history back",1,125,2.7.0,2025-09-08 22:24:51,"Hello, Thank you for your feedback. The issue you mentioned has been resolved, and the relevant updates have been made in our new version. You can download the latest version of our app and use the Prayer Tracking feature again. Thank you for your valuable feedback and for choosing our app. Best regards, Mortys Games",2025-10-08 20:40:02,2.7.0
7e496ac4-142a-44ad-9c44-6507c438518a,Dawda Ceesay,https://play-lh.googleusercontent.com/a-/ALV-UjUz7Hwa2ffz1TKWNdQR3B5zDKGee9Mx-LHs0qMg1KM_VgrChz4,the app is really amazing with many features in it,5,2,2.5.0,2025-09-05 20:59:34,,,2.5.0
0529ccab-80a8-4af0-99df-1be7e91e7a3d,Muhammad Faadzel Haji Lokman,https://play-lh.googleusercontent.com/a-/ALV-UjWJ8MnUxx17kAvIt8m2F4yn4TihDtwojN9LLYLr2g6tfoKTqTIG,ALLAH IS LEGEND MUSLIM,5,0,,2025-09-05 11:47:10,,,
3baf0911-aeb5-40fe-8510-da81f2aa0a88,Jinatakter,https://play-lh.googleusercontent.com/a/ACg8ocIy-yb_pXVwDMLQeCFElt0vCisy7D0mEw6VCYsuGzorJB_B9Q=mo,"This app is nothing but ads, completely useless. It just wasted my time. don't install it guys",1,6,2.5.0,2025-08-30 23:07:56,,,2.5.0
ea65b10f-31a3-4367-b071-6af0802371aa,Sow Lamarana,https://play-lh.googleusercontent.com/a/ACg8ocIvkTj9nVnsyquDTnNpiHRK5ybOx5GpVybM30b5YngBVMJS_Q=mo,"it very good and understandable, it's so clear and easy.",5,11,2.5.0,2025-08-26 04:33:47,,,2.5.0
5842ce1d-a7bc-4611-800f-ba0c1ea5de42,Musa Akeem Yekenu,https://play-lh.googleusercontent.com/a-/ALV-UjXhaZbbh2J5M96K1CPEhOqif7-m2K0p6qakH9THmz9nlOgciSs,alhamdulilahi ♥️🙏🙏🙏🙏🙏,5,1,,2025-08-23 15:07:27,,,
4cc73d47-3a0c-48e6-a8b2-34ba179e53cf,Taha. Yasin,https://play-lh.googleusercontent.com/a/ACg8ocLv27j4-q2kTVoHwlmXDWsxfozS6byFpZRSA-8yTYSPZ7RX5t4J=mo,بسم الله ما شاء الله تبارك الله,5,1,2.5.0,2025-08-22 11:02:54,,,2.5.0
340adaf2-ee30-4edc-83eb-ce5038558ad7,Ummeibrahim,https://play-lh.googleusercontent.com/a/ACg8ocKeuHxWNrPK7jRbI_VxK0DinkyNCJabIbZ4D9DTww7_JfTh7A=mo,best app ever,5,1,2.5.0,2025-08-21 19:26:45,,,2.5.0
23ea96ea-8680-4a7d-aad6-3174f06028bd,Asma Abadir,https://play-lh.googleusercontent.com/a-/ALV-UjXPCwQR5a9Sg7PKS4wD-2Ayyf1KFgKuydlLQrYxih75XoY1d1u7,"it very great,it's helped me improve my Deen and there is only one complain the ads are very annoying besides that it's very important and great app Masha Allah tebarekella",5,5,2.5.0,2025-08-21 16:54:24,,,2.5.0
8b843092-6e83-4746-a018-5824c793d738,محمد احمد صالح اشرعبی العدوفی,https://play-lh.googleusercontent.com/a/ACg8ocL4XlrohZ-v8FC2jM01ABlnpxmjbTrXC7WhIphbGF7vFt5zww=mo,بالتو‏فـ♡ـيق,5,1,,2025-08-17 04:58:29,,,
2b27809d-2b28-49db-977f-bf39bafcf67c,Jhon Jhon,https://play-lh.googleusercontent.com/a/ACg8ocI6r2CxdmHTVRRIO4_LU_fZiPdo3um8kbZ13kf3w4DKp-15uA=mo,MashaALLAH,5,0,2.5.0,2025-08-15 08:32:42,,,2.5.0
cf8324e1-920f-48ba-90fb-cd9bd3dcf0b6,Seid Ahmed,https://play-lh.googleusercontent.com/a-/ALV-UjVK0OAWNhWRJv40L1xLOihvUTHEVPkemm7mMND_PVH20LjFjCw,it's better app for azan Quran & hadith,5,2,2.5.0,2025-08-15 02:39:02,,,2.5.0
1e909dfe-7eb1-4240-8d57-039bda51dec4,Shamim Hossain,https://play-lh.googleusercontent.com/a-/ALV-UjW4FKl-Z4WU-S8b2CishVw4T6TUMcMRzKHTSTur5SaD1fjckbg,"you are here for just making some money. make it free for everyone. add experience, giving you 1 star.",1,1,2.5.0,2025-08-09 20:17:34,,,2.5.0
2ae69cb4-8f1b-4975-8a9c-40fae577f1a8,UK Life,https://play-lh.googleusercontent.com/a-/ALV-UjW4IX6W0j0eaTDBqEFN4tTCwDhbOjjBP7b6N_BN7IWAuByqQb8,I rate this a 5 out of five because this is like the best app ever I have got and everything I wanted like prayers how can I have trackers different things that other apps doesn't have this have the best trackers it gives the azahn remiander and good deeds to do and it's like the best and you must download it and it does have more other things I didn't mention but you must download and check it out,5,145,2.5.0,2025-08-09 02:43:32,,,2.5.0
15e87da9-258a-4bf6-9b82-6976d664bbcf,Zulkifle Hj.abdullah,https://play-lh.googleusercontent.com/a/ACg8ocJwUSb7qocg2LYTJtnIkcHpYrzTr8HZENp6mC0sXVlUOYqpUA=mo,very good,5,1,2.5.0,2025-08-08 20:09:49,,,2.5.0
18a3dcfd-35c1-4f62-b309-15f08b3df4cf,Fatema Akter Nusrat,https://play-lh.googleusercontent.com/a/ACg8ocLoZyuuX8E7nJVVmGjMY4z_jN8s7NfLxz0lzKfmj3llY7lxTg=mo,fabulas,5,1,2.5.0,2025-08-07 04:26:22,,,2.5.0
05fca83f-e25a-4b44-8f58-3c3846f19a20,ivon sestia,https://play-lh.googleusercontent.com/a/ACg8ocITty4grCPyyaU-s1GrSRsmn-wMfH5LFC5u2XKkYD8aQa8VHw=mo,best app to track my islamic habit! Barakallah!,5,1,2.5.0,2025-08-07 03:07:10,,,2.5.0
61982a5a-6644-47a3-975c-ecf0513458ef,yasin husen,https://play-lh.googleusercontent.com/a/ACg8ocIcsFGxeM1qPTXvCQlgZVU63hHAzDkRIn9CB7QJqPj8I5Utig=mo,it is very interesting tools to manage our daily islamic activities!!!,5,2,2.5.0,2025-08-06 16:10:35,,,2.5.0
7d155449-2611-4cc5-a3c7-5b47ba16850a,Buwnga,https://play-lh.googleusercontent.com/a/ACg8ocJKXalFPaa82Ca5q6JPoUTjzOKjSS1gC1RTDi1TnwOV7_jjtg=mo,paid already for 1 year subscription but still cannot access past time to track my prayer. it keeps telling me to subs. weird.,1,5,2.5.0,2025-08-03 17:43:42,"Hello,
Thank you for your feedback. The issue you mentioned has been resolved, and the relevant updates have been made in our new version.
You can download the latest version of our app and use the Prayer Tracking feature again.
Thank you for your valuable feedback and for choosing our app.
Best regards,
Mortys Games",2025-10-07 19:09:36,2.5.0
ff65330e-6fdc-46a0-ab05-5234aecca583,Aahi Ahira,https://play-lh.googleusercontent.com/a/ACg8ocJdTS6XT2HYifA_hUj3Q8UoOhqz2CubmuHTg4rcxMGhaD7aVg=mo,I loved this for Salah tracking and other blessed habits to increase barakah in your time.,5,4,2.5.0,2025-08-03 01:43:51,,,2.5.0
602214b3-3baf-4162-a72e-42a1edf58b1f,Omer Hussein,https://play-lh.googleusercontent.com/a-/ALV-UjVJkiG0RtHGjw71me7W9Fb61aMur6FDKRnCkCBrIb2JDfRCDPhf,"This app is amazing, but unfortunately, there are too many ads, which can be quite boring.",2,6,2.5.0,2025-07-31 16:16:29,,,2.5.0
358445c6-7fc9-40af-b8f4-7d3cbfbb7a0c,Sidra Fatima,https://play-lh.googleusercontent.com/a-/ALV-UjVlg29GyGqX8FOPfWc0vKaQw17RFctGa1eIDQZef_NBD_KHY8An8g,Masha Allah ♥️,5,1,2.4.0,2025-07-27 06:02:33,,,2.4.0
8272fc7d-569c-4323-a5a6-f901654a0ecf,Manso M Kamara,https://play-lh.googleusercontent.com/a/ACg8ocJHuH0qAzGOBQS1vWL7UEuU_Yq1_eivM_VMhEvLbVUiibEsdA=mo,Good,5,1,,2025-07-24 16:55:11,,,
5491aefd-d151-47e3-932e-ecb4766d955e,Adam Abdul Razak,https://play-lh.googleusercontent.com/a/ACg8ocKy41tQCa6BpbL9uk_t8RofSVQqM_sA9EJKZ2Cxs4cInpEL2w=mo,very impression I enjoy using this app,5,1,,2025-07-18 12:19:29,,,
39a51bac-bbc2-40c5-a5a7-619c29b29d2f,NouRhan Moussa,https://play-lh.googleusercontent.com/a-/ALV-UjX4O8ZavywChvV0rtzLd_Sl6um7warrhywJdAmKmOdpwrp3JPEJ,Too many ads!!,3,2,2.3.0,2025-07-16 22:25:11,,,2.3.0
94c4a124-229c-4538-beac-0dfbb0af7881,Saidi Jumbe,https://play-lh.googleusercontent.com/a/ACg8ocJ9UeqB6on8OXPLWY5n4_ZancEbFBa9UB-tBaLJe26dF1qyug=mo,good app,5,1,2.3.0,2025-07-15 13:24:48,,,2.3.0
d7e11f16-d6ba-416f-8497-e789cb073655,Zia Yöusafxaî,https://play-lh.googleusercontent.com/a-/ALV-UjVvBBy94XnmvGhrg5WRV3XsCngxHXL70ZrORSHkDruCc6a97oQk,I think it's is a best app for Muslim especially for new Muslim but it have too much ads including non-islamic ads like BIGO live etc .. so please kindly remove some ads,2,6,2.3.0,2025-07-09 05:49:02,,,2.3.0
f6ac87e4-68b5-403e-9409-35f2aa31e02c,jahagiralam,https://play-lh.googleusercontent.com/a/ACg8ocKjfNoKbxDZuVfKr2ktGl9QAYqTZWiW1kUKTYOJ_JHnC2YjQQc=mo,so beautiful app,5,1,2.3.0,2025-07-09 05:27:36,,,2.3.0
5de5712a-57ec-42c8-853e-c9053d6c3795,Md Nazmul Haider,https://play-lh.googleusercontent.com/a-/ALV-UjXjzIxGBFVh3zQZfWAQkUoRusjOfljS_uxyE2Yf2o_N57td1pPZOg,too much ads.,1,2,,2025-07-08 05:55:57,,,
4c454dfa-052e-4ea6-ba4e-7e2808780e23,Fathema Lima,https://play-lh.googleusercontent.com/a/ACg8ocKso8DCS2ScbkJ98vN049mFYAAmi5QzYIcBRKj8XRKaEA7ytA=mo,"Good app, but whenever I go into the app, it takes a while to load and when i set the athan it does not go off. too many ads unless you turn wifi off.",3,8,2.3.0,2025-07-07 07:46:15,,,2.3.0
b2d34266-d151-498f-9a7c-77152998ee66,Someone,https://play-lh.googleusercontent.com/a-/ALV-UjVuklrrUlH5DOvCok8_SBkg751xtPGDcV2URerqIVVnJegmGSA,I deleted it as soon as I downloaded it. I couldn't even see the start of app cause of the ads non-stop. I hope someone that's less desperate for money do this kinda app with an acceptable amount of ads or even ad-free.,1,9,,2025-07-05 14:55:49,,,
e35a13a1-50c3-4d71-805c-a94262d99650,Saif Hossain,https://play-lh.googleusercontent.com/a-/ALV-UjWkr41HjSeJotO-eXpKGXmYKBMo1rpgEzR8y_L2uZ__q7IQp5hmGg,way too much ad as a free user even though I know ads is needed for sustainability but the ads are way too overwhelming to use this app,2,3,,2025-07-04 20:39:55,,,
eaa98601-c9f6-4549-bb9b-395bcc66cc77,Musa Sumaila,https://play-lh.googleusercontent.com/a/ACg8ocK0QQiuAyQ0v5OzS2WVmeK3tapqdxbVH6Tr49-UjVldtpnNuLY=mo,Mashallah excellent,5,1,2.3.0,2025-07-04 14:58:56,,,2.3.0
7037b338-4c75-492b-8ff6-eb8f19209781,Nargiz Shirinova,https://play-lh.googleusercontent.com/a-/ALV-UjWJWGbECV9Sx-wIftfWAhETSrwvsClHsXvZXr_s6rpHGvYMiaxhow,Your intention and idea was probably good but I will never know. INSANE amount of ads and I havent even started using the app. Disappointed and uninstalled 2 minutes (and 44 watched ads) after installation.,1,11,2.3.0,2025-06-30 04:35:11,,,2.3.0
4495a18c-35d9-46d6-b49d-4057b8531737,Sk Nasir uddin,https://play-lh.googleusercontent.com/a/ACg8ocIqLn5e3J8erVNSwwMDXhMyz6mtpIRzUmmah5SihOPBjtx2j8g=mo,খুব ভালো,5,1,,2025-06-29 17:20:50,,,
ccb4a8a3-4505-4139-9bb8-e1654704186a,Saquib Sherief,https://play-lh.googleusercontent.com/a-/ALV-UjURs6h6a-6bSeEjsQcoRZioqlpdFTIzGE37MzKo1A1S9czlVNqc,Seems like a very good app but I uninstalled it 3 minutes after using it as i got around 6 ads in that duration. I understand that it is a source of revenue but focus on building a great experience first and then upselling the user to premium as ₹600 may seem worth it if the user actually has a good experience. May Allah grant you guys success.,1,7,,2025-06-18 23:30:14,,,
5836ad2d-6be7-4704-a04c-e8e7d31ce607,Abass Sariki,https://play-lh.googleusercontent.com/a/ACg8ocLRbJxmhqdb7sTLaFvrEYSWMJJelYVtP2RN87D8u7Rb1qYmVg=mo,Good,5,1,2.3.0,2025-06-14 23:35:18,,,2.3.0
39e0f226-e515-4b6f-bb44-617cb258aa01,ZAHEER,https://play-lh.googleusercontent.com/a/ACg8ocJ4BcPIgc8LA0ZpHyHVjeHHmMfsiO343b2CuhJVL19ZgcFIlA=mo,Waste of time with. Too much ads.you will waste you time with ads.,1,2,2.3.0,2025-06-14 15:30:20,,,2.3.0
bdc04ab7-3496-4fec-89c6-720e34df3b57,Mizanur Rahman,https://play-lh.googleusercontent.com/a-/ALV-UjVAv4ZU6bgjmkbBFXQmlUcbUb1WNhuFQO6oKiXKgBJvYvvxED5BnQ,Unbelievable amount of unavoidable long ads. Disgusting,1,4,2.3.0,2025-05-29 03:45:42,,,2.3.0
959bb0f8-e13a-48bd-b90d-7fc9bc5abbe2,Jama Safaro,https://play-lh.googleusercontent.com/a-/ALV-UjUoWD1hJAA4O1L5NOsgFL-oL-DYKOZjDa-94OUAldh2idbe6Fg,it's helpful MaashAllah 🙏 is a nice app.,1,2,,2025-05-20 01:30:16,,,
4fb1d6da-7a3a-49d5-b901-1bc049532435,Wan Faisal Wan Ahmad Mohtasa (fai al-Yahya),https://play-lh.googleusercontent.com/a/ACg8ocL9uRLrwDUBpISSkyzZZViegzpTlHi1DfzizJ3TUYRtl9rOY2w=mo,baik,5,1,2.3.0,2025-05-16 21:09:37,,,2.3.0
9f411462-077f-4b87-8440-9d1687cbb532,Abubakar Hassan,https://play-lh.googleusercontent.com/a/ACg8ocLwOZY1-2yd_e77DGm9Kt7omherF3ypP1vNGahxYI4AkBVnDhE=mo,very good,5,1,,2025-05-16 09:13:59,,,
dae5ee4d-1600-4111-a73b-93fb22819884,AHAMED HOSSAIN,https://play-lh.googleusercontent.com/a-/ALV-UjWhroX5VgzIU2kmVFJixCF77NZ_YR3s3ztSgdcBvqUkWwvGvvqf,Nice work,5,1,2.3.0,2025-05-10 21:04:26,,,2.3.0
9fbaecbd-fabd-4c8b-a817-ab46def7879e,Aya hiiuane,https://play-lh.googleusercontent.com/a-/ALV-UjVt2QjGNp3h8y127xGgpwMvmZi8cZFs7L_i8PFbcuAvfsrw1CXf,"The concept of this app is genuinely impressive and super useful—it has so much potential! However, the user experience is completely ruined by the overwhelming number of ads. Every time I try to navigate or click on something, a long and intrusive ad pops up right in my face. It’s frustrating and makes the app almost unusable. I understand the need for ads, but this is way too much. A cleaner experience or an affordable ad-free version would make this app truly amazing.",1,94,2.3.0,2025-05-10 00:21:46,,,2.3.0
9a94b911-fc91-43d4-b13a-04f05b2e7cdb,Muhammad Azmar,https://play-lh.googleusercontent.com/a/ACg8ocKqtILimkusqaYzUZMtyNMbAaDbfBld0s4cEE0XIS7egK6Nqg=mo,this is good application,5,2,2.3.0,2025-05-09 08:29:14,,,2.3.0
36af1d54-4c1d-40e0-949d-19e628201e47,A random person,https://play-lh.googleusercontent.com/a/ACg8ocKG3-SOwElZx5J8C2FXlzKIRMa1SNBqZDTgvzf75sC0i1LtMw=mo,"Honestly, tons of ads if you're free, but it's afforable. I got permanent premium mainly for prayer tracking. A fatal issue is that it has incorrect prayer times ever since the lightsaving hours shift and I can't manually change it at all. please fix that, it's a whole hour difference. Also, please link habits to prayer tracking. Like, if I check that I prayed Maghrib in habits, make that resonate in tracking as well, why do I have to check twice?",3,19,2.3.0,2025-05-08 20:13:56,,,2.3.0
7627f1d3-eb77-4ff5-98d5-94880f13bc3f,Abdoulai Sammy Sarr,https://play-lh.googleusercontent.com/a-/ALV-UjVfVEhNkV3FKgL9y915Sg5MXd1Kv40QkDoH9hiyoEHtx6WN7mTm,wonderful app only that you can't use it offline.....,5,2,2.3.0,2025-04-21 09:44:42,,,2.3.0
fb58a766-2e57-4b3b-941f-cef56caebe8c,The known Unknown,https://play-lh.googleusercontent.com/a-/ALV-UjW8YanlzSrxSiQuHlVDb-Sfuab0My0apTlKtyiMUxcai7vYny0z,"pretty cool , but like I don't know for you guys but like for me I can't open the daily Ayat and the daily duas , but overall it's cool",4,2,2.3.0,2025-04-19 13:14:41,,,2.3.0
c6e3e3a2-4705-445d-bb7a-af566ee43fc8,Saad Rabbani,https://play-lh.googleusercontent.com/a/ACg8ocKBym7-Jirzl4dRWz4pgHzIuVjY33CQWovSqKPhKYFtjdzoTw=mo,Very good app,5,1,,2025-04-18 18:04:42,,,
f89d147e-9467-48e5-8648-166ed9508f5c,Mhamed Ouhssini,https://play-lh.googleusercontent.com/a-/ALV-UjXn-p4_fEuf4zYcJEJuKkUSAdoy4n2p1-jhB89QWqAip6BPbZ4,"Full of ads buut okay, I will make subscription. We need the Arabic language in the app please",3,2,2.2.0,2025-04-16 05:12:43,,,2.2.0
9f71ef34-abe4-475e-a7ab-3f8325a29ad6,Mohamed El sharkawy,https://play-lh.googleusercontent.com/a-/ALV-UjUd6SSf-LZRN_AjalPva0v8B5HQu4U_zMdKdFzm13BjLAlKelRX,"very bad, it is full of advertising",1,3,2.3.0,2025-04-15 20:20:32,,,2.3.0
d1405b1f-5826-45b1-84c2-ab594427de6b,Bisma Noreen,https://play-lh.googleusercontent.com/a/ACg8ocKronrtjlRr1_OEtb9UXnXfRCSRjuSnLIin8dEVJL6CkPs7nQ=mo,too many ads. very annoying 😠,2,2,2.2.0,2025-04-12 03:36:47,,,2.2.0
379aa70a-275c-4720-b916-652782ff2bf7,Nova,https://play-lh.googleusercontent.com/a-/ALV-UjU9ju52juXg27dF5gq5OHRK9lyBoISJ0TisoWRriAq7ib170Zg,"good, but i think complex to use",4,2,2.2.0,2025-04-08 16:01:47,,,2.2.0
6f69676a-f598-446a-a630-83ac6c04699a,mahmoud samy,https://play-lh.googleusercontent.com/a-/ALV-UjVP9EEe83IUY66mA30N-2_YPE4L-pqOBrQWnzjoBQ7hz_RrIvz7,Unbearable amount of ads .. yes guys you got the whole right to include ads ...but seriously!! .. I have spent like 15 minutes not being able to try at least 1 feature .... I face one ad per each navigation purchasing is not expensive .. but why should I purchase it while I am not even able to try !! ... this is very very annoying and forces me to uninstall trying another app,1,84,2.2.0,2025-04-08 16:01:40,,,2.2.0
554c467c-f637-4547-94d8-d600af7aefab,Sobnom Suraiya,https://play-lh.googleusercontent.com/a-/ALV-UjXPOkpq_T8j83nAjP6hjaAyfSArCyJQbaj4mX8tg5TsjQW-92o,this app is good but too much advertisements!!!,1,2,2.2.0,2025-04-08 06:49:06,,,2.2.0
b80d4d02-1b26-4caf-a4a7-75edf741a550,Ahmed Tounsi,https://play-lh.googleusercontent.com/a-/ALV-UjVt72wWY90XX1uDaCZRNu2BSdUADwwc05D61uEorlZS1KhbAZ0i,"was great until they ruined it with ads, i understand they need to make a living but an ad for every click that's overdoing it not to mention ads for silly games and banks who deal in usury (riba) in an islamic app , just sad.",2,7,2.2.0,2025-04-04 19:49:15,,,2.2.0
aa6b6227-0191-4da4-aac8-5bdd86942163,محمد الراعى,https://play-lh.googleusercontent.com/a/ACg8ocKkZfrtoJcKaFYZUIaTbAJyYkm4XcXqtFBkCtzs_H6zIC2QGA=mo,هناك أخطاء كثيرة في كتابة الآيات. الرجاء المراجعه و التعديل. على سبيل المثال سورة التكوير الآية ٢٠,1,1,,2025-04-04 04:47:06,,,
58c24c68-e898-4598-9bd3-4fe6f62d1910,P9 Abid,https://play-lh.googleusercontent.com/a/ACg8ocLbgP5EI5p5iJ0HtORHuwQxZMG40sGnV8gMNjG-Hh98uzB43Q=mo,nice 🙂,4,1,,2025-04-02 02:49:25,,,
88de6e3f-7e10-4465-b6df-942511fb59fc,Muhammad Mughees,https://play-lh.googleusercontent.com/a/ACg8ocKB1S-cJIsLwi_fcAvhPGG6icpl9FAmr2CI9XCypoor-HIutg=mo,"Mistakes in the Arabic writing of the Quran must be thoroughly proofread and corrected. For example, the last two verses of Surah Al-Fath currently contain errors that need to be rectified.",3,3,2.2.0,2025-04-02 01:50:43,,,2.2.0
c796b42a-5737-4033-9c3c-3a2d5086ebdc,Muslim Man,https://play-lh.googleusercontent.com/a-/ALV-UjUYoHPbasf87edE-D3cQJnK2BgBRPH3MxwQf9-SWmeChNkrsBw,The app is perfect but its need to create a way to log in by Facebook or google to save your progress in habit tracker please add it as fast as possible,4,2,,2025-03-30 06:53:49,,,
d727c1bf-1c40-4a57-86d1-197f7ec433fd,isma kabanda,https://play-lh.googleusercontent.com/a-/ALV-UjVuJZ4SiD1qKOPxB_pH339_HSWC8iNqdJpBE2-u8Qu3MsV30Og,this is best app you can use to perform your ibadah it's good and self contained,5,2,1.8.0,2025-03-29 20:35:49,,,1.8.0
ebd20de9-7ca6-4b2c-bf73-4862cf9ddd02,Ramadan Abdelsalam Adam Ahamed,https://play-lh.googleusercontent.com/a-/ALV-UjXMUl_WVpsiWAqXaWf6pxq_Ef5TADO5X3U2VI1ON4rvNIaRgRJf,very good,5,1,2.1.0,2025-03-29 11:31:45,,,2.1.0
d190d9b2-024c-45b1-9eec-068395b1cc07,Shelema Dulle,https://play-lh.googleusercontent.com/a-/ALV-UjV6TCb9HHSQlvEQITjj8Ax3al8rpAU78tZBY0RJf72K2GuQnzc,yes yes,5,1,2.2.0,2025-03-27 02:10:25,,,2.2.0
5cf24192-6616-4003-9d04-3c194d0836bd,Hafizza Husna,https://play-lh.googleusercontent.com/a/ACg8ocJO0MmFRpFYRnA-MtYQ_wRtME0RqM_tQXjNXX289Uz-8GXvaWUU=mo,can't open the app,1,1,2.1.0,2025-03-26 18:34:04,,,2.1.0
983ddee8-fd1a-4e66-8718-2ca1a7b49fc2,DECEMBER SNOW,https://play-lh.googleusercontent.com/a-/ALV-UjX-c5tEhTa3-YcSqnLnAFJuT6Wd82Nic03RfXy-AnhwiwOkkxw,good,5,1,2.0.0,2025-03-25 14:06:36,,,2.0.0
c660c52c-e9a8-4b61-813d-e86c0cb66380,HARUNA ASANA,https://play-lh.googleusercontent.com/a-/ALV-UjWxNfsARnu_2wGouNOqS5XKWI6kBFCUUQj2kEvGbULZOPnsusOC3A,"very nice app, but the ads are too much and inappropriate. making it difficult to access the app.",1,2,,2025-03-25 11:23:27,,,
f997dcdb-db80-4c46-8866-134fc01c6d25,kanaya nandwa,https://play-lh.googleusercontent.com/a-/ALV-UjWD6NaSORgOzIhJ3uFUyBpDccRjh1I7AdRoaywe7C_8aKIPsot1,The app has so many adverts...It is so irritating,1,2,2.0.0,2025-03-24 21:38:42,,,2.0.0
9ff48537-11e7-4c25-8890-408decfeddce,Kevin f Junior,https://play-lh.googleusercontent.com/a-/ALV-UjWOrMfhTeBxsiizJZfFjYwRbwZSzlhUAwagekqRG2AhUdIi47Uo,the best APP,5,1,2.0.0,2025-03-23 15:27:19,,,2.0.0
64ee3d56-9fd6-471e-b7ac-8320395f9eeb,Soumaya Boussakou,https://play-lh.googleusercontent.com/a-/ALV-UjX1GNaDOpG8hrRobQ5bmQmXjJweY4UiJu2OHamZecXoI7xmpxc,❤️‍🩹❤️‍🩹 amazing app,5,1,2.0.0,2025-03-22 10:22:07,,,2.0.0
c22c7745-191f-463c-8089-2036d3b6fbe3,Mariyam Payak,https://play-lh.googleusercontent.com/a-/ALV-UjVNyYfHdeHMne6fL2cNu2Fv9O6GOfJ8cswwq0hULHqjNaTa7AQ,masha ALLAH very very good this app ALLAH blessed your family's,5,1,2.1.0,2025-03-21 10:55:08,,,2.1.0
bd07688a-b86f-4a83-a363-014462e23099,Umaru Rabe Daura,https://play-lh.googleusercontent.com/a-/ALV-UjXaRsutJyfluHi7kgvPoHjEZHn-7r-sKsjJaxA4d4u-hyTYJlw,Interested,5,1,1.8.0,2025-03-21 08:44:08,,,1.8.0
d58de291-184f-40a7-901f-3a6ca51c7805,Syeda Hira,https://play-lh.googleusercontent.com/a/ACg8ocIClvPY_j5Vga7txwEA9E_3dTVNyrdVZ4VDBGIEaOTPT-dsBg=mo,not save my phone tell it has a risk in it..,1,1,,2025-03-19 07:01:15,,,
f248f6ee-c576-4b65-b908-a771a05e90ee,Ebionitee,https://play-lh.googleusercontent.com/a-/ALV-UjVeP4kgI-eeera2hosF8HgDxCuhfLmBEkNRExFw72ghL39mrSF5,Too much ads and requires tons of patience. Wouldn't recommend it.,2,3,1.9.0,2025-03-19 02:05:52,,,1.9.0
3059d6f4-0aa4-49ca-b287-3d56e1d0ab51,Fadairo Morufat,https://play-lh.googleusercontent.com/a-/ALV-UjXYVDjZel-VdQTf7Am5_1N6ecLEqs2LApoiqSzLz4usXfOMtaJn,love this App,5,1,1.9.0,2025-03-18 15:51:40,,,1.9.0
c817fdbf-af13-4370-b170-4262e0968336,Dauda Manson Kabia,https://play-lh.googleusercontent.com/a-/ALV-UjWODg6hhG2pUdS5ygS1p7F7Vzjrpw_r271skO5ASAuwgjihtdrcig,"Thank and appreciation to the developers of this wonderful app, very easy and beautiful to use",5,3,1.9.0,2025-03-17 23:40:20,,,1.9.0
144c3b0d-3f79-49ae-92c4-53c117c02ee2,Syeda Hamna,https://play-lh.googleusercontent.com/a/ACg8ocKA6qHuGM2hhwHCQohpODTn6zTooNTqQpswOxMDf9HTHzj5depP=mo,great app but too many ads also timing of prayers are often not correct.,3,3,2.0.0,2025-03-17 06:18:55,,,2.0.0
fb903a98-bc37-4f10-8fae-7dfd9990a157,Alli ZA,https://play-lh.googleusercontent.com/a-/ALV-UjV6SL274jYrGU0TEpWG7hjLavWzRk4CjY9P-39EG54okPUy5qI,It is so good,5,1,1.9.0,2025-03-17 01:58:40,,,1.9.0
4c25397d-df22-409b-88dc-8eb2e2ea5504,Alex Roman,https://play-lh.googleusercontent.com/a-/ALV-UjXgh9_thQMSeRTlDJGEbFWNVAAMS_ySTFxTcIedyd4CDRxjY4Uy,mashallah,5,1,2.0.0,2025-03-16 09:16:05,,,2.0.0
097f9e4b-c884-4b7d-a3be-d121bb68c438,SHAZWANI MOHD. ISMAIL,https://play-lh.googleusercontent.com/a-/ALV-UjU2O2ClX26eM_hp4MFrDcDqNmnB9qxAgJxsR75FN6pp3oMfQnk,THERE ARE A FEW PRONUNCIATION THAT DOES NOT MATCH THE ARABIC LETTER SHOWN..,5,0,1.9.0,2025-03-15 07:43:29,,,1.9.0
d2e70312-8640-4b33-8d6b-e8d44874ea28,Kadri Yildiz,https://play-lh.googleusercontent.com/a/ACg8ocJWVinPSqMeUM2W20n_DKx3rxQmQgB1zv78wJJH9uFWkh-z-g=mo,"Havent even seen what's inside the application before I got hit with 4 ads. 4 ads upon opening this app.. ya allah, muslims be making apps for cash grab these days.",1,2,2.0.0,2025-03-14 21:47:31,,,2.0.0
e0d359d4-d5b3-44d2-823e-da3825ece924,Azhar Uddin,https://play-lh.googleusercontent.com/a-/ALV-UjVQ-cGgmGD7h1-Iiv0uVKWyAcfmQEaUsOFG2FWpbQOFLGiLHWXH,"slow application. after installation, i delete it",2,2,,2025-03-14 15:28:42,,,
7e0ab9ce-26f5-4849-88d1-846a57f37434,Amna Mushtaq,https://play-lh.googleusercontent.com/a-/ALV-UjWc83PUUb_BP4xALD6VfUSeBUr2NgaqiEBa3rzf2jL_nVisp-A_,I don't like this because as a Muslim I can't bear ads of shoes during reciting the holy quran.i forcely rejected this app.,1,2,1.9.0,2025-03-12 20:35:25,,,1.9.0
7c4f52fb-70fa-4173-8456-74be95e2a0a2,island king,https://play-lh.googleusercontent.com/a-/ALV-UjU_lpezUoQy3uBkPzA-NprZBfwYlgwPPG39JqYNWlwirPR3Dxg,good,5,0,1.9.0,2025-03-09 22:04:01,,,1.9.0
1cb3573d-8017-44db-b088-59fcb937c858,HnH,https://play-lh.googleusercontent.com/a-/ALV-UjV6Bo0KA9dsRRLU0UDYcN92gOAH_bwmA_aIk_hO3kjTLe2FOSQ,Alhamdulillah,5,1,1.9.0,2025-03-09 11:07:53,,,1.9.0
7ff72f8d-b995-4a9c-b61e-54b92d5384d6,DENIZ BAHRI,https://play-lh.googleusercontent.com/a/ACg8ocIJE6FPa29y3K8YkzeJ-qSTxgYo8U3QYo1odXHlb0ArgKTf8Q=mo,Good app,5,1,1.9.0,2025-03-08 17:42:39,,,1.9.0
fc455951-d01b-414d-b784-99c0ccd90cb2,Sara Daoudi,https://play-lh.googleusercontent.com/a/ACg8ocIiEKXv4OJG5sjNvcBnEWcrGb32_B1Jy3o1SKQQrrvmUjCoMg=mo,تطبيق رائع جدا مختلف شامل ونافع في نفس الوقت,5,1,1.9.0,2025-03-07 20:34:57,,,1.9.0
c2320155-55c2-4d35-933c-55922ced64e7,Belongzy Nana Braco,https://play-lh.googleusercontent.com/a-/ALV-UjWRlSISI_wuST6Qk9zDAZpxExU4n1dITZI-p_9mD-W4LLsyz0s,Nice one,5,1,1.9.0,2025-03-07 15:55:44,,,1.9.0
501ae2e9-be9e-453d-993b-76c63f469f7f,Nasmeerah Abdurahman,https://play-lh.googleusercontent.com/a-/ALV-UjW_gZq2b8UpF5hYFHY7dAvqU2HhXRWqADjgZyHWHvWgzjkKmBuB,So much ads makes it harder to explore the app in peace,1,2,1.9.0,2025-03-07 06:30:07,,,1.9.0
b1cb3beb-606b-43ab-83f1-aa0485e112d0,MJ,https://play-lh.googleusercontent.com/a-/ALV-UjXvTJ5BF_GndYyPC2P6glV_QaahlkDG8vFsVVeCv44nBkJwc7zBjA,It would be perfect except there's no dark mode and way too many ads,3,3,1.9.0,2025-03-06 17:13:30,,,1.9.0
30f88653-86eb-448e-ba92-3e5b5dd74106,Zara Yasin,https://play-lh.googleusercontent.com/a/ACg8ocI2r8e77965vZ6DjhwzodWwFI-ZxazJjqQAg1KIgmmfaMoMdlZI=mo,Apart from relentless adds as soon as you watch one you have another forcing you to subscribe whenever you want to read quran or see the next prayer on limited time it's a good app,5,42,1.9.0,2025-03-06 17:09:50,,,1.9.0
5d1e9298-687f-4628-bb5f-0f9c461b45a8,Eli K,https://play-lh.googleusercontent.com/a/ACg8ocKqG8zv2P46IkslanYld2TKUd3zm3jQpVzVLRAmCz-ej-BTEQrW=mo,Shameless Ads. I get that these apps have to make money some how but to put an unskippable ad (for about 5 seconds) for almost every button in the app with no reset timer is disrespectful to your users. By the time I close the ad I forget where I wanted to go. Plus they already sharing our precise location (most likely for more money) This is greed. I just wanted some Reminders for my sunrise times but this app was so offensive I Uninstalled and made this review. Ads can also show haram behavior,1,5,,2025-03-06 10:39:40,,,
69c50e03-42d8-4302-a551-3222198d0cab,Hiba,https://play-lh.googleusercontent.com/a/ACg8ocJYhxIAy142OrhZVChctwG_aY3HEe17ugMZN4R_R_dRpagcZg=mo,التطبيق جميل جدا و مفيد و مريح,5,1,1.9.0,2025-03-06 09:38:29,,,1.9.0
45fc558a-6705-47bf-9868-cbdc395cfe0f,Mahmoud Shalabi,https://play-lh.googleusercontent.com/a-/ALV-UjXyulLpJ5UgC0ojby6C8CdDq28su01n36yrwX40uVdrXKw4uGjP,"Too many ads from the get go, and no transliteration within the Quran section.",3,3,,2025-03-06 03:11:41,,,
133a5a87-96fc-402e-ad2d-968ef7900dfc,Md Arif,https://play-lh.googleusercontent.com/a/ACg8ocJQfutLWp1C52BLG0giq3NGkPoYWXxNC5ikpDS9rldCbLQUkPE=mo,সুন্দর,5,1,1.9.0,2025-03-06 01:40:43,,,1.9.0
79adbf5f-761e-4670-bccc-afe89e73d9a7,Firoza Begum,https://play-lh.googleusercontent.com/a/ACg8ocJzhDCCXhRiqRaHbDq9vVzHN79yQxn5ITvFIsjIhLRMJwKrig=mo,It’s so helpful for us. Inshaallah,5,1,1.9.0,2025-03-05 22:51:52,,,1.9.0
87b4012c-c8fb-4544-bada-c8dac05e165d,Sara Khan,https://play-lh.googleusercontent.com/a-/ALV-UjU_pSK8ZwRyLFDz3STw1OFdqpI5fucLJ8A50HO4moTDRC309dZ89w,Very nice app but there are ads,5,2,1.9.0,2025-03-05 20:58:48,,,1.9.0
94c98e50-a5d3-44b9-953b-ceba9a424e77,SIMBIKAY,https://play-lh.googleusercontent.com/a-/ALV-UjXlgT15Y_rDTuyfaldZneVPBlw8q3oVhdLsxvoWrO1KBHErQFuB,I love it... It's encouraging and Useful.,5,2,1.9.0,2025-03-05 11:22:20,,,1.9.0
131d079e-3706-4128-afb4-091b012f524e,Noor Salbiah,https://play-lh.googleusercontent.com/a-/ALV-UjVkBRM87G268_zWhv3GAgT1aaYjz7r_VBZgHcuLI2khkvuv1f0,"Great app but excessive ads. Like every clicks, got ads. Very distracting. And very inconvenience. I've uninstalled until you fix it, less ads please.",1,3,,2025-03-05 07:57:25,,,
f4520bd1-acb2-4e6d-97cd-47d3b0c73494,Patrick Mutabazi,https://play-lh.googleusercontent.com/a-/ALV-UjXt-HBFd4Tt6sx5ma9pBQApWFyKnlA25qEDyim9iyQhkQgCY3dM,Nice teaching.,5,1,1.9.0,2025-03-05 03:40:45,,,1.9.0
1b66f4a4-3864-49eb-b9fc-3b8fed54075b,Mohammad Amanat Karim,https://play-lh.googleusercontent.com/a/ACg8ocLV22Uy8v0mc1PzWAPa2fZxY8GNIxElcDgQ3zXjn6S9ghqK=mo,The app is super nice to use. I would have given full 5 stars but here are the cons: 1. I can't create an account or sign in to keep my subscription and get the data back if I uninstall by mistake. Or I don't know how to do it. 2. Too many ads. I bought the subscription but there are too many ads. I think it's almost impossible to use the app without a subscription. Thank you.,4,70,,2025-03-05 02:31:14,,,
0d625bbe-df1c-4ade-ac08-5f1b5f88e7e3,abdi jilba,https://play-lh.googleusercontent.com/a-/ALV-UjVemlsyPQA5bBOWQUD-GK3Mf5a0O4o7nm8mfXS_c6i6ytzvzpU,MASHAALLAH IT IS VERY AWESOME,5,1,1.9.0,2025-03-04 17:54:00,,,1.9.0
288f83d1-561d-428c-b616-7d41cee0be45,Muhammad Basit,https://play-lh.googleusercontent.com/a/ACg8ocJ-cjaWHPFuzEvHEw1Ut4Q3GE5SQaUw2KHlkuG0RXWtqH5Y7Mw=mo,Good work.,5,1,1.9.0,2025-03-04 10:08:49,,,1.9.0
d481ea6a-a760-4246-a194-cc400dafea2d,Dee Sheff,https://play-lh.googleusercontent.com/a-/ALV-UjUGwTzrU0uB3bTwjWh4Jvv-DbfFTiwlTLOadzZ2z2RUroVI40WY,Good,5,1,1.9.0,2025-03-04 07:05:27,,,1.9.0
4a34f1f6-d138-4acb-9144-d81945b2bf02,Shahila Mefaz Thumbe,https://play-lh.googleusercontent.com/a/ACg8ocJ4ppP-umD9BPX93gsazoxaIR0uifMOov8MGTzO9knwXWW3lQ=mo,very helpful to improve our deen slowly,5,2,1.9.0,2025-03-04 06:33:43,,,1.9.0
3e6d62e0-c98d-466c-8729-08f02ba81b79,Raisha A.R,https://play-lh.googleusercontent.com/a-/ALV-UjVnnTB1rep796F-jzLwOV1SJIOl1n-bTBAUoAYR6r9aMmX2Yxdo,Alhamdullilah! This is an amazing app that can help u get closer to Allah subuhannahu watala everyday! Amazing 👏 5 stars! Tysm to whoever created this,5,1,1.9.0,2025-03-04 05:01:11,,,1.9.0
a7211b9c-e114-4ef7-92e8-49b073b8458a,Iqbal Abass,https://play-lh.googleusercontent.com/a-/ALV-UjWgr7i-YgajjBVLqE8qjoXM2iRkoZ5DE2-LyDapvb0Lkbnael-D,"One of a kind, the Best",5,1,1.9.0,2025-03-04 03:04:59,,,1.9.0
ac7098dc-1167-49e4-9d1c-d642e29a128f,zainab oyebamiji,https://play-lh.googleusercontent.com/a-/ALV-UjXtNc5mjuSQJjjZRFw6bNYHz_fEGQEIqweETucx-c4WcsFjy6fj,I really love this,5,1,1.9.0,2025-03-04 02:42:13,,,1.9.0
69630263-feee-4471-9e93-d9b21b865d49,Md Johurul,https://play-lh.googleusercontent.com/a/ACg8ocKlWleGZokqhHLatiF9Mq4iNCqXsam0il4AahX8Jx5kNRQmPzY=mo,Best alhamdulillah,5,1,1.9.0,2025-03-03 22:07:17,,,1.9.0
9bc27155-aa28-4722-b369-2b1b2e1753d5,suleiman buhari,https://play-lh.googleusercontent.com/a-/ALV-UjUcc5WUfY3-pe196-NNqMOaRBUrw7FF3PzJKrZarK-KfotZpcQR,Good,5,1,1.9.0,2025-03-03 21:11:44,,,1.9.0
bbb98d89-7c0e-4aeb-8daa-30807b97cc19,Isaac Ali,https://play-lh.googleusercontent.com/a/ACg8ocK-MR-bI5x_2xYKDr8qRLS9PnPDrcxOH9fIE4GDE_BSSNiLEw=mo,Good,5,1,,2025-03-03 20:21:36,,,
8e70027a-2d76-4567-9ad9-8667165f91c7,Sabbir Hossen,https://play-lh.googleusercontent.com/a-/ALV-UjX487yh6ux1mNUf2GEO9UgbLR-hnVMtRXs7_CvQHM85FYT-CR49,Too much ads,1,2,1.9.0,2025-03-03 13:46:00,,,1.9.0
7adc3953-05eb-4e90-b4c8-a05a7d97980b,Mahmud Sazzad,https://play-lh.googleusercontent.com/a/ACg8ocJwiixAfXL3rUvYACiM9DxnpqgsmcMo3axXiHEdIYDU8L0T0w=mo,Great app MashaAllah. Helps me track prayers and Habits. May Allah give jannat to the makers of the app just for the sole purpose of making it easier to remember Allah. Ameen Ameen Ameen.,5,15,1.9.0,2025-03-03 13:35:14,,,1.9.0
1d409e84-13f8-4b83-b9db-d9bda426b2ca,Asfiya mubeen Mohd aziz,https://play-lh.googleusercontent.com/a/ACg8ocISyIePPwMcmMogycCw135CTMwXyTfkQKaG25d_las2wmewiw=mo,Nice,3,1,1.9.0,2025-03-03 13:22:35,,,1.9.0
3a7b9cc0-a832-4952-863b-169e6065d8f1,Mohammad Aziz,https://play-lh.googleusercontent.com/a-/ALV-UjWudOlDXCxjswfsi8vPpBE37zKM_qbVA8SjrQMhPLO17sp-swqL,Nice App,5,1,1.9.0,2025-03-03 13:06:18,,,1.9.0
49d9fd42-6729-42fb-b66f-2b2fe8818aaf,zakim Shabaan,https://play-lh.googleusercontent.com/a-/ALV-UjXBv8ZNd4knf0WNUMbegaZOB9sEG5s-ztU-m--ZRcyFZxsCKFY,Best,5,1,1.9.0,2025-03-03 12:54:58,,,1.9.0
f9633b58-f8fd-4265-8a5f-f7c4d248039b,Sori Fadi,https://play-lh.googleusercontent.com/a/ACg8ocKdRAyH9lNYklanWnYCBnZasfpJ31hLd6xnn3kWYA0_OhFktw=mo,good,5,1,1.9.0,2025-03-03 12:39:36,,,1.9.0
46fe8c17-aeb0-4ec7-a4a0-9f21241dac90,hussein sabah,https://play-lh.googleusercontent.com/a/ACg8ocLp6zv1qYhu6ofWoEKqcp_sKsVQ4n8XIjActzDZF15lWhYPWw=mo,I liked the app unless i noticed there is a mistake in surah al naml aya 37. And maybe there is more. I don't recommend it.,1,2,1.9.0,2025-03-03 11:39:52,,,1.9.0
39004391-b30b-4f64-9a32-f44d9eec5ab7,Ilhaam Rahman,https://play-lh.googleusercontent.com/a/ACg8ocLTlhDsvNmAwEM-Cpb6ao6IC_swCD_S6s2ElXP5308iDLB01A=mo,It has been an amazing time with this app! Although a lottttt of adds . so if they could fix that then the 5 starts is there's but. honestly this app got me closer to Allah ❤️🩷,4,3,1.9.0,2025-03-03 08:55:44,,,1.9.0
ed8cc6f7-58f7-4b9a-a1e2-e7daf8b1f338,Jen Sagoso,https://play-lh.googleusercontent.com/a-/ALV-UjVLKikotBJiSQt7wUXU42fgqztE_kG-e9_kBJik36TjkM8LNNs,Thank you so much for this application it's help me a lot.,5,2,1.9.0,2025-03-03 07:25:13,,,1.9.0
3426a10d-c7e8-4cf7-8d72-ff754e57e747,Shaizadi Shizo,https://play-lh.googleusercontent.com/a/ACg8ocKTB4I96Wu-2Q3LPSzb9wFvl4z1QYAVnhtusli-VPD2kQOOwA=mo,Best hai ya aap daliy routine ki liya best hai 👍,5,0,,2025-03-03 07:13:47,,,
3c759638-0305-4a7b-96be-827249e6e729,A Mateen,https://play-lh.googleusercontent.com/a/ACg8ocL0IBAei7FpDQ17t3I6xApOyAELC9qJ-i9-t4iSzvWCKrRxMg=mo,"The most vile, indecent and revealing adverts I've ever seen on any app let alone the ""Islamic"" one. Don't mind paying for the paid version but this is making me question the developers intentions",1,3,1.9.0,2025-03-03 05:27:18,,,1.9.0
1bf91532-9ad5-4c1f-b91d-c873e80a6819,Haruna Ibrahim,https://play-lh.googleusercontent.com/a-/ALV-UjX8R_9dfuQp03geX1kQGvtn7NP1IHpagkfLhFRZxUsl3gyvZXwF,💯 correct,5,1,1.9.0,2025-03-03 04:43:07,,,1.9.0
f8709977-9b92-4ffc-8e91-7d93df08f7fa,Marchelle Bacolcol,https://play-lh.googleusercontent.com/a/ACg8ocKhiVqA2p3QIR5i7nPw3VbIgvo4ps-hgUmI8nrkoBDDBv3z=mo,"It was an amazing app,helps me a lot to understand and learn more about Islam🤲",5,4,1.9.0,2025-03-03 03:11:11,,,1.9.0
4484610b-33c0-4303-a3d0-c2c49c6ec445,Adama cirra Bah,https://play-lh.googleusercontent.com/a/ACg8ocI3rFqFTdTyV8ej95M-8molTYa_XBGdmRk6Jx9dWop-lzsvPQ=mo,"It very easy to learn, I love it",5,3,1.9.0,2025-03-03 01:06:58,,,1.9.0
dcbf1822-209d-4aac-9ce1-a1d74aa8845c,Kazi oaly ullah,https://play-lh.googleusercontent.com/a-/ALV-UjVNONs5mMJaeqCbTEQEqGh_XJ80UGgTWnGAOAdcbkm333cDEr3y,Super apps for changing someone into dinn. May ALLAH Gives developer best result in duniya and Akhiraa,5,2,1.9.0,2025-03-02 23:56:35,,,1.9.0
f345fd45-1765-4b71-80ab-754cc9a3f17c,Sitara Jabeen,https://play-lh.googleusercontent.com/a/ACg8ocIO1kwG0IU4WEkT41rHJz_sRQTdfsA5nUyjiy0sgRWrPPzBjg=mo,Good,5,1,1.9.0,2025-03-02 23:40:40,,,1.9.0
e41a6732-ee26-4ad1-84c9-24b359ae3169,Laila Elhalib,https://play-lh.googleusercontent.com/a-/ALV-UjXgkMA80dK_VyVxnbRsBvvG76LTfvbyPUKsYJb1cMDzyLaogzGJ,Good but its got a lot of ads,4,2,1.9.0,2025-03-02 21:30:54,,,1.9.0
696ac37a-9cbf-431d-a468-70219525d341,Adebayo Aliyu,https://play-lh.googleusercontent.com/a-/ALV-UjXVUAt42guu9VlSR0FzDiKJil1sWTIgPXG8HlMDJHlS40lvqvqj,I believe dis app ll be one of d best to help me to my God 🙏 insha Allah 👌👌👌,5,1,1.9.0,2025-03-02 20:42:15,,,1.9.0
3fa76c93-e75e-4087-bc66-21ba096982a6,Jawad Hassan,https://play-lh.googleusercontent.com/a-/ALV-UjXgSCRLnmIXS653ckS4FCfYzKYC7KBV2Wq1RaOn40H2OyiPZlc,there's an app in the ads.,1,2,1.9.0,2025-03-02 19:30:49,,,1.9.0
a7695fe4-5806-4f4d-a0fd-2dd93500bee3,TAHIR SALI,https://play-lh.googleusercontent.com/a/ACg8ocIjbuPI-aH-Ebc2L3-dYvOCyp4JtaUV2pFgFe5Tt3LI7Dg0QA=mo,"Very good app,make sense weller",5,2,1.9.0,2025-03-02 18:27:17,,,1.9.0
df89b927-6b44-4c75-80cd-e4ad2919d90e,Miss Miyenz,https://play-lh.googleusercontent.com/a-/ALV-UjVE8EgujdTvs9eCUkl1Z00Zj9es8PhDoqRe0Y8WSNa-ZoZidIcO,"First day Ramadan 2025 . Looking for nice tracker then found this apps . Love it , hv complete tracker . Will update later .",5,2,1.9.0,2025-03-02 16:30:15,,,1.9.0
ca159d57-50f9-4ae7-88f9-588a86b683fe,Mahabob Zaman Rubel,https://play-lh.googleusercontent.com/a-/ALV-UjXKOKbwUqCrhDeHvKJ310OoGcAaOp_T70LqI4uM33k8sbga00eR,Good,5,1,1.9.0,2025-03-02 15:23:04,,,1.9.0
8af53ec1-3257-440c-bfd3-59a93334cd58,Miss Miyenz,https://play-lh.googleusercontent.com/a-/ALV-UjVE8EgujdTvs9eCUkl1Z00Zj9es8PhDoqRe0Y8WSNa-ZoZidIcO,for first day in Ramadan 2025 so i need tracker and found this apps .. love it . just its pop up too much ads .,5,3,1.9.0,2025-03-02 15:19:38,,,1.9.0
d36ecdfd-e6b8-42fb-944a-6b556f1f6dcb,Ku Yah Ku Mat,https://play-lh.googleusercontent.com/a-/ALV-UjXFE1nSbfgOG9CVboZBnXw6YtbKNx1sxofmDlbiTcpoH165SDY,I like this app☺,5,1,,2025-03-02 13:45:19,,,
29f90fac-24a5-4c39-bb14-fa9a2458f693,Mawda Abdelbagi,https://play-lh.googleusercontent.com/a-/ALV-UjXkON6fgSZWSB8Obr31-31TkOqR50fMMLMT4Jj_MPQf2L35pNU,جزاكم الله خير,5,1,,2025-03-02 08:58:00,,,
ae2436d0-0f75-43d8-8696-0eaea9785bb8,Maham Mushtaq,https://play-lh.googleusercontent.com/a/ACg8ocI0zyNKUi7F03NZKe2jIQLt_eQVPwgZ2NZJnDEw8Tn62db9qA=mo,"This application is amazing! Its interface and features are outstanding. It includes everything I need. However, the main issue is the excessive ads, which are distracting. Please reduce or remove the ads for a better experience.",4,42,1.9.0,2025-03-02 08:22:54,,,1.9.0
1173fc41-f906-4869-b498-1738b515ac61,Nadia Elmasry,https://play-lh.googleusercontent.com/a-/ALV-UjU2bM80_5VNIHWIWgD-k_tGeeiLnDgNuWte12FcRHlv0_1p5M2l,نسخة القرٱن بها أخطاء واستبدال لحرف الهاء بأحرف الباء فى كلمات كثيرة,1,2,1.9.0,2025-03-02 07:44:30,,,1.9.0
de5d2b52-910c-49c0-bc1b-0baa193532f0,Muhammad Shaheer,https://play-lh.googleusercontent.com/a/ACg8ocIgYJgbq1onDN96GDGqgle02cxZwfwsgwNDJqF1VIAjVkR_xz8=mo,Is this supposed to be an Islamic app? What types of Ads you are showing us? Kindly stop these ads from otherVULGUR apps.,3,3,1.9.0,2025-03-02 07:35:04,,,1.9.0
84447069-c48b-4c62-9911-653b4236f6cd,Shahin Alam,https://play-lh.googleusercontent.com/a-/ALV-UjU9Phu847zNoXB6ZSh5PNLZQbCOQXagr1iqy55c7-18ixg1ynHg,Data is not backed up.,2,1,1.9.0,2025-03-02 06:42:43,,,1.9.0
8b52accf-ef29-44bc-b6a5-6bc0271377e3,Sogir Sikder,https://play-lh.googleusercontent.com/a-/ALV-UjUJMZjCRuDI9hVFVEZD1aanXrErGTFvITv6OEBqypCliobSvzVn,Ads ads ad,1,1,1.9.0,2025-03-02 06:22:17,,,1.9.0
de3167db-518c-4ce5-a844-260f608ed2e0,Abel Yanna,https://play-lh.googleusercontent.com/a-/ALV-UjXb588_gqQlpWBqINJdh-BV0ogkcf0GUIG659b1Fr4t3hQ6f2lZyQ,"sy suka app nie. senang nk buat apa2, nk solat, nk bertasbih ataupun baca quran..terbaik sgt",5,1,1.9.0,2025-03-02 04:36:42,,,1.9.0
0a8bb508-a2a5-42d1-b4ea-9f4e7cbbb47c,Saniya Choudhary,https://play-lh.googleusercontent.com/a/ACg8ocKKEh256jS-2tUDGbHFcF7y0L-ubMNujoSVdUZrr2DMaJCLnA=mo,Super helpful 😃,5,1,1.9.0,2025-03-02 02:10:12,,,1.9.0
ddb6679a-da2b-44c0-af7f-352754cc9e4f,Imamia Quran Institute,https://play-lh.googleusercontent.com/a/ACg8ocLLmmHEtsBmK1L1Qu2KpuP4ju1wSGtmLuRmz2OAitm9AUICkw=mo,"Way too many ads, I could not get any work done because of them popping again and again",3,8,1.9.0,2025-03-02 00:08:24,,,1.9.0
d54a955d-aebf-4f30-85dd-2c80b3a00a7a,Muskan,https://play-lh.googleusercontent.com/a-/ALV-UjXdXbeCunmmJ-TCSr-SqZGIOncuCVA4rGnUydk3qdcMl6Rvhtw,Remarkably well and good,5,1,,2025-03-01 22:46:29,,,
d6b6574e-1d43-452a-8f6a-f67e1a369ec9,Samim Mohmmand,https://play-lh.googleusercontent.com/a-/ALV-UjWc0s_G8CiBQAxGkfIzvnsF9TtSCJLL7l3HDRzhryjD7wPr4wEbPg,V.googd app,5,1,1.9.0,2025-03-01 20:11:58,,,1.9.0
0bd66c58-f918-4dbc-9d87-954251fd693a,Lil Bro,https://play-lh.googleusercontent.com/a/ACg8ocKVSVAGYel9guNif74rDXW8oDTagpRKYpkGi3yEfxnZHlnYdw=mo,🤩Ramadan Mubarak 🎁,5,1,1.9.0,2025-03-01 19:15:29,,,1.9.0
f39c4d0e-85a4-42e0-8530-c3e8900b3c0e,Muhammad Osman,https://play-lh.googleusercontent.com/a-/ALV-UjVcrD1Y_RV6XvwukFgcUVNVao4p6UX0ytustJD-y85uuV-iEt_X,"Too many ads, shows 03 to 04 ads even before go to main screen...",1,2,,2025-03-01 18:46:54,,,
c8818418-0878-45fd-b727-69d869690fe3,Vaqish Rehman,https://play-lh.googleusercontent.com/a-/ALV-UjXLLVdn6zR2Nrz9AqLvVbN8RIqMTSr2CrZl_yrACEAeAiQZTCkJ,Love this app,5,1,1.9.0,2025-03-01 18:42:36,,,1.9.0
b10b5a11-0cab-48ee-999e-319ce00f446f,Istaahil Ahmed,https://play-lh.googleusercontent.com/a/ACg8ocITDxYioAqHHTiuLV6g8XKNjfzBHcmm0EJABkT_jOq6dz67wA=mo,👍 👍,5,1,1.9.0,2025-03-01 18:34:00,,,1.9.0
ea41140f-8e25-4c4b-8468-90afb63f4862,Abdurehim Ahmed,https://play-lh.googleusercontent.com/a-/ALV-UjVVn1QDZgoFQK-qlo8-n2p5H937rlakP4P6N9BEdrzoL5tdqCc3,"Only one thing is remaining. On tesbih part, It must have daily package I love the app",5,2,1.9.0,2025-03-01 17:18:24,,,1.9.0
ca02d44a-4f97-43f6-8fb1-32e05451889e,Husni Jilal,https://play-lh.googleusercontent.com/a/ACg8ocILtrDU_XVGdq8Q7X7XltBgvd8Pui3UYxmH_yZpeSqOvl96Yg=mo,Great 👍🏽 👌,5,1,1.9.0,2025-03-01 16:59:33,,,1.9.0
2cc7f031-7107-4dcf-9f25-f4c88a37150d,Ola Z,https://play-lh.googleusercontent.com/a/ACg8ocKVZSoIAhS8GtAaaYUQFw8XsHGdnOby73hlQR0qjsZh_6UMug=mo,Great application with several features. Too much advertisement for an Islamic application. One thing to add: اذكار الصباح والمساء,3,5,1.9.0,2025-03-01 16:00:35,,,1.9.0
183db904-cd34-4441-88f5-115ac429d9be,Fjona Balliu,https://play-lh.googleusercontent.com/a-/ALV-UjW2U-Uv2FQrpz4JnjxAhEjk4xsYAzpLH9XycUx_5kurjuwkk4eJ6A,"There are so many ads involved, it is almost impossible to use the app. I would really love to use it, but the ads dont allow usage of it. Its like an app designed to run ads only",1,37,1.9.0,2025-03-01 13:14:08,,,1.9.0
2ccdb1a3-ea42-4b5f-b2e6-696bb898879c,Repsyzz,https://play-lh.googleusercontent.com/a-/ALV-UjXOOahRv8-9ltJlHI0kNpE2sgH9SbA_dwL7TOYJoNktJ3dumQhtdg,"The ads are insane, just installed app there are 6 ads already, haven't even seen the main menu yet",1,3,1.9.0,2025-03-01 10:34:55,,,1.9.0
68e0ce51-d201-4a76-acf7-e8001e40f54a,Asmau Muhammed,https://play-lh.googleusercontent.com/a-/ALV-UjW74KsMdTyhQJKWq2ftQkPhAD7jHq-rUzzkY1dqkSgPGQ5hyze6,it really nice love it 🥰🥰,4,2,1.9.0,2025-03-01 10:34:46,,,1.9.0
67ef71e6-3833-44cc-bc17-5fa349286d91,Sekinat Omolola,https://play-lh.googleusercontent.com/a-/ALV-UjXx86Q4brRGfMZZlgBd9kfAiVx1iJbxX9EMr9FbSNLgzQPpG1wN,It would have been better with a Quran transliteration option,4,2,1.9.0,2025-03-01 10:02:09,,,1.9.0
9aa1dbf0-fdb7-41a3-acab-998b344dedd5,Eda Yavuz,https://play-lh.googleusercontent.com/a-/ALV-UjW3eyJ64ifIibWMmnpFqXNRK-uPMCBhscE8Mv_88ODZLeqJ_IlyGg,A lot of ads..,1,2,1.9.0,2025-03-01 09:22:30,,,1.9.0
4ae22567-19de-4709-8056-4cbb769322ba,Joseph Sono,https://play-lh.googleusercontent.com/a-/ALV-UjUjYbIVH9x1DCk6oSOigqJGbVlz5-xCfDjajgvvSRNuKzmty60vkg,helpful,5,1,1.9.0,2025-03-01 08:05:20,,,1.9.0
4c0a8dfb-d232-47c1-8992-ebf245daec29,Muhammad Maaruf,https://play-lh.googleusercontent.com/a/ACg8ocLRdMzAJgKPIJfpnf_Pm9Xb39P6gstHcOFRvKglpMGsAra4trE=mo,A good and understandable app with a perfect features and easy to learn,5,4,1.9.0,2025-03-01 05:55:44,,,1.9.0
ee08a4c4-fe2c-4048-99fb-c9fd515d508f,Sahara Mohamud,https://play-lh.googleusercontent.com/a/ACg8ocIOjLVYjYqozTHn1_VAFGOD6Xkq7VdWxUUR_EbTIYIGR6Y9cQ=mo,Very good Islamic app with almost everything from akhar to prayer time qibla tasbeeh counter 🙏,5,2,1.9.0,2025-03-01 04:46:38,,,1.9.0
3703397e-e127-4fbd-b25a-84f66d7f65be,MOHAMED XIAM,https://play-lh.googleusercontent.com/a/ACg8ocIu8cB9P0An4BpczdJIPAFa70YXMLNfYd4GzxfO1oTNDnL4Rw=mo,There are dating and video chat ads way too often,1,2,,2025-03-01 03:52:00,,,
ac196b50-aa38-47ee-b626-8323c620a484,naima omar,https://play-lh.googleusercontent.com/a/ACg8ocLSFmrzAoKKSdEGwZYA2tjzfmrQa_2sDLSrO-qPLZTWUbWAmw=mo,Easy to navigate Mashaallah,5,1,1.9.0,2025-03-01 03:49:45,,,1.9.0
9cb7f682-cee4-4aae-b321-1909aec577c1,Husseina Usman,https://play-lh.googleusercontent.com/a/ACg8ocJ63tESBv6VsINy9slBY9P74J9OdY-nIAw8W05HJnnMYfGLyg=mo,I love the app. mash Allah,4,1,1.9.0,2025-03-01 00:57:33,,,1.9.0
741bc8b1-b2f2-435e-be93-18262e031e39,Ismail Kwesi Musah,https://play-lh.googleusercontent.com/a-/ALV-UjUC_GFeHcAUNibIPJ9ekhd_8IgIhGSk7Y9-Aj5gAnB36wdPF63T,Perfect and soo genius simple to use,5,3,1.6.0,2025-03-01 00:47:18,,,1.6.0
0d27e847-737d-4975-9cc6-6fd3ea0243bd,Qudratullah Nazeri,https://play-lh.googleusercontent.com/a/ACg8ocKmna9fHR22kgfdY2P3mKA1ufCmcLfdXE6Ud5TtPyX3NIp-Iw=mo,Very good for me and all those Muslims who want any more msq,5,1,1.9.0,2025-02-28 22:50:13,,,1.9.0
8ac68bc0-9d26-4339-9a9a-94a5a1b6dc9c,029 Safira Ramadhani Almira,https://play-lh.googleusercontent.com/a-/ALV-UjX0BFbPSTCVn6D8NbUbxNioi78JrreUC26_8rq6irqH98PQ4rdn,banyak iklan,4,1,1.9.0,2025-02-28 18:57:48,,,1.9.0
283fe507-ef8d-4ea8-bd7f-26f0e9989dfa,aimen zia,https://play-lh.googleusercontent.com/a/ACg8ocIVav7LLaS8roIsfjQQ2PlPjeH8jF0xwLmcRmetDFu2vx-YmMMp=mo,Going great,4,1,1.9.0,2025-02-28 17:54:50,,,1.9.0
1c2e74c7-dee9-4abe-97bb-578f05c0e510,ira,https://play-lh.googleusercontent.com/a/ACg8ocKr3ffY921_GBZ86F_yHiLazzh3QWaAzIUrExlIk6lK1R_8_A=mo,مافي لغة عربية ومليان اعلانات,1,2,1.8.0,2025-02-28 13:30:51,,,1.8.0
f6f0d0ed-0ead-4752-9161-26e5b4927169,Abdul Jalil Mohammed,https://play-lh.googleusercontent.com/a/ACg8ocKvllsPrzCJVthhYDtydwBszw1fKLpLLelaU-WAxOHHRAuUJw=mo,Excellent,4,1,1.9.0,2025-02-28 11:57:35,,,1.9.0
4b04d556-010b-4314-a6f3-deab373d540f,Abdurrahim Muhammad Sani,https://play-lh.googleusercontent.com/a-/ALV-UjWTnWLRRlutN9WF7NUvT2fBKR9Bghi8ynM5F_KD8IKVu6p46A,"Very good app, love it",5,1,,2025-02-28 05:35:32,,,
67efa8f5-0bd9-4b0d-bacd-537c7ad678da,Munim Ovi,https://play-lh.googleusercontent.com/a-/ALV-UjXJjD8L0DPqkS14IRFDuO90M_EIAQP0OjFaSryigl-FwkAfc85T,"This is the worst app. It doesn’t offer any special features, yet it is filled with excessive ads. In other words, they are using Islam to make money, which makes no sense. It's truly shameful for the development team.",1,2,,2025-02-28 03:26:26,,,
f5b5cb1b-2ea4-44d0-b4df-e891b7340ee1,Saliah Fuzematu,https://play-lh.googleusercontent.com/a/ACg8ocJPTpyYy7fZHvbTzxKJpg9wfFjIhtyQh6dds78V1eeJno0M1w=mo,"This app has helped me a lot, helps me to not miss Salah and make learning Quran easy❤️❤️❤️❤️❤️",5,4,1.7.0,2025-02-28 01:25:18,,,1.7.0
40c0e46e-cbac-46fa-81a6-5c3ff656d64a,Hamza kija,https://play-lh.googleusercontent.com/a/ACg8ocIp7HjfpUs0G0Pqiez2516jSWpZlutWXhnWdNyKoeKReMRUCtz2=mo,Mashaallah,5,1,1.8.0,2025-02-28 01:14:40,,,1.8.0
87190e1c-b940-4616-9961-bcc26f02621c,Remi Best,https://play-lh.googleusercontent.com/a/ACg8ocKtPsHAiM2gjiQhsDcfIaVZenE9EfODI0JGkj58pMZkSX7m5g=mo,Great,5,1,1.9.0,2025-02-27 23:12:54,,,1.9.0
8f0b4a53-e801-4551-bbbe-2a4ff2f05ffb,shifath rahman,https://play-lh.googleusercontent.com/a-/ALV-UjVuEVj4pc2WAtrUuPoVjKl0g-McH2GkCuXQ5QUWpkjjn1bJsuBGGQ,Useful. Alhamdulillah.,5,1,1.8.0,2025-02-27 22:50:05,,,1.8.0
818307ed-2f9e-4ac9-ab1a-e7a8a3408344,Md Forhad Hossain Sumon,https://play-lh.googleusercontent.com/a/ACg8ocL9NTYlDieTr0-UM3gDbiV9uSjrqR9F4Q-hO0obsKgMtsQi4g=mo,peaceful,5,1,,2025-02-27 19:27:51,,,
748e7895-8b5d-4689-a824-b728ece6bca1,Amrah Syed,https://play-lh.googleusercontent.com/a/ACg8ocL4GvVHIW2ponaArzwLXlrFK0_8t5sa0JkTPG6NTq_JWIuHKQ=mo,It would better if the ayat and duas are written in bigger letters and everything is good I love this app,5,5,1.9.0,2025-02-27 08:11:18,,,1.9.0
a5c3e001-96e4-4d03-aa23-801aaad0d6c2,Musa Umar,https://play-lh.googleusercontent.com/a-/ALV-UjWspQVQwMg0-unW1ANPkNf2i3DFBXa7oF0AGmHm6dPYNyXmyCk,Very nice,5,1,1.8.0,2025-02-27 05:22:50,,,1.8.0
7b7bd46b-eb61-4fbf-bc41-d930f1d29183,Rodiat Ayomide,https://play-lh.googleusercontent.com/a/ACg8ocJ3M7nemxvnYapU-KmcoYkfBF2Kv5j4Ssp5e5P3W1r-b6Ie7A=mo,This is the best Islam app for me,4,1,1.8.0,2025-02-27 05:20:36,,,1.8.0
2b5390da-f351-43ea-b843-825ca3be5174,The three cousins KASHMALA CHANNEL,https://play-lh.googleusercontent.com/a-/ALV-UjVyubyGqYfvzDq4J-lA63f8K8fN2GNB9nbb87tcpm5BdFvBjzNw,"Excellanté! This game is absolutely Excellent. It helps Muslim Brothers and Sisters to learn the Quran, Track their habits, track their prayers, get encouraged to do good, do tasbeeh, etc.",5,9,1.8.0,2025-02-26 16:51:30,,,1.8.0
73a6cd68-13f5-4519-ae4d-f8e9b11c6c90,HABIB Urg,https://play-lh.googleusercontent.com/a-/ALV-UjXVamyPKgRPyyNtrCg_QU3pK-VInC7qYy569HQMj0ygMB5LyzYN_w,Good apps,5,1,1.8.0,2025-02-26 10:59:15,,,1.8.0
4db35dfd-e0cf-46ea-98ed-400986ebe699,sam aziz,https://play-lh.googleusercontent.com/a-/ALV-UjXoMh1gcG91rhhJ2bV3_X5dTWrTfKxdR0UyplIT1JTNEr--bqG8Pg,very good MashaAllah,5,1,1.8.0,2025-02-26 01:49:38,,,1.8.0
94632e52-6b49-4109-b289-dc517ef4239b,Ahmed Aminu,https://play-lh.googleusercontent.com/a-/ALV-UjXLOBmjCKid_iXSt3X_DHBYObkjf8XIsMcZR4s6RT8vy2tyWKTz,Absolutely awesome,5,1,1.8.0,2025-02-26 00:21:33,,,1.8.0
15ccc0c4-8b04-40bf-91db-c717b6581b36,Jibril Jibril,https://play-lh.googleusercontent.com/a-/ALV-UjVxRCqb75quFF4TyC3XcAGohJsW34yshhYAensDheNw2nwIJxXT,Masha Allah,5,1,1.8.0,2025-02-25 23:32:22,,,1.8.0
a7ac1ee0-405d-41b7-bc7d-83f435b98312,Rahimuddin Md,https://play-lh.googleusercontent.com/a-/ALV-UjUPkMc_n6Pd1M6glZVtdIqGJ8QofiickPGHF5GX11nDXqQRT6Y,mashallah good,5,1,1.8.0,2025-02-25 22:46:37,,,1.8.0
cfba2fbc-89ea-4a77-9507-fec5fd5db85c,IEP GEITA,https://play-lh.googleusercontent.com/a-/ALV-UjXCu1qyhDfxNdnqAI1SwSH_vEsg9dEzDWNMB8du9OZ-LKsPJ8xZ,"Nice, Ma shaa Allah",5,1,1.8.0,2025-02-25 19:20:03,,,1.8.0
8275c7b7-c1c9-4fe5-ac7d-9779cf0854d1,Kamrien Saleem,https://play-lh.googleusercontent.com/a-/ALV-UjV96PwFTrcgF7fFo9PoEaEj_woRV2-dGrDTkHM-CDCZ2ZzRRkzmEQ,It's Very helpful,5,1,1.8.0,2025-02-25 18:50:24,,,1.8.0
035b6fbc-eda8-42d9-919e-c7371e8639c3,Ataurahman123 Ataurahman123,https://play-lh.googleusercontent.com/a-/ALV-UjUro_fRTBBwdZ-bTV9eHUV5nV6gUnl2j4lEOaSWiLVDkmvmr7o,Likes it and good,5,1,1.8.0,2025-02-25 15:03:25,,,1.8.0
c09a0224-c148-423c-bcc5-1fce74d38e8f,Sulaiman bin twaha,https://play-lh.googleusercontent.com/a/ACg8ocKp4LPgGjZPCHUVvLYYnCvMrjhh8DmBP2SOELV9g9GoJhnMEw=mo,Exeptionnel,5,1,1.8.0,2025-02-25 01:57:52,,,1.8.0
3189df89-c4e3-44bf-ae22-48b3afff63b2,Fathimath Afiya,https://play-lh.googleusercontent.com/a-/ALV-UjVzyXSVYZqMAEwS1V3q4Dsrr9FKZms4eT7Tdi9hjYCoidZIiKTA,I downloaded and kept saying downloading every time I opened the app. Good features. Please fix the bugs. Thanks,2,2,,2025-02-24 20:32:55,,,
3dfb21f9-b21c-4bab-9b06-132927621135,Arif Diggi (angelArif),https://play-lh.googleusercontent.com/a-/ALV-UjWhnhFn-S1Fd9Vau1G5uCb8F9C26Y6CSxDJzwS1NT4n4uHlrSXu2A,Full of multiple ads at every step,1,2,1.8.0,2025-02-24 07:49:08,,,1.8.0
aaefd89f-130f-4ba2-a5d2-6250d3a65cf1,Ayesha Penelope Davids,https://play-lh.googleusercontent.com/a/ACg8ocIceA0if2kvUcY1dpKH6P4ROHHGFTSc62XrCVCHd59l-u_uHQ=mo,"This app is not working properly it sometimes (well more than sometimes) takes very long to open and sometimes doesn't open at all. And the quranic recitation in English doesn't work most of the time, it's really frustrating and I can't find any other app similar to this one.",2,18,1.8.0,2025-02-23 23:05:08,,,1.8.0
f5639bb9-2d72-404a-96f0-9a5f748a06aa,A Google user,https://play-lh.googleusercontent.com/EGemoI2NTXmTsBVtJqk8jxF9rh8ApRWfsIMQSt2uE4OcpQqbFu7f7NbTK05lx80nuSijCz7sc3a277R67g,This app is very good for teaching us Quran and Dua,5,2,1.8.0,2025-02-23 17:34:56,,,1.8.0
b3ed7599-d6a2-4071-a0ed-6979d53d02a2,Hamza Shimelis,https://play-lh.googleusercontent.com/a-/ALV-UjXngHsVWPDs41irOPtU1PyxAfumpSth26961_tPG-ohyoqZwDE,Thank You best app,4,1,1.8.0,2025-02-23 12:05:32,,,1.8.0
fc376582-02d8-421c-8e4c-bddb65882754,Abdulkabir Olanrewaju,https://play-lh.googleusercontent.com/a/ACg8ocKD9uyHKkINzfKGuDBags5NhoYn7too2RkJtXJRk-WIqebJxw=mo,Very good 👍,5,1,1.7.0,2025-02-23 03:29:49,,,1.7.0
11d59f0f-a915-4eeb-b330-ada8fd0b2b76,Tamjeed Shaikh,https://play-lh.googleusercontent.com/a-/ALV-UjX_nFcWC1M45N2ZGWqenAaTCEP-vxRpGcBIpA7RF-bi_PUhcbU,Very usefully aap good,5,1,1.8.0,2025-02-23 02:02:17,,,1.8.0
8538fe7a-70dc-4a83-8932-0c6c8c2fe40d,Aisha Ayuba,https://play-lh.googleusercontent.com/a/ACg8ocLzmPvaLFLCw9CbRZe2uHk0BosCmUZUjxf7djbKeQxjtwPdmw=mo,"This app is wonderful I love it, it has almost everything I needed",5,2,1.8.0,2025-02-22 20:48:48,,,1.8.0
20a5e19e-983e-4b02-8c36-f14de3cbcffd,Anna Hossain,https://play-lh.googleusercontent.com/a/ACg8ocJzaG-9XNJZD7nvDdMJnULsZ_3n5icz8PDVE1gPRYm2W5iskTVm=mo,Good,5,1,,2025-02-22 09:21:00,,,
b6d52037-4056-49e2-9e53-9730986329ef,Mahjabeen Begum,https://play-lh.googleusercontent.com/a/ACg8ocK3BMpvSNdT_Hw1S_gXl9o7swepwadektc4pgpPBSbMTiUYrw=mo,"This app is wonderfully processed and it tells me the exact time, reminds me that it's nearly time to pray salah and etc. But there's this one thing I'm VERY bothered about the ads. First of all, when it's an urgent matter, the ad pops up with a inappropriate ad or those driving test apps. So please stop the non stop ads.",4,64,1.8.0,2025-02-21 20:38:06,,,1.8.0
c7a65314-9115-495e-b3b6-46ddb581af85,Mehwish Mehreen,https://play-lh.googleusercontent.com/a-/ALV-UjXQjmxqjwd3zX0uR8lgDRycmbcoB8CmLQ68a8Zyu-0FeePlk23JIg,This is an amazing app. Its very useful in being punctual for prayers.,5,3,1.8.0,2025-02-21 00:09:31,,,1.8.0
b603747d-b460-4ebb-81b8-02816b6ddacf,Soaib Ansari,https://play-lh.googleusercontent.com/a-/ALV-UjU6XL_0P2l7S4PHbeFCFVfCg8BmsdtfVYYxdcMksd8_c2-8XJeW,Nice app,5,1,1.8.0,2025-02-20 07:08:47,,,1.8.0
2fe0a31c-413c-48d4-80c7-4741fff2fa68,Saher Hassan,https://play-lh.googleusercontent.com/a/ACg8ocKzpsxB5E5OfRFrrBn07JDUA5mVvwNXsA2X2eMN8wTXmCCoCA=mo,إعلانات كتير,4,1,,2025-02-20 03:39:47,,,
b0f69013-6509-4f42-b3a2-6e94992b2d1f,Haferz Jutt,https://play-lh.googleusercontent.com/a/ACg8ocKn_G2Wn3eavlJlf8cTP8wICTL9AJ670P3tjERROWJdJyMz4g=mo,Good app,5,1,1.8.0,2025-02-20 00:24:28,,,1.8.0
70c5956b-3e4d-41f0-9da3-279865f5424c,Sona,https://play-lh.googleusercontent.com/a-/ALV-UjWhjdHP6sQTZcpMG7iwXcBch5rYrEeoYMNuc9n1VfdsLGOqPmE,Very good,5,1,1.8.0,2025-02-19 17:09:44,,,1.8.0
5b73877b-d5cc-4560-8987-38a49c2b8620,Neelam Raheel,https://play-lh.googleusercontent.com/a/ACg8ocKx9XD56yaCmf-M5isTw0kx91RGCZ17HkSmP10SBl5UaWwOew=mo,I love it,5,1,1.8.0,2025-02-19 10:00:01,,,1.8.0
3253e333-94ef-459b-9535-84907dbc0c97,Mishkat Raiyan,https://play-lh.googleusercontent.com/a-/ALV-UjUlm-FNiWzwy1jFhsnwQukZOYaUNaowefATrehqvW-XdcfEB44wnw,"Too much ad to deal with, the ads even contains music, so whats the benefit of getting a Islamic app?",1,2,,2025-02-19 01:36:12,,,
b94c89f8-9a6b-4e9a-94ff-1f30ee97b403,Shafiya Ismail Sulleiman,https://play-lh.googleusercontent.com/a-/ALV-UjUJuT-yxlrri1ftVUxuiJ8C8KfnWTqyPePSnNkmLRlhvEr0qqE1,Excellent,4,1,1.7.0,2025-02-18 18:24:05,,,1.7.0
af9ccdf8-11d2-4f5b-a989-04743140ed43,Kamal Uddin,https://play-lh.googleusercontent.com/a-/ALV-UjU0xTfWCucdLIxKoXCPpKL3Bl_g9N1JUdAluVVvfFOW-w2Np2Q,Very very good apps.,5,1,1.8.0,2025-02-18 00:36:46,,,1.8.0
63a78379-768a-4682-86ee-8f3ea5680e50,Jabiru Ibrahim,https://play-lh.googleusercontent.com/a/ACg8ocKa3UYuPsz7klP1-fE7fpIUwI6uvifQ3Ec99g9uIu0RbUgeuw=mo,It's a nice 👍 I like it 😁😊,5,1,1.7.0,2025-02-17 04:37:13,,,1.7.0
eb965ea5-d86e-4d55-a218-580e8d5fd099,Nawaz niyaz Ahmed,https://play-lh.googleusercontent.com/a-/ALV-UjXjRUA8ket7qYtGjLn0-oQXCQEliNIcY0YXLoCSRxwJFWDz4LRL,Ahlmdulla,5,1,1.8.0,2025-02-17 02:40:22,,,1.8.0
2add4acb-78ad-47dd-a7c5-f3a45bbfab77,CHERNOR BARRIE,https://play-lh.googleusercontent.com/a-/ALV-UjUsInnTZ2j1k-XTJlRxEWC488BDKImLzvMJtHZS-jsnjspGYT0,Great app but I will prefer the background colour to be another than white,4,2,1.7.0,2025-02-16 15:56:00,,,1.7.0
a2e02f06-47ba-4ef8-a659-972ae74f20e3,Halima Shaban,https://play-lh.googleusercontent.com/a-/ALV-UjXmMYrG_MXO8hwQJhlaSjiuPwWFOmuIGhg88mKqK-MdI50FkwFXXw,"This is a very useful app that I'd recommend every Muslim to have. I love it And I wish I had found it earlier... Now that I have it, I'm ready to be a better Muslimah In Sha Allah 🤲🤲",5,3,1.7.0,2025-02-16 14:04:48,,,1.7.0
6d9c3ace-d1c1-4cbd-9c6f-a229f96f2301,Tanweer Ahmed Memon,https://play-lh.googleusercontent.com/a-/ALV-UjWAIN8IK7-UjFiv_lpeDOOwQHDc40FJXLwQJWRCxe5oKOdi0Jg,"Alhamdulillah, a very nice app.",5,2,1.8.0,2025-02-15 23:19:52,,,1.8.0
78486be6-9890-488c-8d5f-15a9f5edac87,lhw14roopwal,https://play-lh.googleusercontent.com/a-/ALV-UjWBwc1fKp2w9GdoZtJ3k3BpXLbYegDNuHt3eoCK3GWb_oZG95K6,Great experience,5,1,1.8.0,2025-02-15 22:58:44,,,1.8.0
5ffbb875-3979-463c-bbcf-4f87a28c2a61,mustapha Ridwanullahi,https://play-lh.googleusercontent.com/a-/ALV-UjXwdonlolKNa2pvaa2ROoB1UXI5UAPmhFvZADvNNnk9mrJwmBXJIw,I love Allah,5,1,1.7.0,2025-02-14 14:52:57,,,1.7.0
811ac291-ebe1-43d5-8bba-ebdf4227d668,Kashpia Ali,https://play-lh.googleusercontent.com/a/ACg8ocIYZkl0-3LHlKWE79LVgv5u28wE--gdZvg9Ln7jrcqsMHUuXA=mo,Love this app. I am a student. It helps me alot with managing deen & study.,5,6,1.8.0,2025-02-14 04:58:20,,,1.8.0
91aec1cb-378b-482c-b1ce-ccc33164a5a5,Mohd Afsar,https://play-lh.googleusercontent.com/a/ACg8ocJJFwn24UoXyOCc5ZT79tgdBkckh5WUEhf5VS1AwEILbioiPb4=mo,😇🥰😇,5,1,1.8.0,2025-02-14 00:08:52,,,1.8.0
de6adb56-3d49-4809-8c97-54e56b0c9c31,Momoh Sanusi,https://play-lh.googleusercontent.com/a-/ALV-UjXHML6CY6kyLkdN1X23O3PgIFQhELNeWfH2sZ-NoFLhI2i39xFc,An Awesome and excellent app to behold,5,2,1.7.0,2025-02-13 14:26:07,,,1.7.0
4d3f9039-092d-4de0-9f21-6f73bacc54b8,Zaid Ahmed,https://play-lh.googleusercontent.com/a-/ALV-UjXAqdZ6IKot-FPlGsfLAWJuztcQFgUAjBriHDxs6Cp1dP2JY1k,goodest app,5,1,1.8.0,2025-02-12 19:52:09,,,1.8.0
a56c12b0-36f2-40f1-9b08-3512351f0a2e,Mohamed Ramadan,https://play-lh.googleusercontent.com/a/ACg8ocLMui5lHyimyG_8W108WjfvC7CvGWXXbAbV-xlgnKjF4VNwBjM=mo,I recommend it 👍,5,1,1.8.0,2025-02-12 15:45:51,,,1.8.0
c30541b6-a5df-4784-8f4b-0914f0a7d3ed,Qazi Muhammad Asif,https://play-lh.googleusercontent.com/a-/ALV-UjXdDVZymdIOr1HbJJo3xCEe_tQHlg4xxaHQOYLPg2ekRodIEc6d,Awesome,5,1,1.8.0,2025-02-12 08:18:09,,,1.8.0
925fd8f5-979d-4154-85f3-e0ab13b94880,Yusuf Muhammad,https://play-lh.googleusercontent.com/a-/ALV-UjVzh4i7MCu9o41yeNBdF8OnlHoUutoOfzwFAxtDveTSqLFcYq4k,Too much annoying ads,2,3,1.8.0,2025-02-12 04:45:22,,,1.8.0
538429e7-9a60-4d61-8349-d0edc5c020ad,mamason,https://play-lh.googleusercontent.com/a/ACg8ocIVH36OdGV4K_iJ9UEJTfA5GrsmwJ_FeLB3EuSOzWGqNvfiD9d8=mo,👍,5,0,1.7.0,2025-02-11 20:38:56,,,1.7.0
1a559711-b30e-4407-9014-9044f8b09799,Yussif Abubakar,https://play-lh.googleusercontent.com/a/ACg8ocLRGgglb_nsyFSV6NHYkRIJJa8i2ImXL9C-jdGC35_yO0R5=mo,Good app,5,1,1.7.0,2025-02-11 13:38:20,,,1.7.0
4014fc07-716b-430c-a28f-9c85f159a5fc,Iftikhar Ahmed راجپوت,https://play-lh.googleusercontent.com/a-/ALV-UjX2zHdP_D4Z_vrnqxzqlcetHCNEL2WK6p3tnO2T_nPpMCD8PgaC,Very good,4,1,1.7.0,2025-02-11 13:37:31,,,1.7.0
1deece4b-e3be-4958-ad10-0f584c2aefd3,Sani Umar Faruk (A.J),https://play-lh.googleusercontent.com/a/ACg8ocIdNeGGVczQ8jkgPstqsAuzrmCvxnY98689zWlcLecR029CEA=mo,Extremely good 👍,5,0,,2025-02-11 09:42:01,,,
33c2b194-ac19-47b7-a4d2-505dd82464e3,Hanif Abdurrahman,https://play-lh.googleusercontent.com/a-/ALV-UjVBZ1qJxXLraR0sdH4ojmCoR50iHjt5m9ANbvDI8DQ5GQkM2M-G,Alhamdulillah,5,1,1.8.0,2025-02-11 04:33:53,,,1.8.0
96b064f5-79d2-4f01-84d5-c2d84fd2ec9b,Thajideen Safeek,https://play-lh.googleusercontent.com/a-/ALV-UjUG75ENChcRbas_bpncw1ng2PMBgNiRQryr7C8muaJvrBWsPghN,Good job 👍,5,1,1.8.0,2025-02-11 04:22:26,,,1.8.0
a8d8965a-a9ce-4ccf-9d35-2f2339b4278c,GM Maniruzzaman,https://play-lh.googleusercontent.com/a-/ALV-UjVhPfGa9zUgTBKw_kjA9d2KT8zVauFepR_EbVQmHbduDB3xJrRaFQ,Excellent for muslim,5,1,1.7.0,2025-02-10 21:50:14,,,1.7.0
2eefae78-c129-48bb-9133-3e09510ea6a7,Ibrahim Abdullahi kagara,https://play-lh.googleusercontent.com/a-/ALV-UjXHyYNlOIs1Gn7wxMktz5kPZ9hiyaJin9448DOhz26OiStkDb8bfw,Extremely good,5,1,1.8.0,2025-02-10 17:29:00,,,1.8.0
b179ede3-b0cd-4256-8e62-067e4e10e2cb,Sabbir Hossain,https://play-lh.googleusercontent.com/a-/ALV-UjW7Up1oqENSxhyPYlVV8_BWARZf7ZdX9txnePeR1_7236exLSwvgA,Alhumdulilah,4,0,1.7.0,2025-02-10 03:20:58,,,1.7.0
6096bea4-15a2-40fe-9e40-63e4266cdfa1,faisal kurbah,https://play-lh.googleusercontent.com/a/ACg8ocIOy_OQ087lcF9sLoeYa6oysrqV0Y-1JLuIkrffM62tP6sZGMmY=mo,"Seems that the app could be good bu it has Too much Ads on the free version, you need to reduce the frequency of the ads so we try the app before going to premium",2,6,1.7.0,2025-02-10 01:53:50,,,1.7.0
25701399-b7ba-4615-aa68-cd1a47359e07,Sareef Ahmad,https://play-lh.googleusercontent.com/a/ACg8ocIq0XCBOQCsCmgoAJtcqu8UdFFH5vkKiecX9vByI1GR7zAEQA=mo,Vary nice 👍,5,1,1.7.0,2025-02-10 01:50:00,,,1.7.0
977d327e-7c58-4cf4-9cc6-0f024b1c34b4,Ranaijaz ranag,https://play-lh.googleusercontent.com/a/ACg8ocLvkeFCGuAOMN8JBSoC6xI380ccRW87xzValYAifdsVrLCE5A=mo,Good,5,1,1.7.0,2025-02-09 10:51:39,,,1.7.0
b1808b30-fb6f-4935-b858-9f061b06c6e8,Arbaya Maulana,https://play-lh.googleusercontent.com/a/ACg8ocIw1-2RUNx0lFNSlIDH_oOM5f6NNpdjRctt6CB_oRYw9Q-XWA=mo,Ilike,5,1,1.8.0,2025-02-09 05:35:44,,,1.8.0
7c149dbb-408a-4b6d-989d-13ba04fb711f,Myra Kysha,https://play-lh.googleusercontent.com/a/ACg8ocKfLPPqfSCtOtYJaPh5sQ0gDOy2g1STXOW42UvEwwiTjPqHQg=mo,This app encourages kids to keep on praying and the app even teaches us about the quran and tracks prayer timings! Love this app! I recommend this app for kids and even adults(if they want to)to download this app and trying it out! Have fun!😁,5,106,1.7.0,2025-02-08 13:40:20,,,1.7.0
cf9d2987-2e33-4e4d-a8b6-53638ad23265,Abu Bakarr Kamarr,https://play-lh.googleusercontent.com/a-/ALV-UjWgNxzalsBjxXJPXzZUms6MlnX6IKfqF8ddu9pSaia5GHD8p1I,So wunderful was my best wish,5,1,1.8.0,2025-02-08 04:48:01,,,1.8.0
679535bb-3378-4c01-befa-81e99dd0ca04,Muaz28,https://play-lh.googleusercontent.com/a/ACg8ocLGDkSdAVOeNFZ13wKErT-ctt7WCoDmo9lO7eOd646UM8RV5A=mo,Recently download it. So happy with it's features.,5,2,1.8.0,2025-02-08 02:58:57,,,1.8.0
71ef3d26-2b14-4ffb-9c53-ff4be532fc65,Kabir Ahmad,https://play-lh.googleusercontent.com/a/ACg8ocJtl_ZL9nwDsRsK0opksneG9gqvLW6I6YR2CoiqU0XzxSax5g=mo,Good,5,1,,2025-02-08 00:30:39,,,
6d2adb38-f8e5-49f5-80c6-54d053240a77,W. Marktito,https://play-lh.googleusercontent.com/a/ACg8ocKfymIQiPQAlVN_YQoKwBfPTdkPCtPpKmCi6Gkfik-EYXzR=mo,Best App ever seen,5,1,,2025-02-07 21:22:54,,,
c0d7cfbb-babd-44cd-a241-7264f9fc1950,Masuma Nasrin,https://play-lh.googleusercontent.com/a/ACg8ocKZh_2JvvAHQfJM2BsIWrb3IuOmCmqyyhW4Dzn40ZyahD7ghw=mo,very helpful for every muslim like me who struggle to regulate in deen. Highly recommended. I finally found this useful app after deleting 5 other planner app.really Amazing,5,22,1.8.0,2025-02-07 12:03:40,,,1.8.0
5e0d0d7f-6638-4b66-9224-aa974181ca52,Enjig Khaled,https://play-lh.googleusercontent.com/a/ACg8ocJtYZU-vnk4U9vf47fiY2fvXf4FIfHrkWhFz5R8RTR1sRD4=mo,Not accurate prayer times,1,1,,2025-02-07 09:24:16,,,
491380c1-ed66-4bfb-891d-02cab1510bbb,Olanrewaju Muhammed,https://play-lh.googleusercontent.com/a/ACg8ocIq4qGgBppCkUpRwNHgJALoVgjohvuyc-foy3vagRVBKJsABA=mo,Barakah llah fihi,5,1,1.8.0,2025-02-06 21:46:04,,,1.8.0
13f8dbe9-fc20-48ea-a4ca-3e5f21e69170,Jonathan Perry,https://play-lh.googleusercontent.com/a-/ALV-UjUWmwcpvPovyB9VI5YOWCUgiIwj5yVHJg9N7Ty0BmMXyVQ5Xc5vOQ,Paid for subscription but ads persist. No refund available. Shame. Please fix.,1,2,1.7.0,2025-02-06 21:17:51,,,1.7.0
666f3c13-673b-46d6-8124-11d23a717e13,Bholai Raiez,https://play-lh.googleusercontent.com/a-/ALV-UjWKhvhNbOiiMMItqYJoNq6MgdGWPquS6GASPBL1IxP16_wJdCug,Toooo much ads,1,2,,2025-02-06 19:52:07,,,
e961fd79-626c-45a9-8ae1-bb7d05ca8053,Asif Arju,https://play-lh.googleusercontent.com/a-/ALV-UjU6VLGoRycTH811LzJg9ObW3fkksUfZx09TasnAiX_j8R6x4C0,মাশাআল্লাহ,5,0,1.7.0,2025-02-06 00:58:34,,,1.7.0
aa20981f-91de-49d5-8c3d-1f09305715c7,Khalid Khubran,https://play-lh.googleusercontent.com/a/ACg8ocISnj5s93OvWZWgY-B-JnAyGUG8m3LzwQzG1K0NZ1rmd0db1w=mo,Excellent,5,1,1.7.0,2025-02-05 22:45:21,,,1.7.0
364d013e-aa6d-47a6-a3c5-2e0693a857bc,Yusuf Adamu,https://play-lh.googleusercontent.com/a-/ALV-UjV_fhu9xun8qNz1oaC_wvu_U8LoOxG4hqYFz-Yso9bmihrDTA4,I want to use this app I need read Qur an he is the best My choice on my life,5,2,1.7.0,2025-02-05 19:03:34,,,1.7.0
f4ff29d3-f655-43ef-bac2-82a0c8c73661,alvira Khan,https://play-lh.googleusercontent.com/a-/ALV-UjXS3kjmY7rDi_zRyMqZh_U-xeSAMGTax9byE3GW902J_bSQNMUo,Excellent,5,1,1.7.0,2025-02-05 19:02:15,,,1.7.0
17e8f3cd-1e67-452e-b53b-e78b2d88f16a,rashid ghafoor,https://play-lh.googleusercontent.com/a-/ALV-UjWFUx9157ORw5X8_ilU4rKclBqPA12f-BG4NTXPUaok639uhkyS,Excellent,5,1,1.7.0,2025-02-05 17:06:23,,,1.7.0
3daba9fd-630c-4537-a0e5-47e6301b3b9f,jannatul ferdous,https://play-lh.googleusercontent.com/a-/ALV-UjUxuDp9OlWV0E8cehw4Y2m95VZ0JlqvecYgPX-4vcZ-Wd6rz45x,There is a lot of ads here which is very annoying.,1,3,1.7.0,2025-02-05 13:38:03,,,1.7.0
e8a93cd6-2150-4a71-8341-e02b6aaf8b55,Naz B,https://play-lh.googleusercontent.com/a/ACg8ocIYLdvtLToqJ6HHBTcTfKw-8atRohBaBeqP0P5hyj7ok07ayg=mo,"App generally is good with the features but the adverts are terrible and inappropriate, some times there are gambling adverts appearing. Uninstalling for that reason.",1,9,1.7.0,2025-02-05 12:08:12,,,1.7.0
e0bf3b0b-d7a7-45ba-a80d-420dc3a625fb,Salma Rashidi,https://play-lh.googleusercontent.com/a-/ALV-UjXBvp3S_GaF7ZAxscew7lJzYdasg0l2QI4EXLMyadCzvFdLf1I9,👍,5,0,1.7.0,2025-02-05 10:14:48,,,1.7.0
d31cc298-4334-47e4-8b44-845031b748f7,Mhamed Chemssy,https://play-lh.googleusercontent.com/a-/ALV-UjX_fLAP0vZi_QcBbzgk0vf_TNwnOG6k3BIbnBeRNcWLfWx8WjRd,Lots of ads,1,2,1.7.0,2025-02-05 09:34:34,,,1.7.0
2addf574-6664-4cb9-9b87-5c7d98f5ed96,alfatih ali,https://play-lh.googleusercontent.com/a-/ALV-UjXEMl3ruktaFwU6UmEinG2xusFi7I8yT6nkcxSWK6LvRmFOJewpQg,تطبيق ممتاز,5,0,1.7.0,2025-02-05 09:19:39,,,1.7.0
9ad8543f-8356-40e3-81d0-dea9a2c0157a,Chouhdry Arslan Khalid,https://play-lh.googleusercontent.com/a-/ALV-UjUGxttZLTnxKa-Cy54gk-Klq1RoUYx4nXdKyX7inbxJX-J6SjS0,A nice app from a greedy developer. Too much annoying ads.,1,2,1.7.0,2025-02-05 08:24:26,,,1.7.0
08412350-081e-4c64-a533-a93800c576df,Saeed Muttilepoyil,https://play-lh.googleusercontent.com/a-/ALV-UjWAbqZgKAuxjHYnOWph5UZliBvcoYTugl3fKFA7NPLuTetUBOMy8g,"Fake , and the psyment went still ad are popping on the screen . Dont try this its a big scam",1,2,1.7.0,2025-02-05 06:48:37,,,1.7.0
dec71021-28a7-47c0-8812-8c19daa09ad7,Bakari Riziki,https://play-lh.googleusercontent.com/a-/ALV-UjXmJ85R7_p3r6QyYzifw5hzVdMbdR9NrdLdo6KThMjSK_UhNI6aBw,💯% Islamic app,5,1,1.7.0,2025-02-04 14:01:43,,,1.7.0
b11fca5d-58fa-478f-a886-b46b32756da3,Abdul Jaleel,https://play-lh.googleusercontent.com/a-/ALV-UjUsrFBm6qBiKM4O2KliysGgqM_CESvwPhd2ZCnl3xynh8y5cRdD6A,Al hamdu lillah for everything.,5,0,1.7.0,2025-02-04 11:14:34,,,1.7.0
af3bf91c-5025-4991-beea-ce0ba50db23e,Mahir Patel,https://play-lh.googleusercontent.com/a/ACg8ocJMGm05WRY49tPcJ94NLPuK8udwAMNqlNb35t8hfJeSKX16SA=mo,I LOVE IT THIS AWSOME ALHAMDULILAALLHH THIS APP IS A GREAT APP ❤️❤️,5,1,1.7.0,2025-02-04 03:18:08,,,1.7.0
810dbaa4-cda6-4535-8881-34209243fbc8,Mahveen Ayesha,https://play-lh.googleusercontent.com/a-/ALV-UjXTAjNcixUom7f_T1wh0LWQTUATvkYwgA_a-YLuPVOiOXEWRJ-2,Too many ads it's a shame that there are plenty of ads with immodesty & a recommendation for a dating app. Although the app is better but could work on personalised ads.,2,7,1.7.0,2025-02-03 19:17:39,,,1.7.0
cd10b94d-a4a1-4208-9f85-27deef6107ef,Toni Strak,https://play-lh.googleusercontent.com/a-/ALV-UjUZ8rEG87la1wc3qwNPAIhbCg18KMEh-3ac_9EpDy6ZZtdYQDiZqw,"I paid for a subscription and yet the app says I don't have one. Ads are nearly constant without a subscription. I paid the fee to not see ads. I tapped on ""restore purchase"" but it still said I have no subscription.",1,26,1.7.0,2025-02-03 18:45:42,,,1.7.0
20d787fe-cbd5-4201-8695-f7bc370d1371,Nabila Ramadhanty,https://play-lh.googleusercontent.com/a-/ALV-UjWIzj2ljFMsbhofht3gB1AmFg6JFQtKhH1TK1jNoWgKuu7RqkKt6A,Too much ads,2,2,1.7.0,2025-02-03 16:01:16,,,1.7.0
535b5e89-544f-42a8-adf8-5c8fe2797b18,WAHAB JELILI,https://play-lh.googleusercontent.com/a-/ALV-UjWkVw5XgpUoo3qGmCzapwaMpbMTqFzUYYeaGPk-S6u-z-GfYHyI,I like the app very much,5,1,1.7.0,2025-02-03 00:08:27,,,1.7.0
4db98826-8a0e-40c9-a923-d2b3e0ee00df,Aishah Jelani,https://play-lh.googleusercontent.com/a/ACg8ocLOJZS7FeSJ9s2TG2xs2X0tKqsJDRFDxIhU-EkibqrVQpw_3w=mo,"This app is ok, but I got noti that this app is risky for financial etc. Whenever I want to use bank app, the notification appeared. Haih, why lah. This app is too good but why 😭",5,2,,2025-02-02 16:26:26,,,
ce8760c3-5895-4448-99ba-b8327f926ca1,Ishola Ladi,https://play-lh.googleusercontent.com/a/ACg8ocIrnfmICWWfW3i_WaTkO2pIchQSrKRD6ufTBIqN5TutLOvLYQ=mo,"I love the app and the app have what I need to understand in my religion, I recommend people to be using on there phone as app.....",4,3,1.7.0,2025-02-02 12:17:28,,,1.7.0
729e8ad7-9f4e-418c-bb23-0a99ea654c5f,Iram Awais,https://play-lh.googleusercontent.com/a/ACg8ocLsjIlUnsB7c3203p6fN8aGtHJa9bArqXBONuCD6j1cd_rc2A=mo,"Its more helpful and motivational app for me , jazak Allah hu khaira",5,2,1.7.0,2025-02-02 01:26:00,,,1.7.0
1b152265-0164-4b09-80d6-93ebede01f66,Rahama Musa,https://play-lh.googleusercontent.com/a/ACg8ocIF3KsQFjQWc7d7dQYiy7AYT1_VfCkV_IED-l6ag6IMf-tAWA=mo,Masha Allah this is wonderful🙏🏻,5,1,1.7.0,2025-02-01 22:22:55,,,1.7.0
f6606f31-e3f2-4db4-b7bb-45d05807ae0d,Basit Naeem,https://play-lh.googleusercontent.com/a/ACg8ocLJd_RTt5JIP8W2RcreJscREghVuOSYWAUY_SEwOK1j1hyE0g=mo,Too much Beautiful and nice,5,1,1.7.0,2025-02-01 00:24:19,,,1.7.0
c7cee32d-e760-40fc-a531-8c07cfe906b7,Abdullah Azmat,https://play-lh.googleusercontent.com/a-/ALV-UjV5M36xN3LRUbl2cnLqPC4f9z3FfZyEDjJrt28lJaFjQjW0QXfi,Full of Ads,1,1,1.7.0,2025-01-31 12:34:32,,,1.7.0
7c117045-2173-445f-84f6-5ec5a9abf2e1,Sayeeda maryam Rahman,https://play-lh.googleusercontent.com/a/ACg8ocIM9Eh30PYLgcmYChfMUEEhaFBXSdz66dadVXapixjIlg0-gg=mo,Great app,5,1,1.7.0,2025-01-31 01:48:38,,,1.7.0
fd77cf3e-25a7-4909-8672-fae34b6b5d3d,Mr Pokki,https://play-lh.googleusercontent.com/a/ACg8ocIobVwnxDfN67RD7Xz2SXizmZB5yRcTy8h9ZiHVglJx4OET6g=mo,Super,5,0,1.6.0,2025-01-30 21:07:51,,,1.6.0
2248e49f-7462-4749-9231-637672cd96e4,Ibrahim Rabiatu,https://play-lh.googleusercontent.com/a-/ALV-UjWdsl26d98aNaT7juqysonWNRl-b3cA1f1RnxXAo6nO4ECfocIp,alhamdulilah very good 👍,5,1,1.7.0,2025-01-30 01:30:07,,,1.7.0
36328d4e-435d-402a-8ea4-7c35ba75a90b,Mehdi Lounis,https://play-lh.googleusercontent.com/a-/ALV-UjWmL1jIR0LRQq3GwOaGdrt5BZ2-S0C8hQLxPo-g6E85P5cdu5gB,مشاءالله الله يبارك فيكم ويحفظكم,5,0,1.7.0,2025-01-30 01:07:05,,,1.7.0
33b9d6c2-41a5-4f4f-b1ee-73e9edd9d73b,Auwalu Ali,https://play-lh.googleusercontent.com/a-/ALV-UjVTrYl1MBjcAD1h0b2Co-k-1Pan9rD7x2hyRxyBzrTKYXjopBO_,💯,5,0,1.7.0,2025-01-29 03:54:56,,,1.7.0
183f5b70-68d7-4bd9-843d-cd95af019c01,Mwanaidi Njama,https://play-lh.googleusercontent.com/a-/ALV-UjXApy1wSsCoQp-FRjSWDE_zHp6QgovAGeyQpGnjk6n9obsiSkSG,Good,5,1,1.7.0,2025-01-28 19:44:37,,,1.7.0
06565d7e-540f-462f-9dc1-23605391a0ed,Malak Douae,https://play-lh.googleusercontent.com/a-/ALV-UjXtw2g7PODf1foTISRUhyCCXf9ZWOvmgzHzDqIv7PqAwzj9vwP5,I like this application,5,1,1.6.0,2025-01-27 19:26:26,,,1.6.0
636b93f2-7f9d-47c2-a6d9-12287e071d23,Mazine Hamza,https://play-lh.googleusercontent.com/a/ACg8ocKYbhOX8OzWE1YkwGyLvCztcZMPnPes-zSCnxKvdz5LBEFXQ8w2=mo,too much Ads inside application,1,2,1.6.0,2025-01-27 08:18:09,,,1.6.0
35a9fbcd-6fbf-46a1-b1b2-d99b13e81bee,SAHARUL ISLAM Choudhury,https://play-lh.googleusercontent.com/a-/ALV-UjU8lixHei6vZn3hGD3jq824pJc6bypag6-rTtZFRt_x51loPGf5,Nice,5,0,1.6.0,2025-01-27 01:37:58,,,1.6.0
22c36b72-773e-42d0-b957-02669b58900f,Forward Ahmed musa,https://play-lh.googleusercontent.com/a/ACg8ocKlDSeMjJkHDnIsNOZENr0tN2aS2B03vvyz2QQUCP91V4qIShQ=mo,Alhamdulilah,5,0,1.6.0,2025-01-26 23:24:12,,,1.6.0
73917ce0-dfce-4145-80b9-d657f677112d,Shejustyaps,https://play-lh.googleusercontent.com/a-/ALV-UjVFyIBGG2lOpgyMSsFMVNV6oZmajM0Dv7t_FfZXvyN3HtdbAIE,Best App Wallahi,5,1,1.6.0,2025-01-26 22:40:53,,,1.6.0
988db4e6-d404-478d-930c-0c2137b54d94,Muhammad Ilyas,https://play-lh.googleusercontent.com/a/ACg8ocImd3A69llHIHf7XFpwBf6swKMWRXakrAoRlDQsceFMui28XLY=mo,Mashaa Allah,5,1,,2025-01-26 20:24:35,,,
83c7dcc8-40ff-4d96-99e8-8c135feef7e2,Hanafi Rusmantika,https://play-lh.googleusercontent.com/a-/ALV-UjVj4pYFJxceN4vsSLeatJmVwyiozkUJm1PEUW0iWlrI8PBpvoPd,Really good. If only it's not subscription-based and not that expensive,5,3,1.6.0,2025-01-26 18:28:49,,,1.6.0
49f35109-d414-4f72-901f-7de41c87692f,Sakib khan,https://play-lh.googleusercontent.com/a-/ALV-UjWZCjcgu6Le-Vgxn_dB6xrIKHOAsfu9dVi2oLJ3FkXabA2vj9Pl,Naice,5,0,1.6.0,2025-01-26 17:48:57,,,1.6.0
843c64b3-390d-44dd-b4a7-65f2bda3b6d0,বাংলাদেশ বরিশাল,https://play-lh.googleusercontent.com/a-/ALV-UjVxxK1vgeIzSH2o7Aw7CxQTvvH-Fsu7KOrlFVpGTU9CByKQF58u,ভালো,5,0,1.6.0,2025-01-26 14:07:39,,,1.6.0
04a3b250-ba4d-4922-b056-61d362a80a92,Alta Saad,https://play-lh.googleusercontent.com/a-/ALV-UjVRVYQYjWXk-b8dI41HuvSqG34abKYjO0oRgrolOYV9uak71cdtUQ,Very good app,5,1,1.6.0,2025-01-26 11:40:13,,,1.6.0
b6f2613c-314f-45a5-bb0d-b51824b07a40,MR ALI FF,https://play-lh.googleusercontent.com/a/ACg8ocIzSe6t4UfJsVTMpkUm9S59QgG3cfzSBZRPa1SHkMD6o_aWyw=mo,I love this app,5,1,1.6.0,2025-01-25 21:18:17,,,1.6.0
cbc18678-7673-41aa-b7b8-a8615d2d5f64,Fairuz Halid,https://play-lh.googleusercontent.com/a-/ALV-UjVhrQgPDxyt6KDVRz7KWKPBzq6bt2neir6WI64kaMuGDCXcskvJ,At 1st all good.. But after quite some time the timing of salah is not the time suppose to azan or salah e.g. Asr prayer in Singapore are 4.41pm but at the app stated 5.38pm,2,2,1.6.0,2025-01-25 18:31:59,,,1.6.0
4715e892-71ce-45f9-b769-e3243a00f487,Arifullah Irfann,https://play-lh.googleusercontent.com/a-/ALV-UjUHufEbkB_JcfARQDEqaMapK0of7xtB6SK7WzkxQnKd8QMVMxKE,This is good app but full of adds,2,1,,2025-01-24 14:37:31,,,
771f5b8e-9835-4d32-add3-647a3740a473,Ayesha Mujawar,https://play-lh.googleusercontent.com/a/ACg8ocJIdNjxL-5z1J-oi_i0vWU-Bbm2VqVZM5TUY22OswCk83pivA=mo,Osm,5,0,1.6.0,2025-01-24 14:16:56,,,1.6.0
28ef3da4-575c-41ce-9d9b-e7eaddd3e59f,Syeda Ayesha,https://play-lh.googleusercontent.com/a-/ALV-UjUStJhiMmLcnHyn2lKoe9EUIzAMdqhNl1WdXjXHoR4cvrxbPbnvSQ,Very good app,4,1,,2025-01-24 11:31:36,,,
cc20ca73-3f6f-4924-b3b9-0c130086a27e,Momoh koroma Kanu,https://play-lh.googleusercontent.com/a-/ALV-UjVTcNhP5prOHVqWCDG5GQuwc_Ua_T9g3v1cyMT1vGw8i_JHQSBSwA,Thanks to the person who invented this apps May Allah 🙏 bless you,5,1,1.7.0,2025-01-24 07:39:40,,,1.7.0
cd422510-7a03-45f8-a642-0c0cd0568ee1,Lisa Parker,https://play-lh.googleusercontent.com/a/ACg8ocKKOewFQkjgaBQolP0Uja7siB_3FVbYKB_-v7jpnvFVNUmi30BG=mo,Good,5,1,,2025-01-24 03:23:40,,,
c6d961a4-aa88-410d-aefc-e97847e0c3f9,Abubakari Ally,https://play-lh.googleusercontent.com/a-/ALV-UjUYaP46k8GyjgPzCRexefKN33S6V2zmSIwKXDiS_sdVnPnmR4WH,A very good application recommended to believers and non believer,5,2,1.6.0,2025-01-23 23:07:52,,,1.6.0
6594e118-b287-4a95-bf6c-df93f2eb062c,Ahmad Al ghati,https://play-lh.googleusercontent.com/a-/ALV-UjWPqptCLWkXj9OAak8u4E4FQGgfHl8AjOWgL_0N7MURC5-iFQ8,Amazing mashalla helping me to pray more,5,1,1.6.0,2025-01-23 09:39:39,,,1.6.0
dc4e0799-3fdc-467f-8912-ea150e9a9b17,0710,https://play-lh.googleusercontent.com/a-/ALV-UjW4Jwm4a4ZD9XC1agqH5zMuL8LoveXGEMrC9RPtivd5O2hdomW9,wow- truly the best app especially for a muslim like me- i pray for this app to continue being usable n efficient for all muslims,5,2,1.6.0,2025-01-23 08:53:31,,,1.6.0
6dd923be-3c3d-4d8f-94aa-00e1306af9d0,Sadiku Muhammad,https://play-lh.googleusercontent.com/a-/ALV-UjUhgq_XRZCnaX2mRQcfu5cMSbXzFkzojHB2xT3uENX74JKJa8oN,very good app,5,1,1.6.0,2025-01-22 03:15:24,,,1.6.0
6e298ee5-71a6-48ff-8812-68e5f59d3a8b,Sani Mohammed,https://play-lh.googleusercontent.com/a-/ALV-UjVIzJAZsCusfJvtNVU8I6g2kiP55u5fmXYnCSlroje9dah-CQ,Masha Allah,5,1,1.6.0,2025-01-21 19:47:14,,,1.6.0
4a584516-d2bb-4f67-9d50-c06d6fc4a899,Rahmatullah Walizaada,https://play-lh.googleusercontent.com/a-/ALV-UjUsJGTTRj-Tvhr7Vecj0u_YatiO9eWhVj3H_GJHlWHhPgRuRIHk,"I've never felt as good as I did when I first saw this app, everything was like incredible nice",5,1,1.6.0,2025-01-20 23:04:27,,,1.6.0
dcdc8f03-86df-4ec5-8a77-179ca0b18222,Muntaha Ahsan,https://play-lh.googleusercontent.com/a/ACg8ocJ5FDQmipQB9WWJpPN5AOLQKQ0SKq5pUYR3G6z09zjt9RFGSg=mo,Mashallah keep it up . Very good app for muslims,5,2,1.6.0,2025-01-20 20:45:43,,,1.6.0
30b9b5dd-e882-45c5-97f3-320b74ccc8ee,Eqan Poop,https://play-lh.googleusercontent.com/a/ACg8ocL3Bz7RRVYL-xXiX3Poh-a1Ca8KozF2naZsOb-UqNoVQ_jBpQ=mo,Helps a lot I lovee it,5,1,1.6.0,2025-01-19 22:08:00,,,1.6.0
55e5f07c-10bd-4a1e-8a65-e11fac7b844f,Halidu Hafizu,https://play-lh.googleusercontent.com/a/ACg8ocJ73DyHCC3kMqvGb1Kq8q_2VSlwc4YO8Gd6dmpsV0ilaUlNl2k=mo,Nice,5,0,1.6.0,2025-01-19 22:06:09,,,1.6.0
6dbf71d2-1c28-490a-b2e0-ebdb6a3c0110,Hira Kidwai,https://play-lh.googleusercontent.com/a-/ALV-UjUI7anvQZZJ4-bfh_azey0Nl87yY5oYn2nwNqD3_hwxzyN-Y7lrVA,"The app is good but please recheck the spellings of the words of Surah like Surah Waqiyah ,chapter 27",3,4,1.6.0,2025-01-18 20:10:21,,,1.6.0
caea3780-2fb7-4596-891e-9da7db1ac7b2,Mahmudul Hasan (Ferdous),https://play-lh.googleusercontent.com/a/ACg8ocLIAeCC1gz6d7N9lMI_5OEHfxsI1SexUM_DTeYU7vi7ZpCXgZhG=mo,more adds,3,1,,2025-01-18 14:01:18,,,
42efc554-decf-4fb5-98f0-522bb8e5a12b,Sumaiya Mohsin,https://play-lh.googleusercontent.com/a-/ALV-UjUaArldDDERjCig_CVVYUQEiYE4pcDoY7N9eFb7rITklwbp4oE,"This app is so amazing! I really needed something like this. Best app ever! I’m so happy with it, I can’t even express it. May Allah always keep you all happy. SubhanAllah",5,3,1.6.0,2025-01-18 07:28:54,,,1.6.0
ce4f7227-8f2d-429c-930a-5afa2d1662c9,Shaibu Abdulaziz,https://play-lh.googleusercontent.com/a-/ALV-UjWu0SVPB27mknZbD5_yOd1LYve_nMO9gmhgon6oKwhgw6dc6Jk,Alhamdulillah ♥️♥️♥️♥️♥️ Is so amazing I love what I see,5,1,1.6.0,2025-01-18 05:22:47,,,1.6.0
9e10653c-5fc3-4505-894e-5467a960727e,md.jahangir alam Titu,https://play-lh.googleusercontent.com/a-/ALV-UjWHJ6exeUHZUxPLB1FwoozW-3vtMkBzapsw_n1fLaQ47l21tqfT,. very nice,5,0,1.6.0,2025-01-17 22:33:57,,,1.6.0
eaef1c1f-fb5c-416a-ac08-5b36ea773524,Saqib Qureshi,https://play-lh.googleusercontent.com/a-/ALV-UjVyOKjgQ6RpWUqBH3pkHR9ayZMTBX4SXAzXWFp1V-IF7IJZttxxoQ,Very nice app for every Muslim & non Muslim ( if they would like to a good person in word),5,3,1.6.0,2025-01-17 10:50:20,,,1.6.0
b15908cd-92ea-4039-b3f1-905e2f96ae70,Amene Raisi,https://play-lh.googleusercontent.com/a/ACg8ocIt1xEOfNk6h0w69_ECiC6eS41Wpz1uQ7pprywrUupd7hNILg=mo,Perfect,5,0,1.6.0,2025-01-17 01:06:17,,,1.6.0
b98b2be7-f35a-4b1f-bdb9-f8b5559da89b,Kazeem Afeez,https://play-lh.googleusercontent.com/a-/ALV-UjXN5hb7C9MjaOzKZ7rTI5toAiNK8Rr_9KJMQWDSOIxetQbWVOg,Great app indeed!!,3,1,1.6.0,2025-01-16 16:38:58,,,1.6.0
dcb59f2d-e0e3-4b63-a76f-77c18be1ac8d,Zainab Haqbeen_OI 187,https://play-lh.googleusercontent.com/a-/ALV-UjVraYxDYNga9ViSzNS36fqQb2dom17HI0LOKj3sedDPiQOy5XjE,It's the best app for tracking your healthiest Habit,5,3,1.6.0,2025-01-16 08:33:06,,,1.6.0
5622cc2f-47ad-4829-91ba-190abaae7ffc,Mohammed Alkasir,https://play-lh.googleusercontent.com/a/ACg8ocKSdVWE-P-y7FQxwEAVX_fbDX_W4bBD4raxVTsBHSjFmpPl=mo,Ok,5,0,1.6.0,2025-01-16 01:05:00,,,1.6.0
8db294a0-1c6c-4cc1-850e-e23abf6825ad,Rabani Harouna,https://play-lh.googleusercontent.com/a-/ALV-UjXJdwH2W9X4Oj2MwlW1i8MzVnouUyuqCrEtC4-bjg76Lo0NtWLQ,Nice,5,0,1.6.0,2025-01-15 17:44:38,,,1.6.0
497a70cc-6037-486b-9e6a-8eea157db0e8,waqas ahmad,https://play-lh.googleusercontent.com/a/ACg8ocJ-0_ziz9YmWsLNlzCgnl8_tFfGlb99IvJDY7QDjgPX7JdyIg=mo,Very good app,5,1,1.6.0,2025-01-14 17:06:50,,,1.6.0
8e3cf996-a0b1-4958-ba06-271bc0dfc243,Raja Ahmed,https://play-lh.googleusercontent.com/a/ACg8ocIJ-cnB1EyWdX-yKPy-G8LWg28MHA2vysN8VBaE8345RGLfXw=mo,Buhat achi Application ha 💕💕,5,1,1.6.0,2025-01-14 07:38:33,,,1.6.0
34ce8012-9526-4d5d-9dd7-5493a50b2b35,Abdul Majeed Harkorede,https://play-lh.googleusercontent.com/a-/ALV-UjUlwuPnFXLzU-0ZRpzeQh1uTI3Ax_E2jCP2zw3fOASbxAfID2dO,Very interesting,5,0,1.6.0,2025-01-13 11:24:02,,,1.6.0
36c19d12-67a3-44be-b846-4c3c8e55e597,Lawal yusuf Ibrahim,https://play-lh.googleusercontent.com/a-/ALV-UjW429a6lnF6cWaYwXFe9CKBgGfmPZWn5tzLVQNOSikkLxmQjr8,Reviews are public and include your account and device info,5,0,1.6.0,2025-01-13 04:22:14,,,1.6.0
708d6446-83a0-46a4-a423-e9688ecd3a4f,Sanzida Islam,https://play-lh.googleusercontent.com/a-/ALV-UjX7pLEM4qbYmAizPxD7zCjxTMLjvXzzf9c23bO7Dg2iw3oGbtXq,Just ad and ad it is annoying,1,2,,2025-01-12 17:57:35,,,
dd8f20ea-dc55-4c86-aa33-ddd61944ece3,Alhassan Muhammad Albashir,https://play-lh.googleusercontent.com/a-/ALV-UjWefscjezW6ri6_4y0-edyU2YzfJ3UaLEztjZn8twbYYFkNA9eZ2A,Excellent,5,0,1.6.0,2025-01-12 00:06:39,,,1.6.0
21a7e0dd-042f-410e-85f5-50c94007f9d1,Aia Aljabi,https://play-lh.googleusercontent.com/a-/ALV-UjWjwC3dO9rtng5BFrPdw7N65PP6sOr7EWMT-N0EdE5SX52VapeI,Too much adds it's very annoying you can't focus on using the app and do istighfar and quran but the app is very good,2,4,1.6.0,2025-01-11 20:29:22,,,1.6.0
5e369391-a7e8-453c-9f1a-0035c2353876,Samar Abou Farah,https://play-lh.googleusercontent.com/a/ACg8ocIPILht4q78FO_AMYRgPnJDkEcquCia2JEi0vtnHLmYNzydYA=mo,Best of the best really thank you. God bless you,5,1,1.6.0,2025-01-11 18:47:24,,,1.6.0
25788d66-1758-4527-b5e0-c53a158c9f77,Hisham Nadim,https://play-lh.googleusercontent.com/a/ACg8ocICDI8ktVErAfTsBYfEBnjnc6D6gWSFoQLL3AYEBgGy_qsHKSc=mo,Really nice app with full of tracking features But Very expensive,4,3,1.6.0,2025-01-11 11:27:20,,,1.6.0
8b340d5f-82c2-471c-9735-2fcf0df1d97d,Ibrahim Rasheed,https://play-lh.googleusercontent.com/a/ACg8ocJsA_Fnps2VY-WUrT6_QmI_Wu7fJXc05Lp-oJqGj-3XE-yJ0Q=mo,Prayer time only shows male city. Other islands prayer time sheet cannot select. When selecting it will not comes the correct prayer times islands.,2,2,,2025-01-11 10:55:56,,,
66550f0c-34fd-4c95-ae5a-5f873ca0dcff,Xurshidbek Oʻrazaliyev,https://play-lh.googleusercontent.com/a/ACg8ocJzIceVjlBCDrlmtzXX_4YZmL1xvfMWYQtLfTea--4VHTD9ahw5=mo,The best,5,0,1.6.0,2025-01-11 05:12:02,,,1.6.0
3786fb0b-bba3-40ef-8799-5fc1e2207c10,Nurshuhada,https://play-lh.googleusercontent.com/a-/ALV-UjVjcGrQ8p-_l-4W2Q7KFxrcsMwMSB4nLE3Qe_u3iDKPnqcSlnJn,Sorry but the solat time isn't right. Here Asr is about 4.30 pm but in the apps it's about 5.15 pm. So much different. I've set JAKIM Malaysia but still the same. Sorry but i need to uninstall this app.,4,3,1.6.0,2025-01-09 17:13:02,,,1.6.0
ac01e3fe-66a5-422a-9c8f-0e627f9fe5a9,Jahany Khan,https://play-lh.googleusercontent.com/a-/ALV-UjX-3br1YglOPqwlYVv_LKrVb4-AWJctnn524aa-VvniDLo8M4bryQ,ماشاءاللہ,5,0,1.6.0,2025-01-09 16:44:20,,,1.6.0
a9c1d1fc-4a42-42ab-9f20-666e8fe9fbf6,Hiba,https://play-lh.googleusercontent.com/a/ACg8ocJJ5GDCPJWFbVeZsMmd3GxNuvIpDULLtLFIuBir3Zb6Numw6A=mo,really good app to track daily prayers but I would also suggest to add English of each verse (not the meaning but the Arabic quran in English),5,3,1.6.0,2025-01-09 12:40:16,,,1.6.0
0a4d9430-bace-4f69-83cc-cb62b633ee2a,Masoud Zamani,https://play-lh.googleusercontent.com/a-/ALV-UjWvZM-nCnocJ2ytjNUY_q-lBmMeG0BFeVHwAIsyn16sTx2ISwM,It have so many ads very bad application,1,3,1.6.0,2025-01-09 10:15:34,,,1.6.0
fc4e405a-e87a-4007-8f86-48cbb0db1b66,Amarudin Ghanchi,https://play-lh.googleusercontent.com/a/ACg8ocLunkJvRf4hU2J0y7-QXJzT8JzbeIQ3JHX4_e6qSCX_2_21lw=mo,Good,5,0,1.6.0,2025-01-08 17:53:45,,,1.6.0
78371c09-976a-4f9e-8d48-dd2930d80720,Muhammad Khalid,https://play-lh.googleusercontent.com/a-/ALV-UjVTtKvWzpn0RddQVqo5P_ibqMTsJadgt2unWxaUrrAo2XDhNF0,Very influenced and Useful Application Thank you❤ very much for your Contributions to the Islamic Followers.,5,0,1.6.0,2025-01-07 23:01:00,,,1.6.0
6ebff548-6a84-4e28-a021-0d0246a0bd48,Md. Saddam Hossain,https://play-lh.googleusercontent.com/a-/ALV-UjX-z9vpK-iqYOqKFxg8AspqEUrkFgkduPbiY_qCfqQVXQLiovjU,So much ads.,3,2,1.6.0,2025-01-07 04:13:47,,,1.6.0
04be26df-b20f-403c-adc0-1a347f724b03,Mohamed Nasr,https://play-lh.googleusercontent.com/a/ACg8ocK7cUyF5E9jkalSN7d1MqJBxC0C8LWy1tygYJ3U6TxvQwVq3w=mo,Great app,5,0,1.6.0,2025-01-07 00:07:44,,,1.6.0
83c13151-a4bc-46b9-8eb3-08935fb87192,Tehreem Hamid,https://play-lh.googleusercontent.com/a-/ALV-UjURHBNmC__eLHr5oRkrEY-rwfjSECq9C36A57QyhLvFi_oF6-ZQ,What is meant by required in prayer tracking?,5,1,1.6.0,2025-01-06 00:01:25,,,1.6.0
1129a6ac-e2ae-42d9-a5e8-b2caa54a5612,Hamdan Hamdan,https://play-lh.googleusercontent.com/a/ACg8ocKdMzIr58cg9Hhucfc5z3Jv8RmHIVW_CXVUkl87HByz_xX9mQ=mo,One of the most coolest Islamic app I have ever used I decided to give four star becoz of some thing but some other features are restoring the problem with the app so that I give it 5 start rating,5,3,1.6.0,2025-01-05 22:56:15,,,1.6.0
4c889f5e-e003-4a47-8bcd-308d98515d88,Dee,https://play-lh.googleusercontent.com/a/ACg8ocJap1c-huEbaoUu8I23pNu9V-h29olmaxdFOfgdjAVtYmMYXQ=mo,"okay but its more ads , i don't like it",1,3,1.6.0,2025-01-05 21:57:33,,,1.6.0
afafab27-e98d-4ac5-82ac-c2d7c078d449,Muhammed Ayub,https://play-lh.googleusercontent.com/a-/ALV-UjUZR0SUDkjk_qU5jsbqMQN_GyHlhuX50IHVXLxLT3_lVAI4Dms,Muhammed Ayub,5,0,1.6.0,2025-01-05 16:52:53,,,1.6.0
09e2614c-0817-451f-9492-b0960b3bfddd,sadia Islam,https://play-lh.googleusercontent.com/a-/ALV-UjXneQkMYLEugh-RGSUpDMClBJV1cHCZnmmlShBaSbpo_51LtK4,I lovev the app but my phone found risk in this app ehy???😮‍💨😮‍💨😮‍💨😮‍💨,4,1,1.6.0,2025-01-05 06:58:37,,,1.6.0
3d1c7be8-5a9a-4468-a21e-31b489bc71af,Mdm Ezma,https://play-lh.googleusercontent.com/a-/ALV-UjWa0EkH7gJZLXk3NG_yWab3FJWj1iFrr2X-9fKRZ4RRf6SXopqkgw,its a great apps. its your daily journal n show how your ibadah and make me can improve everyday!.. Good job for the team who come out with the idea!!!!. . MashaAllah... TabarakAllah.,5,3,1.6.0,2025-01-05 06:43:58,,,1.6.0
48966bb8-c01f-4649-a1f5-1ea9d86ac2d1,Maslinda Johanis,https://play-lh.googleusercontent.com/a-/ALV-UjUXevSEmdKmpIaaEZSgo0q1VP80i4GjiSYdcnSNnfnBgypv7Yo,"Praying times at my location Tawau, MALAYSIA is incorrect, late about 30mins.",4,1,1.6.0,2025-01-05 03:38:39,,,1.6.0
80d868c0-187d-4fbd-9ad1-552947f5cdcf,Maksud Patel,https://play-lh.googleusercontent.com/a-/ALV-UjWB2OCXKVwbWRx1Q_vcFtI2YDXo7G9824Ra8kLx9imqRO4mKzFF,Great app,5,0,1.6.0,2025-01-04 21:53:36,,,1.6.0
c1351a29-51d0-4726-bf3e-0dea3fa1ba61,Arham Nawazish,https://play-lh.googleusercontent.com/a-/ALV-UjVHWhsMq2rBrwXQag5n_Gp_uUOydMUgutxrzslWdqu44GALxInkNQ,"Thankyou, but the adds I must say is not that good",4,2,1.6.0,2025-01-04 08:52:18,,,1.6.0
bea5e9b2-3d6f-4a0e-bf56-3ceb1047256f,Shekkeer hussain Shekkeer hussain,https://play-lh.googleusercontent.com/a/ACg8ocK1nyxseENM4T8QFpuxISiWJ_E1f8roLLQev8EiWog0kLb1_w=mo,"I'll totally prefer this app to you! As an muslim you can improve if you're a person who'll mostly get lazy to pray this app is totally for you, this app can makes you feel enjoying...ofc it helps you to stay closer to Allah 💗",5,3,1.6.0,2025-01-02 14:00:21,,,1.6.0
ced94469-8451-4ce0-85b7-3bc30dbefdaf,Khadeejah Ali,https://play-lh.googleusercontent.com/a-/ALV-UjWE-7LnwPJ6mxae7vSV4fW4gLr9Sq8BoA4nxEsehpMMJEfsx7X_,It's not bad....,4,1,1.6.0,2025-01-02 00:01:44,,,1.6.0
7fdf8223-4fda-43ed-98b1-12f96f1c7135,Bedru Salih (Gashe),https://play-lh.googleusercontent.com/a-/ALV-UjVK_Al23fzDqlXweqEQmv2CkvItsCRrJqTayck1pUV_-U8692bZ,Very important,5,0,1.6.0,2025-01-01 23:19:20,,,1.6.0
c4106241-3d39-416d-b5b0-eb89f3ec8c95,Jibril Wariyo,https://play-lh.googleusercontent.com/a/ACg8ocKbgSLNqS78eYe_BeOzgJgFq6cGLCO6Gl59E-UtfbAwd_y84xY=mo,Hepful,5,0,1.6.0,2025-01-01 22:23:38,,,1.6.0
ed5830a0-2bb3-4272-8e2f-bf91fa687a04,Syed Farman Ali Naqvi,https://play-lh.googleusercontent.com/a-/ALV-UjVVr3xODTP6otqk-nv6ZdtWDH83vM7rmZluH12q_FGZAOzqOig5Aw,MashAllah,5,0,1.6.0,2025-01-01 05:25:49,,,1.6.0
65e7b386-d541-4add-8e10-63943d91b9a6,Durdonaxon Baxtiyorova,https://play-lh.googleusercontent.com/a/ACg8ocKbuNOZxgOsFrghNxEFL3K6lvzlkH5lECzPyGhKlWFCjHn_Qg=mo,"The app is so good, wonderful even. Everything in one. I have a suggestion, what if you added an option for women to habit tracking? Muslim sisters (including me) have a secluded time of the month and they can not pray or recite at that time and by doing so we could've saved their streak. Overall, the app is perfect",5,396,1.6.0,2024-12-31 08:05:12,,,1.6.0
c558c6f3-edf9-4f8e-bf43-064ad59b16f8,Doaa Hmdi,https://play-lh.googleusercontent.com/a-/ALV-UjXy3e-JquuZQ3u0qOiTNySlE-wKNpvW43L6-vsrBBTUcNOnrC8J,ads.. ads.. ads... ads every press =ad,1,1,,2024-12-30 22:33:12,,,
70deec07-7728-4124-86dd-0d6dffd130db,Anwar Haatim,https://play-lh.googleusercontent.com/a/ACg8ocIMs61EUfZoQY9AOniNkFMPz_oiNknwVgR_bnscjeJE7nPZLQ=mo,I hoped this app will be helpful but its so annoying. I can't get my location which is making it difficult to set my prayer times. Awful,1,8,1.6.0,2024-12-29 10:47:16,,,1.6.0
66fd5719-b81f-4a1a-88c4-72a4679ae980,Didintle Temane,https://play-lh.googleusercontent.com/a/ACg8ocIBrkjnYCPMEiL5X7pBE49JEOG5ZxfATDQjRh_9gGDcX5zP1Q=mo,Wonderful app,5,0,1.6.0,2024-12-29 08:57:24,,,1.6.0
551beb36-09c2-440e-a6ee-a51bb60d1c35,RAWSIN HASAN,https://play-lh.googleusercontent.com/a-/ALV-UjWEsEIHou0192UTkTp0f3ihKgNi8yHNsCVZSBgsOhJCmtyrTh4,Very good im muslim,5,4,1.6.0,2024-12-28 20:44:20,,,1.6.0
c4c6bd48-2293-4601-96ed-b2d0045567b7,Afia Ayesha,https://play-lh.googleusercontent.com/a/ACg8ocIA2mAsdC2J7Yok_V1Na6vMPCUh5izbCmrbvSSvnvVhKbdaYRoy=mo,Doesnt work properly,1,1,1.6.0,2024-12-26 15:52:11,,,1.6.0
2af02428-4d34-4e7a-acfc-14b53832eb1e,VAHEEB_ MAHMOODH,https://play-lh.googleusercontent.com/a-/ALV-UjVawjVOkpX5v4GGBJ8j3XoykkuAfweNEb3ewn0QOnkKfRzIQxjJ,Habit tracker is not working properly,2,3,1.6.0,2024-12-26 15:48:29,,,1.6.0
d3c38ed4-4dd2-46d5-98a6-49d985421e3f,Norhasni mohamed,https://play-lh.googleusercontent.com/a/ACg8ocIr9hopqxmLK6mJMm5fTf6d7JVXjUHS0-T6jQLZ_Vkve70NGg=mo,Sangat2 Bagus Apps Ni.. sy suka sangat. Korang semua Kene Download..Terbaik.,5,0,1.6.0,2024-12-26 07:16:45,,,1.6.0
45c4910b-bfcf-470a-a262-03a044efbf3f,Fatuma Juma,https://play-lh.googleusercontent.com/a-/ALV-UjUfMV8b3tVuoqVIKfmZVrWu1QYYaxDNh7SOsT-oTkMxeK_Ugj4u,Thanx to Daud Kim I found this app❤️ Alhamdulillah,5,1,1.6.0,2024-12-25 22:16:27,,,1.6.0
0b71fefb-e4ce-4b24-831a-d12a44d134b7,Shafizabi,https://play-lh.googleusercontent.com/a-/ALV-UjWp8VkANDXuesDINzfYBFuHJTZD0CqnpT02aFfb4LpRxt8Jw-GccQ,Excellent App,5,0,1.6.0,2024-12-25 00:13:41,,,1.6.0
4aaccc34-6a1f-4104-92a5-486e29cc98e2,Sul Tana,https://play-lh.googleusercontent.com/a/ACg8ocJjQqwFxruIJb9cI0DP5wPUBqDDj3vnxClA6rcj8x6QVZAFjw=mo,This is very good app I like this 💫✨,5,1,1.6.0,2024-12-24 14:10:21,,,1.6.0
f324f5d5-1a38-451d-b861-ed06209ff7c4,Masrat Bano,https://play-lh.googleusercontent.com/a-/ALV-UjUmzNfssRhsM0mE7OAlzYBokJq3jTJo3FHzL3Mb72NaEqvbYHA,App is very good but add are irritating 🙄,4,3,1.6.0,2024-12-24 12:15:02,,,1.6.0
f2513d83-1f6a-44d1-b445-e5e14ba8c33e,Onali Jaffar,https://play-lh.googleusercontent.com/a-/ALV-UjW-D0BabMB_kRanw_QlyVuq4xaYs150pXKLe5MVdbj1EPfeIWG8,Very good,5,0,1.6.0,2024-12-24 11:01:50,,,1.6.0
cac5e76d-f344-403e-a235-69c19dd1abfe,Adib Adib,https://play-lh.googleusercontent.com/a/ACg8ocKCGPyzQFyIRDcUwfAVhPQ9W0g9RzdjH2Bq1QWMf57KzodeZw=mo,The best app ever,5,1,1.6.0,2024-12-24 06:04:56,,,1.6.0
ee4be5a2-cd4e-4822-8cac-2aee395335f9,Abdullahi Jamil,https://play-lh.googleusercontent.com/a-/ALV-UjV5Qqkg36Y46_g7aytzEqrDGJb_AgLjOwj3Y3IVA7p_1HKOH-32,I really love the app so nice to every Muslim,5,2,1.6.0,2024-12-23 03:48:39,,,1.6.0
c793ad2f-e5bf-47b7-b716-976af8133860,Ab Khanday,https://play-lh.googleusercontent.com/a/ACg8ocIgYkyvsKw7_H6-f9jRMi8UL23v_lxAw4E57CJhnuWjmhogqg=mo,If you are fond of consistent ads install it. Wish I could rate it in negative. Such a noble work wasted for monetary benefits,1,5,1.6.0,2024-12-22 23:25:22,,,1.6.0
9e01dce9-fc75-42bb-b112-3ee4b65c8c89,Nusratjahan Nishi,https://play-lh.googleusercontent.com/a/ACg8ocL9dmxtCXjrYhSgQudZr27D8dN5SBAw0ZQ8bTwCoMbAwFJdOw=mo,Useful but ad irritating me,3,2,1.6.0,2024-12-22 18:40:54,,,1.6.0
5d5ee314-ea93-4ac5-ab0c-cb765b377eec,Effs World Undies,https://play-lh.googleusercontent.com/a/ACg8ocLQPq4lW_t07d0DkgAaWkc6z56z-W7T1pdOnfO495_IZn1dsw=mo,It's awesome,5,1,1.6.0,2024-12-20 16:26:59,,,1.6.0
de934d7b-8284-43e6-b32e-2c7606ce88db,Xaaji Cabdullaahi,https://play-lh.googleusercontent.com/a-/ALV-UjVMyStc_H5DFUUaXzPN9hSD72s-Ao88qJrikRz1Lhmfkg5erUSo,Excellent in everything,5,1,1.6.0,2024-12-20 12:53:34,,,1.6.0
3014c96e-db7b-410c-9a47-b86fb76ca0a2,Belim,https://play-lh.googleusercontent.com/a-/ALV-UjX-pR8MUkOcM5svOpYbbtCaoLLeFH85H3dAp84NATvbxoQtmaeF,"Very nice application, but too many ads",5,3,1.6.0,2024-12-20 09:08:26,,,1.6.0
d3dee593-d72e-48ef-8796-dfe7610eb648,Former,https://play-lh.googleusercontent.com/a-/ALV-UjVRvpzzTl9bDyg843fG846BOt-omgb8fLs4-BWO9Rogmxry14kgMQ,Pls fix the prayer time please cause it's inaccurate since day 1 I installed. It's really misleading & annoying. If its going on will have to delete this app. Thanks 🇸🇬 Singapore,3,3,1.6.0,2024-12-19 18:19:30,,,1.6.0
194e34af-80ff-4141-b46f-38ae4d23bfb7,Mohammed Fazal,https://play-lh.googleusercontent.com/a-/ALV-UjUNS9AM3aPzwb40JF-MV65cnCAoUAaGcxQNYI6epZoc5-kfe2jK,I love this app,5,1,1.6.0,2024-12-19 15:40:02,,,1.6.0
a21965f4-d14b-432d-9d66-00872ffba459,Abdullah al maruf Maruf,https://play-lh.googleusercontent.com/a/ACg8ocIH_kQLHQ8mfgvoZ5ZYQPPfUSKOL4uXqLUpRdTq2dCYAjAQ6g=mo,Gooddddd,4,2,1.6.0,2024-12-16 14:10:27,,,1.6.0
5681b1e1-6e5d-4518-9d02-fc337bedfcf1,Ajva 29,https://play-lh.googleusercontent.com/a/ACg8ocLwneYuYr7DzqinBWOPaQSsV7pmmPxPhGghprTP3VJjMgp8Jg=mo,"Very useful, including stories of prophets would be better",5,2,1.6.0,2024-12-14 20:53:50,,,1.6.0
0cb10a5a-e9bd-4af7-a85c-a80dbd6c912f,Ophola BUQA,https://play-lh.googleusercontent.com/a/ACg8ocLnuRwXh11ItLGUQv-0ouoUlaqR56_FN2YeNd7pifJtzJ7LfQ=mo,It's dope😁,5,1,1.6.0,2024-12-14 11:29:33,,,1.6.0
541fa1e0-3b14-42d7-995b-d8ba07c827a1,Maisha Jaheen,https://play-lh.googleusercontent.com/a-/ALV-UjWSjztPsacIrs8rJBmKcUdKdYdygeVIVTQgd6xvc6Dry3zlKu3eJA,I just downloaded it. But it's perfect I have been looking for one of these for a long time,5,3,1.6.0,2024-12-14 11:15:02,,,1.6.0
8a618e45-d6a6-4b86-b7cc-93e7171e3953,mohamed kuthbudeen,https://play-lh.googleusercontent.com/a-/ALV-UjU9KtokxP07kxOJSeHoIYxE0FJHvbeYBfFL8_s9b-lsXVm5Wyqk,Mashaallah alhamdulillah,5,0,1.6.0,2024-12-14 08:56:51,,,1.6.0
660a515d-30a6-45c5-bada-9d0219f9cfb3,Solomon Takele,https://play-lh.googleusercontent.com/a-/ALV-UjV1N5p48aInG6ZoP9Sbwtc4goD_qE1FJMNhMGVSoZxJe9HyDFiUYw,Very nice app,5,1,1.6.0,2024-12-12 07:56:39,,,1.6.0
b215ec31-4a1d-4935-9636-a12d5035563b,Al Sakhri Jhamall,https://play-lh.googleusercontent.com/a/ACg8ocKCeOvmpti-yLihgTiVb1I-oMNUrx432nPp8FsJz_MWg0rNL4I=mo,Very accommodating,5,0,1.6.0,2024-12-12 04:37:16,,,1.6.0
717e1198-6f81-42cd-b2a0-fd9604039e0b,Sami Khalid,https://play-lh.googleusercontent.com/a-/ALV-UjU69APisVxex0v5exYHMq2LeM_xyABr8PCNRIUICjhAqxUE4FMM,Never install. Toooo muchhh Ads,1,2,,2024-12-12 00:11:52,,,
b6c5792a-27a7-4629-989b-efade796424b,se moi,https://play-lh.googleusercontent.com/a/ACg8ocL-Z7kzc3UcfV7l6FpEPGQWvEUbp0iR12ysmNapNXEXYbtTIw=mo,"Iam in love with the app.It definitely deserves more than 5 stars. However, the ads are way too much..",5,3,1.6.0,2024-12-09 12:50:07,,,1.6.0
f7572e93-b051-4b1f-be38-312c88ea726c,Lemar Wesam,https://play-lh.googleusercontent.com/a/ACg8ocJ5tqZr7Vt5_-QYbvCD68m0hzubjIErGi0jniPjZaWpfAfTIw=mo,This is one of the best apps I have,5,1,1.6.0,2024-12-08 18:04:14,,,1.6.0
2be59e74-6239-46d6-8c51-212935f4ff05,Rajab Tabula,https://play-lh.googleusercontent.com/a-/ALV-UjUdGeuUjdymgW9FrtUcu66ciJu3rCjE6WilNGsQ98kRHMlF3Pg,Useful and helping,5,1,1.6.0,2024-12-08 16:06:39,,,1.6.0
14362105-3d3d-4dca-8cc9-bce8eb66a851,Russhna Sheikh 1,https://play-lh.googleusercontent.com/a/ACg8ocJ8kP8IYGc74DHfySjj1ulHck6ySuc0ChdX6ZUFVKGrEKMWo85y=mo,Recommended for sure,5,1,1.6.0,2024-12-08 01:20:36,,,1.6.0
599a1887-86b1-4d40-a59c-4d5620a28844,Mariam Romoke,https://play-lh.googleusercontent.com/a-/ALV-UjXp2H7Z5RwVr-EOVVu8-bjBxN6uH9LTippFKpbTJihg2d83q7fn,Wow Masha Allah tabarakallah Such an amazing app may Allah reward you abundantly ameen 🤲,5,2,1.6.0,2024-12-06 03:01:58,,,1.6.0
0a3ecfe8-e938-4e18-9d7c-218f390ecbc1,Ibrahim Yau,https://play-lh.googleusercontent.com/a/ACg8ocJuOY6ZiMKHdbL2NIpvLOtYzwv7qKcej4edxqyJhiNp4fCFlg=mo,Wonderful,5,6,1.6.0,2024-12-05 03:00:23,,,1.6.0
fad2595a-e16b-4423-bde6-f2178fbdd58e,MD yashin Alam,https://play-lh.googleusercontent.com/a/ACg8ocII0INffotOznxyyU2teY3AT7nGnNGMyB1MFqAUOhil7Ig_CQ=mo,Amazing exactly what I wanted thanks a lot for making this,5,2,1.6.0,2024-12-04 19:32:42,,,1.6.0
41551d70-6de7-4087-ba77-2d6a383a9952,Adeena Aftab,https://play-lh.googleusercontent.com/a/ACg8ocKlGGnQos1dwB47QjEZgk9MRyF9eEGeAnQo5ui2NO4Jco1gug=mo,"I have been using this app Islamic Habit Tracker,and it's being a game changer. This app provides accurate prayer times based on my location. The interface is user-friendly and easy to navigate. I love the customizable reminders and notifications. I can set reminders for each prayer time and choose the type of notification. The Qibla direction indicator shows me the direction of kabah in Meeca. The app includes an islamic calendar, reminding me the important dates. I highly appreciate this app..",5,317,1.6.0,2024-12-04 18:57:36,,,1.6.0
8be22308-6280-403b-9ff9-9b84bc485571,Ayshawasi Wasiaysha,https://play-lh.googleusercontent.com/a-/ALV-UjWHr6Bc049-xHTD92i8EgqgGdrGTeWe4QFse8lF_SipqzD5YCA,Special good,5,0,1.6.0,2024-12-04 02:49:08,,,1.6.0
8e65aa24-0a7a-4bea-9a21-8703945eb319,Md Mmmm,https://play-lh.googleusercontent.com/a/ACg8ocL9V3auRtVFUm_girtkZOMSvBr7vVNahStujVUs6xIutk76XA=mo,মোঃ সুজন,5,0,1.6.0,2024-12-03 20:31:01,,,1.6.0
414611ec-52ad-47d0-876e-4012d7e2164e,faruk faysal,https://play-lh.googleusercontent.com/a-/ALV-UjVKHrjHphylJsQFSsrgE0oBFlns2cBmPXRONIUc3NQhUXMijV3n,Good,5,0,1.6.0,2024-12-03 18:30:12,,,1.6.0
f364aab8-6d7e-48ae-988f-b9327fd9f27b,Ibrahim Kattan,https://play-lh.googleusercontent.com/a-/ALV-UjX_GLFsWP4NZf-3Bj-DFG4JFG94X2UFucAEOhBvlmJwRs_8QgpN,I should suggest to have names all Countries inside this application at the same Time lebanon not this apps for Salat prayer .,1,2,1.6.0,2024-12-03 13:34:19,,,1.6.0
86b7e61f-60c4-4359-8377-93add65a473e,Alhadiyd EM,https://play-lh.googleusercontent.com/a-/ALV-UjWLEuL2Sf66zB5Dq0oKdP_MsOqm2ap8GTQZPnOqgbLMJYkpNAQ9,Good,5,0,1.6.0,2024-12-02 15:42:48,,,1.6.0
e9ae5671-c42c-4e90-8642-cfdb784482ec,Subzero M,https://play-lh.googleusercontent.com/a-/ALV-UjWbyMV1rK8BlBJwfwWKfvRMWv6Sutv306sab988HMRum2HwBUc,Filled with ads,1,2,1.6.0,2024-12-02 02:08:11,,,1.6.0
a2868378-e69d-4637-a0b5-eadc29396513,Hannah Hamidi,https://play-lh.googleusercontent.com/a-/ALV-UjW_qcHgtE3sUrG2i3HST2hLbHGoGAT2qvVFPGh496c8gCqF-iUp,"I dont know but it said to be a high risk viruses activity going on in this app. Plus, it said that there will be sharing location and data to a third party. So, I stop using it just to be safe.",2,3,,2024-12-01 18:11:52,,,
66d2e73d-ec30-42db-8dfa-bfc6e80da7bb,Segda Ahmed,https://play-lh.googleusercontent.com/a-/ALV-UjWwh2PDE9EnLQms_FVFu9xFs91MeD7VpYk6ATEaNTfPR_Xj5Q0A6Q,I loving this application because this application is very good and very nice and smart she bringing good life in your life ♥️♥️♥️,5,3,1.6.0,2024-12-01 12:53:24,,,1.6.0
f60bfd5a-0c69-45e0-a9c0-43bfe0b6a937,Farhan Sharfi,https://play-lh.googleusercontent.com/a/ACg8ocKBBFZbHC8RoyuKYbECICq1rqAgLjlOuTsuaLwjdQiwWAiWGw=mo,"Subhanallah! I Love this App Because it has many great features like: Habit traker, Prayer times, Quran, Daily Ayaht and Monthly timetable and soo much more... Allahamdulillah I'm benefiting alot from this app so far.",5,45,1.6.0,2024-12-01 02:42:42,,,1.6.0
0c9fdb65-d253-473f-8762-dfa7041d2845,alisha aly,https://play-lh.googleusercontent.com/a/ACg8ocJzHs-ohAL8Ysds0MW4nWxSmjGnfXtItBmmSyALbOVKWN3BUQ=mo,"It helps me a lot. I can read quran, find qibla and find nearby mosque easily, thank to this app , absolutely love it😍",5,3,1.6.0,2024-12-01 01:15:19,,,1.6.0
e1bfedd7-23fc-4e54-9229-d3cb45a0100a,Mohamed Guunje,https://play-lh.googleusercontent.com/a-/ALV-UjW7F5V1yzgZOIdMr86NdGA5x1-40nOb68D53C__kXzZ71_3KAKhiw,Help me alot jazakallahu khayran,5,1,1.6.0,2024-11-29 16:12:31,,,1.6.0
ef46336c-65dd-437b-a25d-f5bace0491d6,Sallieu Barrie,https://play-lh.googleusercontent.com/a/ACg8ocIeN4WyDs2UoICUwx_zgFuGzYzoOgaEaV1gCCx7kbtfVOHk6Q=mo,I am doing well with this application Alhamdulillah.,5,2,1.6.0,2024-11-29 13:50:45,,,1.6.0
d8c6c35a-3d0e-4bf7-84da-111b54904fc8,Rufaydah hh,https://play-lh.googleusercontent.com/a-/ALV-UjUhKfwRRbiSp1GBQBrPxU554ddrG_6uNXTQSkP4DPUAQ8Cr9kCx,Track your amal with this apps,5,1,1.5.0,2024-11-29 12:11:42,,,1.5.0
36f8f00e-7974-4392-9587-f7a2d2e60af9,Re Esmaiel,https://play-lh.googleusercontent.com/a/ACg8ocIrM_npBMtwxOSwk8DwgmX9IImZxIYCtC1qXOMrxpheiKsUGQ=mo,Perfect I love it,5,0,1.6.0,2024-11-28 13:51:05,,,1.6.0
d918f0c1-e645-4f2b-95ca-ebed7b3a3102,Khan Kausar,https://play-lh.googleusercontent.com/a/ACg8ocLY7NYgdWesIYlAsVi92ILojdq8ESwPMPX5W2dWKQr7J2KQ6g=mo,Very helpful for me to be regular in namaz and other islamic things,5,2,1.6.0,2024-11-28 10:50:42,,,1.6.0
1ff7f909-ff8b-415c-bc81-91aa69223014,Hikma Addisu,https://play-lh.googleusercontent.com/a/ACg8ocI24amza__Qe0WTpzTIyVobDqlOEl8PVlDS9h9Wg8UCa4PnYg=mo,"Mashallah, jezakumullah",5,0,1.6.0,2024-11-28 09:55:10,,,1.6.0
d60bf547-4d1b-450a-8ac1-802c6c6e5bb3,Hamida Hassania,https://play-lh.googleusercontent.com/a/ACg8ocLqmToh9EpX_4d1eZZ7toC_cisRws5TO_FsjSPIticl3AY34A=mo,This app is the best! It reminds you to do good always . I highly recommend it,5,3,1.6.0,2024-11-28 01:39:07,,,1.6.0
6adf37e2-75df-4f56-a824-077eb6bf3263,Nor Atiqa,https://play-lh.googleusercontent.com/a/ACg8ocJHQmEZHvXbRJkFHgDrDcDH702r3hTCnyU1gHtCRfqPRyc9Jw=mo,Everything is good I love it but only Azan time. My location doesn't have so I can't track real time Azan in my location only got Kuala Lumpur location other than that don't have.,3,3,1.5.0,2024-11-26 17:16:02,,,1.5.0
07091884-cfc0-43da-8726-dbbc65a7ae4e,MD ANAMUL HAQUE,https://play-lh.googleusercontent.com/a/ACg8ocIl-ckNLxCx7KPFyIzwFzZ8FXBQ2puG2Ul4xVSUc83qmMsDGw=mo,This apps is very use full and very nice,5,2,1.6.0,2024-11-25 09:40:46,,,1.6.0
89459e64-a89a-4092-a6ce-876fceb2d899,Yasir Rasool,https://play-lh.googleusercontent.com/a-/ALV-UjU2WbKrOINmxgvsBTN__-TbFAEdqKrGY3UPzsKc-2XKcnG7Z9DL1w,Ads irritate but the app is good,5,2,1.5.0,2024-11-24 08:24:20,,,1.5.0
aeb622aa-0a73-4281-86db-88ad4466defa,Elham Mohammed,https://play-lh.googleusercontent.com/a/ACg8ocIP1Z0sJzFSWg9N5BY6FLcr7ufiEcgED2z0C1PltV_qIN6n=mo,It is very important app to practice daily,5,2,1.5.0,2024-11-22 22:37:50,,,1.5.0
16ca53c2-2f01-4b47-8012-8be7a65ed392,sameena shaik,https://play-lh.googleusercontent.com/a-/ALV-UjX3aAtnEP3ux4zkKF3fATPFh0-3dsFqp38cCC2HhtR_76nlchilyg,Alhamdulillah! This app enhances deen ...must download to change your life and walk on the right path.,5,3,1.5.0,2024-11-22 20:15:26,,,1.5.0
023c04e3-7d70-4fe3-9d12-6e66d65c53bf,Shabana Shaikh,https://play-lh.googleusercontent.com/a/ACg8ocKEEmYIDksmFZ0Ln8KI2-4D1RgC1yHh161PuJcvzUVePWpZtA=mo,This is a very good and helpful aap for Muslims.💖,5,2,1.5.0,2024-11-22 16:58:56,,,1.5.0
ba0985b5-3a4a-44f0-bf53-1343f3341732,Amira Aliyu fateh,https://play-lh.googleusercontent.com/a/ACg8ocKHOuzu1x0OZa0lyD6QRPhZHM3rr6fk0-5In5evqJDDm5Gdsg=mo,A great 👍 app.,4,1,1.5.0,2024-11-22 10:13:31,,,1.5.0
c1c9ef44-57d4-4af6-b486-ff8a62737d53,Hurram Qureshi,https://play-lh.googleusercontent.com/a/ACg8ocLhnTrf4xdP_zmgApsu3mRwobngPlMqi63sHvSnbiHAxZraNA=mo,It's a good app you can try it,3,1,1.5.0,2024-11-21 07:15:11,,,1.5.0
73b85037-b5a2-42a8-87fa-f8374b99d9f6,Asma irfan,https://play-lh.googleusercontent.com/a/ACg8ocIR3shWGcwHbzjoKifqeM9RZoWadkdVXH1K6sbGr_ZPOA-B7Q=mo,Lovely 🌹,5,0,1.5.0,2024-11-20 17:11:49,,,1.5.0
5c092dcc-35af-46ca-99c2-dd3ff5a7884d,Azra A.,https://play-lh.googleusercontent.com/a-/ALV-UjXO_iL5zYiMjol-NwTT-uRHlaaQbOxTyDF-aRzTK_3zzDjAQETa,love it!,5,0,1.5.0,2024-11-18 17:02:02,,,1.5.0
812a1c3c-fffc-4e74-866d-17c6a76a25ab,Abdul Sadik,https://play-lh.googleusercontent.com/a-/ALV-UjUV6oMBW5MMQudmxWehZb2hv3QXpSFvaBvTlz5DzlpN8P-8Kycb2w,Has all possible rquirement to practice Islam eloquently,5,2,1.5.0,2024-11-17 14:45:42,,,1.5.0
df437139-453a-475d-8c03-5804e20b5b52,Humaira Rohim,https://play-lh.googleusercontent.com/a-/ALV-UjWQVW7YcFnGFrrQP4rOlAhJFKdz523Ho031r72VKp6fi5wJeLg,I really find it helpful,5,2,1.5.0,2024-11-17 07:26:07,,,1.5.0
f6c698ac-1faf-4be3-bd4d-eaddb2fd77ce,Md Sirazul Islam,https://play-lh.googleusercontent.com/a-/ALV-UjUB0cHjvvA_sNN-TqL3qfXXRptKQh8NL9cyI-F95_YY4kjte9yvNg,এপস ভালো আছে।তবে মাঝে মাঝে এড আসে এটার জন্য বিরক্ত লাগে।আশাকরি এ ব্যাপারে কতৃপক্ষ যথাযথ ব্যাবস্থা করবেন।,5,0,1.5.0,2024-11-17 06:40:36,,,1.5.0
241443c7-fac1-44ba-9b48-d838c9442d75,Sumani baduga Rashid,https://play-lh.googleusercontent.com/a/ACg8ocKiTp8MnlKuYeCF5Ns0Iup-TznRMuBGiEEJvKVUeLXVjeUY7w=mo,Excellent,5,0,1.5.0,2024-11-17 00:57:27,,,1.5.0
71de4a75-5c06-4907-8ad6-bf0046520b7e,Nycto phobia,https://play-lh.googleusercontent.com/a/ACg8ocKiBASescPlbyag7H02d6NKKinfwouUS9sIq92PFyLeIBnDFg=mo,اللهم زد وبارك,5,0,1.5.0,2024-11-16 23:39:53,,,1.5.0
27676423-71dd-4647-851e-775b42409e11,Hasibul Hossain,https://play-lh.googleusercontent.com/a-/ALV-UjXqqTSp37GCrYsBjBlqheb1cwk3JOrTJDr5x42fnmlvGZ4MElqB,Worst app. You should not use ad. Habit function are the same as daily prayers. It should contain Islamic task and reward option.,1,5,1.5.0,2024-11-16 12:03:17,,,1.5.0
ff5df131-2c11-4219-a3a0-7091d2273c16,SM:SUJAN SORKAR,https://play-lh.googleusercontent.com/a-/ALV-UjWN8vElra4I6Z0i_WTFvrnjoYM-3u_LbNQzDvd16v9iVNZiVx5a3w,Good app,5,0,1.5.0,2024-11-16 01:33:19,,,1.5.0
340c81d2-392b-4153-b9bb-72937748acc8,Muzzu Warraich,https://play-lh.googleusercontent.com/a-/ALV-UjUmi3nYrCvhsnZopziKCOwECUQxDTJ6yHeYAXK6KipjaixzBagE,It's amazing and well established app 😊,5,1,1.5.0,2024-11-15 17:49:56,,,1.5.0
ea9e1ca3-1a5d-4745-bba2-9928d23c2b3e,Umrah Saher,https://play-lh.googleusercontent.com/a/ACg8ocLJakJXSdv469VYmr027lIDHVJxotX6SeboGC7lERxtmqCuqw=mo,Very good,5,0,1.5.0,2024-11-15 01:30:31,,,1.5.0
b37389a0-14dc-44b1-bea0-0e8044e4af7d,Babu Chowdhury,https://play-lh.googleusercontent.com/a/ACg8ocJR_ZTFS8a2HV8UTQK1s-YeubueCs4Kf_NaxMJXHve8dK6C5Q=mo,ওয়াও,5,0,1.5.0,2024-11-15 01:14:43,,,1.5.0
fe8722d8-9844-49aa-bdb9-c29359f209f8,Quds Ehtram,https://play-lh.googleusercontent.com/a/ACg8ocK_QJtQnRjI1BkZtp3sBZwZnQvR26g8OGM3N5SCVzGyWOWiRQ=mo,"Horrible experience in getting timings for my location. I've tried it thrice in three different days. The sad part is, even though internet speed is considerably good, I am not getting timings. Other features seem good but again, what's the point of installing or using the app when the main feature isn't operational. Sigh!",2,12,1.5.0,2024-11-14 16:38:10,,,1.5.0
86426e4a-8af5-43d7-80e0-0302e250c68a,Ayeshii Ayeshuu,https://play-lh.googleusercontent.com/a/ACg8ocKufgH5tsOXWutxXhgPZRBEq1_K18Zigw7Ma48YRlN3ROzXMw=mo,Mashallah 😍 alhamdulillah 🥰,5,1,1.3.0,2024-11-14 15:33:10,,,1.3.0
5d2ddaf2-cdec-4b5f-a155-008b6fc58b92,ccouldbeanywhere ce,https://play-lh.googleusercontent.com/a/ACg8ocIS0qkIYkqfLnFwI0ValLOyl-dBIhCVUkM9naiM6G1JY-4uPA=mo,Too much ads,2,2,1.5.0,2024-11-14 05:47:15,,,1.5.0
153c6593-8a63-49cd-9169-3e7553958a55,Syed Ayesha,https://play-lh.googleusercontent.com/a/ACg8ocKUt_JZ7IM5e7F0XYXH6Xkv2QAFg6HVQNqBOv9evBThPN5Gjg=mo,Mashallah the most helpful app ever. And designed so track all your habits,5,3,1.4.0,2024-11-13 06:20:36,,,1.4.0
4c2ee5bc-df06-4f49-a1fb-05bb441dcceb,Mohammad Dayyeh,https://play-lh.googleusercontent.com/a/ACg8ocKadnldfBJQP6lEmEacsGikwRwkzCyiE4rjjayToYE4gy4R_A=mo,Full of ads,1,2,1.5.0,2024-11-13 02:01:07,,,1.5.0
8eed5771-a38e-4c52-984f-7800b3f9599e,walid ramadan,https://play-lh.googleusercontent.com/a-/ALV-UjVPSXH_bKOsvr1NvK7x7QJ7JW34c-pmr_AYVUJ6RNb7OwQ6aV5rSg,"Amazing ! But i 3 starred it cuz it is for muslims , where is Arabic by Gods sake ? Also too many ads why subscription is high above in the skies. What's wrong with you?",3,3,1.5.0,2024-11-10 22:19:23,,,1.5.0
8ccda94e-cfc1-424c-a58e-56064b625707,Dania Seedahmed,https://play-lh.googleusercontent.com/a-/ALV-UjVtMofmFfxzCVDC2PPx7AYS9nuMh1Z-0Q_tO9V9_REqz9vIMXb9,Dedicated in used,1,1,1.4.0,2024-11-09 21:48:10,,,1.4.0
d4a9b115-7cf0-44d3-b08d-7d4e03dece27,Nafisa Khatun,https://play-lh.googleusercontent.com/a/ACg8ocII1XlhPKQuf1K2syZB3b2QgjrUuIH6m_yv1h8Ku1c7Pb93Pw=mo,Good app. It helps me to keep myself on track.,5,2,1.4.0,2024-11-09 19:24:12,,,1.4.0
ece66975-520f-4f79-a00d-04363b596a9c,Md Imrul hasan,https://play-lh.googleusercontent.com/a/ACg8ocIcAnL96CjK7QIvZOPxgKJQd5bsVWgWUIXa_O6m_WBn1ktrcg=mo,Excellent app.Jazakallah,5,1,1.4.0,2024-11-09 18:47:43,,,1.4.0
3182dbe4-2851-4603-8d6d-bbe443851456,BILAL SHEIKH,https://play-lh.googleusercontent.com/a-/ALV-UjVVhB6AxjmFgUFAv6yJvd6sUgXrlNZNWAvzsg0PYlnO3qI6rDViCw,Unexpect facility 👍,5,0,1.4.0,2024-11-09 17:54:37,,,1.4.0
c514cad5-9f88-4e29-98b6-307c1d5bd617,mamun khan,https://play-lh.googleusercontent.com/a-/ALV-UjWpbvNA8S9TeBfIBEfdjJUAW9iINA9KmO74LUswClM9DdA_XRI,Really it's a nice and one of the important app for Muslim people. It's help to track my daily prayers and qaza namaz etc. Thank you so much from my heart for making a nice app. May Allah bless you🙏,5,3,1.4.0,2024-11-09 08:02:11,,,1.4.0
ed38469b-206d-43c4-b247-ae77eaf2c841,saba parveen,https://play-lh.googleusercontent.com/a-/ALV-UjVcAgjDiFhabXu8vBwMep9cio8rAgxH3xK9wLPGr24VHT3W1QhE,Nice ❤️ you can track every habit,5,2,1.4.0,2024-11-09 01:31:51,,,1.4.0
635ae995-473d-4e8a-a19a-3549bd6f9b20,mona khanzadi,https://play-lh.googleusercontent.com/a-/ALV-UjU9SaVpMWKjYytp7jHyEV9HF429xAvi9_QZ8LLZzHHmtES47mU,Its good but ads are too much islamic app should restrict ads with music,5,3,1.4.0,2024-11-08 21:48:32,,,1.4.0
0f788568-d32e-4ded-8ed6-1c1d7f5d8db0,Lola Lola,https://play-lh.googleusercontent.com/a-/ALV-UjXhqoxfeQJb6caTL14PCy34XcNu2Zr46xDurU06y9uB0Ok9PFf4,I like it.,5,1,1.4.0,2024-11-08 18:01:15,,,1.4.0
34cb097d-032d-486f-a51d-aa4c79e03078,MD Jarif Sheikh,https://play-lh.googleusercontent.com/a-/ALV-UjWaH0qrNHKWzuiD9VYUJMmu2T3Vja4hUh2FMINPBLtpw-8ffuA,Nice app,5,0,1.4.0,2024-11-08 05:09:18,,,1.4.0
afa47d3f-dc9d-4722-b795-bb5645632f59,Hamis Banda,https://play-lh.googleusercontent.com/a-/ALV-UjXsr3Uz6QNywJXI1cP4rxvKJKTTYiGsyVLkq9gIX-xZov7rKnxv,This up work so perfect 👌,5,1,1.4.0,2024-11-07 02:23:36,,,1.4.0
24035d7b-26a9-44e7-9915-27ea6df5fcdf,Shavaiz Ali,https://play-lh.googleusercontent.com/a/ACg8ocJ7STUeGRvP2X4gDsnjNWNOc3M-NxhwD_wmKlYrFK055CbmBg=mo,Nice and provide a lot of help,5,2,1.4.0,2024-11-07 00:46:28,,,1.4.0
6636c524-3b0c-450d-8ee6-7c3de414569a,Zafar Iqbal,https://play-lh.googleusercontent.com/a-/ALV-UjVmxRz3nOyGn6vZDz5tjypDJlX1wwPB_Q3rl4ONNQrR7tNLd6M,It's very good and helpful app it's help me very much. ❤️,4,4,1.4.0,2024-11-07 00:27:29,,,1.4.0
2c0b9770-32af-4d6c-bda1-a2b667255b33,Ib Barakzai (ʏᴏᴜ'ʀᴇ__ᴄᴏᴍʀᴀᴅᴇ),https://play-lh.googleusercontent.com/a/ACg8ocJAbSNlYFqijDacyPv1W_9ZqDhnqB8ZXHBZuBkYkHlPxJJEbw=mo,The best app in my life I have ever seen As sa bhtreen app ho he nhi sakta Thank you so much creater,5,2,1.4.0,2024-11-06 22:33:34,,,1.4.0
fea2d91e-d2b2-4da5-946f-26492e77c996,Banana,https://play-lh.googleusercontent.com/a/ACg8ocLiDSEjPjTLpI-u2st8azS2dKb9dGc-t0xSgeDRrYTL9A12xg=mo,I hope this will also help me too become a better Muslim and I hope I start praying again like I used too,5,1,1.4.0,2024-11-06 19:45:37,,,1.4.0
b510c991-aae5-49e7-9ad4-fe4ba7ed777a,Aisha Usman,https://play-lh.googleusercontent.com/a/ACg8ocJ7p9g3fvrvYBoxl-wqEWMIpaSaCtcICmXKBTAtnK9GgngjyYWE=mo,Wow I like it....,1,1,1.4.0,2024-11-06 04:52:20,,,1.4.0
f435c847-ae79-4f4a-b6e8-de53bf13ef90,swarna mariam,https://play-lh.googleusercontent.com/a-/ALV-UjX7RU3UOY1WP2CL-SBw8nSwu6vdPHctep_j2UwntpQ-xlnBxC2U,This application is just awesome. I was finding something that will help me to keep my deeni activity in a right track with other facilities. this app just fulfilled my wishes. Thanks to the almighty Allah for bring this app in my suggestions and thanks all the creators and collaborators of this application. Jajakallahu khairan Islamic habit tracker team.,5,36,1.4.0,2024-11-05 21:50:05,,,1.4.0
a78d1837-f524-4bf6-ba16-391294f7c300,Jue Man,https://play-lh.googleusercontent.com/a-/ALV-UjViSMtOaUDsBnMBGJeJTinkGu1qoMVlJfnwS0XP2e92EfaSBzEzQg,Good app.. i like it,5,1,1.4.0,2024-11-04 22:54:30,,,1.4.0
c2885da4-7866-4a3e-b122-b890015b597a,Safiyyah May,https://play-lh.googleusercontent.com/a-/ALV-UjVpRZEap-4V8mLCekESdZ2VvS7sjgM61dPvr4-umlF66D9QcbmlDQ,Very helpful and motivated,5,2,1.4.0,2024-11-04 22:16:32,,,1.4.0
5930c161-ca6f-4aea-a10c-5ba64976cf38,Afsana Mim,https://play-lh.googleusercontent.com/a/ACg8ocK19ZwXMhH5DiVfaVsPa6SbsOKetcyx_0BGqRExNeNKN1xDcg=mo,I love it ❤️,5,1,1.4.0,2024-11-04 18:59:10,,,1.4.0
601b01dc-7384-4bd6-bf2a-bc9847be9db7,Shehanaz Akbar,https://play-lh.googleusercontent.com/a-/ALV-UjWUcr6-fTsV-hn5Jnhi0Q4Xb0gYV6eOTg5vdWrmq_K1vLyR86k,Super 👌,4,0,1.4.0,2024-11-04 12:02:30,,,1.4.0
f690bd7c-987e-4b01-9dd3-939006b18c81,Lina “Miko” Benouareth,https://play-lh.googleusercontent.com/a-/ALV-UjXx0XiLlOSy2QxNlXujx2Er_XW4hglQ2gCZtXZW74LrUnXwYwU,"I really liked the app , even though the ads can be quite annoying but still good .",5,3,1.4.0,2024-11-04 01:07:01,,,1.4.0
51570267-12e2-410f-910b-a77729765390,Md Hridoy,https://play-lh.googleusercontent.com/a/ACg8ocLBKzX9PnK6VKCVLAPgDeWVuIXZVyxAPUWB9_iVomhtypADHg=mo,ভালো,5,0,1.4.0,2024-11-03 05:17:27,,,1.4.0
d8ec6098-fe80-40fb-b700-59bc92d938f3,Zara Khan,https://play-lh.googleusercontent.com/a/ACg8ocLdtV11y75LLmict3DGVTqnXzg8l6BGhxK9lzf0BpDprez3Sw=mo,Nice app.,5,0,1.4.0,2024-11-02 20:24:09,,,1.4.0
f2bc0680-4504-4027-9089-096323dc172b,mohamedt saldin1948,https://play-lh.googleusercontent.com/a/ACg8ocJHCh7HWCvef6nI5-wP25U91-VQg4CUSIHGH0WRRmdf84oJVw=mo,good 👍 I don't hear the Azan??,4,1,1.4.0,2024-11-02 17:00:40,,,1.4.0
66fd8466-0838-46bb-a310-ce4e52c88cbb,Sam,https://play-lh.googleusercontent.com/a-/ALV-UjXln7Z8e49UUkilxu_sZsU8ldsRCMVzVwBDgRrhMrD8tZPExx8,It's perfect.,5,1,1.4.0,2024-11-02 12:22:03,,,1.4.0
75e7cdf8-7b13-49ee-a364-56d2c57430d5,Mohamed Elsaied,https://play-lh.googleusercontent.com/a-/ALV-UjXMlB8d3dRjbSzz875TvjuLU0d5gbiCE-2SR_P_d4ci6D6rYf4o,"The application is distinctive and more than wonderful, but why does it not support the Arabic language and also the ads are too many, Please reduce them thank you for a distinctive application",4,3,1.4.0,2024-11-02 11:20:53,,,1.4.0
2dc8aff1-2c25-4b20-846b-df6e0903f2d7,Jameelah Ahmad Musa,https://play-lh.googleusercontent.com/a-/ALV-UjVQqwPIkRtdq0G6Unybv4vCcYIR97vE-mbj8xC28kbZzp2sGCjd,Very good app,5,1,1.4.0,2024-11-02 11:09:45,,,1.4.0
61b6a95c-5333-4a6a-bef4-2fe1711b9a8c,Aashk,https://play-lh.googleusercontent.com/a-/ALV-UjXLaX6ifyVFyXrooM6hl3TWeg7eTtQDSXn1DyZAlE5ovSTmKyWX,Please Put Week Days Name in SALAH TRACKER SECTION & The ISLAMIC MONTH & DATE ALSO WITH ENGLISH CALENDAR,3,1,1.4.0,2024-11-01 15:41:24,,,1.4.0
83c92c00-be14-4de8-8214-765b0eef1716,Abdulah Mohamed,https://play-lh.googleusercontent.com/a-/ALV-UjX522uWIwWpAtUr0w-uUfMGAhVNLKJQ7hy5YMyDEmdb0Vg-6rypsw,As-salamu alaykum (السلام عليكم) app seemed OK till 2 too many adds and 2 is way too expensive I deleted after just 2 try more apps out there with better and more info. Jazaka Allahu Khairan (جزاك الله خيرا),1,2,,2024-11-01 09:35:49,,,
96783087-c811-4262-9573-dfdc9b48b020,Nedjma,https://play-lh.googleusercontent.com/a/ACg8ocJvbWnxEQAcvoHXb3dRyE1ZKq6WFR399CmcH1IjzgFd7YVpkpI=mo,"Very good app and very needed i was waiting for it for long time , but too much adds i know it a way to earn Back the money after working on this masterpiece but i may deleted just for that even i really like it like it's contains everything . Thank you so much for ur hard work and good work for this app waiting for better experience and may allah bless you .",2,5,1.4.0,2024-11-01 09:11:05,,,1.4.0
f8e65130-f1b1-4021-9462-c29cb085f8b6,Sarah,https://play-lh.googleusercontent.com/a-/ALV-UjUAVfKbxMPJT37s9taSdNmxaFdEnNVjxFQhE7ytt00KPNCTZPUV,Just what every muslim need🥰❤ I like this app so much. May Allah bless you all for this amazing app.,5,3,1.4.0,2024-10-31 14:33:15,,,1.4.0
e2cffe55-d497-459a-954a-b3150913ccab,SABIU ABDULLAHI,https://play-lh.googleusercontent.com/a-/ALV-UjU0R3UYPVY1DKt7HBqNBFUzmlqKGuzLjqalaKhOd-3grPRoWzz-,MA SHAALLAH MAY ALLAH REWARD YOU AMEN,5,1,1.4.0,2024-10-31 11:54:31,,,1.4.0
2f964e3f-0d8b-4336-964a-b7a33f481e31,Aʀsʜɩʌ Kʌsʜɱɩʀɩ,https://play-lh.googleusercontent.com/a-/ALV-UjVBt15CgQ0TjVdE409wEiFMknAZjThUSjHKLpBDjrAWwkgghPDg,MA SHA ALLAH.. May ALLAH Grant you the best of Jaza e khayr.. Aameen,5,1,1.3.0,2024-10-31 01:09:01,,,1.3.0
3bcbf079-5a35-4e8a-b511-ddd66786c1e4,Imran prodhan Ahnaf,https://play-lh.googleusercontent.com/a-/ALV-UjWAaQGBnUDT1D2EE4uvKPINCVB2LGwqekcELqRDiDL9ZyGRQNm_,Masha Allah Good and helpfull,5,1,1.4.0,2024-10-30 06:51:59,,,1.4.0
1f3bebd4-a27c-4b98-9ae3-97a2cddf3465,Ayera Khan,https://play-lh.googleusercontent.com/a/ACg8ocKEeqvGkt4l3jHaM2ZRU3OPBcYw-rSVThzdPzJbXjJ5XQAOx30=mo,Masha'allah Subhan Allah Very great job bro...,5,1,1.4.0,2024-10-30 00:13:08,,,1.4.0
5dcd7377-7899-4bf6-acba-5727c45f3092,Ikramul Tanvir,https://play-lh.googleusercontent.com/a/ACg8ocLZK9l5yHER46pnfb9PC8Q_7wKA9ZbcUZLDs-eyeh_-mJCFEQ=mo,"Need Bangla language Quran translation - expample- taisirul Quran translation , Bangla is language of 30+ crore people, so mind it .",1,5,1.3.0,2024-10-27 10:13:12,,,1.3.0
c2616fe3-2a3c-4b89-b278-63f2097e8651,آلاء,https://play-lh.googleusercontent.com/a-/ALV-UjWOqN8_4gR54OkvcBdZF1ZhcCTKII6TuveaGhDg7ADkXq4b8r1L2Q,💕,5,1,1.3.0,2024-10-27 01:29:38,,,1.3.0
a52dc29d-a8f4-4aea-aaf0-38cbb1e4bebd,fatima aslam,https://play-lh.googleusercontent.com/a/ACg8ocIW3FoEp56Uo_XkdQyTdzHS65qeJD_lyz396Q0MZFQc0JRH9w=mo,Most useful app I would see as a muslimah,5,7,1.3.0,2024-10-26 15:34:43,,,1.3.0
e4847797-fe56-413a-939f-caa718ee42fb,aisha Etsu,https://play-lh.googleusercontent.com/a/ACg8ocI1UVMDi62S-dxPC5s-kVsdTY4wxzWMRF7qQHINFaGXwksrvA=mo,This app is exceptionally good. The dua'as I got are so useful to me. May Allah accept our prayers always,5,5,1.3.0,2024-10-25 20:30:53,,,1.3.0
e8336125-69ee-4b05-a16a-4af09fde38e2,Mayesha,https://play-lh.googleusercontent.com/a/ACg8ocIKw0_qHnoG0hLFr1SsbhhVRkFCLJ5FTCoqFR1xl9rX5CHfng=mo,"Im enjoying the Islamic habit tracker planner app! The ability to read tasbih and learn a new ayah daily, no matter where Im, has been a game-changer for me. The planner itself is excellent, allowing me to track my progress and identify areas for improvement, The habit tracker is also a valuable tool. But I do have on suggestion the alarm feature. Unfortunately, I haven't been able to hear the alarm even once, which defeats its purpose. If this could be fixed the app would be truly perfect.💌🙂",4,69,1.3.0,2024-10-25 05:12:25,,,1.3.0
389f59ef-32e6-43c4-9e1c-6226e63a5f08,Maryam Musa,https://play-lh.googleusercontent.com/a-/ALV-UjUaWbfdYf94ok4gMm3M7ZlCcgAWgPKfXNAaQX7EfNHK6RAapPg,An amazing app,4,1,1.3.0,2024-10-24 21:06:43,,,1.3.0
6f30266a-4367-49f6-b2be-4b263c0b65b6,Fahim Hossain,https://play-lh.googleusercontent.com/a-/ALV-UjXcL19av2eCABeDxAmdQBmY0qADk4WxCzZn1f69wcVbEB9lSWFe,- Very very good this apps..☺️I am very inspired by these apps💌,5,2,1.3.0,2024-10-24 09:48:52,,,1.3.0
4c301449-19b0-4393-b607-81aa7317172b,Sheikh Sidat,https://play-lh.googleusercontent.com/a-/ALV-UjU9skbOYlNccF8nMFRIrRaSx2tn5AQqjHVe1s0ErgN96NKOy4em,Good,5,0,1.3.0,2024-10-22 10:50:49,,,1.3.0
7ea12ab3-a904-4812-9244-26fef576c2e9,muhammad aqib,https://play-lh.googleusercontent.com/a/ACg8ocJnk3xPqelOie_Rweltj0W0axuxjBIjFnfZJ_FSIS9JGwlJoA=mo,Excellent .but no default time setting for nimaz reminder,5,2,1.3.0,2024-10-21 19:12:48,,,1.3.0
b3f7da6d-f242-41e0-8c2f-45f991f397e1,Anam Jagirdar,https://play-lh.googleusercontent.com/a-/ALV-UjWloYo2zxDm_VasTveyzNLnkqUnFZ8x1JJ2jLYggrZjzHXJyDST,"10/10 The most astonishing and outstanding app I must say after steping into the app i feel very happy to learn new ayah's, dhikr, Quranic verses. It is shaping me day by day to be a good Muslimah......... As its increasing my interest.... And every verse is written in arabic and then there's the translation next to it, which makes it to easy to refer........, Just one complain i would like to give is change the emoji of prayer time from this🙏to this🤲........",5,53,1.3.0,2024-10-20 13:29:59,,,1.3.0
03b15266-df5d-47b6-86d7-bd08b379e61f,Ikhlaq Ahmed,https://play-lh.googleusercontent.com/a-/ALV-UjVPs8KodyV6PDXYX1iriG1XW5dHZ8TNz0N6gOeMmXnRT1ND8Gk,جزاک اللہ خیر,5,0,1.3.0,2024-10-20 03:01:02,,,1.3.0
2f4fc12a-4062-4a77-9968-48875c7ce12f,Hira Shakoor,https://play-lh.googleusercontent.com/a-/ALV-UjW_tXhXFWW77tvs_jtCbNSkl593OcyZeCxftqm3pbh0nQDZJAK_,Thank You So Much for making this app. You helped me connect to Allah May you get reward for this.,5,1,1.3.0,2024-10-19 19:40:45,,,1.3.0
3fe0d8a5-707d-4aa5-b6c0-259a8901600f,mukthar 123,https://play-lh.googleusercontent.com/a/ACg8ocI_3oWkmo9oC8y5BK8F2JySlkHVOOq2WHUNL5LJF7bqF0tGZg=mo,nice,5,0,1.3.0,2024-10-18 05:00:26,,,1.3.0
a6f0e57d-cb21-430d-a51d-134bbdcb1234,sumaiyah razzi,https://play-lh.googleusercontent.com/a-/ALV-UjVHYCNpqkoLUUG1R3dcGGjIAZ6jiAfQBEi7ASqsfqtsEPlycAI,"Very nice, very packed with lots of things, it also has daily quran verse notification. May this app becomes more awesome in the future.",4,10,1.3.0,2024-10-17 19:41:54,,,1.3.0
77e0d22f-87a9-41b6-85a0-8e8f25d86532,Eman Behery,https://play-lh.googleusercontent.com/a-/ALV-UjUBPn8zMd1RfyEqnWnTPGveUueG4Cjs6JuEvXcip81zAe75Ga-KEQ,Everything is ok Just I need an Arabic version or Add Arabic language There is also a problem in identifying the location and determining prayer times.,3,4,1.3.0,2024-10-15 14:26:05,,,1.3.0
fbecaaf3-369e-4dc2-9c5a-6274e1264a8a,sabya yasmin,https://play-lh.googleusercontent.com/a-/ALV-UjXWXreLtlaoJt_H71pwmRp_2LL_2F7yobAUZpRt3jbFQlaytojb,Find a good app finally to make myself a better mislimah,5,3,1.2.0,2024-10-13 21:03:46,,,1.2.0
12c25938-0f88-42fb-a264-ea90a380aaf7,Mustafa Eid,https://play-lh.googleusercontent.com/a-/ALV-UjW0ciHa3wezaDuhgVqjZcNR_Bxypd2_BvNAI8nNk2OuRdYBMDIR,where is the Arabic language?!!!!,1,1,1.2.0,2024-10-13 10:42:21,,,1.2.0
435596bf-4756-4aed-9e94-a42291b7115b,A-Ya Septiani,https://play-lh.googleusercontent.com/a-/ALV-UjXIeGrzW8kdNyKGdZRBQgRcA-tM_r7aR6zlKq9NoLIu9--VFxWb,Please add an option to backup the progress we have recorded. Thank you.,4,2,1.2.0,2024-10-11 20:53:03,,,1.2.0
8718e008-194f-4553-b648-eb887e24ff7d,Saker Khan,https://play-lh.googleusercontent.com/a-/ALV-UjUj5bf9meJSCAINbscx-maLQ1EfMDpxrXmAKCf-5YO-AG53COgvbQ,"Masha Allah, This is what I was looking for, specially the mosque finder was absolutely amazing. Everything is fine but the prayer 🙏 logo should be This one. 🤲 Waiting for the correction.",5,23,1.2.0,2024-10-07 16:03:43,,,1.2.0
f148602e-f844-4693-b980-d240bb4d6189,Nagma Khanam,https://play-lh.googleusercontent.com/a/ACg8ocIVc7zcMEjyYqTA9utb497kmuVMN7-HqaHRn9j5LIpLI6PktQ=mo,good app👍👍,4,2,1.2.0,2024-10-05 21:47:47,,,1.2.0
e1a43e97-1328-45ce-92c1-0715610762a3,Hamza Mopile,https://play-lh.googleusercontent.com/a/ACg8ocK9ih3Rj6KHE-hFlLvIRLJS2pt-ssYsoyHm-_Fep0Ons2_dFA=mo,جميل ولكن اعلانات,4,1,1.2.0,2024-10-04 18:01:39,,,1.2.0
79b3281c-cab9-4424-8bb3-191f1482d757,Shuaibu Srajo,https://play-lh.googleusercontent.com/a/ACg8ocIFCPLJ043WixjUVHqMVseQBxfr8pJZiZGl9UJjiXKtmveqXQ=mo,I really enjoy the application 🙏❤️,5,3,1.2.0,2024-10-03 13:01:27,,,1.2.0
ae41f84a-79e5-4f38-9f07-bdca2c2fc82c,aulia dwi,https://play-lh.googleusercontent.com/a-/ALV-UjW10PN_U-9zEo1fh6dPrruF4fyYWfCXwA4j7t61wTnW89J8XVp77w,"everything is here, very complete application, very good",5,5,1.2.0,2024-10-01 18:00:50,,,1.2.0
6bd9d3dc-584b-4c4d-b25a-7ad4488b82d0,Md Nasiruddin,https://play-lh.googleusercontent.com/a-/ALV-UjXawHxn2kgKLedZaNzZYtgnuxzK-BE7narbAtgWb3EHNJ5oGNav,Thik hai,5,1,1.2.0,2024-10-01 12:56:48,,,1.2.0
75df1b3b-9eb3-4740-b3e3-eac7ad79a4c7,Kubra Taj,https://play-lh.googleusercontent.com/a-/ALV-UjUhAZ4wLiV3j6hpfkUzCcLM2YiWRvkB7qsTvDtMfdoSBM3y-vC4,Good 👍😊,4,1,,2024-09-30 00:36:37,,,
9a32a076-2560-4768-a100-d61c6961d7fb,brother jf,https://play-lh.googleusercontent.com/a/ACg8ocKXKG-HGmdib8vYwoHCf9GYeceLksgbIJF7lBZljIn4uMe3rg=mo,It great app can't wait get premium when I get pay,5,7,1.2.0,2024-09-29 22:48:43,,,1.2.0
77b7aa6b-1698-482c-ad90-bba26b84a0b4,B.N.Ghulam Ahmed Dasthagir.,https://play-lh.googleusercontent.com/a-/ALV-UjV6yl5clLVJKaa9QqXco6AAadwxgjgbvSxpcDakY4kQEdm7PQw,"Excellant,",5,2,1.1.0,2024-09-22 20:36:25,,,1.1.0
0578135d-e64a-43b0-8c8b-eadbea834474,Abdi Qafar Ahmed Jama,https://play-lh.googleusercontent.com/a-/ALV-UjW2POmy7KaRBeULMDFcTLUBGt_s_Tuc3h2929K-S96OK_97IpJW,ماشاءالله..... This is the best slamic app I've seen 👏,5,2,1.1.0,2024-09-16 12:08:28,,,1.1.0
44eb2cb4-e275-4d07-8c67-b8d4bdf78662,Mohamed Jalloh,https://play-lh.googleusercontent.com/a/ACg8ocKe_395nfMYfLwJcBHK1MXqW0MggvIWde6uTjcB4S7hDdSoqg=mo,All the future are good,5,1,1.1.0,2024-09-15 07:25:05,,,1.1.0
67cd9c7b-d8d3-4688-ab6c-237735fcabd3,Muhammad Ibrahim,https://play-lh.googleusercontent.com/a-/ALV-UjXBwfgTqMoumulUCv2FovWRzF2RyyMqI-EstkgGVs6dhENfj6CD,love it,5,1,1.1.0,2024-09-14 16:46:22,,,1.1.0
17afc3f7-cdc7-4d43-a2c8-8b41d935fdb7,Timothy McKnight,https://play-lh.googleusercontent.com/a/ACg8ocIAjdF_VuIlS1Uwdhu2TeLjw2R8P5omr0CbaKJS-SXY_8Ooow=mo,Alhamdulillah,5,1,1.0.0,2024-08-30 04:32:01,,,1.0.0
bbcf838b-308c-410b-91b4-9dd0e2c711dc,Hadijah Hussein,https://play-lh.googleusercontent.com/a/ACg8ocKYxdTOHhAjgimfg8cEfDN5tKU2ZcGJGlZBS_XYFvcHVso1QiY=mo,Good application,5,1,,2024-04-20 08:49:29,,,
