reviewId,userName,userImage,content,score,thumbsUpCount,reviewCreatedVersion,at,replyContent,repliedAt,appVersion
d88a81ff-9bc5-4362-8c67-525d7d4dd822,ahmed mashoodhu,https://play-lh.googleusercontent.com/a-/ALV-UjXAL5d-HO7vgVusIfi9kvVzHcgYoAM7uTBfe0Zbe-MigNtaUXwL,alhamdhulillah,5,0,6.8,2026-07-29 01:16:07,,,6.8
24ea8951-4f97-44f4-971b-ed522758c18b,Shaina parveen,https://play-lh.googleusercontent.com/a-/ALV-UjWpMYqHUa48N9k8OkWpoOQzIBrRsvL7erY2L9BBCLmZ_R-iHAoEYw,Masha Allah,5,0,,2026-07-16 02:40:54,,,
5a9a206a-75f3-4c29-9f02-1998cfe63d29,Michael Clapper,https://play-lh.googleusercontent.com/a/ACg8ocJILijzeolJTxG6EQH6GqdcrY1E7rSdNLscxa7MBCTQ8y_iSVo=mo,love it,5,0,6.8,2026-07-14 10:15:15,,,6.8
28b04a32-d9b2-49e2-8d35-c923c31b14bd,Aaisha Zuber,https://play-lh.googleusercontent.com/a-/ALV-UjWO_kX2XoO9ECl0s18qhmFxBhYqwd9UjMfvgOnBOCwTG1Dy4PbK,great app,5,0,6.8,2026-07-06 18:56:31,,,6.8
5d12d800-3bb0-4cb1-8801-a83b8f6154b5,Uswa Asif,https://play-lh.googleusercontent.com/a-/ALV-UjVOA2wvrNn_cqOUvqPD2bZupH0GZqLEsfMc5TOdoNHst8VYi-qb,I hope this app will help me,5,0,6.8,2026-07-05 21:09:58,,,6.8
e5388816-b536-4044-8b32-589593c9e2fd,16pg “16pg”,https://play-lh.googleusercontent.com/a-/ALV-UjXkMVgEMLTS48Yl42B2ZaXAiVUyMT7DxwVe_s-0CjNgDeOQJKw,Simple and effective app,5,0,,2026-07-05 14:57:30,,,
5d26e2a7-799c-41f0-b0b3-fafc63822d40,Jawdat Sadi,https://play-lh.googleusercontent.com/a-/ALV-UjWolDiwEW0T7MrfQSIvvUao5lcgL7sOEH6Z2ffuxi_LXDCWcZ-T,nice,5,0,6.8,2026-06-29 23:10:19,,,6.8
10e70843-1c20-414d-acbf-d0be66dd17df,Waqas Raja,https://play-lh.googleusercontent.com/a/ACg8ocKj6n9T5RpL9AwfbS-3XMRBPOl4iQ7MKH7at10SpzA4k6qnfg=mo,love it,5,0,6.8,2026-06-29 17:42:25,,,6.8
e49db259-1a91-4d41-903a-ceacb3995850,Ahmed Alwan,https://play-lh.googleusercontent.com/a-/ALV-UjVeBQ01XPTf8aTrk5CBzGaPJ_9gL4_aFLvVxFMPfVdHsdzIFUFLpA,a very good app very simple 👏,5,0,6.8,2026-06-27 14:02:25,,,6.8
235660aa-426c-4dfc-a648-fe9b80cab893,Abdi Hussein,https://play-lh.googleusercontent.com/a/ACg8ocJlTRu6zZzLS1PhfnXg1sqGjoZkjk5-RKImS93gqr06DN8qPA=mo,very good 👍,5,0,6.8,2026-06-23 19:36:36,,,6.8
edf4b5d1-9bad-42c5-9a1e-88b3f2ec032d,saruk Saruk,https://play-lh.googleusercontent.com/a-/ALV-UjUOSlzdR5y3KYBycqQh1QwNAh5HFp3sj_sUpRc8G9hmkBDJOSA,happy,5,0,6.8,2026-06-21 23:47:20,,,6.8
4433f40f-7b07-4f81-b625-ca7d0aab9162,Anas Alungal,https://play-lh.googleusercontent.com/a-/ALV-UjXVil8vW2WdZ8H6fTXLmoj_bKxUl3dezvXarKNGDVvtXWY7lsY,very useful,5,1,,2026-06-20 04:02:37,,,
19f0817e-3beb-484e-8fa2-74c033835367,Murumkar Rahat,https://play-lh.googleusercontent.com/a/ACg8ocIXuNNsf516Irz1cwz1bBUREbofrAQmn4I7cd2hyr3aV9dkDw=mo,Best,5,1,,2026-06-19 00:04:04,,,
7a264aca-7fa7-4a14-b87d-533cf89d09bc,abdulrahman naeem,https://play-lh.googleusercontent.com/a-/ALV-UjXPzlhXSpPBBnKzs_7VID8IkNSfcw9_UKY-JWRq6r68qjUpWScB,w app,5,1,6.8,2026-06-12 21:18:41,,,6.8
92b01499-667a-4317-8a35-fb3eba6d4d1f,Zeba Sheikh,https://play-lh.googleusercontent.com/a/ACg8ocKLJBGDIzcP8L3sRfcNHzppn6s6cXaqjPdZrpnXAWAQvHj0lA=mo,The app is very good for praying 5 Time salah on time,5,1,6.8,2026-06-07 23:56:16,,,6.8
9ef0a2eb-cd0f-4960-a589-3c4806db911f,Naurin Shanta,https://play-lh.googleusercontent.com/a/ACg8ocKy6tIC3yR189MQBoruH1O7VYIeofnV-SnuvzerntcGKKvObi1G=mo,wow,3,1,6.8,2026-06-03 19:03:25,,,6.8
7c3e52bf-98fe-4182-b1dc-9474cc771586,Ajmal Muhammad,https://play-lh.googleusercontent.com/a-/ALV-UjUBd4LoG3TCUQV-StSzRZnFQqy-XXX8RmetX-X-RZrQ8wIOUOYS,good,5,1,6.8,2026-05-28 06:57:04,,,6.8
50799bdc-e9d9-46a0-9e8c-c320d3124bc1,Abdullah Khan,https://play-lh.googleusercontent.com/a-/ALV-UjVwFxWw8QH5KzMZsHCs_al07XnmwpPtof55MHfw0gnXpZcu-ws_,is very nice and simple mashallah and jazakallah,5,1,6.8,2026-05-27 19:55:51,,,6.8
cf1195a3-bf6b-4100-b7f7-b2c51c20173c,Najat,https://play-lh.googleusercontent.com/a/ACg8ocKQJEuREvcykRItSv7qjIxNf8cdCP_6S0CzkCDyx41MhS2v8g=mo,"Its very nice if you want to know prayer time, track your salah, keep you motivated. Definitally recommend this app!!",5,1,6.8,2026-05-25 18:01:36,,,6.8
c041d991-2df5-4c07-9533-9764427d660f,Sha,https://play-lh.googleusercontent.com/a-/ALV-UjU32_HNwxVTMBlHYRNWLzH5DKZZJdPhQhho7jmUkZmowflszjAn,"I love the app, and it helps me to track my prayers, but right now, the app is having some difficulty and crashing due to a bug. Hope they fixed it soon for me to use it again.",3,1,6.8,2026-05-21 18:10:59,,,6.8
85837d66-71c2-4965-8dda-e923191a2cb9,Eyasin Prodhan,https://play-lh.googleusercontent.com/a-/ALV-UjUqwjtWkEMPwGGQ70lnumZCaLdLfZMd82D-_SeebzItJCbzdVQ,alhamdulillah pyar time,5,1,6.8,2026-05-17 17:42:06,,,6.8
fe8dd639-d81d-4a4a-af07-6a71b52e1548,Khadija Nouman,https://play-lh.googleusercontent.com/a/ACg8ocIWbhUjKL9ErxAFUSvR3XvBxh4SkUl26iwkpRHv4ddFhngl1Q=mo,its great,5,1,6.8,2026-05-16 21:01:13,,,6.8
00a652dc-f089-4b6d-ab0b-8acb45a115c8,Nazia Roomi,https://play-lh.googleusercontent.com/a/ACg8ocLpAfMvjPVz9ZRQz4v9pEYwOrwCVPosjqp8BH60ipMXDP-S4Q=mo,MASHALLAH TABARAK ALLAH FOR THE ONE WHO THOUGHT IF MAKING THIS APP AND FOR WHOLE TEAM WHO MADE IT HAPPEN JAZAK ALLAH KHAIR ITS A GREAT HELP FOR US MOM WHO OFTEN FORGETS TO PRAY OR RECITE QURAN IN A SURVING PHASE OF HOUSEHOLD LIFE,5,1,,2026-05-16 10:04:34,,,
67cec8bd-e0cf-47e9-a23b-50cafd314d4f,Asif Khan,https://play-lh.googleusercontent.com/a/ACg8ocKuDDYycK_zFVOhCllRYBTp4KJZBh3d7NbHu1kqNCxkGsWi4w=mo,Good app,3,1,6.8,2026-05-13 21:09:58,,,6.8
69303d52-e261-4b51-8bed-d745c5863904,Mohammed Hussain,https://play-lh.googleusercontent.com/a-/ALV-UjW8K6wWGdu1LAdJC-sUYn5GAYL7r5gb_lsZo-R2IOa9PSWm8VvA,just what I needed. thank you so much,5,1,6.8,2026-05-12 12:24:57,,,6.8
15e2b2ed-9a5e-469c-8745-3ebc5a68a380,Shajeena Shanavas,https://play-lh.googleusercontent.com/a-/ALV-UjUO2GJuBS6If_DldUSvYDj9NlH6ugLJYUKnOYeMgGtqgAxo21_R,helpful app 🙂,5,0,6.8,2026-05-07 20:12:59,,,6.8
f26cec75-0aef-4c94-98ea-45ffe15e1518,Brown Adams,https://play-lh.googleusercontent.com/a/ACg8ocI0cgUzGc8z1vl03fmRD8JRED_YgkdKj-gW5UUO1tUbGAGE=mo,good mood happy life,5,1,6.8,2026-05-05 01:37:07,,,6.8
249db79f-5b4b-4ea4-9f43-52f1bddeb121,Abdullah Rilwan,https://play-lh.googleusercontent.com/a/ACg8ocJbvs2AkaekWcIks1Ec3jEoXt-gwKjK9moH0Yqm8L1jCXeArS4=mo,awesome app,5,1,6.8,2026-05-01 14:40:16,,,6.8
8c9f110f-a077-4adb-8b07-024f30ff5ae6,Asmaa Mohamed,https://play-lh.googleusercontent.com/a/ACg8ocKAOyE_IdaKrAsu6AZ7XFSRW5CoyNGqCLsx08Cyr5qkVKDsZdmk=mo,it's really good,5,1,6.8,2026-04-29 16:18:17,,,6.8
55196267-6521-493c-8ba0-7ed291d5a458,Lamiya Umer,https://play-lh.googleusercontent.com/a/ACg8ocKUgALl1bkakJ3OUKcwf2N7dVdLjKcc3BGc_yT7_al4aUd8AQ=mo,good,5,1,6.8,2026-04-29 16:14:25,,,6.8
e5acc021-72e9-4c11-9dc6-e8174ae7b1b6,Naif Muhammad,https://play-lh.googleusercontent.com/a/ACg8ocI5Z6aSn5fLxJSSUkuepp6xNOqx_AXWaSQsgOChUHORdxJbjmM=mo,Feature very latest and suitable for publicly doing steadfast in faith need more planning and dedication if even not early when has dedication to making Amalan Soleh.,5,1,6.8,2026-04-28 17:53:29,,,6.8
55278c58-421f-4b5e-a635-4248a0be0bdd,NORUSAFA NORUSAFA,https://play-lh.googleusercontent.com/a-/ALV-UjUJV-Q_624tall6F_58s3-6Wbu2Q56AWP2noLwByLOrJtwazzY,good 😊,5,1,6.8,2026-04-19 17:24:29,,,6.8
cbc2eef5-f3a9-43e9-8934-634fa19ba175,Jui,https://play-lh.googleusercontent.com/a-/ALV-UjW18d7vGOn0HeZKww8ol6apEW-8cgQ04D5fB_-YiAvlOzMlnK8,excellent,5,1,6.8,2026-04-16 08:15:32,,,6.8
25765a20-ff7e-4cd0-b558-052cc0379950,Resa,https://play-lh.googleusercontent.com/a/ACg8ocLGbs9eS1wpoQCHEzWUL72_pXivo449SaPsJ4jwYlipYtVEAA=mo,I would like to see the written translation from Arabic also,5,1,6.8,2026-04-05 23:09:37,,,6.8
ec71ef40-6e49-4d99-9588-490414db168c,MUHAMMAD HUSSAIN,https://play-lh.googleusercontent.com/a-/ALV-UjW_UNKt3qFYZZVlrNtaZcbEGcRUaFFcXDGB9era-MpXYjc4_af_Pw,always run in the background to do what exactly??? if i only want to use a feature that does require app to run the app in the background why would i enable that? pretty disappointing for a new app.,1,1,,2026-03-25 20:26:58,,,
9d46adc7-d081-4eb3-9023-43655286a74c,Hajra Rushita,https://play-lh.googleusercontent.com/a/ACg8ocL4DQH4LVeFT4UWP1p-cBTU73_2ra2EJXPd8Ou-_caDGqTP8g=mo,Not bad alhamdullilah,4,1,6.8,2026-03-23 09:14:11,,,6.8
fda54ef9-5936-4920-99fe-ed3a2bd5fdcd,Nur 'Atiqah,https://play-lh.googleusercontent.com/a-/ALV-UjVTeDvMND6cTLH1X_n5kxc8_AV3oyOYxBhUhulxT77MrnZj6JaF,"a great & handy app! love the tracker features, though there are room for improvements. would love a widget feature, so i don't need to open the app manually and sometimes this cause me to lose my streak of updating. would love an editing function for the individual so we can remove any of the sunnah act based on our mood. under the prayer tracker, would be better if menstruation is an option to the missed prayer.",4,7,6.8,2026-03-20 04:28:00,,,6.8
c5b2d099-b8a9-41d5-bb1a-e6f2ecefb8cb,316 Aaliya Shaikh,https://play-lh.googleusercontent.com/a-/ALV-UjXfATCBVACRiaYmpDR1o3cGdKqhJBU1bckgYpE5V8iUziaFmibF,"I love this app but I wanted an app having app lock, for praying the social media app gets lock automatically and be open after scanning the prayer mat",5,1,6.8,2026-03-16 06:01:04,,,6.8
097397c1-5361-4ff0-89ee-79bbfcad67e7,oloruko-oba jimmy ajibade,https://play-lh.googleusercontent.com/a-/ALV-UjU3hjt0E-QS8HgWdyJqEiLKn3okz9LQdyC8xD6hZSLLZiS0mf9CTA,Nice app,5,1,,2026-03-14 21:18:44,,,
01b9cddd-4717-4cec-bf8e-409a689938eb,Menesa sefiyu Nasir,https://play-lh.googleusercontent.com/a-/ALV-UjXuxOiqQVaAvAQyn1TeJ15AaB0zlJFpP6A4xNEAI_rzph9ioTMd,I am. now closer to alllah and want took say ty to this app if I didn't have this I would have lead worser sins than not to pray 🙇,5,0,6.8,2026-03-12 08:37:52,,,6.8
2655150f-731c-4b6d-9a16-1732bbffb3c2,Nabyat,https://play-lh.googleusercontent.com/a-/ALV-UjUzu20qjbwfNS37bTIXqxTUOw7PEdZSqitwUQjpkaZsPGF_cdPr,mashallah,5,1,6.8,2026-03-02 23:14:50,,,6.8
8dabe25e-7bb9-4b40-9540-dc228715069b,IBRAHIM WILLS,https://play-lh.googleusercontent.com/a-/ALV-UjWRM2F3zgFQr_h5dzAIbzxXHKKrUuP0crkbusnAd4bSckdk5_oy,excellent thanks,5,1,6.8,2026-02-28 21:26:20,,,6.8
d2788ca2-fd5e-4a4d-832b-bfad4d7df1d8,Hathim Rasi,https://play-lh.googleusercontent.com/a/ACg8ocI2SPLABnzPAs2_8KB1UKtnd_aYjVoDrrfMOEhKgxp3N-iliQ=mo,super,4,1,6.8,2026-02-26 13:59:40,,,6.8
73b08ca3-d28d-4a17-ba38-a8cae155771d,I.L.A Ashikullah,https://play-lh.googleusercontent.com/a-/ALV-UjUsPGnxG9RN_K9oxiKnOmY4ANcBPhtjrQC_urTukoMEEicsA4FU,Best app for tracking prayers 🥰,5,1,6.8,2026-02-23 21:29:45,,,6.8
76d0e986-2dd2-46c0-a764-69902615dbb5,Uzair Ahmad,https://play-lh.googleusercontent.com/a-/ALV-UjXuWFoNzTf0HrZEZRsNA2D9pcK6SMrsaejO7HbLzmUvwzDx_KYMOA,ماشاءاللہ، بہت مفید اپلیکیشن ہے۔,5,1,,2026-02-23 03:16:37,,,
aab19714-d053-4ad2-b46c-67288b611daa,Salma,https://play-lh.googleusercontent.com/a-/ALV-UjWPUA_hyv1iXm88_QDBVixxE66qS_s-PvfT1dxII6hqbXrxMrOk,woww,5,0,6.8,2026-02-23 01:00:53,,,6.8
1dcd0f0d-69a1-4e9b-ac36-1441d487199b,Adam Badjan,https://play-lh.googleusercontent.com/a/ACg8ocLCbdKng9b63SwAb1LIPee0dVx6keRGBt85QB_fD9h--JrMWw=mo,very great app to keep track of ur daily habits and it's so easy to read the Quran cus it has no ads,5,1,6.8,2026-02-20 21:45:47,,,6.8
6b7cc53a-c762-4b40-9b21-d07ebe951639,S I A Tech Print Media,https://play-lh.googleusercontent.com/a-/ALV-UjXn2tsUUuW89ZYN2C2IswmJgY0ntIAbXs74NIuEZ11k-Y6rCmkD,it's great app,5,1,6.8,2026-02-16 02:32:02,,,6.8
92faff62-065e-4004-a213-f9a4b1edb5fc,Hajrije Aslani,https://play-lh.googleusercontent.com/a/ACg8ocKpY92UvFoKARvvs3hwPaWA_BN4khAKWY_J-k-ArpEnVkNmPw=mo,love this app helped me a lot🥰🥰thank you,5,1,6.8,2026-02-15 02:57:20,,,6.8
9414ccda-f7d1-405d-a5b1-881a966b4268,Awais Akram,https://play-lh.googleusercontent.com/a-/ALV-UjWLEpLmtjjh4iZjvSzRfFuS-nvTx4fG8_WOvSDLqC54Wavttg4,so happy this has helped me count how many prayers I pray.,5,1,6.8,2026-02-14 16:20:17,,,6.8
616a07a7-1081-4f8f-8e03-28d7b433e959,Sarah Ahmed,https://play-lh.googleusercontent.com/a-/ALV-UjVCKhVk_EMBS1vgVPH28pcovWxZlZK8vbZzRTbxPAPbxXPAoXe5Ng,great great great app ❤️❤️,5,1,6.8,2026-02-10 16:15:50,,,6.8
e4251d61-2461-4e15-81d0-3c77f8bd7cc2,Suhail Pasha,https://play-lh.googleusercontent.com/a-/ALV-UjVsTPq2ytE0VX92Z6OkRQaHlfJbbQoidRjvQhJIuSLniLcztQYdMQ,Great app,5,1,6.8,2026-02-07 22:16:29,,,6.8
777a58b7-2007-4423-a741-f380e9f6fb53,Mohamed Ayub Mohamed Ayub,https://play-lh.googleusercontent.com/a-/ALV-UjX8vWuyudl6mcY9CCEQ14CqK5hEvWjv5U7zq6N7WZq_r0mQ-tmz,Good,5,1,6.8,2026-02-05 08:45:46,,,6.8
9f7d1f4e-e5f2-474d-a05b-05936afd5679,Abdul Khyum K,https://play-lh.googleusercontent.com/a-/ALV-UjXaH9eakdd6QAibhmMqwB3VTuPdp6Sy_fzFwTFawCY_2fL-BRw,good,1,1,6.8,2026-02-05 00:48:32,,,6.8
198e4289-c1a5-4fa5-88de-1a997d902bc5,Jennifer McDaniel,https://play-lh.googleusercontent.com/a-/ALV-UjW-_mzSasSUnfZFnV7tnZIxSC0fdxUHoUZVYfxW4tOZi5bexFsp,There is no transliteration for the Arabic so you can't even know what word is what or how to say if you are not fluent in Arabic.,3,1,6.8,2026-02-03 05:46:19,,,6.8
7c760e70-de07-4e91-83ab-a463c31c54fb,Ahmet Narymanov,https://play-lh.googleusercontent.com/a-/ALV-UjVSa7utV2OhzG4k-JU4S3nJ6-1ZQzv6qt3R-hpd39zg06nNQQ4,it is the best Islamic app in the world,5,1,6.8,2026-02-02 20:22:51,,,6.8
6a55fa2c-0d17-4ceb-9834-97273196b50b,syed gayas,https://play-lh.googleusercontent.com/a-/ALV-UjVnriC1uj_Fols0_T3rzoSJV9JxUsfqjC3ti6-QPjskxl-SeXJz,Thank you from my Heart ❤️,5,1,6.8,2026-01-31 04:29:05,,,6.8
37dfc1bb-a515-4373-ba91-81c8c5928e98,Crypto Trapper,https://play-lh.googleusercontent.com/a-/ALV-UjXiC7XZ2V9Sq5zxKSyb3l7ZOySmkllhvdarXq9b9bm_G0PxKug,this a very good app thank for making it also I like how you add how to learn how to pray thank you very much keep up the good work,5,1,6.8,2026-01-30 17:24:30,,,6.8
cc765759-417d-4586-8f95-394849fbe040,Selsybele Tabar,https://play-lh.googleusercontent.com/a-/ALV-UjUundrcyfarofSQlEXmD6MJGA8c_NwV5pMhsMDNsHorx-lEfaaB,I recommend this app so much it's the best mashallah it's so helpful.,5,1,6.8,2026-01-30 08:38:22,,,6.8
c6a315b9-ac67-4cec-947c-127805ee022b,Zahab Ali,https://play-lh.googleusercontent.com/a/ACg8ocLqhis_WQflDbCRd-LeZIVXGT-puHxOS_dWpMA7rxYEgYjXLA=mo,Very useful,5,1,6.8,2026-01-29 09:47:33,,,6.8
90039e23-e5bf-480e-8dde-5234c8525661,Ali Bathusha,https://play-lh.googleusercontent.com/a/ACg8ocJaNJujFEUSnhCOJ_MnowBYULAsmAcTmseHqMmVS4cYDh5pVA=mo,very helpful app,5,1,6.8,2026-01-27 21:58:25,,,6.8
076a02be-1d6f-4071-be90-f21c8d2a7e07,colorurcastle,https://play-lh.googleusercontent.com/a-/ALV-UjWXEnqgMaMTVWu_Ts5hXN4deghlAP5Cq8PoPbFsgA48pKD0FaU,perfect,5,1,,2026-01-27 13:53:01,,,
660b3bc6-ea32-4e09-955b-7507655d0cfb,Jumana Kadambot,https://play-lh.googleusercontent.com/a/ACg8ocKPWinEAmTjcGHZ3kNznzOgoIGxvawQSGh8hVREkuSss_W9cQ=mo,good,5,1,6.8,2026-01-27 07:11:42,,,6.8
f243600f-f65e-45e8-83a3-24c4f4f8ed7a,Gasmi Assil,https://play-lh.googleusercontent.com/a-/ALV-UjVjo_c9RgqXBLpKsaRP4J4ji41NDYJLb7YA-d2oCPywdOGh-oU,"this app just fixed my life, i don't know how but i think it's the power of allah🤷",5,1,6.8,2026-01-24 01:48:31,"Assalamu Alaikum, May Allah make you steadfast and allow you to always on upon the deen. Ameen",2026-01-27 11:00:34,6.8
ce3ebd60-ea09-429c-8c1d-e2be19ed7b63,Maano Abdilahi,https://play-lh.googleusercontent.com/a/ACg8ocKlBGqvYBlXmcUCLCREfM6_zhB0E3DzN-T4PWRK1GCw7mooDw=mo,good app mansha Allah ❤️,5,1,6.8,2026-01-23 16:35:08,,,6.8
70c84388-ddc6-4267-aa03-601dbc51b312,Jamaal Abdi,https://play-lh.googleusercontent.com/a/ACg8ocJJhrNhTYRwBS5NIIjlXCdal72w17UbTbNoxLDH8aW_mdfFFQ=mo,good 👍🏼😊,3,1,6.8,2026-01-22 00:22:26,,,6.8
2ca7c04c-feca-4c8a-b8b7-7465ace7a205,INNAA DMIA,https://play-lh.googleusercontent.com/a-/ALV-UjXiOvrnEW-QV9yRv_jKp9X5Zh3PdL6Y5ZTUUw9qkql20Ppx0M-5,Good,5,1,6.8,2026-01-14 16:22:17,,,6.8
15c5d0c7-0998-48bd-891d-689aff00ab07,MATLABI atiQ,https://play-lh.googleusercontent.com/a/ACg8ocJZaux3dRQoTzeWzJqDogh2XZP7bqmE09bal1iVYl50hcyQVA=mo,Best ever,5,1,6.8,2026-01-14 16:06:00,,,6.8
f078fbc5-560f-44c7-8373-ac8e32e80ddf,Anu Qureshi,https://play-lh.googleusercontent.com/a/ACg8ocLa9UeNa1T1lTN9fLamMSDb0xGHXX7_U-9dXA4qK79XPIWF7w=mo,good,5,1,6.8,2026-01-07 21:28:49,,,6.8
3085de8f-28cf-4545-aabc-8bc677a4e2a3,FAIZ KHAN,https://play-lh.googleusercontent.com/a-/ALV-UjVi2BDjEMt2wd3bvRJO5Rk08NvEYt1Q_nQAp0SMqSIq9YyO34Ki,best 💗💗,5,1,,2026-01-04 22:42:05,,,
3655def6-e4a1-4609-b30b-9efd6036fe07,Fatima Yaseen,https://play-lh.googleusercontent.com/a/ACg8ocJiTp9bSvph1BpFkNangYGDRP20JK6FkaSCgMpqPY87PBzftg=mo,"Great App if you want to keep reminder of your Prayers, challenge yourself to follow new sunnah habits and even to get to know how to pray step by step. Qibla Direction is also given in it.",5,1,6.8,2026-01-03 21:17:28,,,6.8
eb3017c4-f079-4129-ade5-562738698cc8,Tayyaba,https://play-lh.googleusercontent.com/a/ACg8ocIjKY20n-AVzthBkDIx_erLHQI9T6pqaE23--DrZAyuw1-1vQ=mo,Mashallah it's a great app. Very useful for muslims who are struggling with their prayers and also have a great feature that is habit tracker. But it should have one more feature to add new habits that we wanted as we can only add the given habits,5,14,6.8,2026-01-03 19:43:16,,,6.8
89ace3df-d364-4089-ac44-62131e598ae8,Sayyed Sayem,https://play-lh.googleusercontent.com/a/ACg8ocJcbaHQifFvZksXXpBdqUiGiEJ8tHuTTUu8a8gnSoBNnKGhQw=mo,best app for namazi,5,1,,2026-01-03 12:33:56,,,
edafb2ed-6007-467c-bb69-0a55311709a1,Aneesa Majid,https://play-lh.googleusercontent.com/a/ACg8ocLUTLI6wnO1-mS5nQ6YqAmiqfOR6rbWZ2ai3aTbDYBZkACzLA=mo,best,5,1,6.8,2026-01-03 10:14:37,,,6.8
ad41c8f8-1840-493b-a6d6-6c947cbcb892,Zhaina M,https://play-lh.googleusercontent.com/a-/ALV-UjUv6ocVOLPkjclZzeA0hZ0ob_O2Z7vh9FSb417I3COoBhjQth91,"I actually liked it a LOT and I really wanted to keep it but there was no option that made it possible for me to select the same way of how the app notifies me of every prayer. I have to manually select how I want it to sound on every prayer which can cause issues if I forget to select what I want on a certain day etc. An athan, a notification or silent etc.",4,9,,2026-01-02 08:38:13,,,
5159552d-f72d-4724-b9be-d2c451473d11,mohd noor faizal Abu,https://play-lh.googleusercontent.com/a-/ALV-UjW0jZjfDtaTH_z3yb5PC3VwMSqvvG-neUFeHemMj8ubnnVYNBeneA,Awsome,5,1,6.8,2026-01-01 18:33:10,,,6.8
73dbc958-e0ec-43f4-b4af-a71829fd2b9f,Rusaka Abdul hakim,https://play-lh.googleusercontent.com/a-/ALV-UjV33YDkrX1qxVmc1GqVMOEkjp0JGpePZDnZW_lktBZwyboOcx0,Good and motivates consistency,4,1,6.8,2026-01-01 17:24:48,,,6.8
854e9884-ae78-44e2-b1cd-076bbfd9256a,Omar Eddeeb,https://play-lh.googleusercontent.com/a-/ALV-UjVVhn4DHc_YZBNgt1vIa0RH4pd2K7W-1o_6JxKg6j4GF-pqsPk,it is a great app,4,1,6.8,2026-01-01 00:15:50,,,6.8
fc5cd31c-45e2-4d84-a0c9-b6bde6618d17,Saima Pacote,https://play-lh.googleusercontent.com/a-/ALV-UjVSjG2LsYooMQBaqCKC0oPJ8PMv_w_jmBoe-8f4J8-7wGinODs,I give 5 star of this because it really helpful To us in every daily life.,5,1,6.8,2025-12-31 14:56:07,,,6.8
6eafdde9-c6b5-40a4-9a4b-f0cf6c517f54,Abdullah Azmeer Abdullah Azmeer,https://play-lh.googleusercontent.com/a/ACg8ocLDcfkRlgwEmBh6U45uGgxpOpS8NBR1Sq4mRzGWn9U9JhlpGQ=mo,this app is recommended for the Muslims,5,1,6.8,2025-12-31 14:12:38,,,6.8
2b909c78-f493-43fd-b536-1195816ec96d,Yusuf Daka,https://play-lh.googleusercontent.com/a/ACg8ocKr6ZBAoyr7Z7aPsXozr0RtwfesB08IyGThXH0wszyhjrDTFm6P=mo,its beautifully designed and the feature with the group tracker is really genius i hope this gets more success jazakum allah khayr,5,1,6.8,2025-12-31 14:10:11,,,6.8
e4862a87-a201-4dc3-95c8-3b24861bf312,Musa Bhatti,https://play-lh.googleusercontent.com/a/ACg8ocLfrfdhjXaRaiDlXTYyZYe6Y4vQrY6rFAJBBVa7XvWWafgrLA=mo,Exactly what I needed,5,1,6.8,2025-12-31 01:19:25,,,6.8
faee3e63-dd66-486d-9287-ef6989f4b3dc,Muhammad Hamid,https://play-lh.googleusercontent.com/a-/ALV-UjUZ9HjNnSumnrrnT-pirzsw3UdasXNs8bp6HBfxy8LmECRvXVA,Great app,1,1,6.8,2025-12-30 18:47:54,,,6.8
5ff09b0a-77eb-46f7-8a57-7d71fe56e532,Hoodo Abdirisak,https://play-lh.googleusercontent.com/a-/ALV-UjUaIEpCXrUhX_HLqub5o7DyNj63weGUDgeQpz4vMuZ4iOhRKdY,very helpful app,5,1,6.8,2025-12-29 02:05:14,,,6.8
86892fe4-5d1e-410e-bd2c-13dbf2dc527c,Dorcas Wanjiku,https://play-lh.googleusercontent.com/a-/ALV-UjWaj5Zs_KKRjVpJ5JQm4nzmX1vCCyIuRINrEjJ46xxW1W4eA9Eg,best app for salah reminder,5,1,6.8,2025-12-29 01:33:18,,,6.8
e557f429-34e4-488e-a277-46207c952070,Kenya,https://play-lh.googleusercontent.com/a/ACg8ocKzUJ_1jJ0Aro-J--W9H6visy_EpRU_E_dytI069BZ6jc1e8Q=mo,"this app helps me know what time the prayers are where ever I am, it also helped me correct some mistakes I made during prayer as a beginner, I play the quaran on it before sleep, 10/10 experience",5,1,,2025-12-28 23:21:51,,,
ea86ac03-68cf-49e9-af5d-6fca3a805a72,Anab Ibrahim,https://play-lh.googleusercontent.com/a/ACg8ocIcwS3GNOSUlaCKls7A5b3BNOSf6nlRsFhIg2kw_RyYPCXy-A=mo,mashaallah this is one of the best Islamic reminder it has everything you will like and has to do list mashaallah 10/10,5,1,6.8,2025-12-27 04:33:01,,,6.8
b832f17f-f720-4273-bb64-4f25c29de03e,Khadija Nimaga,https://play-lh.googleusercontent.com/a/ACg8ocLKDnYwZ7Zfv0DJRIscC5H9xp6MHljcze3R9dfOgH0BNeiH4Q=mo,it helps me work on myself,5,1,6.8,2025-12-22 23:59:39,,,6.8
2208ba4b-54ac-40c4-b7fb-18ff099849c5,Ayesha Shaikh,https://play-lh.googleusercontent.com/a/ACg8ocLAs5FFglczPPUbP9tQCSzJ4hKKq5LjDfwq52__MH4cShpIXA=mo,great app for tracking prayers,4,1,6.8,2025-12-21 21:36:15,,,6.8
ae728b77-3381-40b3-a03b-baad63fd2cfa,Faten Kamel,https://play-lh.googleusercontent.com/a/ACg8ocJLeejyIug0Bq-PxLDHpawsh7-907i0EgoKcZlIJH18RhhtrJc=mo,"It's a nice app, me and my family use it to track each other's prayers. I love it",5,1,6.8,2025-12-19 18:57:22,,,6.8
4f25f601-e2db-4a5c-b67c-adb698bc3a1b,Mohamed Aanish,https://play-lh.googleusercontent.com/a-/ALV-UjXvveYmhCrdW-IbyhUZMZdX0-lZMSGEquTSuauPFY5ljQum06uz,muslim must use this app,5,1,,2025-12-18 22:59:00,,,
7ce1bd84-ebf7-41ec-901c-32aa23ce3a53,Md Rony,https://play-lh.googleusercontent.com/a/ACg8ocK3p6QIpQO8yRdv-5Ej6LYyuyODPs0_pdqGE_AP0LCsgc4y9g=mo,good,5,1,6.8,2025-12-05 17:17:55,,,6.8
58eb8d92-8142-47cd-b847-c2b6a0b26f4f,Shabreen Taj,https://play-lh.googleusercontent.com/a/ACg8ocJSOC9lwGECy-16hkwQghM_C8v3h7c-4oK_lej2ouhU_E5YKA=mo,ma sha allah it just like feel we are going to madrasa 💐❤️🫶🏻,5,1,6.8,2025-12-05 06:32:39,,,6.8
5d881ce2-655e-459c-a080-b9a0a72db0ec,SELIM ALI,https://play-lh.googleusercontent.com/a-/ALV-UjVCVBbmMNWkCmQNys82QI30x5RqvBoLS9_wFr6HzeqDiP0qLdNw,nice,5,1,6.8,2025-12-05 00:21:13,,,6.8
d6e16cc1-8f25-4ee2-8e6a-b421d2f117ba,Fathima Rafa,https://play-lh.googleusercontent.com/a-/ALV-UjWxKMNjGApJicffDYw0TDOQbc3duFy4OeeQm5-m9riL7WdfC0jMUw,nice,5,1,6.8,2025-12-01 18:34:10,,,6.8
97ecab1f-9ac9-4fb3-98a8-dcc50a6798f3,Yara Mesallam,https://play-lh.googleusercontent.com/a-/ALV-UjW6z2d9WXb9GZAxHtfVeEYx7sLA_rn1UmYfoVjiKNXB0H9f3C8qeg,"Jazakum Allah Khair! amazing app! I would suggest adding the prayer tracker as a widget too to keep it fresh on your mind, the app is very good overall and I like the UI/UX work however when I open the Quran tab I go out of the app completely and I can't go back like I'm on a different app, I have to close the app and open it again. This is the only negative experience I had so far. but overall I'm in love with it and I've already shared it with my circle!",4,5,6.8,2025-11-30 20:55:23,,,6.8
66c44438-c615-4643-b412-965ff809dfdd,Hayat Wasihun,https://play-lh.googleusercontent.com/a/ACg8ocJgu19OoXuV1zIl3iLeeZL2AleC0crxJfCiSlaU3Hyf_oYSzw=mo,very happy,5,1,6.8,2025-11-29 16:17:07,,,6.8
2a3a1cd2-8d15-45ef-9ddf-a7da12d014f4,Buena Patria,https://play-lh.googleusercontent.com/a-/ALV-UjVlFkRSLC0nUj5xUseNlE3Oq_vXMUSI0EAVfAssE65rPKqCgy0,friendly user interface! ✨️,4,1,6.8,2025-11-29 11:32:30,,,6.8
c20d0c65-e048-4e44-aedb-02bf90024cd4,saleem udupi,https://play-lh.googleusercontent.com/a-/ALV-UjWrnuTallVOx1ogoaET3HYImB6u56gcOn2QxB2ecFgANr7gFSeq,not working,1,1,6.8,2025-11-28 14:52:02,,,6.8
59f507ef-0cf9-4225-85ac-ed176f0873dc,Naqeeb Mohamed,https://play-lh.googleusercontent.com/a-/ALV-UjUWNnmaZzbA9lNH_mlIQTtNP7e3YJy7QrleZ0UDNQZe5Jll-ZU,This app changed my life,5,0,6.8,2025-11-27 23:26:11,,,6.8
0669d560-c8db-4c28-83c3-918a45fa888d,Nadya Vaizal,https://play-lh.googleusercontent.com/a-/ALV-UjXkdsHTWdwf4kgL7Jr4FrZ5naESijE45TNjkpcRa3Xb9r9TyW0W,best apps,5,1,,2025-11-25 18:29:54,,,
170c79a4-fe24-4ca8-84f7-acd0a5dcfe7c,Aser fahd,https://play-lh.googleusercontent.com/a-/ALV-UjWakU7Nkz6nkFBvb7A3WkPM1ckLuYhkzCXo7dzNHWS6JUIklIV9,very good for new Muslims,5,1,6.8,2025-11-24 02:57:55,,,6.8
06dde0ef-9994-498c-83ba-b89285cc770b,Sulaimon Aminat,https://play-lh.googleusercontent.com/a/ACg8ocI-teX0BkZKKjY0dScRjl30jj6B5uB1G4say61xy3EASLdo_g=mo,it's a very good app for beginners,5,1,,2025-11-21 22:22:19,,,
e07d0a36-8b09-408b-9ea2-8add53ae1bcd,Azzahirah Mohammad Khairol Anuar,https://play-lh.googleusercontent.com/a-/ALV-UjVe2OMn9R_RXoiPISOO-FEKtCO-3ThFOEh71SRpnt2qyceGR5Q,"This app is so cool and perfect. I love how audio is follow and highlight the quran words by words. But I hope there's dark mode of this app, because it's hurting my eyes when I was trying to read in dark. Like there's for quran section, but I hope the whole app have it",5,1,6.8,2025-11-20 20:43:53,,,6.8
8747763e-3b55-46e8-b305-2146af31e7ab,Munnah Mbarak,https://play-lh.googleusercontent.com/a/ACg8ocIjdW_XkqbBeEznQDASnEGrZV6yJK86PH5mTI-MfeRXQ3k0_g=mo,excellent 👌,5,1,6.8,2025-11-20 20:01:40,,,6.8
b031167c-ebb4-4dd4-a1a7-acf2a890645c,Sahar Armani,https://play-lh.googleusercontent.com/a/ACg8ocJ6KYgoCHtbQJVvoKynMAcOKQzOjj6ya8mO_9CP5_QZU4EtzQ=mo,I'm so happy,5,0,6.8,2025-11-17 13:29:07,,,6.8
49fefec5-800e-4b5c-8a1d-5fa2842b1908,zaka epic corner,https://play-lh.googleusercontent.com/a/ACg8ocKv51H8ABeav-GoliSWHrs51THtmyaDXc1vKVnJP6lFqXiNpE4=mo,nice apps,5,1,6.8,2025-11-15 23:54:48,,,6.8
d2b7f88d-7ca7-43b3-830c-826754f43f47,Mohd Jedefzan Tukemun,https://play-lh.googleusercontent.com/a/ACg8ocKO4T2LIn7Ok9zKJksSxZPIHgxtcT1XY3zrgx4ibKQA3vw4UllC=mo,ok but no 24/7hr format hours.No PM or AM,2,1,6.8,2025-11-15 21:01:06,,,6.8
d179dc94-b6e2-4963-b331-ff71133052e9,Mohammed Bashar,https://play-lh.googleusercontent.com/a/ACg8ocIGwKhQniN0Ch5YcvdDM0pcOuc129W_sTUlzqgcTp7R2zw-pELE=mo,"I absolutely love this app ,you can learn namaz as well as track it.",5,1,6.8,2025-11-15 18:47:08,,,6.8
2d3f483a-a033-4fcf-9633-4dc249e64e3e,Nasibullah Khan,https://play-lh.googleusercontent.com/a/ACg8ocI3Ogk1AjO5qTenQ71E62sZM9XjqtYUQGl239drCLgUhP7gig=mo,nice,5,1,6.8,2025-11-14 18:07:50,,,6.8
578b2d88-992f-479c-99f7-43a38b9f7786,Mohammad Ayaan,https://play-lh.googleusercontent.com/a/ACg8ocI_lkqDMi-gqdq8J2pqxBChGJF-o49rFJglKJ5SE-n2AlguSNA=mo,Mashallah 💕💖❤️,5,1,6.8,2025-11-14 09:12:17,,,6.8
8508c49a-85b2-43aa-82a4-ba9f0becba8c,Nauman Khan,https://play-lh.googleusercontent.com/a-/ALV-UjXAS4HPN0egWMBvuwoImduyGrPMSiYjnf61cAAHpjR0XtrHdOQ,inshaallah very good app,5,0,6.8,2025-11-13 23:23:17,,,6.8
d1377856-3f05-4999-b2bf-a5547ad8424c,Muneer Vk,https://play-lh.googleusercontent.com/a/ACg8ocLx9LaaVyGq4OySdPAX-mo24Mf6-z2XpdSd1TQidj6ocEC9pg=mo,Masha Allah.....this app is very helpful.Jazakallahu khair,5,1,6.8,2025-11-13 14:11:48,,,6.8
86c37f38-8286-46b4-9f4d-a2180d9688d5,Yaqeen Alshahadaat,https://play-lh.googleusercontent.com/a-/ALV-UjVVQ4XcFpav9FvcHa7m_0VUQi7Tdjfj3lpVcROk95SEKMrJZFCf,this is absolutely amazing.,5,1,6.8,2025-11-13 11:34:21,,,6.8
639bfc37-fe8a-4b40-8caa-40b29248d94d,Memoona Zameer,https://play-lh.googleusercontent.com/a/ACg8ocL4AP42dLXP4XNEfClKSUpFS38tYwl8ZqX38J_iJvJMrWoObQ=mo,mashallah good app,1,1,6.8,2025-11-09 13:58:26,,,6.8
afd16ae1-e32e-45bb-ade1-e4c60d883da3,Sidra Bibi,https://play-lh.googleusercontent.com/a/ACg8ocI9EDuHX0yU9gtcNp_BiuQB4VTAsXat94LVOl1jByosM0Mfrg=mo,"Vary Good,plzzzzz include an option to be able to go back to see records off ALL ur prayers in the previous months not only afew days back.thnx",3,1,6.8,2025-11-09 04:36:15,,,6.8
8e0aca0b-15ef-4ebc-ad67-f7f1fee13dac,Syed sadique hussain,https://play-lh.googleusercontent.com/a/ACg8ocLvUDN-G7aJCuUcDQo1Ry7QNwI2E9Wc8AmVniRZZI4rtwgnDLon=mo,"awesome app , Alhamdulillah easy to taking Jayeza and ahtesaab on Dialy basis and strengthining Eeman while Achieving Consistency in Salaat ,Mashallah",5,1,6.8,2025-11-04 18:36:56,,,6.8
aa3cc4bb-6046-4210-a6be-8edc6dad30a2,Muhammad Saeed,https://play-lh.googleusercontent.com/a/ACg8ocL7vx_HqyXyekvCuQSuCK6s-AOapOenLERG_7-YqejxKtJdLQ=mo,it's help me to track my prayers or it's helping a lot too . we need such kind of things to see what will we show in after life,3,1,6.8,2025-11-04 16:49:35,,,6.8
2722839c-6a68-497d-bb2d-ece698d3bdbc,Munni Begam,https://play-lh.googleusercontent.com/a/ACg8ocIHwoIVjS5J8cCJACa-4oYd-CqyVAc6SoZqmDRq53YSfgptwQ=mo,Very Nice,5,1,,2025-11-04 00:06:11,,,
17fd0729-7587-4357-aebf-a0619b218f6f,khaled ali,https://play-lh.googleusercontent.com/a-/ALV-UjW7JtYfjQ4VpLi2HUvI3FEbUH9STR-0gbaKjcPBheHh1XpMgYES,Good,3,1,6.8,2025-10-28 23:38:40,,,6.8
e0156101-aaab-4196-8de0-36ff9183d383,CIKGU AIZA,https://play-lh.googleusercontent.com/a-/ALV-UjV9dpHkXclVNhufHufcVyLE9n3UgZkAhGmfpOex1nMSyBwMYTXD,Good,5,1,6.8,2025-10-27 08:43:47,,,6.8
2c4fdc4d-3e8d-4ae2-9462-4ef7769ac227,Aneesa Sakandar,https://play-lh.googleusercontent.com/a/ACg8ocL8JkWaSOScW4azQyfHEJFrenf2tnjZuf54iIHOGs3ojKqrTQ=mo,amazing,5,1,6.8,2025-10-25 08:37:51,,,6.8
8eddbe5c-669c-47e9-9422-af64e579ed64,MD. FAIZ,https://play-lh.googleusercontent.com/a-/ALV-UjXpp13FfpwPQrxnhF6fYYBuh-lfPd7xocaLJkfPllrGYHRAlURi,Good,5,1,6.8,2025-10-24 12:31:38,,,6.8
a5935e5b-901a-4a6a-82a1-7917577f0c40,Arkeebal Harrison,https://play-lh.googleusercontent.com/a-/ALV-UjVwLKyxCMvfbvvzZILnXVJqRazO24XrGhQvoGcg6EOMqKsfQ6AhnA,this app is beautiful ❤️,5,1,6.8,2025-10-23 16:30:21,,,6.8
c3d7e956-a244-41b0-800d-a980ba8bb5d8,yahia Almabrouk,https://play-lh.googleusercontent.com/a/ACg8ocIYyeKleIaJuaxas0xdUIQzCWzbqvLVcRmImWZihY8idG4Fug=mo,❤️❤️❤️❤️❤️❤️❤️❤️❤️❤️❤️,5,1,6.8,2025-10-21 23:21:29,,,6.8
cec1dce9-896d-4856-b1be-2ff369aa487b,S.Shakeel,https://play-lh.googleusercontent.com/a-/ALV-UjWbIuFZpQdNioTk8ULbCQg8Ruv6YBb4W678g5OWnFSQzZPHtZk,Application is perfect. Two problems i faced. First someone joined my group now they are inactive and i cannot remove them being the owner of the group. second i have more then 10 friends but one group is limited to 10 people 😕,5,1,6.8,2025-10-20 23:48:06,,,6.8
0072332f-8094-45ee-af9c-5c2ce9b28a72,Ayesha,https://play-lh.googleusercontent.com/a/ACg8ocIcyUZNvr8jFA91zCdlbSUMLO8RtBxWJ5D8kIN-YPC-fwGirw=mo,amazing just amazing all the other great things aside but the best thing which I love in this is the Quran feature because I have problem in reading Quran sometimes I don't understand a word so it reads the word aloud which corrects my pronunciation love love this feature may Allah bless the makers ❤️🤌🏻✨,5,1,,2025-10-20 21:41:06,,,
41cd0306-737c-4897-833f-bf7be0c8c037,Shomi Rajput,https://play-lh.googleusercontent.com/a-/ALV-UjWtGEoG-MY_4udLLDDcMf5EVGEHJsUhlTsSpwXOILlnDaKIz_M,"It was a very great experience, Ma Shaaa Allah it helped me a lot with my prayers, It made me punctual and motivated me to pray fajar on time ❤️❤️ recommended",5,1,6.8,2025-10-17 02:26:17,,,6.8
83a39b0a-edaa-43cf-92b8-1f6ca1e3bbc8,May Raijul,https://play-lh.googleusercontent.com/a/ACg8ocK6gEHHW81ueNZ891P-u8QbO4-gm6-bkYXcWUzRFrjPZK3q4A=mo,Enjoying,5,1,6.8,2025-10-16 22:31:15,,,6.8
5f3357c3-5583-49bd-b293-00e37de801e9,Shifa Shaikh,https://play-lh.googleusercontent.com/a-/ALV-UjWz9ww5hh-69DUhFzus7Fc2Kpxt4KJ5xKEC1pB5f1y3TbBcAT2fpA,nicee,5,1,6.8,2025-10-12 23:39:10,,,6.8
cd1de601-d652-4985-a6c5-c71e217795af,hazikhan pathan,https://play-lh.googleusercontent.com/a/ACg8ocLrgvIZrqecLVV7yZJkG_oujmTFHoxSoItX-inCf5-pZnPlIA=mo,it is nice,5,1,6.8,2025-10-11 22:29:11,,,6.8
5d41d0d1-4218-421a-87e7-86012c0c90c2,Aleezah Javed 18,https://play-lh.googleusercontent.com/a/ACg8ocKqBMmJvB-uHJi-wBh2gTdfsw4H1_W5_Bx3fGSVv6YXEQV6cg=mo,the best app i have ever used the best,5,1,6.8,2025-10-07 09:53:01,,,6.8
b70c3e56-be85-4d4b-91ce-90e9a794e576,Md : Abul Hasan,https://play-lh.googleusercontent.com/a-/ALV-UjVXI9qnqj0QkBexTR0oPm6MnhDqtG-V7-oLryD-feJYwnpo6dc,good,4,1,6.8,2025-10-06 06:35:04,,,6.8
f7dad685-b2a2-4226-954d-99cb0f28c617,Muktar Goni,https://play-lh.googleusercontent.com/a-/ALV-UjWXpwfOjt2kqU3FPbC3zNNrvmGTtNtMnFf8OeX6nnvIz6oXX01G,Very good,5,1,6.8,2025-10-05 20:40:12,,,6.8
8df57940-4d0e-46c1-a3ab-5198cf4b0a57,Abdulaziz Abdullahi,https://play-lh.googleusercontent.com/a-/ALV-UjXdU1Js9T_Iii80kADnn7RKtJHr-VaGgKGFPBwVwjAzUXNYBM4U,the best,4,1,6.8,2025-10-03 02:38:28,,,6.8
92205409-8742-4055-87f2-07de1411a20f,Makkah Mobile And Laptop House,https://play-lh.googleusercontent.com/a-/ALV-UjWA-51o2T348qvShEgbn8Dd-4VHE5sLNV1g3z_YdDBX5aLfVJ1A,گڈ ماشاءاللہ,5,1,6.8,2025-09-30 06:53:19,,,6.8
6500e635-2923-4e97-ba16-94c5881fd0cb,Sadam Kassim,https://play-lh.googleusercontent.com/a-/ALV-UjUj0ll4O-V7jyMioBxv779CwyEy2kVijszB90OtoeCMINJdyVMOqQ,for me is Good program help to improve my Islamic daily habit and to stay consistent in my Salah,5,2,6.8,2025-09-29 10:50:17,,,6.8
7b892f3b-f1b7-49c2-a754-cebeada53782,Saleh Anu,https://play-lh.googleusercontent.com/a/ACg8ocKyi-7GlLToCuRyAGfI73hVBUvj4oz8-qo4S_U_IeRC9Tadyw=mo,I keep praying on the wrong time so I use this app 😕,4,2,6.8,2025-09-28 14:04:24,,,6.8
0a24bdb0-47d7-4f02-8c48-09a588a54a6e,Mohamed Feqi,https://play-lh.googleusercontent.com/a-/ALV-UjU1Yg7Ve3s_y5jRFLIjml4QiUBunW8CKshQLBKkBSMSerBUWUlucA,سهل ومحفز واعجبني كثيرا فكرة التنافس مع أفراد المجموعة، (وفي ذلك فليتنافس المتنافسون),5,1,6.8,2025-09-27 00:07:04,,,6.8
76b80daf-6271-4585-86a4-0ed8ec92bb8e,Kowsar Rouzitalab,https://play-lh.googleusercontent.com/a-/ALV-UjW_6rLwffKYQymdq6xMX33YFbom-k_s5EdfSQOKmpvMs2fSzpee,I love the app but unfortunately it doesn't work in Iran without VPN.,1,1,6.8,2025-09-21 02:00:37,,,6.8
9e778055-ce43-4135-8f24-31fecfd23d5b,Sara,https://play-lh.googleusercontent.com/a-/ALV-UjVyAJsI-UguMBaG1y037uEaBEAyT3D5OM87Njb5SF6lrtbpTNY,"app is great, but the location thing maybe needs to change. The app fails to locate and crashes and wont start. Maybe try updating that part and make it availible for users to pick the location manually just by typing in the city's name.",3,1,,2025-09-15 21:40:08,,,
b6326ce4-d0b5-49f2-be04-6f629eefee32,Shadiya Karim,https://play-lh.googleusercontent.com/a/ACg8ocJKMs-JC50ts3Gv28e5KDKY4OqIP-wuzmEiZtCKP2e3tPeWxw=mo,everything is okay about this app but why this app is not reminding me about namaz through azan. when it's awwal waqt of namaz it's not giving me notification through azan Everytime I go and check the app for namaz timings. please help me out for this problem. otherwise everything is good about this app.,1,1,6.8,2025-09-15 16:24:24,,,6.8
d5700ded-58ad-4c3b-a63e-6080b7a4fd54,Aaron,https://play-lh.googleusercontent.com/a-/ALV-UjV1Wy8KXCDUCPJTYDdinaNAhyojHVYHSGynCFfCUQoJZ4YbtlNGWg,☺️🎀,5,1,,2025-09-15 06:07:09,,,
88a87e50-7a4c-4741-a75f-7691a6f53d95,Mahammed Shaik,https://play-lh.googleusercontent.com/a-/ALV-UjX0D7pfB6Ji7TcEFjzRG4Uyxtf21cCBRH_8FKQcSX7IVL8iv6B3,👍 good,5,1,6.8,2025-09-14 20:18:15,,,6.8
1ed0b274-b98b-4800-9dcd-6f316f68dff1,Md. Wahidur Rahman,https://play-lh.googleusercontent.com/a-/ALV-UjW2pFtWo_hjnv56HUO1UNjhxlkIyLRKyQDx5Jf4DBW3OAetc_Gk,I did not use this type of App before. So i am very happy with this. I would request the developer to keep developing by adding best features in it.,5,1,6.8,2025-09-05 09:59:11,,,6.8
8e5fb1f3-a76f-4622-93bd-ebf518a1f82c,Suidi Mohamed,https://play-lh.googleusercontent.com/a/ACg8ocJqpt7VqL_9iFi7MjcXpuwZQrWP8ocpbjt-QCwYVNKN7EIIPg=mo,I great app for keep one's nafs accountable. very simple to use and easy to personalise,5,1,6.8,2025-09-04 14:51:04,,,6.8
e04740d8-4149-4875-b441-4516b7ac21a4,Jahid Hasan,https://play-lh.googleusercontent.com/a-/ALV-UjWgN6nI-i8Dc-pIOv9LKmB0VUHw8hrwUmZVnMEvZ8kfcdMf8uj-,Helpful for me,5,1,6.8,2025-09-03 21:10:16,,,6.8
2acf4f2d-31bc-4bcf-ac3d-716835691ee5,Abdul gaffar,https://play-lh.googleusercontent.com/a/ACg8ocK8WlAuW5aXyzvBse612kz5-C_m_yMo9YVQz0x5tYqiA4eC9g=mo,very nice😊,5,1,6.8,2025-09-01 20:04:54,,,6.8
fa33c169-4547-4fb1-9bca-c4fed6cd9b11,Princess,https://play-lh.googleusercontent.com/a/ACg8ocIpcVqgjTEJp-x5gPc3Dd2xl60HzI0LBENSGWrEica0pIlUHg=mo,MASALLAH THIS APP REMIND ME FOR PRAYERS,5,1,6.8,2025-08-31 13:15:44,,,6.8
050a9a14-0f62-422e-9797-8607354cd301,Resma Khatoon,https://play-lh.googleusercontent.com/a/ACg8ocKfZfr71-gwmMTR_LUcDESjE0U823Dc0pV8PGwjuhilFIa53A=mo,Very usefull app,5,1,6.8,2025-08-29 22:41:07,,,6.8
a51dc7c6-4992-4c3d-9b42-c84b6bb30c1c,MAIDA KHAN SHERWANI,https://play-lh.googleusercontent.com/a-/ALV-UjVio3xCWV629LhrSyZNSP1UbruzBgf0ZVZ4SZNhXOqO84Fpm75McQ,❤️,5,1,6.8,2025-08-29 01:03:26,,,6.8
2e0ff9d0-9f66-4d35-8802-9c5cae1a1a5e,Muhammed Ziyad,https://play-lh.googleusercontent.com/a/ACg8ocIZQEwTe6dvEOmkdeLSDjZOvRS1gYvtJe9lNycXPX1PpT8FYhg=mo,nice,5,1,6.8,2025-08-27 19:50:31,,,6.8
0a0848cb-a888-4381-9202-30a613606192,Ameen Ays,https://play-lh.googleusercontent.com/a-/ALV-UjXTsLIljWJEt27oPygYGxrixR8SVxg2am5wnjy510y2x3bkvkvZ,alhamdulillah,5,1,6.8,2025-08-25 18:00:32,,,6.8
fb383f6b-161a-4dee-af5b-491c2003087e,aysha begum,https://play-lh.googleusercontent.com/a-/ALV-UjWJmp88ilpLgKyeMy3TiGk2KHCOmTTrSfn7GMNfvigNGmst7ki-,love it,5,1,6.8,2025-08-24 09:08:01,,,6.8
7aa55232-c2a9-40a0-9e72-c0111710fe01,Hodu Farah,https://play-lh.googleusercontent.com/a/ACg8ocJb4Fo5mOvGErMOdpqN2ObrxnRcHhSGrPdryUS5QFr_qpQiUQ=mo,very well,5,1,6.8,2025-08-21 16:27:27,,,6.8
979cfe44-5fbc-47f8-bd38-763a3247b4e6,Sarah Khumalo,https://play-lh.googleusercontent.com/a/ACg8ocKC6RJkm5rS9ntp9bdzvnEUjUlSwQCgEq87wX9EThjI9-2qPvc=mo,amazing 👏,5,1,6.8,2025-08-19 01:35:25,,,6.8
347f1db5-9f17-4ed4-a92a-818343c54ac6,Mudassar Awais,https://play-lh.googleusercontent.com/a/ACg8ocK6vrR5YwjQhJTiGl4aQRaMEWLMMXLsGQUTHBPEe7-EM65uLA=mo,very good app,5,1,6.8,2025-08-17 23:46:40,,,6.8
e7d23928-0139-4465-a5f2-843e0a8915bd,stk Realme,https://play-lh.googleusercontent.com/a-/ALV-UjWKPB4HIHB9qYlV5c72NpWhT5Yq_jN9aer8_FVtI0bn1mK5E8KW,after Islamic finder community removes there application athan I used this look cool clean and comfortable I can managed my daily prayer achievement thank u team Allah blessed all insha allah,5,1,,2025-08-16 14:46:50,,,
d7113bc8-6623-4cab-b284-e3bf7904c7a8,Mohamad Aqwam Farid,https://play-lh.googleusercontent.com/a-/ALV-UjUUGqXRlQTQDD-CjVu_qixhDEEzPhfksRYLmD7i8rSbp3Q3yQoo,The feature is good. Please improve the UI to be more interactive.,5,2,6.8,2025-08-16 07:16:14,,,6.8
b98dbd1a-0604-4ee1-962e-4140687c932d,Lubna Abd,https://play-lh.googleusercontent.com/a/ACg8ocK0kstg6IcKQhDulXFXbos_ax93EcsnGbJJbmJej3Zep7RMOA=mo,It will be fantastic if you offer the Arabic language,5,2,6.8,2025-08-15 04:35:31,"Assalamalkium, we are working on that In Sha Allah",2025-08-15 09:53:25,6.8
33f0f9b9-cd05-4c7a-a75e-852954273684,Malak Mahmoud,https://play-lh.googleusercontent.com/a-/ALV-UjWJZYTqwFtr1xQuNj3-0gn0d_9dGH07CIFbF6GFV0C24wFEDEpC,very helpful,5,1,6.8,2025-08-14 12:42:35,,,6.8
016b5b07-0c7f-4bf5-85ce-2c3ffe3ca953,Akbarxon Aliyevich,https://play-lh.googleusercontent.com/a-/ALV-UjXfAxG4cqecde0kTnbjv4voqPPMGmFF5y4aQOUQ4VJbyP7VmliQ,I'm not sure that I found the best one cuz just after downloading the app I'm writing a comment on that. may Allah bless us all,4,1,6.8,2025-08-13 21:14:12,,,6.8
978708a0-7ff9-494d-931c-1a951379a344,Rabiya Sadham,https://play-lh.googleusercontent.com/a-/ALV-UjUhQIXW-ki3P93aOoCkohSCgB-ldo_QIW0P_Zt5QHhnMwBoC3W5,masha Allah love this app,5,1,,2025-08-08 22:23:46,,,
9ce06276-45ed-4e80-9bf4-2f5a113f71a6,MOHAMED ORDOFA,https://play-lh.googleusercontent.com/a-/ALV-UjWZpQMmSid_6UJLQG60w4wOUfDXj4yh-_sfvvABTEzhybiwKuPv,very nice,5,1,6.8,2025-08-07 02:34:40,,,6.8
4abec3da-e493-4fff-8a11-61514a29cbc4,Anis Izzati,https://play-lh.googleusercontent.com/a-/ALV-UjXhnjRvLWEbfk_LL871M1S8nH7BrUzrzgkzaq84k-uvWJI0WwcscA,cannot adjust notifications,4,1,6.8,2025-08-07 00:09:42,,,6.8
845d71bd-0d40-4441-8d6b-a9300b2b8f26,Michelle Bradley,https://play-lh.googleusercontent.com/a/ACg8ocK9jHnM_pgjV0cU4co3SwJ011ZCNcxiQf-6B1xrbV07GphW8qrR=mo,"Thank you so much, Jazak'ALLAAHU Khairan, for working so hard to keep all the awesome features of this app up & running properly. I've never have issues in the 3ish years of my use! Highly recommend!",5,1,6.8,2025-08-06 14:37:22,,,6.8
02187e46-42b7-4a98-9a12-57cdb4d860be,Leen Al-Najjar,https://play-lh.googleusercontent.com/a-/ALV-UjVjwRtXBDEc6Ty0BHTp28zwK0TNr8GFYyhQAXbCVVXDYSVMePJ0,gooddd,5,1,6.8,2025-08-04 13:31:31,,,6.8
295b4ddd-bb87-4a8a-8287-f48625f4a8a2,Syeda Sultana,https://play-lh.googleusercontent.com/a/ACg8ocKGZAjRYiGLj0xVJjwqAIKNOgvlB6ntAou6jJgz7dMljQjT5Q=mo,Mashaa Allah very good app,5,1,6.8,2025-08-02 19:01:41,,,6.8
6c3352d3-33c1-46ab-9674-84e758bd26b5,Savad Abdul Azeez,https://play-lh.googleusercontent.com/a-/ALV-UjWgF-7a76GLUp9wj5rvUN0AagCoZ6wzvOrzbOZ7XleLgwdMKEY3kQ,good,5,1,,2025-08-01 12:23:24,,,
74a4bd9d-8a79-4137-9ea2-1c48f5991959,Athia Raheel,https://play-lh.googleusercontent.com/a/ACg8ocI5czCcPv7NbygUoUwdEL5EhiygK6d8zfdL5QHZVeJ3meb0Sg=mo,Nice to keep track of namaz,5,1,6.8,2025-08-01 05:14:08,,,6.8
bef93a12-72f4-435b-865f-9837d1483303,Sufiya Sayyed,https://play-lh.googleusercontent.com/a/ACg8ocIBLtm7q9-eV1Z1I4QiZvfW1rBirxCRc1EaFDDf-i7OYvm-5A=mo,good,5,1,6.8,2025-08-01 00:59:10,,,6.8
3b2a6f81-4d67-4215-8da0-73f4b4aeff07,Fatma Roquaiya,https://play-lh.googleusercontent.com/a/ACg8ocLn3XvyCN3ILUMMySWavlK3oB05pzCrBeUFkrPOx4b5-enkGQ=mo,good best,5,1,6.8,2025-07-31 07:15:18,,,6.8
73383aed-f914-49f9-86f8-9e5341450d2b,Faraz Hussain,https://play-lh.googleusercontent.com/a-/ALV-UjV1R7v7k_yzj-l5EmwwzL4O3fwN5BQIvxHtCzbVFS0XpXNg9YUd,"⭐⭐⭐⭐⭐ Great app – one suggestion for prayer tracking Really helpful app for tracking prayers – jazakum Allahu khairan to the team! Just a small suggestion: instead of only “completed,” “late,” “missed,” or “none,” it would be great to have more detailed and color-coded options like: ✅ Prayed with Jamaat 🟡 Prayed on time (individually) 🔴 Prayed late ⚫ Not prayed This would make tracking more meaningful.",5,38,6.8,2025-07-30 23:41:04,,,6.8
5cc8d72e-e41d-4021-bfd0-caba64e6184b,ALI ASEM,https://play-lh.googleusercontent.com/a/ACg8ocKHfG_dPVP-Ii4P8J-buWMmxAtguiirV6t4tSyTLV7unm4lyw=mo,goooooooooood,5,1,6.8,2025-07-30 02:09:53,,,6.8
f0345ddc-e095-4162-b945-b835d26912e3,Kulsum hashmi,https://play-lh.googleusercontent.com/a/ACg8ocIlGlztUOvEwi0-xGPgI4EQa9t3Jr9pFkOMeoekBjKNG23MdQ=mo,💯,5,1,6.8,2025-07-30 02:08:16,,,6.8
67e232fe-c188-44ed-b132-0c0f442c2041,Syeda Fabiha Rahman,https://play-lh.googleusercontent.com/a-/ALV-UjWYlmm-NIbLQs4loNmNUnCN88DjmrgGqTs5ol-ak2oKPOleZIQE,I really love to pray,5,1,,2025-07-30 00:35:50,,,
1abbd699-5bc8-44c7-9c3f-bbcb71ec6a62,Yudha Febrian Widayanto,https://play-lh.googleusercontent.com/a-/ALV-UjU66cVhHWnYz5JBafYzc3-F2ujneo9UFJJOEozFxrhsrm3AV-Ae,very useful as a muslim🛐,5,1,6.8,2025-07-29 14:25:22,,,6.8
db1747fa-72fc-4f80-ae45-6bbf74bec103,Mohammed moin,https://play-lh.googleusercontent.com/a-/ALV-UjU680GgVG22x53MnHDivmXC0JOyLwZm_XzsWhn97069JPUDRQYJ,"this app is very good , it will become more better , if you fix glitches, as you guys are improving I would like to give a suggestion, when we are entering in Quran section I am unable to come out of that section please and also the qibla finder compass Is not accurate I think please also check that",5,2,6.8,2025-07-26 06:29:17,,,6.8
02c23ab6-1c87-4c27-8169-4f5fc33f445f,Shahid Mehmood,https://play-lh.googleusercontent.com/a-/ALV-UjWqN7t6d5SCdd1w_xrkDwP19zFnkrX3Jhfd0AwXLsqBxnogLHqh,Not just a prayer management app but a comprehensive aid for an individual or a group to become a good practicing Muslim.,5,1,6.8,2025-07-25 13:24:49,,,6.8
a58c2526-856f-4356-8219-d0ca4a8d599c,Ruhina Fanaskar,https://play-lh.googleusercontent.com/a-/ALV-UjUjNKtJFiRWQqSWixWsqoYlWM9OOaPJmIOBkKv3FbB2BVXx4Xc8Dg,😍😍😍,5,1,,2025-07-21 01:51:53,,,
b85a2982-3044-4855-a481-04303ab3435d,Maghfiroh Effendi,https://play-lh.googleusercontent.com/a/ACg8ocJ7ducwVcY_BxecYiaEdzpwTDxjspGwhw2C3oux4Ql09t3o2g=mo,i have try many prayer app but this one is good,5,1,6.8,2025-07-20 03:31:40,,,6.8
26223d80-d325-4a0c-bca9-89b3c762ab1b,Rana Ateeq,https://play-lh.googleusercontent.com/a/ACg8ocIt-oEEp-ud2sOtH0wY1L7vCu6dXPwrxZxJeSKgTo-McCrQ8A=mo,nice,5,1,6.8,2025-07-13 06:36:52,,,6.8
c2f1c573-7933-4f96-9258-520a53f0cca5,Tahreem Bashir,https://play-lh.googleusercontent.com/a/ACg8ocJ1wYFA4eoaWDsSVPQSmpws9Y_Q8V7OTGS4qVw5w4nHpM91K8w=mo,"it crashes at locate me option, again and again, i keep on installing and uninstalling, nothing clears thar glitch",1,1,,2025-07-12 21:54:47,,,
2e6471f6-d3a3-4a0f-ab25-4b01ca08b771,Ajmal Hussain,https://play-lh.googleusercontent.com/a-/ALV-UjUnaQvf9EtP_CD6EBvOB7L_IWercVInar1nIkOJUq2w66DTdRAb,"Alhamdulillah, App helping in all means to go close to the Jannah day by day.",5,1,6.8,2025-07-11 04:13:24,,,6.8
f76b4934-567d-4e2e-a0df-a0ddb3a530d6,Abouelela Minazaa,https://play-lh.googleusercontent.com/a/ACg8ocK36QHkTWUsPO1B70q2v2t4HpH254zkoUZO6pQlY7T-aPTDLDA=mo,رائع جدا,5,1,6.8,2025-07-10 17:16:34,,,6.8
00851268-b336-43cd-af0d-bbcf355b0034,Anwar Shaikh,https://play-lh.googleusercontent.com/a/ACg8ocKlM_hvBNt1MkgZ4sIYLQZ_xXhVlIGrJWKLkErqLUJgXcF1MA=mo,ok,5,1,6.8,2025-07-10 15:08:51,,,6.8
c46c5ef1-32d9-453c-97c4-aed7c6f1b062,Hasnain Asghar Ali,https://play-lh.googleusercontent.com/a-/ALV-UjW0-IlheqQxDQ0USu8MdWbNlglkX2nzC2QQYAOiUVmIF0cTp71G,good,5,1,6.8,2025-07-10 12:08:46,,,6.8
7752bbd5-3a3b-42db-97a8-530a1592629c,Arbaz Malik,https://play-lh.googleusercontent.com/a/ACg8ocLnZyumRExEN4CZGHk_rRGXMZUCPb2aGyZGaN0DRzjqZgaYjw=mo,i think it's really good app for the person who want to start praying again on time so you all should download this app ❤️❤️💫,5,1,6.8,2025-07-10 05:16:16,,,6.8
5485381f-e106-4eec-a27a-5696e8d61a63,Tabbassum Shaikh,https://play-lh.googleusercontent.com/a/ACg8ocISa19hqivHnIBbL7y_8ZZoUXMTnRNi8PJqZMlQLDI89n6K5vbY=mo,great aap,5,1,6.8,2025-07-04 18:51:57,,,6.8
810f3fb0-567d-42c0-b622-48982f60dc14,wasim alam,https://play-lh.googleusercontent.com/a-/ALV-UjUfRxK9Q9KrgXaMP22_pDnAkbt1wnjDqJS9aEpcp_7DiQReq4s,alhamdulillah,5,1,,2025-07-02 20:59:26,,,
077618cf-e996-4ed0-87cc-d5cd4b562b2a,Saif Shaikh,https://play-lh.googleusercontent.com/a-/ALV-UjVivCpJuHH59MGRf-rN1cbg4SLySa-VB8IFvwJ8xVZA4kPTiwkRIw,awesome,5,1,6.8,2025-06-30 14:18:19,,,6.8
11e5b89d-f8c6-48f1-ab63-831d291ce501,Tayba,https://play-lh.googleusercontent.com/a-/ALV-UjWYkWQLmPR6q9V6KhpFVq5tk1ushGvmCUtxZwit_Vx1rGGFWRSG,it's amazing to use and start the journey with Everyday Muslim makes the life beautiful,5,2,6.8,2025-06-28 12:49:25,,,6.8
4d2f28f4-8774-496f-bd8c-de79f5265ed2,Ihsan Hamdani,https://play-lh.googleusercontent.com/a/ACg8ocIYpmMBIS7skyhOqxZIq8Z0RrcHaxExLy6aPwio3hego-OYeA=mo,Alhamdulillah,5,1,6.8,2025-06-28 05:27:01,,,6.8
b1d8b371-f090-4ecf-a289-b5eee64a0f06,Humaira Tajin,https://play-lh.googleusercontent.com/a-/ALV-UjXzbKF5clwWUA7jjEUT83yLh79zKB_-BS_wIhLZTA0GCFFYOIn6,"Assalamu Alaikum I was looking for such an app for a long time. Alhamdulillah, by the grace of Allah, I finally found it. The design of the app is very beautiful, Mashallah. But I think it would be better if some changes were made to the prayer tracker, such as adding the first prayer and the middle prayer. It would be much better. I hope you will take note of this. Jazakallahu Khairan",4,16,,2025-06-18 23:56:43,,,
3d176ed1-e2c8-4ee1-9770-203e3f38a7ff,D D.puyalkannanpjb24,https://play-lh.googleusercontent.com/a/ACg8ocL5UKrXdCW8jlEufg9VsMBCjoNkokSBPDXwnXhshysJ0DA80w=mo,I like it. ...islam,2,2,,2025-06-09 10:10:21,,,
5e4841a2-b3e8-4fe9-8975-998b09efc245,John Cyrill Pelare,https://play-lh.googleusercontent.com/a-/ALV-UjUQOpjUcO0W4yu4HfcCRdUq2qncnw2RcvmMYalfGP2vMieeFGU,Now I know how to pray,5,1,6.8,2025-06-08 06:33:26,This is the best thing I have read all week. May Allah make it easy for you and guide all your family to Islam Ameen. ❤️,2025-06-09 05:23:05,6.8
fc284aa4-c644-4d9c-84e4-993fe9afcb3f,Rafiqul Islam,https://play-lh.googleusercontent.com/a-/ALV-UjWmX_KvbbqsnBQ-l7lGkmDLSBQhVjxQtsAflDEO-qr1FMlCi8k,good,5,1,6.8,2025-05-31 05:02:47,,,6.8
4a07b05c-d872-4652-abde-e2a530a3fb6e,MD. ARIFUL ISLAM [FSDS-410],https://play-lh.googleusercontent.com/a-/ALV-UjWmtUPKHT1HwxDYXwHTLbHPMQHPDOQOy0rlsLMIGizd0HLip7I,মাশাআল্লাহ সুন্দর একটা অ্যাপস,5,1,6.8,2025-05-27 22:24:30,,,6.8
2d37f129-f01b-40f5-96a7-1a8e5eae6ef8,Meh wish malik,https://play-lh.googleusercontent.com/a-/ALV-UjWZmhv-EUJvC0IXVIgDH5Ig_aG0SxGoSD4YudHN-5uXmQD9R08,very very sertisfied,5,1,6.8,2025-05-26 18:09:50,,,6.8
b2ab6b7c-e462-4f55-9cee-cee33cf1263f,Moira Rosé,https://play-lh.googleusercontent.com/a-/ALV-UjXGXXgw0kaVa4aslam0yTuf1FJY7Hei_La1hn1qXSvwttolgpI,I love it very much is not complicated it's an incredible app ☺️ mashallah,5,1,6.8,2025-05-24 04:20:27,,,6.8
868f514c-78b9-4fdf-9295-7aaea01a570c,Md Tipu,https://play-lh.googleusercontent.com/a/ACg8ocJ0yKHf9uwUO1UO_sTeUITeJ-RBdSAUlfO0xtdE5yD8J9Dtag=mo,Alhamdulillah i am happy for using this app,5,1,6.8,2025-05-23 13:44:57,,,6.8
00fc3303-de5c-48f2-b9e7-220a7c9445f2,K A ANEES UR RAHAMAN,https://play-lh.googleusercontent.com/a/ACg8ocLtkDQFQWS8pVu38AQbIExR5OoKSsoAKZKUesOIFZ4cuLsAvA=mo,love it,5,1,6.8,2025-05-20 00:27:26,,,6.8
b29288fe-08e8-42dd-ba35-f561a53ed46a,AISHA ISHTIAQ,https://play-lh.googleusercontent.com/a-/ALV-UjVbDNI_LpTvwUyqFqtOCuC1zbNjmtCAq1sNg2XILmbjg2bBNXcgXA,mashaAllah very good effort,5,1,6.8,2025-05-10 01:57:50,,,6.8
06afb4ce-c5b3-4a13-b8f2-ef2179beccf3,فرزاد فرزین,https://play-lh.googleusercontent.com/a/ACg8ocLH8N0jjMZlAJvpsMkKBsWWZK9_1G0kjqOW7Cw_JjG0Z40C3w=mo,i An internal error has occurred. [Json conversion failed! Faile... What this error when I try sign up.,1,2,6.8,2025-05-09 09:45:48,,,6.8
2d2114ec-f309-4546-95b9-f6dc0d0ffc13,Kyla Wangari,https://play-lh.googleusercontent.com/a-/ALV-UjUfez3-frMne14uJ-jaaBTRx_HtDA1HnAkTGEY9X9MMUO7fsdXJDA,very nice,5,1,6.8,2025-05-09 00:16:18,,,6.8
94f213fc-6ae2-465b-8df1-6f13d826d36a,Mubaz Basheer,https://play-lh.googleusercontent.com/a-/ALV-UjUNE6WOzL6__kxhXIwt8dVKmbAcN7bKSsKVkbkONlq7rnbIahsa,nice,5,1,,2025-05-08 05:27:51,,,
56be2bdf-0248-423f-94a2-734e849afc31,Rashid Dogar,https://play-lh.googleusercontent.com/a-/ALV-UjUuPhAa0V2eAYc8RKNneHGq7NyGTLCo-aB_DVT_pYJKqAxxLJDq,Great Work 👏,5,1,6.8,2025-05-07 19:51:02,,,6.8
567f7634-6e4c-4632-881d-ce47847cfeed,Zannatul Ferdous,https://play-lh.googleusercontent.com/a/ACg8ocLN0r6Q4T1zuWtOHqkfGm-X-eqnEAIKr2kIaa1X3HNMi2v0nw=mo,good app,3,1,6.8,2025-05-07 08:13:49,,,6.8
7602bc2a-0445-4700-b131-0be12598a472,aiedies shah,https://play-lh.googleusercontent.com/a/ACg8ocIGjVI1GHy1ERH5AkeykdKFkEXXgIooIpoCbVquJudyNJ50qxA=mo,nice app..,5,1,6.8,2025-05-05 05:23:32,,,6.8
39d55c55-8fa2-4f4b-b7b2-557589226631,Uwayesh,https://play-lh.googleusercontent.com/a/ACg8ocIXBDs9dXbc-fc6upWMUq4_efmrJmNr21dqlOkWfdMNYPuiSg=mo,the best application ever,5,1,6.8,2025-05-04 06:26:04,,,6.8
4c93957c-43f9-4fee-aaab-ac98bb078e69,Ayesha Shameem,https://play-lh.googleusercontent.com/a-/ALV-UjXiZxH7vA5CsQ1i1nR5b8q9ojCavUvP2F68ZR-TSZMrZzwosIc,good 👍☺️,4,1,6.8,2025-05-02 23:47:00,,,6.8
680e5be2-9cc3-4a66-9bd0-75577cb94df8,Smile Lay,https://play-lh.googleusercontent.com/a/ACg8ocKGC014WCos4Fg5-L3kTO7BuKBt35HUR3pZbH7EpidkZLMuTA=mo,this app is very useful for me.😍,5,1,6.8,2025-05-01 21:41:51,,,6.8
a8ab8b2c-7a95-4dc0-bab1-a8c49f25d577,Intan sadina,https://play-lh.googleusercontent.com/a-/ALV-UjUPbijzN7SqAlZVMWlEwnsYMZKFQMX-gb7BFIrUH6gql9MoomOV,I love it.,5,1,6.8,2025-05-01 18:02:31,,,6.8
5117a37d-cfa9-49e5-9c8a-908fc7330e73,Samuel Isma,https://play-lh.googleusercontent.com/a/ACg8ocIzOoEbK7wD7iw4E98ISK0h6qQRw3P3WVjlEQzvyRxxcl3jBQ=mo,like it,5,1,6.8,2025-05-01 07:25:14,,,6.8
2ce86492-4a14-4b47-95dc-fd7305d2cd00,Ramiya R,https://play-lh.googleusercontent.com/a/ACg8ocJ0GlXQgc8z3DYjabzhQoxjYqed0nWYIsI7khb0jF4TTK8jWQ=mo,azaan on time not working,1,1,,2025-04-30 05:20:04,"Assalamualaikum,

Where are you based ?

Please send us an email

Jzk",2025-05-01 06:04:37,
727f889e-691e-44e8-acb7-3d27a64fc9ed,Ian Kariuki,https://play-lh.googleusercontent.com/a/ACg8ocLpkvfBoOn29IBmMTrDpwO1zr5SEKzl1Qt1ZWPuRvXuQg8ZwA=mo,best,5,1,6.8,2025-04-26 10:25:12,,,6.8
fabb512e-a30a-402d-95d3-a4fd7293d62a,Munawar Ali,https://play-lh.googleusercontent.com/a/ACg8ocLQmwwYQ-Ja0iB5CMZcvPRoOjF3hkeQCFo3xs_iEsKcut1g8Q=mo,"I love it,how it helps in improving our faith.And may be good basic features.",5,1,6.8,2025-04-21 01:15:27,,,6.8
a3db58d8-bd0d-4a62-ac52-69be839ccc89,Bilal AW,https://play-lh.googleusercontent.com/a-/ALV-UjXFJvoS9EA7x5iJ9sBioLi7NlWJBJfgU-B_6oKUW7CfoNyWLclf,it is very good to make you a good Muslim,5,1,6.8,2025-04-16 18:47:09,,,6.8
9321601c-3d62-4949-b17f-5a3843b09beb,Mehry Sami,https://play-lh.googleusercontent.com/a/ACg8ocJInBrhyMMCvXKcmrw0O_mzBteZ4wYSru-09xc0idiA5sXHmA=mo,It's perfect❤️ keep up the good work,5,1,,2025-04-13 15:25:03,,,
936390ba-9a49-47dd-9676-d08ae54a18d7,Ummu Saud,https://play-lh.googleusercontent.com/a/ACg8ocKExwe7cEWxsRAJjTZgd1BrcXDtWq2YIMJ12y-Ks2V_v8DjsQ=mo,"ma sha Allah, good app",4,1,6.8,2025-04-09 20:39:32,,,6.8
72c336f8-8326-4186-8098-53fc7428d353,Ahmad Abdullah,https://play-lh.googleusercontent.com/a/ACg8ocKOf5caloXIOS0o2X81yZvhOgACguu1KNKwD_tjgM92S-GDbRU=mo,Must have app Has many good features,5,1,6.8,2025-04-08 04:12:52,,,6.8
6a7197c1-e73e-4b31-a6c2-84480bf0f7ec,Alhassan Mahamudu,https://play-lh.googleusercontent.com/a-/ALV-UjXbMi9viaogoJB2cX1R4xUTu9Z8YQqAJy-kfqINww1Tx0U0iJhi,"Good to go with, thanks",4,1,6.8,2025-04-07 18:36:54,,,6.8
97e85c35-b77d-470b-b7ce-c231c8b39256,Muhammad Ikram,https://play-lh.googleusercontent.com/a/ACg8ocIwEQ04YiFdciZhY1AUTMIDjHN1wvc3EOo-UATPYgvMO-7mpw=mo,After doing very much research finally I found this app and I am very satisfied 😄💕 like I was searching for the app which give me challenge to pray because I am that type of person who except every type of challenge and complete it,5,11,6.8,2025-04-06 19:38:38,,,6.8
473f4874-1874-4634-a1cc-d7cb956ee676,Rubyha Inam,https://play-lh.googleusercontent.com/a-/ALV-UjWMP6CCD2aQrPbTepVa9Wl0rVNrqMRFbqWLbyoY9HDcYqka62cm,Good,5,1,6.8,2025-04-06 01:05:17,,,6.8
68a52fe3-e126-4610-a403-9ee7fb38bfc5,Ahmad Mahmood,https://play-lh.googleusercontent.com/a/ACg8ocJ2P6kbG5RceL_oAMIGSoNZpxJwNTlct7g_0CKP0QPrzjL5Gg=mo,Alhamdulilah,5,1,6.8,2025-04-04 02:31:55,,,6.8
70709a94-1504-4e6c-a686-811a91378853,Ezreta Nikocevic,https://play-lh.googleusercontent.com/a/ACg8ocLZ5KCGAsCigqEJ5cLCqtA34bpswI1FN0pyRxr5Vqi7KPb8=mo,love it,5,1,,2025-04-03 23:10:24,,,
3d477f9f-c2a8-46a0-bd6f-a86ac3ec2ee6,Saadiyah Saiyed,https://play-lh.googleusercontent.com/a-/ALV-UjU_UzDPNJYhYXE56S1lboJGK5JpsMvCZLkWwOvQpzPM3B6FqY6E,amazing app,5,1,6.8,2025-04-02 22:52:04,,,6.8
490149cb-79b8-48bd-a2d1-6c1d86a9b39c,Arham Hashmi,https://play-lh.googleusercontent.com/a-/ALV-UjUsWhUzRxYbsA8WmeYG9AGR2PxPVFThd2eNBvn1rCdNMgdwXvaV,Really helpful so far,5,1,6.8,2025-04-02 06:06:49,,,6.8
7ab2187d-a62c-476d-ba48-4b3f49a9971b,Sufyan Qadir,https://play-lh.googleusercontent.com/a-/ALV-UjWCfp_-EwRmx8oSVNOYDq3xChRbNrzVs2K-FPHNUEIWzGLbEaD_,very good,5,1,6.8,2025-03-31 11:19:24,,,6.8
ad6cc0e6-d049-4f86-9aa1-fcdb85d58fb5,Abdulnafiu Muhammed Isiaka,https://play-lh.googleusercontent.com/a-/ALV-UjWkaFaA0wWiO5QbmmvC5lLPtGzKuoGtDO9QP85yEiXhV_9he13MiQ,indispensable,5,1,,2025-03-26 13:49:45,,,
20fd9df1-d9b8-4785-ad64-1ac3d49777d7,Zahede Mosavi,https://play-lh.googleusercontent.com/a/ACg8ocL3kvVhlI2riMt-9g4OzJoTY9N9JoQtyp1ATfFQBV4LMLQwUQ=mo,doesn't work at all.. has error during sign up... also why it needs my information and making account ?,1,1,,2025-03-25 15:17:23,,,
c0161fc9-5664-4de3-93a2-a826387c453e,Shahana Ramzan,https://play-lh.googleusercontent.com/a/ACg8ocKVsL7tmUOQu2OnXotpng97pJn5eN0K35-UrvR2tMSQPDaT-w=mo,good,5,1,6.8,2025-03-25 06:02:59,,,6.8
469ec2f2-f2d3-41a4-9373-2baf69b76afe,Awel yassin,https://play-lh.googleusercontent.com/a-/ALV-UjVq9mYT2aU59uIKY4ZUjF3uGupoPYrgKgrT68olnwIx6YqggASA,Very Nice app.,5,1,6.8,2025-03-24 19:38:32,,,6.8
c7a46db8-64cd-4180-8cdc-23c249cdccf9,nizamuddin miaa,https://play-lh.googleusercontent.com/a-/ALV-UjVg5APT6r72pQp9AAViVhWuUQ3AdH-n77AH4320R0rIZ4tIBpY,good,5,1,6.8,2025-03-23 21:46:12,,,6.8
e23f65f8-a2e2-45d5-b682-10c1c6ce7614,Fozuuu,https://play-lh.googleusercontent.com/a/ACg8ocKvNqHG5m2gNdRUhjV4zH2QjZVL6yr_yPxgvdP2aC0zPjfiRg=mo,excellent,5,1,6.8,2025-03-23 05:58:02,,,6.8
23a9f072-740a-4a37-b2d8-c38eca7eee69,Akbar Mubeen,https://play-lh.googleusercontent.com/a/ACg8ocJtvm8khoAezU6VSbJds1Nh3BPY-ZRAmi3_3JKU9MGa4zfUeQ=mo,I like it because it is an very nice app for Muslims adults or even kids,5,0,,2025-03-22 15:49:46,,,
95da5bcf-0b02-4e1e-a7d4-d79e87127b8d,Rahma Ehtisham,https://play-lh.googleusercontent.com/a/ACg8ocJzs7-gPmDEGgfy8_KdmeI8yTvUPPJwVCKFVFDC_DEsefydxA=mo,"best to do list for a Muslim, Best reciter of Quran for hifz purpose and learning purpose, qibla finder so we can easily pray anywhere and much more. Jazak'Allah for making this app couldn't find any app better than this one Alhumdulillah",5,1,,2025-03-22 02:11:35,,,
14a82a18-4b63-47f0-9a07-0051d74e1c55,Hoesain Salie,https://play-lh.googleusercontent.com/a/ACg8ocIeRzLx3jZb-bmQMSkEmv4segI_JaMlCcF3dbN1Glqm2CEQyw=mo,The best app,2,1,6.8,2025-03-13 03:19:38,,,6.8
200a4ad8-515d-4ac0-ac04-7c7014559f81,Nur Fadhilah Adnan,https://play-lh.googleusercontent.com/a/ACg8ocK5cKmxZ7jaWXbZgArI70qu1M1zs_ra1JWDzS2HF4I25SEXHw=mo,I unable to track my past solah.. only for upcoming solah. No option for custom habits,1,1,6.8,2025-03-11 13:28:12,"Assalamualaikum,

The app is based around your daily tracking. So if you missed a day of not keeping track it goes to 0. We made it like this so people really pay attention to their Salah. Jzk",2025-03-11 08:10:23,6.8
67e10e5e-d97a-4ebf-bc0c-2beff98d31ae,Syeda Hira,https://play-lh.googleusercontent.com/a/ACg8ocIClvPY_j5Vga7txwEA9E_3dTVNyrdVZ4VDBGIEaOTPT-dsBg=mo,Amazing mashallah<333,5,1,6.8,2025-03-11 02:36:39,,,6.8
5dc0ac3c-be28-4772-9976-605bed4fa651,Nasmeerah Abdurahman,https://play-lh.googleusercontent.com/a-/ALV-UjW_gZq2b8UpF5hYFHY7dAvqU2HhXRWqADjgZyHWHvWgzjkKmBuB,Good app but I got a error message saying this app has a bug,1,1,,2025-03-07 06:24:21,,,
1f4ec4ec-7296-4104-8724-69c38c484c53,Mlmz _,https://play-lh.googleusercontent.com/a/ACg8ocJ6R90prrdYIrDj-2LXIN5z06mgtTsvjuGby9YcrST6bFh3rA=mo,New to the app but very good,4,1,6.8,2025-03-06 02:59:26,,,6.8
3436e02d-afd8-4c3e-92b4-f6f49c80ae66,Ibrahim Usman,https://play-lh.googleusercontent.com/a/ACg8ocK-mmaf988HrFPh2vsezbZb2A42fDdeojM2OqJnyLljveM7TA=mo,Good,4,1,6.7,2025-03-03 20:34:29,,,6.7
4e908b24-02d2-4444-93ca-eb4731aeca4e,Young Arafat,https://play-lh.googleusercontent.com/a-/ALV-UjWlxPTZZPEFen7A_wJultR8Cao5QvY7hRDrBH63Yz9JdPAppKf4,"Great, lovely and easy",5,1,6.7,2025-03-03 10:55:26,,,6.7
b707f608-459c-4295-9272-eb1ecbdd9e56,Ayesha,https://play-lh.googleusercontent.com/a/ACg8ocLjo6WXLHzrMQe_RaVfaV7AzzZV-TGTUASs-HqhM4SQ0-KbbA=mo,Helping my connection with Allah to be stronger,4,1,6.7,2025-03-02 18:49:32,,,6.7
ab901221-7bdf-4fe8-8e42-ea234fb9690f,Lemona paul,https://play-lh.googleusercontent.com/a-/ALV-UjVm1HqgzdYFEinc3bHBgMscro0oxXm52sqrXvm7fP2ks-Ca8SqR,So good,3,1,6.7,2025-03-02 08:46:13,,,6.7
a711351c-2c2b-49ad-9d61-036f29d37ea2,Shashay,https://play-lh.googleusercontent.com/a/ACg8ocKSugdH8vwqDaYNjpEqvb95JiiO1NQL1fQ03wXtxvTbYj-6rg=mo,Nice apps,5,1,6.7,2025-03-02 06:03:05,,,6.7
53abb968-ac93-43de-a65a-568aa61c5269,Doris Kisteria,https://play-lh.googleusercontent.com/a-/ALV-UjWEZgrdMRQFIKnxdvaI_HkIy_rEhVnqWX7vLGv0xa5AJZ_fEW4F,Good apps,5,1,,2025-03-01 07:16:43,,,
eddff35f-e85f-4ed2-8614-0367fac6252b,Salimon Aminat bisola,https://play-lh.googleusercontent.com/a/ACg8ocJVV8OnihOrXshIOxc5nRFdEzoBe_GuW_vuz8JnxJ2jjnjIaA=mo,I love it but dont understand the app yet,5,1,6.7,2025-03-01 04:20:43,,,6.7
ae3ad84f-86e6-43be-b18f-b053ca5bba5c,RICH,https://play-lh.googleusercontent.com/a-/ALV-UjVTAKCU0qOCse0GmFnUoWa4vpoGX5uepnFREz5VBvFvgdxCBNc,I like it a lot,5,1,6.7,2025-02-26 01:33:23,,,6.7
4db413b8-7b54-4d0e-b6aa-77ffdf71cb50,Sara,https://play-lh.googleusercontent.com/a-/ALV-UjVE6Zbnc8ZhTh2ZGyYWD96LIDLkUK3CODZAry8_L5dORv1bgGs,"I let the app locate me, but as soon as i touch locate me button the app closes. It keeps doing that.",1,1,,2025-02-25 22:28:02,,,
87b77d36-9822-4360-a934-bc44a959c872,Ghazia Adams,https://play-lh.googleusercontent.com/a/ACg8ocLhqv6MpBPr2aZq-95YQQg9Hzmph8SLqrt7BgAkGSwabMCVog=mo,Jazakallah khair,5,1,,2025-02-25 05:29:52,,,
22bdcfff-43f7-4874-9877-35d543fcbb9b,Swabira Ismail,https://play-lh.googleusercontent.com/a/ACg8ocLAT_8ZDZc6y8KCVC2NXOpze2awuTehmU9Kgz0oGFnfiW9IEg=mo,Alhamdulillah I'm satisfied with this app everything is on point,5,1,,2025-02-24 11:34:35,,,
f0ec2ef7-bbd2-4012-b2f1-ec2d2c530a2d,Khushi Khushi saikh,https://play-lh.googleusercontent.com/a/ACg8ocIeyCg70471OKSh0OcE-cIJPaDROvj_WbVGgh6xvBhMXMt7KQ=mo,Mashallah it's best app to become a better muslim,5,1,6.7,2025-02-24 02:47:26,,,6.7
fa7f1885-05de-43a7-af50-f0b3b179ea7d,Rahma Ismi,https://play-lh.googleusercontent.com/a-/ALV-UjXpWWH53vqNj621wjEl9h_NcyA1HaEDEB6D_VcZiupcyFiRSMDfWA,I've tried to re install but It keeps stopping,1,3,6.7,2025-02-23 08:54:13,,,6.7
5177d3ab-36f5-4aeb-8464-482fad807f9d,Rodaina Elazazy,https://play-lh.googleusercontent.com/a/ACg8ocJg_-CEJondLh0SVSu3MGSnmlZJ9ERSxf33ppqMYCM-EyQe4Q=mo,"Masha Allah, a totally amazing app, it has Quran, qibla tracker and a prayer tracker!ay Allah grant everyone who made the App and who use it",5,1,6.7,2025-02-22 20:11:24,,,6.7
f24bd2c5-1d03-4800-8cf0-be411e5b5538,Amira Galal,https://play-lh.googleusercontent.com/a/ACg8ocIcqkQ9fiHZr4vzrjvyZ31kmKcQsO_NTGnrCX5MOT6l-hinCA=mo,Amazing,5,1,6.7,2025-02-22 20:11:01,,,6.7
2d2dfc65-9a7e-4a79-bc3c-2a4407015e6d,Nilam Sinnen,https://play-lh.googleusercontent.com/a/ACg8ocI5fwAzf1v7xpyqTBxwLKy9FLTJ94oLfG_tqyngNXWgGvJVPw=mo,So far so good app thank your team.,5,1,,2025-02-21 23:42:48,,,
d329b8bf-e90a-4eb8-ab09-edc0e5ccfac5,Syed abdullah,https://play-lh.googleusercontent.com/a/ACg8ocLE0CTeVg1wo5Mc_4TYg3NotPuBh2Dx6MukXkXiqFyxxubNQA=mo,Good @@@@###Good,5,1,6.7,2025-02-21 17:39:41,,,6.7
0ccece1c-62b9-47bb-a53b-4a69428b18f6,Irfan Muhammad,https://play-lh.googleusercontent.com/a/ACg8ocKjG9EAIcaqqDxjFUtBKzabcAfOHAEB5xMBR9K0SFX5hZxaBg=mo,Pray trackers with is a very features,5,1,6.7,2025-02-20 18:39:50,,,6.7
2b623b91-fcfb-4441-bc8c-907b4a7796a4,Aisha Mohamed,https://play-lh.googleusercontent.com/a-/ALV-UjVL12O-BGSTQWm7W00-EqXqBDfTrjGAxZvitl4lfhBOP_x12wss,جزاك الله خير,5,1,6.7,2025-02-20 07:20:32,,,6.7
56ac71dc-4803-4ce5-aac9-e204265cc524,Arfan Khan,https://play-lh.googleusercontent.com/a-/ALV-UjU9wKFWD6q1uwFeD5NAh3rI4H8Dtfi7icgkXxIazOCZPHpEulM,Good,5,1,6.7,2025-02-18 17:17:16,,,6.7
04251414-ec80-4df0-8354-4793bda5a38e,HAYA Shakeel,https://play-lh.googleusercontent.com/a-/ALV-UjWSYvG1qihnQ73YwCUBwBW7hN8jlsBEzykgUtIQOpLwtQjv0RIA,best app,5,1,6.7,2025-02-14 07:32:25,,,6.7
782b4acc-3c35-436e-a0e3-502eec4ba680,J Uucp,https://play-lh.googleusercontent.com/a/ACg8ocKHJmFgTsgBz7t36bWvgZ3EG3GQELDLiQONO2jVyTXHr8bKjQ=mo,Amazing app I love it ❤️ being a Muslim,5,1,6.7,2025-02-13 06:51:41,,,6.7
14af9b90-7a0f-42eb-aafb-8c33bf7caa3d,Mr JByfield,https://play-lh.googleusercontent.com/a-/ALV-UjUyQMWEE-xysEmpJTI0rpuYfDB3-hA7mYSF8ba4ZKNote0NTu0F,Love it!,5,1,6.7,2025-02-12 17:09:19,,,6.7
271e2996-982a-4f9b-b5a2-8ee4895cc847,Ubaid Ahmed,https://play-lh.googleusercontent.com/a/ACg8ocKJFG962DD6THh6hOa4XkthbphQU22WeOR3LTq09_u3e66Zjg=mo,"Alhamdulillah,this app has helped me a lot in performing Salah with Jamat. Thanks from the heart.",5,1,6.7,2025-02-11 11:35:28,,,6.7
ef6f45e4-ea13-46eb-b4e7-3b84eb5240bc,Bayttusalam Sherifah,https://play-lh.googleusercontent.com/a/ACg8ocIpfeBKDWk0JD9UPSMe2v9hQozxTjfB_p7CZzfmQZXDVO4DdA=mo,"As-salam Aleykum , i am so happy to use this app may Allah bless the builder of this app it's so help and easy to use i am really happy using it.",5,1,6.7,2025-02-11 02:08:50,,,6.7
2ed6bc42-89a4-4150-bfbd-8a37d2aa7f58,Rubi Begum,https://play-lh.googleusercontent.com/a-/ALV-UjUJ5sl15wVvPTRONPrea__OzUTk01FS7HsAkh7CLEzhnZy5gta_,Mashallah very useful app,5,1,6.7,2025-02-09 23:41:47,,,6.7
e1eeaf31-b216-4dc4-a12b-428bf0f82168,Sharif AlSharif,https://play-lh.googleusercontent.com/a-/ALV-UjU0zwl0RP_3cGYX05fT3jSFKSvJ46WbGE2S_ZsKD4l3lJEOoReATA,"it made a difference, many thanks",5,1,6.7,2025-02-09 03:09:18,,,6.7
b13b1169-5a22-4f77-ac43-cc16213da504,Fahad Imtiaz,https://play-lh.googleusercontent.com/a/ACg8ocLC6yM4BsMwmws61h1fngHIk4xKwaw6qKytf7ZMUwagBaUuUQ=mo,Too many permissions and running constantly in the background. Feels like one app is trying to do too many things.,2,1,6.7,2025-02-09 01:30:41,,,6.7
dda50a46-d1c5-4ed6-ad25-edd8167dc294,Paida Kanjira,https://play-lh.googleusercontent.com/a/ACg8ocL-w8R-Osqm5HMDC7aCHOCB4ronnN6jfpazCQYDvSEnZIEkVg=mo,Excellent,5,1,6.7,2025-02-08 22:07:53,,,6.7
2d998062-aece-4c2e-9970-2ec3a5dae47c,Landhi Jamat,https://play-lh.googleusercontent.com/a-/ALV-UjXSVHKY-uk6bf-ZWHRQLcv7_QfgyjXuYaWP_ru9ctmHaDVcVbA,Good,3,1,6.7,2025-02-08 18:08:11,,,6.7
a1e0fe42-6a00-4550-b6c3-61e725696a60,Oluwatoye Ifeoluwa,https://play-lh.googleusercontent.com/a/ACg8ocINJ7QNPMNy9FwVzVczgSwaZvIo7GlYkPZnosmsLE2p5V5SWw=mo,Very lovely,5,0,6.7,2025-02-07 21:04:33,,,6.7
b00bc87d-42d0-4ab2-82cb-36ce9d57a096,Tuba Ansari,https://play-lh.googleusercontent.com/a/ACg8ocJUEsZIFvZa3WwE2SDQFeFeHIvayGyNcb0F5zBzlTpKbbk_3A=mo,Alhamdulillah for this app,5,1,6.7,2025-02-07 16:42:10,,,6.7
c13a8f0e-e8c3-479c-8593-39f3a08b3b4e,ten kroww,https://play-lh.googleusercontent.com/a/ACg8ocJX_ZP_4tWyegv8o55gvSyVVSR-ZtjudJ4y5CRaqHHwMAW6uA=mo,Loving the features helps a lot making it easier to navigate the app,5,3,6.7,2025-02-07 14:59:29,,,6.7
49e8d94d-effa-4ffe-b9eb-faa0bc5499dc,Muneer Ahmed Babar,https://play-lh.googleusercontent.com/a-/ALV-UjVCZ-OkTX9KjZnnxSfUFtvM_qoJ7jtnu19uPZ4U34dvHtnYYsqY,Excellent 👍,4,1,6.7,2025-02-05 13:14:38,,,6.7
03c29daf-0d2d-4020-99b7-f67d373d3d3b,Cheilla Nalubanga,https://play-lh.googleusercontent.com/a-/ALV-UjXldpJE1-0N-HKtANJWmmI2kWDnHRzPsQAVoUWQ3R8jxckMBVk,"These is the best app Alhamdulilah. Detailed, informative and has no ads. Very good to encourage family and friends to pray and listen to the Quran and in sha Allah learn yo read the Quran. Alhamdulilah 😌❤💯",5,4,6.7,2025-02-04 03:00:42,,,6.7
9a046900-5f4d-4442-9adc-5b809a200712,Khushboo Saifi,https://play-lh.googleusercontent.com/a/ACg8ocKybXUsGvX8P9mm4b5qNwBKX5HR1XIkPUILC8Un-2AHTOuM9A=mo,Good,5,1,,2025-02-03 09:15:53,,,
012424b2-09fa-438f-844a-a8d2ce14ec0e,Ayan Ayu,https://play-lh.googleusercontent.com/a/ACg8ocLOx9iX-kcxtUKorapQlOOsZAc0-d_NfA17pT5oMkaV0u0qTw=mo,Marshallah,5,1,6.7,2025-02-03 00:51:29,,,6.7
a657f06a-f3db-4867-986c-27f9108f8054,Abderrahmane Ouzar,https://play-lh.googleusercontent.com/a-/ALV-UjWlzu3dI5VWbfk-wbetX-ESwRQ6lJirCyHtECVYS61239lw4VU,بارك الله فيكم و جزاكم خيرا ، تطبيق رائع,5,1,6.7,2025-01-31 20:27:05,,,6.7
06a33bd1-5b71-4a23-b2b0-ff46413338a5,Shamik Ibrahim,https://play-lh.googleusercontent.com/a-/ALV-UjWd45lpddTvaKYxp0KDBy0ly8nOag7WarHrgVI6sbPc5g_EVuOS,Such a use full app,5,1,6.7,2025-01-27 06:45:48,,,6.7
28cee47b-1869-419c-9658-41ca09aace38,Abdul Rahman,https://play-lh.googleusercontent.com/a/ACg8ocLH4pZysn-1Y8Gn-12MYN6-Z56a7peVrWgdRtxR7ORBuDeOnA=mo,Best,5,1,6.7,2025-01-25 07:59:48,,,6.7
a5874acd-7887-4b21-9cc9-6405eee45217,Shanawaj Sk,https://play-lh.googleusercontent.com/a/ACg8ocKcNjQ1qEHLJJZvLsfxFeev4PsViuQUNrFEJcsXXRv2byGyyA=mo,Mashallah,5,1,6.7,2025-01-25 05:45:45,,,6.7
0d3939ea-c504-4faf-86e3-ba46861f3311,Nassim Alzibani,https://play-lh.googleusercontent.com/a/ACg8ocK_T4DQp132qTv7J7W0EzMEPNXoI3tUZbNce0mBXOeSZyYE7Q=mo,Good,2,1,6.7,2025-01-24 23:03:48,,,6.7
7809bbe1-5316-4e52-92c9-98054d46a911,Perumbavoor Garage,https://play-lh.googleusercontent.com/a/ACg8ocIq0rd1Hp6G9Evbtozro_dpY9TphuIBxFpTaGuiIoQV9Vcvj3A=mo,I like it,4,1,6.7,2025-01-24 20:34:00,,,6.7
c830b699-6bf7-440a-8d95-a92cc366d66a,Lily Lily,https://play-lh.googleusercontent.com/a/ACg8ocK1vhfCEXIbk54ON0OxWB7io0slUtkKPEh8yCbJFqj4SlXdF2hl=mo,♥️,5,1,6.7,2025-01-23 17:56:51,,,6.7
d733db56-92c6-42e6-9aa0-9a23b5c8d487,Abdullahi Mohammed,https://play-lh.googleusercontent.com/a/ACg8ocLD9DeDxwIsqmLtjN5vNgBpG5HBQUOovEyknqzPadU1dZfUwA=mo,Masha Allah,5,1,6.7,2025-01-23 13:39:40,,,6.7
03888e38-67ee-408a-b62c-d440f960dca3,Lukman Molvi,https://play-lh.googleusercontent.com/a-/ALV-UjWEmTpWU8vZRxrfKjcepsReMoS9wodbJsKz8dIdJfcLGHSia30,This is useful app though I have just started using it but it is working smoothly for now will edit review once I checked with all the features and UI experience from it more over its ad free so this is amazing loved this app,5,8,6.7,2025-01-21 16:13:31,,,6.7
5a8c10b8-c72c-4700-9503-5f71c68c859c,enrakhalid syam,https://play-lh.googleusercontent.com/a/ACg8ocLSAZVoe1OOOV2TmRra23I-UqZoJ2ZxIgOdtME20xdLDY-c4g=mo,Masya Allah,5,1,6.7,2025-01-20 23:23:32,,,6.7
727e1a1c-66af-4fca-bab7-413533bc8004,Syed Niyamathulla Fardien,https://play-lh.googleusercontent.com/a-/ALV-UjUGTtuOH6Q3BfrY6yKM58EsQdFj2VAwkrdfv1njYnoefrn_YasYcA,Very good,5,1,6.7,2025-01-20 22:27:01,,,6.7
56e77659-ce9c-4767-af48-af624e111914,Mohamed M,https://play-lh.googleusercontent.com/a-/ALV-UjUEc-OP-dkERTZQzrO7Ib9OqGNDmkJyCpBjHG5P6x3GsRSM74fg,"Awesome, user friendly",5,1,6.7,2025-01-18 21:18:39,,,6.7
454e229c-1967-4045-92d4-320bb02392ae,Amjath Ali,https://play-lh.googleusercontent.com/a-/ALV-UjUc7Qqbq9DHwgCPAEy8WZz3Gc0EFKpCJtmXYApXcJdlB-YOZWY,Very useful,5,1,6.7,2025-01-18 21:06:20,,,6.7
a447229b-c2e5-435b-baf5-0c22f73b8266,Khadiija Ibrahim,https://play-lh.googleusercontent.com/a/ACg8ocIuwNFb3-R2BLrUbJR9cVPCRb_0XpAOzyTynsotSR9sBnUJaw=mo,Very good,2,1,,2025-01-18 05:43:58,,,
5b9739ff-61a9-4de7-ba00-7fe0a97b6f1a,Shamsher Khan,https://play-lh.googleusercontent.com/a-/ALV-UjWTa7s6He03pwoaOsmL1vI3_mi7McW97_YrR84MD_u9I6qjwrQ,Outstanding experience,5,1,6.7,2025-01-16 19:08:58,,,6.7
8e5d01cd-1882-46a5-bbdf-94768b7d25cc,Gbadamosi Olusola,https://play-lh.googleusercontent.com/a-/ALV-UjVVIxIVV29jO6moQUgVIOClBaebaxmcjm3ItV_zD-vLJuVpKedI,Very nice,5,1,6.7,2025-01-15 14:14:25,,,6.7
25be4cc8-9a3d-4607-9224-43e34bc0082c,Raghad,https://play-lh.googleusercontent.com/a-/ALV-UjXQH51lxrBj8Karuf3YZjfu1zuzQSRCrcrez8_hleg-0OlV_K8,Absolutely incredible im amazed and impressed may Allah have his blessings on the makers,5,1,6.7,2025-01-15 01:35:22,,,6.7
142eb38d-900e-4c78-96df-8ca88516d8f9,ALASSA PANCHA NJOYA,https://play-lh.googleusercontent.com/a-/ALV-UjUIkfoQFvP1vSss9U5bAzkfTUACDJA6VW4OYnlCBFySDIU_xDiN,Good,5,1,6.7,2025-01-14 18:22:47,,,6.7
236b9215-4327-474b-a7d5-25d80a3964ee,Amina Lakhani6,https://play-lh.googleusercontent.com/a-/ALV-UjU2uc0NHvECCCXuX0L6l0j9XJHmGCv0KQtWS72YlHVh-ZtMPQs,Satisfied,5,1,6.7,2025-01-14 10:31:15,,,6.7
e96139ae-1e30-4f33-9bae-e13044d7be8b,Hamza Naseeb,https://play-lh.googleusercontent.com/a/ACg8ocKT_FhU-he-d5axEwmeFzwmIcgToXClfAJ1QfngT6OoUTQRBQ=mo,Good,5,1,6.7,2025-01-14 06:28:57,,,6.7
c09c2e3b-fbe3-4752-b689-b0b10651cade,Daniyal Asif,https://play-lh.googleusercontent.com/a-/ALV-UjVHoZ-BjfRi05DTJ4mb78xVCEr01Mt8jZ2mk26BoExA3LNdqudPZQ,MaShaaAllah MaShaaAllah very great app to keep track of prayers and habits if you just started praying regularly and want to continue while making it a challenge like to feel accomplished. What I think can be improved is including an option for DarkMode 😀,5,23,6.7,2025-01-12 18:22:06,,,6.7
c50183d5-b0c4-49ab-bac4-c510ccfd21db,Awa Jawneh,https://play-lh.googleusercontent.com/a/ACg8ocLkhEvkRrHsU62S1qtos3hzF8m7mabhW2QvBhAwlAghYR0XTw=mo,Best app ever I wish know it earlier 🥰,5,1,6.7,2025-01-10 03:01:25,,,6.7
984db43e-61c1-4a37-8c93-e5be06dde793,Ninar,https://play-lh.googleusercontent.com/a-/ALV-UjUfpD4SaStiOwV5RbVk4tJvPCixSze_eLFlhwLeQk1gKe7u2oEX,It is a digital prayer tracker,4,1,,2025-01-09 23:28:02,,,
649e1190-1057-4324-89c8-ce71c6e55e56,Rubina Hanif,https://play-lh.googleusercontent.com/a-/ALV-UjVmWvCDsmjdk5WNSW_O2QMcRP1EnCgX899DSxcNrbDe3DGl-zfk,"The app is malfunctioning. After signing in, it prompted me to enable location access for accurate prayer times. However, upon selecting this option, the app repeatedly crashes and closes every time I try to reopen it. Please resolve this issue as the app continuously crashes upon selecting the location access option for accurate prayer times. It fails to remain open, closing immediately every time I attempt to reopen it. I think it is a nice app so please let me use it ✨❤️",3,12,,2025-01-09 20:29:48,,,
77759926-18c4-45eb-8ac4-a840ea6a7ece,Amara Pereira,https://play-lh.googleusercontent.com/a/ACg8ocLWIAe3eAvLukWcP3QgGglvhaDpYcuNlSgsGaxbDY_wPNBx02I=mo,Masha Allah,5,1,6.7,2025-01-09 15:10:59,,,6.7
36709674-31a5-41c1-a76d-781b6b3d85bf,Bad Wolf63,https://play-lh.googleusercontent.com/a-/ALV-UjX0oPxqs5V3qIFkoGDU4wpiX8hiflV6p3bI7JvYaEX9dwiLrd7y,"It's a great and very useful app , the creator of this app may Allah bless him 🤝 . He really done a very good job . Whoever download this app or follow this app the creator of this app and his workers will be rewarded. Masha Allah ❤️‍🩹 keep doing this 👍🏻.....",5,3,6.7,2025-01-09 00:31:53,,,6.7
692da2fc-0493-4fea-a13d-a13d8ed5418e,ABBAS HAMZA,https://play-lh.googleusercontent.com/a/ACg8ocKhlaJbAraifoWCMglg3V8IT_NAsRxUE7G1H7rcLvzm1XQk2Q=mo,A good tutorial for muslim faithfuls.,5,1,,2025-01-06 05:03:44,,,
3a6e4521-2488-40e8-a4e8-5fb4d5445a63,Arshiya Sayeed,https://play-lh.googleusercontent.com/a/ACg8ocK13uf1l3DbuC4oef8zSdMG12V_E5RibrGUAx6vZmKPjosWUCc=mo,"I'm new to this app,starting now i would love to see how this app makes any difference in my namaz routine!",5,1,6.7,2025-01-05 04:09:44,,,6.7
c5ecb0ea-64da-40e2-842f-2fc390e1efb9,Laellatul Ummami,https://play-lh.googleusercontent.com/a-/ALV-UjX41y9QPX8-k1FS6AJgyLxUdJ9xt7wgNfevX8rEccWT69eHuaku,Maasyaallah,5,1,6.7,2025-01-03 21:30:25,,,6.7
e1118cf5-e280-4806-9334-4e6f36cef2cc,Rashid Farid,https://play-lh.googleusercontent.com/a/ACg8ocKDksYkYACFYGVoN9-VF3rRTKrTPSV3GLav2blGBxq1P2Duh5c=mo,World Best And most beautiful and Most useful ❣️,5,1,6.7,2025-01-01 13:41:26,,,6.7
c885b3fe-d94c-4132-baf8-9ce81650db65,Yahanasu Kabir,https://play-lh.googleusercontent.com/a-/ALV-UjUD8Y_JO-SDlE-tAPdZPLLA_ji2OgmQDkGZL3QZIjq8Oyh3TM4T0A,Masha Allah..Allahuma bareekh for the founder of this amazing app. Jazakumullah Khairan,5,1,6.7,2025-01-01 00:06:13,,,6.7
6cdc3728-075e-43bd-a1ce-aa35d2b26f99,Zoha Adil,https://play-lh.googleusercontent.com/a-/ALV-UjXwbZLAjROjqNImcc7ECB57SM9107CAmcA5wSdtCHmnTjZzzO_s4w,great app,5,1,6.7,2024-12-30 16:30:08,,,6.7
5f354b91-d175-4bf6-98ba-b538e6638c91,dadadadadaad dadadaadad,https://play-lh.googleusercontent.com/a/ACg8ocLPCGTf3XhHqIif5G4r7IYorRD1khhP43vXUsGKmPLAb_Z9=mo,"Verry helpfull, tells you anything you need!",5,1,6.7,2024-12-30 10:07:47,,,6.7
347f8a84-3b75-48ad-93de-a4d21d133217,Basant Haider,https://play-lh.googleusercontent.com/a-/ALV-UjVFPIQziByQ7pdWYIYDmEEyyR7QMvJoC89H6qk7Vlg2-dcr5AynqA,Greate app hope in the future it'll support Arabic language for it's interface,5,2,6.7,2024-12-30 02:05:36,,,6.7
8c5efaed-4f88-482f-bd59-b8bfaee072fe,Mo R Hadi,https://play-lh.googleusercontent.com/a-/ALV-UjXh9eaKuLN2xewqb5dYJcRaVeH1FGDF7jxVUrjwtGWTIQGDBfVO,Keeps stopping doesn't go beyond locate me screen,1,2,6.7,2024-12-28 00:27:30,,,6.7
cf3461aa-6db0-47ad-a099-92ec7172113a,John Frankly,https://play-lh.googleusercontent.com/a/ACg8ocLox3LUYRhDM4cBpoMEZJ78Pp38s4tItbKW0zbAghBA0mSPoA=mo,I'm impressed with the way the app works,5,1,6.7,2024-12-26 19:23:56,,,6.7
6f6cc119-a752-4a22-9b4d-a3413f888473,Muhammad Ahmad Siddique,https://play-lh.googleusercontent.com/a-/ALV-UjUkbuaSKPDZSlZKyfUgm4pDx9EefdsAuI1W6TfYT96O0u-IpZE85w,I'm very happy for using this app. This app is awesome MashAllah 👌,5,1,6.7,2024-12-25 21:27:25,,,6.7
78a51672-4201-46ba-9e37-498998b4c981,Nourhan Kashik,https://play-lh.googleusercontent.com/a/ACg8ocLS--sjyRREnSUql9Kac3yqO9eHUT2OUxfh8wMpe0ZR89KaIAv-=mo,"Mashaallah, Allahumma barik As a Muslim girl, I'm so proud of this app It's perfect for new Muslim people who can't commitment to 5 prayers or Sunnah and reading Quran. I support. Keep up",5,9,6.7,2024-12-25 17:59:07,,,6.7
4e9a8c01-1d25-4087-bff1-c231b7f15d5c,Hami Asma'i,https://play-lh.googleusercontent.com/a-/ALV-UjXWJ-1Q_5ipt1oU4HN4Lhih4BQb0dH-ZN4Ei2aHuAILm2hzhg0a,Interesting app. One request: could you make a group option for other daily habit also?,4,1,6.7,2024-12-24 12:40:33,,,6.7
4df60315-5498-444e-9428-9ca85808e33f,khan zishu,https://play-lh.googleusercontent.com/a-/ALV-UjV-HqznqCoD_QlRlvk6sSFJd6xGmo8tMTnbA-N-bVMruqYE0lbF,Best for late comers,5,1,,2024-12-22 11:23:26,,,
ef0e7450-a042-497d-b8a5-ff7055384e00,Abiha Sheikh,https://play-lh.googleusercontent.com/a/ACg8ocJHW0Bc8vU73uUWlcaYKOefcZNnocz8QD8blfuKe6zPAkYllw=mo,Jazak'Allah 😭,5,1,6.7,2024-12-21 17:58:10,,,6.7
30046420-2a68-4e98-bc42-927b32adf0a1,luqman butt,https://play-lh.googleusercontent.com/a/ACg8ocLcOIvWdVtUBibAPJ4SEM8G7VEVl1hXb4jH2D7_WxI7ILcqeQ=mo,This one is so good for me 🤩🤩 it's help to get the prayer in time ❤️,5,1,6.7,2024-12-15 09:12:50,,,6.7
f5ba50a5-9984-46b9-a342-581d67555fad,Marium Koli,https://play-lh.googleusercontent.com/a/ACg8ocJCyU9s8VCUUsyXswNKsB88tZn6ZCH9HbXLMnU9HjGzObcF7Q=mo,Excellent,5,1,6.7,2024-12-09 19:24:33,,,6.7
176aad0d-ba50-4787-aa0a-927a7c3c697b,Hassaan Dawood,https://play-lh.googleusercontent.com/a-/ALV-UjUlRK0UFYETaiBDczvJ7KuiQMiGksy21w2Ij4jH-h5tfsxgZ0kZ,"Aslamualikum ikhwan! First of all hats off to this amazing piece of work. You guys have not just created a marvel but a device which generates you sadaqah jariyyah Just a few suggestions: 1. It would be amazing to have an option which displays that the salah was offered with congregation, so an option above the completed prayer 2. Secondly I really miss an opportunity to have more than 2 groups.... such that if i have a group with my friends I should also have a group with my family",4,18,6.7,2024-12-08 01:13:16,,,6.7
22b34ff3-a80a-4af1-9694-e1b29de3afd6,ferej idris,https://play-lh.googleusercontent.com/a-/ALV-UjVUMOPRd6mAwhdglBXFGbKy1BcuOKRws5bxvAPx0BoGi7z1mE6v,Mashallah good app,5,1,6.7,2024-12-03 23:36:51,,,6.7
dd06d943-ae01-42a7-a4fb-d1e163b0f378,Adeleye Sulaimon,https://play-lh.googleusercontent.com/a-/ALV-UjXV5-QXivLikKzwc50uWJoOWI2UN4wKQf_8iJaPI5TAX-ToG9g9,It's a very good app for Muslims,5,1,,2024-12-02 19:38:16,,,
58c8788b-3995-416e-b381-74def33b366e,Meryem Aman,https://play-lh.googleusercontent.com/a-/ALV-UjVERo_AMg9n7CA-6lUPtlWtuPPhKiQkINsKkmob_aAnrrQOGwX4,Pray everyday to get more deeds,5,1,6.7,2024-12-01 22:46:39,,,6.7
d6c8a7ba-5cce-4c15-b73e-1fc64b823a95,Jahangir Alam,https://play-lh.googleusercontent.com/a-/ALV-UjWEk-aup9j8q-SY-i8L8r4LdVBRJDKpbz-bSlVK20oLepsT4lk,💌,5,1,6.7,2024-12-01 22:17:07,,,6.7
0112a8f1-9c7f-4243-bdf0-b0bb57d784f3,Miftahul Jannat,https://play-lh.googleusercontent.com/a/ACg8ocL3VLORMlnOfdp3h2YRvXw4ew3xmGpjE3oidtJiWiZsQGR6LXKC=mo,I want this type of app.I am very pleased to use it.This is very useful app.❤️❤️,5,2,6.7,2024-12-01 08:39:55,,,6.7
b54d423d-633f-4b79-b06a-184d033e7430,XD MOHAMED,https://play-lh.googleusercontent.com/a-/ALV-UjVASInmNvAZtnKmCjtYMc_THr4ohvspwDTBc6H2NVTFbz9Tu9a-,Perfect,5,1,6.7,2024-11-29 22:21:47,,,6.7
0a00a5f2-4007-4364-a94c-ddf9262dee9d,Rejoy Yusuf,https://play-lh.googleusercontent.com/a-/ALV-UjUu9Pp5aXzwRbLfe9TlCoH9h9aS145TDwZi9C2o_lmoMK2GSX6Omg,"Best app for All ,",5,1,6.7,2024-11-29 07:18:33,,,6.7
98d40a95-077e-4d25-97e7-2cbd8786cd89,mokhamad irfan Muksin,https://play-lh.googleusercontent.com/a/ACg8ocLvIHUo0SC97bBYxcSURqGiq1Mquf-OBV4C2TjlMaTgukCzLA=mo,Sangat membantu,5,1,6.7,2024-11-28 03:49:20,,,6.7
4d30e429-d7a5-4797-a66c-c44c2985b1f2,James Daniel Chinedu,https://play-lh.googleusercontent.com/a-/ALV-UjWNOlvdphjwOpvAG50bPrBl3Qqq9GNiwPhcfarpEdP8DXa0-5c,Good one,5,1,6.7,2024-11-27 12:58:07,,,6.7
fea00466-cffe-4646-83c4-f032a62186d7,Jeff Price,https://play-lh.googleusercontent.com/a/ACg8ocI9HlXs481R0xi5uyCieLeUr7Pxsa-ljWOM6nTz-IDMZ5qNbA=mo,Great,5,1,6.7,2024-11-25 18:13:20,,,6.7
234bfc2e-5ad6-44a0-ab22-aced65bf8080,Abdullah Tahir,https://play-lh.googleusercontent.com/a/ACg8ocKvn9KnTQ60QPoDxvZKLEyLsfxT95Yy2U3qiLPwrOA7aqjtNg=mo,Nice,5,1,6.7,2024-11-23 19:30:03,,,6.7
767c69a5-b53e-4415-92b7-ab3fcab1f271,Asina Asina,https://play-lh.googleusercontent.com/a-/ALV-UjUfcdD6AZKjzDnupRxsLihHO6mDonWnsi-oZi_DDS_2W1NPmXgT,"Mashallah, it's very useful",5,1,6.7,2024-11-22 22:51:29,,,6.7
ebcd8174-9bea-416b-8ad9-eddc8dcf5b2a,Ar A,https://play-lh.googleusercontent.com/a/ACg8ocLxgp4HuJAO82y-qO2KXtgN_J0FYVici-BUOxhrjfgnQrSu_A=mo,Wow,5,1,6.7,2024-11-21 23:23:00,,,6.7
deabb2a2-0993-4ae2-b29a-027ad288dc7d,Samukelo Mkhwanazi,https://play-lh.googleusercontent.com/a/ACg8ocJRAa9uefSLYP87MMAcsvCy2a_pT22DBKdb5wQyFd-JpslvmA=mo,"Alhamdulillah, very helpful and useful app Allahumma bareek. It helps especially if you have just started praying",5,15,6.7,2024-11-20 18:29:24,,,6.7
8c197dc0-1f3b-4fe3-8454-55cc5a71e3b5,Syed Nazeer,https://play-lh.googleusercontent.com/a-/ALV-UjUlH7Bu8Ry6IrFI-HIuUeK7D-y7G62Eh5OwVq2YMgTAbOO8E8_b,Excellent APp,5,1,6.7,2024-11-18 01:34:14,,,6.7
2aeb14c2-f7aa-4711-8439-4efe0795ff45,Rafi Sarker,https://play-lh.googleusercontent.com/a/ACg8ocL3I6ZmmJMBQniUPjkDBIfAEsI7JRgn1PbW8YLMumJB4r9DKSZJ=mo,Using this app for about 3 years. Good for tracking Namaz and other habit. I am waiting for more functionalities to be add. Thanks to the makers.,4,4,6.7,2024-11-17 20:23:50,,,6.7
2dd86e28-e3e5-4c27-9dc7-340eb1fd9929,Md Sumon,https://play-lh.googleusercontent.com/a-/ALV-UjU2wYrMOJ4j9jDVI8jX1t6GAw2VO621I9MaFgof2HsUaUcVDMk,This is good,3,1,6.7,2024-11-16 17:03:15,,,6.7
6643cc05-3e41-49d6-b96b-87c459c68b05,diana younes,https://play-lh.googleusercontent.com/a/ACg8ocLWwrEEFqMqiQSbQGAH8ij8gUD8mvvSH1wPWZ7xvPEfkQacfg=mo,Great app! Please add widget option for prayer times,5,1,6.7,2024-11-16 04:58:50,,,6.7
340489de-e6a0-4934-8f3b-9a2116837257,ARSLan Falak Rollno 33,https://play-lh.googleusercontent.com/a-/ALV-UjUOTPRssLGNhzz78ciwN_gVWUm4ypSgW3_MNkWN8vZRZkYMdoK9GQ,Good,5,1,6.7,2024-11-15 06:20:40,,,6.7
a4195134-4fe9-40bc-8fed-68f0cb0c2e65,Aafiya Mansuri,https://play-lh.googleusercontent.com/a/ACg8ocIUzBUOhY8XrSILA4wHPG-F8mkWYbIv4YjMgVzN60YCDcxrtg=mo,Nice,5,1,6.7,2024-11-14 10:34:14,,,6.7
0bf75640-a5a7-4dfc-88dc-942788376bca,Asmakausar,https://play-lh.googleusercontent.com/a/ACg8ocIsD1ysUrnv3pD6UlDJ0CsfzoAQydGUQT5r2a-hkiRwx13o=mo,It's beautiful app. We can tick our namaz done. And can be regular for all namaz,5,1,,2024-11-10 19:28:18,,,
31d3f41a-3ab4-45c1-a846-a6e17fd224fa,Faysal Al Mamun,https://play-lh.googleusercontent.com/a-/ALV-UjXUUSy6sJxCyfBZGb7DzcczG_iK0kGL-f9CyDvegveWMSNG2a0,Best one,5,1,6.7,2024-11-09 22:54:00,,,6.7
459eb1a1-2807-4e49-ae40-9cbfdfa9640e,Najrin sultana,https://play-lh.googleusercontent.com/a/ACg8ocJ-4HKE6W0P9Jear1qo8La9RkBpTC5ppqwsa7lNdGHOrRU2wA=mo,"Alhamdulillah, I found this app! It's really helping me to be consistent with prayer. Other features are also good 👍 .",5,1,6.7,2024-11-07 23:28:01,,,6.7
5b892f5c-ac0c-44e7-a226-cb4e094fef1e,Mahdi Hasan Nazmul,https://play-lh.googleusercontent.com/a-/ALV-UjX3Q_Cqg2xWblX8Ki0jgor6efw-Gbmn23ALC_bX2Wi52ge5iuOr,Best app for muslim.,5,1,6.7,2024-11-06 20:14:58,,,6.7
588261c6-ad48-48e0-aa9f-a512d324c687,Aaves Sayyed,https://play-lh.googleusercontent.com/a/ACg8ocJLD9um5kqCr1Peu1KoX20CNvopNQumaC5fQz_sonnF2mf-vQ=mo,Very nice 👍 app,5,1,6.7,2024-11-06 19:32:00,,,6.7
c544182c-f227-47ef-8a8c-d0b8d01c0697,Hina Akhtar,https://play-lh.googleusercontent.com/a/ACg8ocLGeEAzXakdbE9yChTmyGQpAw-CQlGrd3DGv0746L0lq716Hw=mo,Great. No ads and very useful subhan allah,5,1,6.7,2024-11-05 12:46:27,,,6.7
d7e14882-3b0e-492d-b527-11f250e5a546,Maia Reficco France,https://play-lh.googleusercontent.com/a-/ALV-UjWEFsC3i4Gct8vtxd9NbIvLbM33ecvaSI8R0eW9rOVWvVy0I75x7Q,I have not receiving any notifications for prayers,1,1,6.7,2024-11-05 12:06:32,,,6.7
4e4a840c-54f1-4231-8ff8-b8ace47b2457,Bilal Bukhari,https://play-lh.googleusercontent.com/a-/ALV-UjXBzko88qG-3myl5aCGAG4EpjOKHAPQRuIxiz3jqz8IaGhQtuN2,"This app is really good, Mash'Allah",5,1,6.7,2024-11-04 21:40:24,,,6.7
59530d62-d1f1-4f1c-bc93-0f2da03e287d,Abdulrahman Qablawi,https://play-lh.googleusercontent.com/a-/ALV-UjWJhbvn69udNUxgJDDPWNDaUT8JZQ7_jg2f6O7IKzaBokd8hen6fg,Mashallah very good,5,1,6.7,2024-11-03 05:35:20,,,6.7
c8821c29-f2e6-4abc-b68e-7e9cd805196d,Sabbir,https://play-lh.googleusercontent.com/a-/ALV-UjV-ZOfx47kyWM9FhkZBWq70HckUwNWUVZyLhXxlrRzPBbhS7Vtr,Good,5,1,6.7,2024-11-01 20:45:57,,,6.7
fdb1f408-b8d9-4569-8bb2-12f23552c9fd,Md Naiem Akhter,https://play-lh.googleusercontent.com/a-/ALV-UjWAOnYr3_3y0gXYAqQkwz2gUOzXTxy0F1j7yr75OqYp4V_BXU-Z,Nice app,5,1,6.7,2024-10-30 19:50:50,,,6.7
12b2db66-8466-4e59-9446-458a2d6a1d82,Mahmud,https://play-lh.googleusercontent.com/a/ACg8ocJ6BGe9gBI6NlpwlQyQaAIsrkVE2qtPp19rUZpdLamXouz49w=mo,Happy,5,1,6.7,2024-10-29 16:46:14,,,6.7
216f4524-8527-485c-bb8b-6195db386bda,Irfan Baig,https://play-lh.googleusercontent.com/a/ACg8ocK1owhDBXI889UCB9xU4iRwBGYacp09CMvXWp74YwB4fQC25UA=mo,Very good app . May Allah Reward you for this in akhira.,5,1,6.7,2024-10-27 09:52:43,,,6.7
3a9b6dcb-022a-4ad5-8028-457e544e5e53,Juveria Sameen,https://play-lh.googleusercontent.com/a-/ALV-UjU8Kdq5YtQ_N9F_5QgHwN0sXoSpXT6r8ns25ySU5I7qI_qttyTQEg,Amazing app alhamdulillah that i found it,5,1,,2024-10-27 01:14:50,,,
04297e50-cc58-4c4a-bd3a-1319081a0a08,Marites Tactacon,https://play-lh.googleusercontent.com/a/ACg8ocInYyOYOf-DxD-Xrox_L1upcnMPMMPG-3bmX_qe_acum2UZGA=mo,Thank you,5,1,6.7,2024-10-24 12:07:23,,,6.7
61eac51b-14ab-4ca0-9dca-fe7b11302ecd,Alicia Martínez (Sia),https://play-lh.googleusercontent.com/a-/ALV-UjWVesURmcWy6L4rvz9yxfArPbjr9Hs8e9jiMCigxSk-xG4FcWbYTw,"Loved it but now it keeps shutting down on me, it says it has a bug! 😩",3,1,6.7,2024-10-23 00:07:49,"Assalamualaikum, can you do a video recording and send it to us via email. Jzk",2024-10-23 15:53:28,6.7
d5b681ca-08d5-4067-807e-48f28cfe3f9c,Salman,https://play-lh.googleusercontent.com/a/ACg8ocJzqOXAXn2leopNBZGzyYayMXArQYa-6z9lCpxKBTLX6o56foI=mo,Good,3,1,6.7,2024-10-22 10:58:16,,,6.7
2ebe4f68-35b8-4b68-87c9-6d589a9949f8,Madiha Yaseen,https://play-lh.googleusercontent.com/a/ACg8ocK0l4ZomocmK7Tz0wnoARxvX9jJ6v1xCog8gyxIWrJHr72XNg=mo,A very good app for the one who wants to improve their lives make their life Better this app will provide u challenges and gives u reminders ...it is very helpful if u want to have a good islamic habic wants to be a good muslim,5,1,6.7,2024-10-22 01:30:27,,,6.7
1fe156a3-1975-4417-9f6c-f87c2aced10b,Emine Mehmed,https://play-lh.googleusercontent.com/a/ACg8ocKVcFwVB5VZ9YJmu5ZS8NUWhX_uqtwBTLOn8dWw-HlfgCpKkA=mo,İt's okay,3,1,6.7,2024-10-22 01:13:30,,,6.7
6fcfa6f0-4d36-409a-b9e8-61c66a12f946,Nihal Alam,https://play-lh.googleusercontent.com/a-/ALV-UjUN46KX_Ue4WeIWRtzKOsd9ol1zqxq9WZhOV6947OHvD-WqVLw,Masa Allah,5,1,6.7,2024-10-20 20:19:20,,,6.7
0655aa83-3cd1-473c-80dd-a430e3d48fb2,International read mix L.L.C,https://play-lh.googleusercontent.com/a/ACg8ocKt9SrktDHeBt1NENJFEdtRAmcF_gjoupKfj3ewA_LBu96JpA=mo,Nice app,5,1,6.7,2024-10-19 17:05:53,,,6.7
8aaf26de-9616-4118-a5d7-20ed0acb9cde,Nusratjahan Nishi,https://play-lh.googleusercontent.com/a/ACg8ocL9dmxtCXjrYhSgQudZr27D8dN5SBAw0ZQ8bTwCoMbAwFJdOw=mo,I Love this apps so so much.. jajakiyallah 🤍 An important thing is why not log in with Google Facebook,4,1,6.7,2024-10-18 18:51:37,,,6.7
a38be7e5-5b70-44a7-954d-cd830698a9ce,Romadlon Iqbal,https://play-lh.googleusercontent.com/a/ACg8ocK6hyOTqEmXa0gYd77gPdrasJQ6LsxZ5iNSUMOr7LTk6XrQrQ=mo,Why this app keep closing itself when it comes to personal tracking? I need help,3,1,6.7,2024-10-18 10:39:42,,,6.7
369ca2aa-7625-4841-ae09-59c48cc347d6,Mohona Akter,https://play-lh.googleusercontent.com/a-/ALV-UjVL3oRO36k4ZFfDQbW2FuwnAyWMVdQ4N5POlj_OTwKykDUEnkUM,মাশাআল্লাহ,5,1,6.7,2024-10-17 01:42:24,,,6.7
222110ac-041f-474b-9f5d-b8f41258d400,Rron Beka,https://play-lh.googleusercontent.com/a-/ALV-UjXQyILWCEeNUqpbPXXKv_ZX0kGN88umNbHeigAMf8oVY8Yg4R0H,Hi im rron I just started an the quality is very good,5,1,6.7,2024-10-16 18:57:26,,,6.7
653b5d55-96ba-4d08-8962-f115adf85b76,Mohamed Sirajdeen,https://play-lh.googleusercontent.com/a-/ALV-UjVhdZ1fnndtdsRFTruHkyAgfgL-i8oYJRvMLU5iHlJLvEZQ5CGg,Good at all,5,1,6.7,2024-10-16 06:15:39,,,6.7
45f9cb09-0f2c-40fd-b5ed-7e8c428c8c09,Fazilaaammal Rabeek,https://play-lh.googleusercontent.com/a-/ALV-UjXZIGZCAI_GlQCfLudhGZyF8d6j1mc0o3txU8iKRlHGgawB7Ko,Masha allah.. 😇this is wonderful app,5,1,6.7,2024-10-15 19:23:55,,,6.7
5ed21d35-3b03-41d4-9e9d-354be3231a8a,Sabika Dar,https://play-lh.googleusercontent.com/a-/ALV-UjWOtjgaQ4ybXXifvW1zFfwk0x47jRFh0Ezu43zweNml9xp6INKe,Amazing app,5,1,,2024-10-15 09:53:38,,,
d0785933-2720-4274-9027-f90eec7004eb,Sakdah Sari,https://play-lh.googleusercontent.com/a/ACg8ocIHs3KbKk_271SvkzhUvtid0qFXDYLKigh1Ok2NAcBv66MDng=mo,Nice to use and easy to understand,5,1,6.7,2024-10-13 13:51:04,,,6.7
cd444b2d-1ef4-4162-b248-5e4ac7e49b2b,nazier basardien,https://play-lh.googleusercontent.com/a-/ALV-UjU_zbhweSOA5q9ddQyljdIwrrfZGXmxnvf8I-OfAgMeofu6f8c,this is a great app if you are muslim,5,1,6.7,2024-10-13 13:02:21,,,6.7
fa6d4c77-ec5c-4367-8b50-bad0038a14d6,irshad,https://play-lh.googleusercontent.com/a/ACg8ocJDfDHwTc5nM0YwmMKr2HGdWUbVCNxUdu9in7lwC8LTFumkSg=mo,Good,1,1,6.7,2024-10-13 11:12:19,"Assalamualaikum, if you like the app, please give us 5 stars rating instead of 1. If you have any suggestions, please let us know at salaam@everydaymuslim.app.",2024-10-13 20:15:13,6.7
002ec56a-4c03-4666-8dc5-1776b93ee8b6,Mohammad Hamideh,https://play-lh.googleusercontent.com/a-/ALV-UjUUPJQi_6dkXWp7lL6Zz20-ghIMUsMNwRXJapDC5cs1ieiivrjN,Awesome app. Could you please add the Actual Morning & Evening Athkar?,5,1,6.7,2024-10-11 06:58:32,,,6.7
436f4c9a-fb0e-4c17-9017-b513cbbc4dfe,Shukurat Abejide,https://play-lh.googleusercontent.com/a/ACg8ocJkk-EdYStmw_fvROJbjSEPbpnsTWHzpJyRzTJDmA2jzi0dgw=mo,Excellence,5,1,6.7,2024-10-09 12:00:10,,,6.7
d3c9d739-ce9a-417c-a3fe-fca5e0f08385,Miss khalida Ahmed,https://play-lh.googleusercontent.com/a-/ALV-UjXH7fj56rYEuluHCBzWY4QthGvU0ln9DTjwsYvwkPOIz3JNhaA,Alhamdulillah Allah ne hidayat di or is app k zariye madad farmayi,5,1,6.7,2024-10-09 06:25:34,,,6.7
e870fd5d-d737-4d8c-b358-d8d8aaf669b0,shaik afshan,https://play-lh.googleusercontent.com/a-/ALV-UjWChjFuiaYtgKaWEDrlFLQBkbXfK3O_csw25UYr38eZlpV_JbgXUQ,good,4,1,6.7,2024-10-08 17:44:03,,,6.7
87a7c7a5-3766-4936-8773-933b9d9e7a66,Thasneem Alau,https://play-lh.googleusercontent.com/a/ACg8ocIL7baYVoAKeltnCNIV9XZrxmVeGp-VfywT940bzSoonLF5Sg=mo,Very useful to guide me,5,1,6.7,2024-10-05 16:03:19,,,6.7
5523bc5c-2c7d-4ba0-a377-22a111f1b0b9,Sawood khan,https://play-lh.googleusercontent.com/a-/ALV-UjUlC3-SxUhOLIa2xituYBxvj08galbEWpgf62R5HsUlmFj_a8lo,Good,4,1,6.7,2024-10-05 09:27:58,,,6.7
f02a9c06-1db4-4fab-ad3c-ab74f07547e0,Mohd Amir,https://play-lh.googleusercontent.com/a-/ALV-UjWFafUsNcvQmP9jEWTqDTAYD_Zb45WOF0FDKWh-wok4ERp88LGG,Very happy,5,1,6.7,2024-10-04 15:18:27,,,6.7
f7702569-ce0a-49bf-8d4e-350a5d3011c5,CHANDRA MOULI,https://play-lh.googleusercontent.com/a/ACg8ocKdzO7Riyyu24O3iBYlPsC4SbDTp8SyP169osXbFmclNte5xg=mo,Very good app.,5,1,6.7,2024-10-03 12:09:08,,,6.7
13424033-6f69-4a17-af98-407b33424aae,Mahnoor princess,https://play-lh.googleusercontent.com/a-/ALV-UjX8uoOPn8jJqGEm7QKJrInLz_mLSI286NtEH5bGvOwP55gBBJg,This app is brilliant for Muslim's !it has so many features and the lay out is terrific. 🤲🏻🧡,5,1,6.7,2024-10-02 00:07:24,,,6.7
71fe2303-2b38-4897-99b6-64c927b9b1ca,Saira,https://play-lh.googleusercontent.com/a-/ALV-UjV07yEPx2pfq3GuU_M-mdCE4hmMHSVKRPe7N48GzwnzW3LNsYo,Mashallah nice and useful 👌 👍,5,1,6.7,2024-10-01 21:46:21,,,6.7
42d95a20-f30f-4f9e-8e17-df2b8a4a4879,Madison Smith,https://play-lh.googleusercontent.com/a/ACg8ocI8CEArUPW2p-9sfscEjXpqItFBhbzUZoz7ZF8qxfIE0oU7l0Kg=mo,I should be able to tell you my location without turning my location on my phone. Malarkey,1,1,6.7,2024-10-01 03:24:23,Assalamualaikum will be in the new update in Sha Allah,2024-10-02 00:40:25,6.7
397b1b92-a01f-4aa2-9669-43f35e66aefb,Foysal Ahmed,https://play-lh.googleusercontent.com/a-/ALV-UjVmdS_tXeyWhHlmh8F8slO2Vp0muS_4nDYN7cTW6kM3KXlAQpQ,Excellent,5,1,6.7,2024-09-29 18:59:50,,,6.7
5bdf1c79-c115-48c4-a1cd-83b5c0ac651f,Variety Mart Store,https://play-lh.googleusercontent.com/a/ACg8ocI3LX1dedqwEU3j9IIe1H_WF3PV277PkeLIMrlMQszWO6iiYthD=mo,Good,5,1,,2024-09-29 01:58:59,,,
8454fb6a-7240-4f6c-8a10-5ecb12fad7db,NISHAT JAHAN SAMIYA,https://play-lh.googleusercontent.com/a/ACg8ocIFdqaTv6U5fP-AMN1PSlnZdXsTT9qAnTUtMBP_JWJIhf1ogLQ=mo,Not working well,1,1,,2024-09-28 18:19:26,,,
b0bd3de1-051d-488b-89d7-2a0d5bce6861,SHIRIN P,https://play-lh.googleusercontent.com/a-/ALV-UjWHmdHuKmHYYdCLbZNVS2x5PEdhfciTG1IYW3aN2KOOML0Ah3Iy9w,This app is so good for kids and adults,5,1,6.7,2024-09-27 15:08:32,,,6.7
9302958c-9cd6-476e-853e-360388a8214e,Ansari Fiza,https://play-lh.googleusercontent.com/a-/ALV-UjXHKI2ZsKwws4wQkod7Vkp3xywCjTanWBaoBPxowT4d9Rf5KJA,Amazing 😍,5,1,6.7,2024-09-27 07:53:05,,,6.7
6c763ab1-0a1c-4004-a817-00b4e7c64412,Amin Molvi,https://play-lh.googleusercontent.com/a-/ALV-UjWbeegdMHSA0GHcrYKrs-pjBFFmhH_yZx9aUXwI0hpuLT0e2qxq,Mashallah,5,1,6.7,2024-09-26 21:52:36,,,6.7
31328c7e-1300-4496-a441-1e0a324a1b02,Seko Jriri,https://play-lh.googleusercontent.com/a/ACg8ocJmr9fovUVRRf0oOo2_nHlZ6sPJUrHEytFQsr6UwGnatZACLg=mo,Best apps i ever used im 2 days in praying 10/10,5,1,6.7,2024-09-23 22:47:29,,,6.7
c766f4f4-ca71-456f-a41e-4b9740ed4fbc,Abdulrazzaq Abdullah,https://play-lh.googleusercontent.com/a/ACg8ocJ8E2E_OKD1IK0e_naChsfjx89F1fFZwD3Zly7sO8h_xDIumw=mo,Allahu Akbar Allah Hum Sab Ki Hifazat kare,5,1,6.7,2024-09-22 19:14:02,,,6.7
2e92cf9d-ea6c-4954-aa5b-39a3d63511b3,musbau abdulgafar (MUSBAU GLOBAL VENTURE),https://play-lh.googleusercontent.com/a-/ALV-UjV8rO5uGgGDoBKdOJjYDexWFXPac3Ifu7SyamEt7LF8DcvSKe1O,Very good app,3,1,6.7,2024-09-22 13:03:55,,,6.7
05951514-6c65-436a-ad1e-9fabaf32701e,Tanger Tanger,https://play-lh.googleusercontent.com/a/ACg8ocKsmTvlIeII_UbKy5BDCkk_dwx9F6AuIxUqlMq2BsUH8z1JFg=mo,"I don't know it should be good, I don't know, no, I just downloaded results in 2 days.",2,1,6.7,2024-09-21 20:52:37,,,6.7
761039dd-875c-4c2d-92fb-59b557cab1a2,Sahab Qureshi,https://play-lh.googleusercontent.com/a/ACg8ocLng05oAf65wj-Vz9-y92K2vgK5uAZ7AjuD5jc2H-KeDQUeXw=mo,Good app,5,1,6.7,2024-09-21 12:38:03,,,6.7
68d90eb6-c64e-476d-a549-0db702d98e01,Aisha Khan,https://play-lh.googleusercontent.com/a/ACg8ocLOzeM0AVd6Ns8EpVTzUV7Owg51uG88cBf5LumcKanAqIKXzw=mo,😘,3,1,6.7,2024-09-21 02:20:18,,,6.7
0955dfb5-428a-4278-abc5-17ec9946acdb,Nishat Tabassum,https://play-lh.googleusercontent.com/a/ACg8ocLTka_UMwFXK4rvJRQURrUs7jUs3iRW6xnL9RAoDOBacVeKjQ=mo,"The options seem limited for the prayer- Prayed on time, late, missed or none. I wish it had something for excused prayers for women bcz it's not missed prayers & we don't have to make them up. I request an ""excused ""option :)",4,1,6.7,2024-09-16 09:18:49,"Assalamualaikum, we have a excused option for ladies. Click on the prayer tracker and on the challenge status you will see a hand icon. Click that and it will allow you to pause the challenge.",2024-09-16 20:35:10,6.7
9bcd7ccf-7726-444a-abdc-da0dda7d59ad,Mirna Mohammed,https://play-lh.googleusercontent.com/a-/ALV-UjWsvkdWOBoi7y1H8sFQ3CEhgLAQR3Q0fkzojxec_3jy7IjB4JAE,Wow what a beautiful app,5,1,,2024-09-14 23:50:27,,,
2b1e8bd2-45a4-4968-ac77-18b1d87cb860,Sara Saikh,https://play-lh.googleusercontent.com/a-/ALV-UjWszYcpntEcebA72d5NBE6PHuGeC4Ah6iDc3N115iMCDaZPS0Nr,very good,5,1,6.7,2024-09-12 20:48:08,,,6.7
83388a64-bee1-4c0e-938a-c5c6b27c2ebb,Elly Psilos,https://play-lh.googleusercontent.com/a/ACg8ocJ86GvKVG52yNeU-Yy6n3kZ_ozTEcFijdQ11pTSIFI9-bdQwg=mo,Alhamdulillah truly Grateful,5,1,6.7,2024-09-11 06:46:35,,,6.7
283b833b-ffa0-4322-8e33-656204b4f261,مؤيد عبدالله,https://play-lh.googleusercontent.com/a/ACg8ocK2rdCXG82Qts58SWfLf7mWX45VlEHwEAeTCKtmB2j-_2wjPA=mo,This app is really good and i wish this app is in Arabic,5,1,6.7,2024-09-10 14:46:31,,,6.7
dcef20ce-f9e7-42c3-88bb-be49131d03fd,Danish Shaikh,https://play-lh.googleusercontent.com/a-/ALV-UjXXrNx8eCMmwtRFehTFsKtHF6YCWCt2D_DAYmFxBlATXoXHav3z,Wonderful,5,1,6.7,2024-09-09 18:25:09,,,6.7
637bb9a9-44b5-4ed9-b477-4e9c19f40eb5,Ait ali Houssam,https://play-lh.googleusercontent.com/a/ACg8ocLnDZj8yz4wY1b_XXd7gs0QbGgYEPVr-tqmuuM-QbfeeTbG4Q=mo,I like this application and machaalah,5,1,6.7,2024-09-08 10:29:43,,,6.7
e6401eba-e202-4d58-9e3c-0193928c284d,Sohil PS,https://play-lh.googleusercontent.com/a-/ALV-UjXFiuYldYbOBqJzVaMaE0ta1lZkqFjiKAVl__OT1hSGOqqAe240,Just Started today. Liked the interface. May Allah guide us to the right path.,5,1,6.7,2024-09-04 19:31:48,,,6.7
c1540c8c-3fe4-416d-8820-8c3ab6cfa92f,Ajmal Thajudeen,https://play-lh.googleusercontent.com/a-/ALV-UjV0aR6IfwPZUFAUvYNAxsieVkPlo0WNj1ID1Jv-b8B7IK8BmQ,"This app is very interesting this makes my salahs more interesting by giving me challenge,they have salah reminder also as the form of prayer calling, this can guide you to how to pray 5 salahs with audio and photo guidance. It also have challenges on attending sunnahs it have a long list of sunnahs that i knew after downloading this app!! Thank you for making this app 😇😇😇",5,8,6.7,2024-09-03 23:04:53,,,6.7
39649df7-abc2-491f-8e51-daf3328d5ba9,Shams Sazeeb,https://play-lh.googleusercontent.com/a-/ALV-UjVl1LtsfrLq1dKPMX1Mc6tMxJ9mBgsFAgNgssKygzaUAQRAU9w,Best App for Salah in Android platform,5,1,6.7,2024-09-02 18:07:06,,,6.7
24e73953-9910-4840-8baf-f728d49d43ae,Purity Leshorono,https://play-lh.googleusercontent.com/a/ACg8ocJ_oI38K6SNb0ysqtUFJsn6THdk445c6Srkn-CmWna0p0WSQw=mo,Best app so far to remind my fellow Muslims of our daily prayer,5,1,6.7,2024-09-02 06:03:44,,,6.7
d68e2bbb-b547-494c-9861-9a6613313fee,Qaseh Nureishal,https://play-lh.googleusercontent.com/a/ACg8ocJRDQA2EOGcl-T-FfWGc865q09XnFFWT52TGcSyPHtA5UcfsA=mo,This apps so good and this apps help me to pray,4,1,6.7,2024-08-31 21:42:56,,,6.7
a68fa35a-5123-4a6e-a413-dcaad7e2a6cb,Fardeen khan Fardeen khan (khan),https://play-lh.googleusercontent.com/a-/ALV-UjX_QM_IAWjtwnye7abcFYaMx-EZnMXWBVN056CwULo-TFzq_XzR,Mashallah it is very nice 👌,5,1,6.7,2024-08-30 20:25:38,,,6.7
c32c6ca4-1eba-45c4-829f-82f9f4de5746,Muhammad Nisar Ashraf,https://play-lh.googleusercontent.com/a-/ALV-UjUpIIE694Th2P1NibHMCV0Kldu5fGH7es9dZ3vBzb5-RncpxcNb5g,"MashAllah MashAllah MashAllah, this is the best app i have ever seen. May Allah bless and reward all with heaven who made this app and who benefit from it.",5,1,6.7,2024-08-30 19:01:20,,,6.7
34e34028-7799-4ea6-95c2-8a234def87ff,Sana Alizada,https://play-lh.googleusercontent.com/a/ACg8ocJO0ngy1BF-gYT6d8L9aYi9YhHk1GBZD_lrOi1jssqOoiUn-A=mo,Very nice and organized app :),5,1,6.7,2024-08-30 02:31:25,,,6.7
81456066-5e12-4ad3-a201-053ca9e272f3,Muhammad Ummer,https://play-lh.googleusercontent.com/a/ACg8ocJaOxlrBlgp2LmSiJeyjirO2TY47BgoxWsqq6cW-B7HJLPM2g=mo,How it used ?? It is stoped On location and bettery saver option,1,2,6.7,2024-08-30 02:16:04,,,6.7
c3f473e6-cb25-4155-9e33-f8466e6adf43,Nusrat Nuri,https://play-lh.googleusercontent.com/a-/ALV-UjWvpUqpUPaTCW7ddOIDI2KLIZdz1ko6UCsWr_M14teRTTYmB-HDSw,Excellent,5,1,6.7,2024-08-29 17:28:34,,,6.7
7e350d36-6453-4420-b10a-b4bff22eecda,Muhammad Muddassar Iqbal,https://play-lh.googleusercontent.com/a-/ALV-UjV3c4mnWfgN1VK4oGx5Vu8AA9oHtwDZ5Jm5c0ojdGceTaDRr-Ac,Good,5,1,6.7,2024-08-29 11:05:13,,,6.7
4e59e9ae-f721-47ad-a361-1f472c722b17,Muhammad Aisha,https://play-lh.googleusercontent.com/a/ACg8ocJUB3pUTgnZvPYKbB-RSZdgr4htTYYx0B5CpsU4iF5Oo45jEA=mo,it is so helpful,5,1,6.7,2024-08-29 10:59:36,,,6.7
c2503b96-1463-4532-a643-a7970c3f6b1f,Online Sellers,https://play-lh.googleusercontent.com/a/ACg8ocL59jzIVcFfJITm19ARUcR7-6hw7AaTWNW0OdyJizRExeEYNw=mo,Good app,5,1,6.7,2024-08-29 08:31:33,,,6.7
97f58dc5-b941-4733-812f-a68f529aa2de,Fariz Ilman,https://play-lh.googleusercontent.com/a-/ALV-UjUWpGslrhcZ7gCa2RxgBpE90oextzmS3i_Vd9txktDuZH9xSAiR,Nice,5,1,6.7,2024-08-27 11:17:19,,,6.7
1eeffe3b-6e0b-40f1-b70e-16d177dca757,F Abdul huck,https://play-lh.googleusercontent.com/a-/ALV-UjW_r8AIfuCU24u_JGB6qO2fs7p2w0ed_Y0sijVV9DaOseUbcXFi,Too good,5,1,6.7,2024-08-26 18:06:34,,,6.7
91f87086-34ea-4097-81b6-c9346a448306,NIHAL FG,https://play-lh.googleusercontent.com/a/ACg8ocIe1U0pD0lY343D9TRedKI-ONw3S38yZcMIJS4ws7LUHFnO1w=mo,Nice app,5,1,6.7,2024-08-26 06:23:45,,,6.7
4ddb7226-13c0-4aac-914a-27dd7dd6d50e,Miller Sharp,https://play-lh.googleusercontent.com/a/ACg8ocLbkG-XF58F08XiMdP2He3TOR24q0aY3ym3ufPtGUS_Q3ewxA=mo,"I SWEAR BY ALLAH SWT THAT THIS APP IS UNDERRATED, I CHALLENGE ANYONE WHO USES THIS APP TO FIND IT HARD OR UNPLEASING, I HAD IT ON MY PHONE FOR OVER A YEAR AND TODAY I WANTED TO KNOW IF THE FAJAR PRAYER IS ON TIME WITH I ANOTHER APP I BEEN USING AND GUESS WHAT? IT TELLS YOU HOW TO USE IT AND ITS VERY SIMPLE AND IT GIVES YOU MANY OPTION TO GET HASANAAT(DEEDS) THROUGH OUT THE DAY AND I STILL HAVE FUTHER MORE TO CHECK, ""MAY ALLAH SWT REWARD THE MAKERS OFF THIS APP"" APP LKS UNATTRACTIVE NDS MAKEOVER.",5,1,6.7,2024-08-25 01:26:44,,,6.7
3805b3a6-2258-475c-a0c4-a86ce19b9385,Zainab Zakariyah,https://play-lh.googleusercontent.com/a-/ALV-UjWYWkF975K7vZFy1HgInwDWnRPoj2dX0Fx495lh0_UURh-hTtRa,"Allahuma Barik, wallah, I'm glad I found this app ❤️",5,1,6.7,2024-08-25 00:45:07,,,6.7
0b0750a5-e115-497e-bfe5-a3b9cac442d8,md imran,https://play-lh.googleusercontent.com/a-/ALV-UjVMZDGKSPbRzgYcuKIjOO2mlfQQMPSCSaBf9I1UPwCSvTmfgLY,Very good,5,1,6.7,2024-08-24 20:44:53,,,6.7
2aea3292-ca5d-41da-9c3f-3c66d7b43d4a,Abdoullah Al-Jersi,https://play-lh.googleusercontent.com/a/ACg8ocLOuc3fpKBW4Cc67E7x7tAJwfG8gqRXQmHM-_40PZxLku-VYzGI=mo,mashallah 🎉,5,1,6.7,2024-08-23 20:51:23,,,6.7
962a9607-e348-44eb-a83a-ad670c86f917,Dahli Khadidja,https://play-lh.googleusercontent.com/a-/ALV-UjXBpxsJrfQOYCNNhQQdAoq6k8RH7HBr8DAUKsrWQpJ1ecYxVSdH,Amazing app,5,1,6.7,2024-08-23 02:29:23,,,6.7
674c983d-2752-4376-9baf-22086beb439c,yasmine fathy,https://play-lh.googleusercontent.com/a-/ALV-UjXeqd8XOppy2piKJGEzNtKgGfzfMm-i6EsJ5RVNB6uq7s-yvy5E,شكراً لكم,5,1,6.7,2024-08-22 23:38:28,,,6.7
e7d299ea-d9fc-4feb-8842-41507f188656,NAWAZ AHMED,https://play-lh.googleusercontent.com/a/ACg8ocLL8O4f9wZrdAaewYfJCJGlZ3x8O1woFb0Cs0wAiqLCCxBaBw=mo,Excellent,5,1,6.7,2024-08-21 21:15:06,,,6.7
27309120-fd88-426c-97a1-f44d63352b1e,Marilou Valdez,https://play-lh.googleusercontent.com/a-/ALV-UjWaW2-KumqXi69CLQ8J492DzFRlIfMUyYGuGvEKJxr_ulO1I8Qv,I am very to know this apps,5,1,6.7,2024-08-21 21:00:20,,,6.7
2cb60733-f96e-4453-9fec-ab5b96abcd18,Nurma Fidia,https://play-lh.googleusercontent.com/a/ACg8ocIcyXL3FeTNlKCTX-Yj1LB0lu0PqqwNY9UthGH3tBK1ZjOq3o4=mo,Love it 😻😻,5,1,6.7,2024-08-21 20:31:04,,,6.7
1fe1f708-2c57-4619-8b69-74e7e96bc18f,Lawen Barzan,https://play-lh.googleusercontent.com/a-/ALV-UjVaQn507JuKiPHg4FzxjAZiKQAx-z_rfMqcgoJnY1z_vEjGQ_Kz,Very helpfull,5,1,6.7,2024-08-21 19:51:21,,,6.7
219efb5f-cfd2-42a1-8d3d-1d71b4ee1615,Muqtadir Steenkamp,https://play-lh.googleusercontent.com/a-/ALV-UjURNQ59dPTUKovCpXbd9P5CpjYblLJyAnQOjPemP9cVoS-0pUWc,Amazing,5,1,6.7,2024-08-20 11:26:14,,,6.7
8571bbd4-7010-460d-b700-66393f952096,Mazhar Hussnain,https://play-lh.googleusercontent.com/a-/ALV-UjU69s_0bGO_kHWUa4arZe337CmatJSwTk-bLyvioHhQCBHsLijg,Good masha Allah but I'm unsble to select Hanafi section,5,1,6.7,2024-08-19 17:11:20,,,6.7
f4a5741c-d1f7-4006-98c9-1518c6a1b2c3,juma magero,https://play-lh.googleusercontent.com/a/ACg8ocK4awm0JdIPUqlEKCrIAmAyoHKBTYvoid1NaKxDGbun1T1jJg=mo,Would be helpful to me,5,1,6.7,2024-08-19 13:15:35,,,6.7
180031bc-e0b6-4c3c-8620-1ae28247be43,Farhan Faahiye,https://play-lh.googleusercontent.com/a/ACg8ocJMei95aWBkIOa6fWdIsL0mFohhmSiMG1gYZfUqyl8wEqUuAQ=mo,It really helps me when to pray now I know masallah download this app to help you pray,5,0,6.7,2024-08-19 10:17:10,,,6.7
c4d9827f-3da5-4ccb-b83f-541a24658ca6,harun rashid,https://play-lh.googleusercontent.com/a-/ALV-UjUCRPm4xEivYmCpkIbYG9y4-qux-HL1iEjQx1vDzOqr2QsQhF1z,Masha Allah,5,1,6.7,2024-08-18 20:19:19,,,6.7
57311ef4-fbe5-4ebc-bd7d-ff2ba0397f2d,Saqib Khazi,https://play-lh.googleusercontent.com/a-/ALV-UjXrGi7YWSZtzghTQfLVGurrbff2LuzpekEZidlLmI54mcr1X8fp,Awesome App....Results are amazing after using it with my Friends by creating group....It takes Salah accountability to next level.....Tqsm for such an amazing initiative....,5,1,6.7,2024-08-18 17:22:14,,,6.7
13bbd222-c7ea-4e10-a8b5-c01f42eae77c,Khadija Khan,https://play-lh.googleusercontent.com/a/ACg8ocJVfxkFvYGnASyawh-Vf8zKpxrbB9q_rrCLxG3RQ69k5ksz5A=mo,Really good for your Salah tracking with No ads,5,1,6.7,2024-08-18 13:34:16,,,6.7
cf47a97a-8487-4643-a3e4-ae39351e7cfa,Shifa,https://play-lh.googleusercontent.com/a/ACg8ocI700vPY6Xhy9nKBtXlge2saLzl82NcpsAjoyHhkIKf6a3zpg=mo,Love this app Every muslim should use this app💫🌹❣️,5,1,6.7,2024-08-17 14:49:24,,,6.7
1227d230-a58a-4252-b614-ad124bcc6a1e,Terrence Barrington,https://play-lh.googleusercontent.com/a-/ALV-UjVlFnnvsuNHEiMUAtZHdDF4azb7zXA7krsnBOqHWZ1jaak0rlrV,Great app,5,1,6.7,2024-08-16 15:41:33,,,6.7
9f3e3723-22a0-4bab-a739-d5994d201f8d,nihala mk,https://play-lh.googleusercontent.com/a-/ALV-UjWv9Om-e2t0FCtp6oWhcayaw2cNMSDCjtReZLllj1rCVe5Wz1cC,Mashallah it's really good it was including how to take salah and wudu,5,1,6.7,2024-08-16 13:46:49,,,6.7
c85d63f6-cf8d-4718-8c1d-1a24504cba83,Ayesha Shaikh,https://play-lh.googleusercontent.com/a/ACg8ocJLodfprrg4chbrevLWBujC5UTZ8NYAP7eyDayxO-ngB_Z-oA=mo,Best,4,1,6.7,2024-08-16 07:16:24,,,6.7
a5e8a97f-ec35-4bb5-a780-053af2f0f0e3,Raheel Speaking,https://play-lh.googleusercontent.com/a-/ALV-UjU4M1ltLtBWIfNqFY2WTIIVjG-UYp1rf-wbIpiiPPdLwYPW0LI,"It's the best app, with great features.",5,1,6.7,2024-08-16 05:34:48,,,6.7
c7c6ae28-27b6-4218-a9db-cd89b0ce2674,Kaif Ansari,https://play-lh.googleusercontent.com/a/ACg8ocKVv8lw-SAVzhknX5-IpQaA6uu09fVxz0WoscyIoO0AWXY1ocI=mo,Osm making,5,1,6.7,2024-08-14 15:00:14,,,6.7
098d9661-3831-44e4-9909-6462e8affda2,Bello Mark,https://play-lh.googleusercontent.com/a/ACg8ocJvfKLZm9Iq8lBUvU72RTVnWYXWErufH9CD1T-VxRHTblMakg=mo,Nice app,5,1,6.7,2024-08-13 23:40:12,,,6.7
68280200-8e57-4dfb-83c9-a9f1716b3f68,Md:Saddam Hosen,https://play-lh.googleusercontent.com/a-/ALV-UjW65motD0W9c0WtXEfhIoyYcQhvJBHSs_g_9FF08tPC6Ld3W0jQ,GREAT APP👍,5,1,6.7,2024-08-12 09:17:45,,,6.7
2730f453-2cad-4769-b31b-79e721881e37,A M,https://play-lh.googleusercontent.com/a/ACg8ocJei_SOukWwJTh1T0BcQMS2nJTr4F5tUqzFVgkOU1DagI43aw=mo,"Best muslim prayer app yet, so many benefits. Thank you for creating this.",5,1,6.7,2024-08-12 02:32:53,,,6.7
be2542d1-b62c-4285-9794-7d2737bedeca,Zafer Dannaoui,https://play-lh.googleusercontent.com/a-/ALV-UjUJoaPwJYDwY8rYDn19bWq4io5tkrFe19105PI7gphw4X71F4F0,Very amazing app it really helped me stay on track with my salah and it even converted one of my friends.,5,1,6.7,2024-08-09 23:33:50,,,6.7
b8d3e280-2a63-4184-9205-b2673b793d24,Kakashi Chinali,https://play-lh.googleusercontent.com/a-/ALV-UjX_EFs8EXd__PMaXAEgLq7XxIMMyhS6GkSbgslST2fFWf754hob,Mashallah,5,1,6.7,2024-08-06 06:47:20,,,6.7
cf1bca65-137c-4306-9ed0-d636fc7f324c,Tom Lake,https://play-lh.googleusercontent.com/a/ACg8ocJMj03kTp90pqQscd6Pl5MdMixGtvYygspSKmNa4fppQDTrKV7c=mo,Very useful Islamic app,5,1,6.7,2024-08-06 03:54:24,,,6.7
eee53feb-74f5-4f82-a11b-6b25a2447140,almas,https://play-lh.googleusercontent.com/a-/ALV-UjXPL5bmqvhPZuBjfpJeBdjZn3XQkSw2tzo7GfdbLelXVpD76Dk,More to learn,5,1,6.7,2024-08-05 04:29:07,,,6.7
ae6c2453-3f02-4e76-8caf-cc0362db2f56,Reem Elpatross,https://play-lh.googleusercontent.com/a-/ALV-UjXfrIfAgbPkhf3yI_BL7JQFJXEJvtdAax2uSARC_vA4eZR7oLYR,I just downloaded this app I really loved how it works and already took 3 days challenge for prayer improvements I hope it will help me and work for me may Allah reward you with good ya ikhwah .jazakoum,5,1,6.7,2024-08-02 10:25:05,,,6.7
8c68def5-accf-48eb-9fad-2c0e277f8128,Ariful Islam,https://play-lh.googleusercontent.com/a-/ALV-UjWEBG8bn60YuBgcF5gx0105pUaY9NyDPtd8sgYaqEoHPmGmub8,Great,5,1,6.7,2024-07-29 01:46:59,,,6.7
263b19bc-d46a-420f-8d7b-57371cb9eb34,Mohamed Abennaou (Abennaou Mohamed _B1_smpc),https://play-lh.googleusercontent.com/a-/ALV-UjXx5KDnoansyE3p9XelMuiGAEpqbCnfvH8VPpW8L4xIGPs-KPlb,Is good,5,1,6.7,2024-07-26 15:42:56,,,6.7
7aa46ae0-3b28-40b5-9ed6-bd6f2c02cc43,Ibrahim Hassan,https://play-lh.googleusercontent.com/a-/ALV-UjX9j7GdQ7nWhiY6HnYtZkGlxDO94h4n1_lklErDfk5zjONoUacE,"It is a very good app for new Muslims, it provides almost accurate timings for prayers. Overall, I had a good experience with this app, and therefore recommend it to my fellow Muslims.",5,1,6.7,2024-07-25 02:44:09,,,6.7
ae6ed50a-3069-4125-a73f-6dfeb2afa767,Vivi,https://play-lh.googleusercontent.com/a-/ALV-UjWMnL7I7_HUzf8ie_OcrObi1y-lVFNPNqk6FEwD3IG19X3q-xUg,"I'm enjoying, keep up the good job",5,1,6.7,2024-07-24 20:50:33,,,6.7
2ee48c69-0a0d-42f1-94e4-f26be995fd03,Salihu Hassan,https://play-lh.googleusercontent.com/a-/ALV-UjX_3Xyz6x5woEOS9uylrItA3QPEdFd2LSlueczCQtkhzY-2d-8Q,Apyy,5,1,6.7,2024-07-24 15:11:56,,,6.7
bda38a0f-c0bb-4b04-96db-6ae55e91a2e4,Sohail Shaikh,https://play-lh.googleusercontent.com/a/ACg8ocKW7PW6Xj_59YqVYJPe7RoDjv1KL6UOkwdqo7cbHdtCqNDFeQ=mo,Mashallah,5,1,6.7,2024-07-23 21:45:39,,,6.7
64ee4ac2-28e7-4c85-90dd-2217144ba72a,Rana Khaled,https://play-lh.googleusercontent.com/a-/ALV-UjXzmezJfzq66ut-Vk_arZnDDpwnnEDCb03kFHPNxPJAsPIwuovJ,I loved this app keep it up 👌🏻💗💗,5,1,6.7,2024-07-23 10:11:18,,,6.7
1851bd3c-52fa-4609-b6df-61f8f8b45eee,Talha Sayyed,https://play-lh.googleusercontent.com/a/ACg8ocLg2oPYmMnHA74mJRofLRG6Ma3kW6mNHpNN-NPf2psnEl7WPuY=mo,achi he,5,1,6.7,2024-07-22 14:34:32,,,6.7
79b408af-2664-4735-8ad7-b4e8bb25c1dc,Karma Samara,https://play-lh.googleusercontent.com/a/ACg8ocJNOyPi_z9rsfLbX_Awr4j6ce1nEFtLL0aOw-8p0NieUzPDDg=mo,Nice I love it,5,1,6.7,2024-07-22 12:54:35,,,6.7
761b503a-545f-4340-9168-55ecc14653e5,nasra abdub,https://play-lh.googleusercontent.com/a/ACg8ocIK5YXo8rVv9laWc4u8EitpNPm5zRxKlJlBYCXOq-wfZMZp-A=mo,Its Amazing I recommend it to everyone,5,1,6.7,2024-07-22 00:03:32,,,6.7
33b3eb23-f0d1-4fcf-9a75-99035f626d9e,Nur Nazrah,https://play-lh.googleusercontent.com/a-/ALV-UjUBSocK_V8Alzr5tpCJ8PDLQ-togN8JKu8cK8b4gSc_7q0ZM7WtZg,Boleh buat dalam Bahasa Melayu juga tak?,5,1,6.7,2024-07-20 16:51:17,,,6.7
908265f6-3ee1-43d1-826b-aa9868363647,Uriah Motu,https://play-lh.googleusercontent.com/a/ACg8ocKg5m6Q60M9-Y-p7We3IG7JHbcyw529PA25juRuURiQ7DnVcQ=mo,Amazing App 🙌,5,1,6.7,2024-07-20 08:13:55,,,6.7
5b963b2d-47f6-46a3-a517-f33569afbf6b,Khalid Hastings,https://play-lh.googleusercontent.com/a/ACg8ocLVXEXHeRuWNM5Snrl_P4qMpG2ICen2oLrC-t16lHAQdrCMgA=mo,Good features including prayer and Sunnah habits tracker and group tracker settings...only thing that could improve is show daily/weekly Salah times not just next Salah times--but I'll be switching fromy other athan app to this one anyways.,5,1,6.7,2024-07-19 17:54:27,,,6.7
2ea69686-e362-4909-8ab5-1c39713f7c8c,shahbaz saifi,https://play-lh.googleusercontent.com/a-/ALV-UjUqE19yEUKagkNW7WSGS0p0vCVOEyXDmIm-3enRbmGEMDqF3FmVjA,Best app,5,1,6.7,2024-07-18 18:31:55,,,6.7
273d3df1-0e36-432b-8393-deccc41460c2,Samir Attai,https://play-lh.googleusercontent.com/a/ACg8ocLZmhUtCsgqmKDMm5Xjxh8rtp5s47a5wGX3ytHcpXGVoAATgpml=mo,very good,4,1,6.7,2024-07-18 12:51:18,,,6.7
c374a076-15cf-48f8-be3d-ff363c7331b0,Abdiqani Axmed,https://play-lh.googleusercontent.com/a/ACg8ocIwwHg8bVp2WuTUCy8bifNatHAw3CvoVeIIuZWLDoS0ke9f9A=mo,I am happy alhamdullilah,5,1,6.7,2024-07-17 09:07:43,,,6.7
2d7577ef-73f2-45e1-ac3b-8701a3712af2,Blaine Campbell,https://play-lh.googleusercontent.com/a-/ALV-UjVkl3YV0AdhYHkl8j-m84M2Nu0RXVlWzj92C6bx4WVdFaPbOVI,Happy,5,1,6.7,2024-07-16 06:51:06,,,6.7
9f97dc37-6ee2-45e9-a469-d31ef312d330,Akpa Suleiman Opaluwa,https://play-lh.googleusercontent.com/a/ACg8ocL-qkhJyPYCROuj2659BCslyJxXp_GzTIb1Eelw__vdkqjfwQ=mo,ok,4,1,6.7,2024-07-14 21:44:03,,,6.7
02e8a41f-8092-4a45-b294-9b376a966db0,MixPG St Shirt,https://play-lh.googleusercontent.com/a-/ALV-UjWSEMOFUI5-IRwrCMy2Iukz0dUvH23SKXTTBLHHTug8uXeADfMG,I like the daily habit reminders. It's hard being a revert with no one to guide me and this app helps me guide myself,4,1,6.7,2024-07-14 01:47:31,,,6.7
59e8bb1d-ce25-48e1-a59f-d8195b748c28,Akil Hussain,https://play-lh.googleusercontent.com/a/ACg8ocK9SEHOzeEyHET6XjNK73bpOA06sV6qJ9hs2phvfSozjBNNSg=mo,Good,5,1,6.7,2024-07-13 01:00:43,,,6.7
75d1988b-2751-4108-8502-f633310269f3,DiamondBoy348,https://play-lh.googleusercontent.com/a-/ALV-UjVx_G5MOJXM3AQnQ6F4ag3LZI_dl-MyUMJYsquKJbH3xpft1kz1,Perfect,5,1,6.7,2024-07-12 01:42:17,,,6.7
84502cfd-35fd-473f-be66-b4292382fddb,LaDonnya Johnson,https://play-lh.googleusercontent.com/a-/ALV-UjW27D-Z5QD1n6BRbS7i3OX0oxMYmj905VqRCgjb2OL7uNSX4n6v,Love it,5,1,6.7,2024-07-10 17:30:56,,,6.7
42dba9d7-f65a-4047-bc3b-c06af50a77da,Ibtihel,https://play-lh.googleusercontent.com/a/ACg8ocIjHNfoGC_fsYUHzIdxIDH5Q97vukP3Xzkl1Vrhzt38waiWYg=mo,I love this app,5,1,6.7,2024-07-10 16:43:34,,,6.7
6fd11a21-bb6e-462a-9bbe-8536475962dc,Yasin,https://play-lh.googleusercontent.com/a/ACg8ocIzxNkUhgQccS_Z1RO_aDtiCtvOCqDdWoE2Mu72JAd17YmLmcS_=mo,Best,5,1,6.7,2024-07-08 19:01:04,,,6.7
3ae4984b-1768-421c-9970-558cd14c3f84,Asil Ahmed,https://play-lh.googleusercontent.com/a-/ALV-UjUEEzzib00HBP52z1eiotGKjgj3DhvEEQqRAw5r-nzcEr3XmXPR,I would've liked the app more if it had Adhan notifications.,3,1,6.7,2024-07-08 12:17:59,,,6.7
cb65e19e-f9ff-4e6e-bb37-397c2dddb01d,Rayen Marzouk,https://play-lh.googleusercontent.com/a/ACg8ocKw2AKrijGJ7e4zfmNYvplSa0TmHdfyAjrA3K0EWmLc3w5RyPg=mo,Very nice app,5,1,6.7,2024-07-06 19:06:35,,,6.7
cba68919-cde4-4d19-9f4a-f0166d3c71be,rotten mochi,https://play-lh.googleusercontent.com/a-/ALV-UjWWnQvlmWi4ZyzdRS8QtFFY_exxV_juqkymNQc7W43iOMC1hNA,I really like this app but it will not stop crashing everytime I open my daily prayers. I want to use it but I can't because it keeps crashing.,4,1,6.7,2024-07-05 21:28:54,,,6.7
1efca4c1-985b-4a5a-a95e-850d5f834fc0,Veezalah Khan,https://play-lh.googleusercontent.com/a-/ALV-UjXHmJIwVl7tAMJ6bDDOrawPOHtc4zH5EWnfEXL0I0o3Jy4B-To,This app is all you're looking for alhamdullilah I glad I got this 💖🌷🫶,5,1,6.7,2024-07-03 02:00:28,,,6.7
c57030ad-96f8-41f8-ba53-8710c89416c1,Aqsa Qamar,https://play-lh.googleusercontent.com/a/ACg8ocJhfv63isK-91FZSuHY3m_OL1B9XmOgnAY-5O9nyjgQQvXGVg=mo,Liked all the features,5,1,6.7,2024-07-03 00:13:44,,,6.7
02eb7dd7-a15c-420c-b958-17dd04149ddc,Keiyatie White,https://play-lh.googleusercontent.com/a/ACg8ocJGX1GkKgXcpKLl0qvrlNIcDjUG4D2Y4GptY7f-eGps3AAoxw=mo,"This is a great beginners app to have, the angel in your study and following Allah's way of life",5,1,6.7,2024-07-02 20:02:12,,,6.7
968ab1ac-85c1-45c9-89ca-ac5ef1d533a7,Hater Of love,https://play-lh.googleusercontent.com/a/ACg8ocK3SmQDL2R1uOkoXyvz-YJc2IkOKQNWUvklUa-6EhtvNQDkcQ=mo,i'm in love please can u add widget on it it will be more eseir please💛,5,1,6.7,2024-07-02 16:06:38,,,6.7
3e37fcfa-7016-448c-8678-25b6bd14c28f,untung priyono,https://play-lh.googleusercontent.com/a/ACg8ocLgyS8eCuTJqh58akRfOVPslz6johiWiPiUSRpbhOaQvm8wfg=mo,Good,5,1,6.7,2024-07-02 13:07:27,,,6.7
34ff0027-a250-46c9-b4a2-65957d0b7140,Faisal Khan Khan,https://play-lh.googleusercontent.com/a-/ALV-UjUisw2ni90PbOe-wKBdea8zGRLRC2bydv4_k1WzPq5ZmySoGnuU1g,Just downloaded Very useful app,5,1,6.7,2024-07-02 09:46:25,,,6.7
6e80ca82-6c55-4781-82aa-4f4b3e6f46df,Fun Sheren,https://play-lh.googleusercontent.com/a-/ALV-UjVQ5_eS5JMbS-Fv7Neb81t6lTmyi5kQBa-RMdHHdeHvF-sIxiX2,this is a great app!! please add 4x1 Widgets,5,1,,2024-07-01 05:10:50,,,
833a9cbf-1693-4bd9-a910-ecd138328244,Kanyanga G Kachika,https://play-lh.googleusercontent.com/a-/ALV-UjUgsU1K5_uDJo3mShhA_APUc4mymElTlsPKHoSyqAQOdN-eXOOp,Best app ever.,5,1,6.7,2024-06-30 07:24:14,,,6.7
d0b6e7f6-22a5-4a5e-8578-c5f65947233f,Arjun Mishra Mukundpur,https://play-lh.googleusercontent.com/a-/ALV-UjW1IjQzyDyhuOQ4rPRUD8CAnkRkiGYgZkkbN17xtxk485CmCyUz,Very good,5,0,6.7,2024-06-28 13:06:22,,,6.7
d2d36fcc-c347-4b9c-82c6-d0a4ccee9cfa,ISMAIL ALFONSE,https://play-lh.googleusercontent.com/a-/ALV-UjUSVCA89rLGLMLchDPflYs_tDZyQ_MEsLzJZ4FPwzUC0TNktmQ,Not bad try it for more information,3,1,6.7,2024-06-27 23:58:44,,,6.7
2560e1d6-6b13-4004-8cac-872a2a2e7bba,Faisal Bhai,https://play-lh.googleusercontent.com/a/ACg8ocJVDNwM8zbzDVKYkYvGy5nXjJKD0LZqr-BOf807SrGGn3Zy_g=mo,I like vy much,3,1,6.7,2024-06-27 18:11:09,,,6.7
1b076d69-ba74-4a73-8d66-640050539a12,Obrian Lance,https://play-lh.googleusercontent.com/a/ACg8ocINc7pTiolJFU6EAHVyRvW7Jr6M-zFAgjkxI9q7ZZnlgmDJ9J4=mo,Very good,5,1,6.7,2024-06-27 07:38:33,,,6.7
2406179c-9f03-4dc0-9868-71e2e9ef4dff,Mariam Ahmed,https://play-lh.googleusercontent.com/a/ACg8ocJnr8UjjK5WbOKMCoapnge7Az2KLR888iTJtUOLmnUc-5B09w=mo,"The app itself is great, I love it. However, it hasn't been opening lately due to some sort of bug, I've tried uninstalling it and installing it again and clearing the cache, but it's still not working, and what good is a great app if it doesn't open.",2,3,6.7,2024-06-27 07:20:55,,,6.7
fbdf5c5d-1e9d-4118-b708-72d7830bb9e1,Alisha Ali,https://play-lh.googleusercontent.com/a-/ALV-UjV7cA3NB_owmqopG8KliG14pfuvAcpLcwb8JHh9jUTqG3z_yjsm,I Love This App .,5,1,6.7,2024-06-25 22:41:05,,,6.7
6c7fd8be-f882-4b2f-a06c-0fa55b232e32,lounge cooper,https://play-lh.googleusercontent.com/a-/ALV-UjVmt4-LLvhW6MAO4z84NWj3I4k_c9li_o5OdFd0tqBriWIVfQY,Wow keep it up for ever,5,1,,2024-06-22 20:33:08,,,
eb0b687a-890c-4b89-87d5-87efc35babf8,Manal Ali,https://play-lh.googleusercontent.com/a-/ALV-UjVCnhS3B8lYfwyLDj1rbO8j6OEtkqM-3B-7LKZkGF0fkZGoPRir,"I think its really gonna help pre teens like me, who have drifted away from allah its good and helpful",5,1,6.7,2024-06-22 12:54:30,,,6.7
b9037b47-5fa3-470d-a9b1-ffea2f42f254,Amjad Khan,https://play-lh.googleusercontent.com/a/ACg8ocJpSFFjJXnqhjpPyCplGpFr-MjT3__PpF9rEhzUN1uGW3Oa96jx=mo,nice,4,1,,2024-06-22 10:00:32,,,
e0957a44-fa2f-4919-965a-e8854e816b6b,Mosin karim Barbhuyan,https://play-lh.googleusercontent.com/a-/ALV-UjUa5ordK29kKuVA3iyj_YoWCzeRkvLP-aR_QXPTDLeqevVflE41,Mashaallah very good,5,1,,2024-06-22 06:16:37,,,
4adb947b-2f56-4df1-9c5e-de9f859722d1,mohamed abdi,https://play-lh.googleusercontent.com/a-/ALV-UjUaFe18dxx4FlFSgMqSKVdIKvJ8jvdeeHMgQ781tGWRdUmG5dA,Good,5,1,6.7,2024-06-20 21:27:03,,,6.7
7f7bcbe3-3790-4246-9eee-8b0d8fcf76af,Aya Ni,https://play-lh.googleusercontent.com/a-/ALV-UjVRuK2XnVU7PktWNfKa9lBJ9_xe3EpqUi5KoxjGvNH61YgtM3pd,"الحمدلله that I found this app,🥹",5,1,6.7,2024-06-19 23:17:46,,,6.7
1d2b8a26-7045-424d-a581-8d65d5f2f2b2,Mohd Arsh,https://play-lh.googleusercontent.com/a-/ALV-UjU04BYrEFQzjQUwbjp6m_2xFZuTKldYbNozN_xXNX900BRWqRcy,Massallah,5,1,6.7,2024-06-19 15:04:32,,,6.7
13656ade-74c3-41ab-82a7-965bde182c74,Muhammed Juraij,https://play-lh.googleusercontent.com/a/ACg8ocKndoX7nMc0capjFQMmq0iGl1758lh5LlK6TTKVLT16jX81Fg=mo,Good 👍🏻,5,1,6.7,2024-06-19 14:35:01,,,6.7
9bc9ca7b-dbd3-4457-af44-11be30d62241,Cabdicasiis Maxamed,https://play-lh.googleusercontent.com/a/ACg8ocJU-0ynC_XNhMgIV74Yufq69d8_qyuaM5h3iHOIsxrAnwivTOI=mo,Amazing,5,1,6.7,2024-06-18 07:35:05,,,6.7
0e420aa6-3a66-4844-bbb8-b3988359c263,Ya'aqub Abdul-Aziz,https://play-lh.googleusercontent.com/a-/ALV-UjUMYuzB3Ywt4ERDqj8hNPGcIUiRmAslM24fBqH7t_cccKkzCQYU,Nice one.,5,1,6.7,2024-06-17 03:01:38,,,6.7
29bf0d4a-9281-46f8-b158-9f9d63231553,Tuhafeni Ilonga,https://play-lh.googleusercontent.com/a-/ALV-UjW0fhGhHaAqOBWIas_i00CXyGne9EXdmdgr2Qnqjb_Igm0kWixf,Informative,5,1,6.7,2024-06-16 17:48:39,,,6.7
c2047922-b38b-448b-ac4b-cefccc0700f8,Zem Zem,https://play-lh.googleusercontent.com/a/ACg8ocK8M9OVXO900YX09U_UEALr_26fdaTXSKUmq9IDhN4pbGgxKA=mo,"No ads! Beautiful layout and interface. It would be nice to have a widget for the prayer times countdown, though. And possibly have multiple options of reciters for the call to prayer - I am not very accustomed to the current one on there.",4,58,6.7,2024-06-15 03:04:09,,,6.7
5bec5303-f7da-40b2-b045-6e6e605336fd,SUSIE,https://play-lh.googleusercontent.com/a-/ALV-UjXv65WXC7BmiD3_3F0d4KYvxXB53oNv3i9KTJQrTrRt4jopPkQ1,One of the best apps for Muslims especially those who are struggling with prayers/salah you can also read the holy Qur'an and see your progress every day! You can also do challenges such as praying in time for 3/10 days etc (sorry for my bad english its not my first language that's it!),5,41,6.7,2024-06-12 22:31:38,,,6.7
bca1b960-477c-4264-bfac-7ae5ae95d4fb,Youssra EL Hamouchi,https://play-lh.googleusercontent.com/a-/ALV-UjWzesMB1kU6Y1PNxOX2HahP61QNq2u3dAyTKCXxTLHPGXTUO5wH,Good app,5,1,6.7,2024-06-12 22:18:39,,,6.7
2180fce7-f993-4c9a-a25c-5fd026855d48,Allyah Putnam,https://play-lh.googleusercontent.com/a/ACg8ocIkE6rIsR75dn_1yTsM9v4s3-SnFYTg3NqmMlFJZeKjMU9gXwe_=mo,Very glitchy,1,1,,2024-06-12 01:07:59,,,
4d2363fd-d358-4983-baa2-04699de7f89e,Sabir Hussain,https://play-lh.googleusercontent.com/a-/ALV-UjVkx15y1liQITiI-lLMdF6Hs9FcCVLFkBKXgCYvpC3RxNomnJes,Simple but efficient,5,1,6.7,2024-06-10 00:47:17,,,6.7
e614c0a9-4891-4fb7-828d-d361b6b6dc6a,Jannatul Orpa,https://play-lh.googleusercontent.com/a/ACg8ocKdg03FznIkwfKueY78LyhIHOKz4Q0DuKIwvz__V7MeHa3keCI=mo,This App is really helpful,5,1,6.7,2024-06-08 01:32:55,,,6.7
54adaef0-e8ef-4bcc-9f80-5cd3c011d13e,unknown person,https://play-lh.googleusercontent.com/a-/ALV-UjVOu0guq32rfNoruCzZ-zIQro251SSLMJEdJzNr0MW_ir41vMn1,Very nice app just also add how much time is left for a specific prayer I'll be happy,5,1,6.7,2024-06-07 19:57:39,,,6.7
ee898cea-f668-433f-897a-d01140ed572d,MOHSIN KHAN,https://play-lh.googleusercontent.com/a/ACg8ocJuWv8J-WYe_8S4MjvNXbW43T5kyGoznLa4vYHY9TIWXIKiQw=mo,Awesome,5,1,,2024-06-07 16:58:03,,,
c92b5570-23e7-4441-9564-14452373df5d,Jay Ra El,https://play-lh.googleusercontent.com/a-/ALV-UjWnAdnD0IINY9gFAffuopq8XMh2hHw8qjCCQeqBtu-PPcow1pc,"Peace be with the creators of this app. Easy to use, and has awesome features in addition. Highly recommended!",5,1,6.7,2024-06-07 08:51:51,,,6.7
4466bde2-fc53-409d-8a38-444b835e5136,Dil Khatun,https://play-lh.googleusercontent.com/a/ACg8ocJCYwIhBcaTsOTsD8Ja8_rQDkkSqKr3W_viIvvRYsQXez__Fw=mo,Good,5,1,6.7,2024-06-04 19:00:08,,,6.7
eea16bbb-f7ef-4ca3-81b4-a6cd1d1bafcb,Quratulain,https://play-lh.googleusercontent.com/a-/ALV-UjUByWc_kZVTemhWtR8-6v_qF0vEv9mfYBC6-GnHk4mCKfsQScw,Very 👍 Good,5,1,6.7,2024-06-04 11:23:41,,,6.7
c0d6e496-cb3f-4027-b58e-25e35bc55ab6,Muqadas Sharafat,https://play-lh.googleusercontent.com/a/ACg8ocK9U1HAvyrdwGaLOw1QXJpqEfC_gZ1Y4p6l4u7QQ0KcCgkddw=mo,Best app,5,1,6.7,2024-06-03 18:18:22,,,6.7
6b93142e-2360-4752-9100-292df49953f9,orchid paint,https://play-lh.googleusercontent.com/a-/ALV-UjVrSiJHSAbbzJ3mxv878mIh2g6ZeIfPDaTwX6QkRWOX57FpI_8,"Good, it tells me when it is the right time to pray",3,1,,2024-06-01 16:57:21,Assalamualaikum what country are you based in ?,2024-06-02 02:12:12,
be115a69-5159-42de-b1df-4db39019bfec,Saima chougle,https://play-lh.googleusercontent.com/a/ACg8ocL2lRDRjq8nxxPBM7twWMu05mA67dLW603dY5E2LnlPdR6vUg=mo,Superb,5,1,6.7,2024-06-01 00:18:24,,,6.7
5e4cdd59-c3c6-4713-8691-bb50765a3e63,Emran Amiri,https://play-lh.googleusercontent.com/a-/ALV-UjVOxU-DUojt53Tk6bVIoCiOVQfoDeY3cCuXj3YBnVeRDczG54go,Alhamdulilh,5,1,6.7,2024-05-31 09:20:52,,,6.7
e8657f41-8f26-4c30-b6af-5c561fbb1e7f,mohamed mohamed,https://play-lh.googleusercontent.com/a/ACg8ocIX6NGjhsPyEbo9kYdEzGTgRDbNNd4Rg73om1qhmz6Ewh_jPw=mo,thank you,5,1,6.7,2024-05-28 19:56:27,,,6.7
d3817054-0ce5-42a2-a3b2-82e3a032dd96,MOHAMED THAJDEEN,https://play-lh.googleusercontent.com/a-/ALV-UjWIpCJEUk0yTp48slu7HoTAdc4IKKAqsqNbGTJAQNWpTQCyYnJ-,Nice,4,1,6.7,2024-05-25 23:21:52,,,6.7
b4fcfdaa-da04-4d06-aa4c-bd315cd867c8,arshia Kanwal,https://play-lh.googleusercontent.com/a/ACg8ocInnc4Q5yJIlQNUVHvyFE6PPDzpQs-QVOzTuaN99aqdAuefCA=mo,Nice,3,0,6.7,2024-05-25 20:43:29,,,6.7
58ad34bb-ed5f-43a2-84ad-faea1ccdb713,Reyaz Uddin,https://play-lh.googleusercontent.com/a/ACg8ocKyPFeMrx8eY7TE30WaIDz5W9bgbNBU98ZPg5mxOTI1iOyFFg=mo,Very nice,5,1,6.7,2024-05-22 14:11:18,,,6.7
7d148a32-b2d4-4cc1-907e-249c14d7ee28,chan M,https://play-lh.googleusercontent.com/a/ACg8ocJHX3kIS6mi2XNKxqNfQvyQy5RoCP8AEF05a4lSQtYLifQkxr8=mo,Wonderful I am enjoying using this app to track my prayers,5,1,6.7,2024-05-22 06:39:02,,,6.7
8443ad80-401e-4352-8396-571e1dec0569,Zahra M.A,https://play-lh.googleusercontent.com/a-/ALV-UjUD30KTO48LaQmH0uu7xMq7qAKomx75WG_Y0Js0LDyvHMrRplFwug,Jazakum Allah khayr amazing app,5,1,6.7,2024-05-21 03:37:28,,,6.7
7cf54521-ce8d-4222-bf7c-2a17cf4b7860,Mohammad Ilyas Zazai,https://play-lh.googleusercontent.com/a/ACg8ocJ5u4cnBB5BADKGYpioEZP-jiA_vgbv3IYCHCzh_ngzJols=mo,I am happy with,5,1,6.7,2024-05-19 21:29:07,,,6.7
ad581554-c171-4a5b-8369-250d81c43d38,Shuayb Muhammed,https://play-lh.googleusercontent.com/a-/ALV-UjWmxh-GLYpfzqFh2bUKIz1eqsF9R0KyTedtUZqi8lOijGq5EBkK,Best app to learn how to pray and keep track of ur daily prayers,4,1,6.7,2024-05-18 08:52:41,,,6.7
b209494c-556f-4965-9249-428feaf38150,Rodney Mosby sr,https://play-lh.googleusercontent.com/a/ACg8ocLg_qAWhWLDWLJtZEximVazwkbt4g9roF-WCHW4-jkiPxxk4g=mo,As-Salamu Aliakum in the Name of Allah the most High the most Beneficial Lord of the universe to whom all praise is truly forever due. I just wanted to say thanks for the Daily prayers and being able to challenge myself because I need this I know with the help of all of our brothers and sisters we can continue to do better through the Grace and glory of Allah Aimee,5,1,6.7,2024-05-17 17:37:27,,,6.7
35870c22-0747-417f-b884-d1743c69a66d,Ubaid ullah,https://play-lh.googleusercontent.com/a/ACg8ocJfBOgw2PvxxB539o32o7h1uRo9QsIPDMU_vaBoLm_dbgIgcg=mo,It is Muslim app and it helps all Muslim,5,1,6.7,2024-05-16 19:48:00,,,6.7
17db5925-23c5-4eb7-9f02-193ba53857fc,Zunaira Najeeb,https://play-lh.googleusercontent.com/a-/ALV-UjUOwpZRdiDiB3ktn7_Q5G1bYfnDEU0PIJ169rjyiGCvL84kDLkuvA,ماشاءاللہ good app,5,1,6.7,2024-05-16 17:42:16,,,6.7
763465ab-62b7-4502-89a4-482f0947c20d,usman farooq,https://play-lh.googleusercontent.com/a-/ALV-UjVRRpOVPLmz0UTerOxCwuV_nRqQhxOI574X2ZjlbiLeW2jnVNc,Ask about the reason for delaying or missing the prayer,4,1,6.7,2024-05-15 17:02:52,,,6.7
9126fdb7-3c00-49bd-89f4-5946850b13df,Asma Faud,https://play-lh.googleusercontent.com/a/ACg8ocIZtdbqp343cATW0TDVa_bQamXmZ8a3JfQ85JLA3EF3YRuepQ=mo,It's Avery good app allahumabarik,5,2,6.7,2024-05-13 17:43:30,,,6.7
24f97ff2-b1dc-4f7f-90c4-d8ff8eedad8d,Tanveer shikalkar,https://play-lh.googleusercontent.com/a/ACg8ocKP0Vo2zeNvkDPckpRoj444sTab__kfrK21ynDQ2zHNpc0ILLA=mo,Excellent application 💯😃,5,1,6.7,2024-05-13 13:46:38,,,6.7
ecc581d2-a1ec-45f4-b5c6-2b768d7d00ca,Moshud Muktadir,https://play-lh.googleusercontent.com/a-/ALV-UjVHn8riVPPiN-IX-V8KPaYfe225Ie2o6nyATH-CXyQc0wxLzeOReQ,Awesome,5,1,6.7,2024-05-12 19:17:47,,,6.7
336e4d2d-b857-43cb-860c-d9d0ff37d143,Syahmina Anwardeen,https://play-lh.googleusercontent.com/a-/ALV-UjWNMj_PNtyEalLf6RTX9tEGQg5V2_rz7l8RVpl8HCT-ndXziLlyWw,Subhanallah,5,1,6.7,2024-05-12 12:50:14,,,6.7
90f6017b-7521-40c4-86d9-47dbd252fbe4,Chifundo makowa,https://play-lh.googleusercontent.com/a-/ALV-UjWNc6roFDOPvna4N-RryJOqOnYGHy8w3wHeCl9_kl3FwSmu67k,Nice,5,1,6.7,2024-05-12 00:28:12,,,6.7
895a986f-5cf3-47fd-a460-d5ed4739491b,chowdhury Mashudul,https://play-lh.googleusercontent.com/a-/ALV-UjVqXH9IPGRygVM-Tu9HTn8zmPqCxWfBnWImGroZHcQcDnwIWjw,Alhamdulillah. Very helpful apps for Ireland.,5,1,6.7,2024-05-11 03:45:26,,,6.7
c4d6c47b-11e9-42a8-916e-933296e81bf4,Hasee Frames,https://play-lh.googleusercontent.com/a-/ALV-UjXWEjYfZMjvD7cf54OwC5hQmb7Ii46bc0vao8t60OvIzClWbGgi,Good,5,1,6.7,2024-05-11 00:16:10,,,6.7
a417ca79-a75d-4231-8440-3d4c77da9c98,Nasma Bakari,https://play-lh.googleusercontent.com/a-/ALV-UjUbR0EEQpj5tup2KPsxlby7Cs9zZhOitmaLWJewySzxQD5SPZna,I like it,1,2,6.7,2024-05-09 23:47:41,"Assalamualaikum, I believe you accidentally clicked on 1 star 😬",2024-05-10 10:06:49,6.7
fa66ec98-46c5-4ddc-b81c-4f62d7642870,JAVED AL ROHAN,https://play-lh.googleusercontent.com/a-/ALV-UjWRIeSa2QcycZCTWZxOhxNGBwVTcZ392F0o62g0ctTN-rkCyDgU,Alhamdulillah very good application.,5,1,6.7,2024-05-08 18:17:35,,,6.7
d8cfaa39-6490-4809-ab33-bca0e7fad7c1,mo zishan Ahmad,https://play-lh.googleusercontent.com/a/ACg8ocLc-t41dElLLteBbMO-hp4ZdPzv4QrMyGe6gdqL0e3GRpl01w=mo,Good,3,1,6.7,2024-05-06 20:28:49,,,6.7
0e596889-f38d-4016-abf0-9ab51f84007e,Nazmin Choudhury,https://play-lh.googleusercontent.com/a-/ALV-UjUdH5eGJTAmtCHhjIH1w4Nq9geHjcpYTfOulQCTbh9nZp9igtWVqw,good,5,1,6.7,2024-05-06 13:20:30,,,6.7
d27e4aba-0489-44ca-bbe4-6da88c742fff,Fazil Faazi,https://play-lh.googleusercontent.com/a/ACg8ocLujBX4-hi7ZKlZ4xW8ovTU8rYZDQW3JUAUOvxc4iWHdmCO-A=mo,👍🏻,5,1,6.7,2024-05-05 19:31:15,,,6.7
c1a1a416-53b8-49ab-8669-cd0f3a948df9,Shabnam Sheikh,https://play-lh.googleusercontent.com/a-/ALV-UjVySIqcs0tqSBTJ1fEZjDiJTY7z6fQCG947ErXq4AgUuGMSBzq6,Good,5,1,6.7,2024-05-05 16:26:43,,,6.7
5beec7a9-cb3a-4b5d-b6d2-c2b1ba024806,Irshad Khan,https://play-lh.googleusercontent.com/a/ACg8ocIyFMxLr2P1ASeUjoOyXHs6oxdIQzJYca33lr9pQ35zi02F6g=mo,Nice job,5,1,6.7,2024-05-04 00:41:58,,,6.7
e4310234-b306-490c-9366-218b45131d75,Samir B,https://play-lh.googleusercontent.com/a/ACg8ocJMnJ3VSFiYdI91lL7z6dzEPLnJ54FZef_W8Y35P1v47D-p1g=mo,Very good App Mashallah! No adverts popping up all the time. One of the best apps and easy to use!,5,1,6.7,2024-05-02 10:56:42,,,6.7
1b84e31d-5e6a-4c11-b0be-c893c3c20ec6,Fazelmenallah Amiri,https://play-lh.googleusercontent.com/a-/ALV-UjUVQlUzyCCSTDYVRSpKeoc32hHd5uTLQLNQY3eEYWaSYI_dNwRr,That's the best app that I've ever seen. Thank you,5,1,6.7,2024-05-01 16:00:14,,,6.7
21e50f7a-de83-4966-82ef-ca5a5fb51bf3,Rosie Abuan Sacdalan,https://play-lh.googleusercontent.com/a-/ALV-UjXgXfHO3UqFf09K7VHGwRFWOoK99IJJ9Je6Itek9aDyu4qGEo-mzA,"Seems like a great app but is not able to change the gender. Hence, I'm deleting my account and uninstalling it.",1,2,6.7,2024-05-01 11:48:09,,,6.7
a0fe3eee-29f5-408b-b304-cd5aee427a5e,Khalid Kaiser,https://play-lh.googleusercontent.com/a-/ALV-UjX0vqoDIFh18pDHuZAFsn6S4PGVhgpGBkYhfhjwIBmSehJeGEDxwA,"Mashallah, troublefree!",5,1,6.7,2024-04-30 08:08:27,,,6.7
9a6f0c8d-08c3-4107-b778-d7cc5706e4a7,Salman Ilyas,https://play-lh.googleusercontent.com/a/ACg8ocLlWb6B4dGPfDdFqXtnGSxlmY84-hUj0jfnkSLvdC7NC4e-OA=mo,Good,5,1,6.7,2024-04-28 02:47:32,,,6.7
c437db8e-bd0e-4c55-80ff-79720ea2bf99,Choudhary Hussain,https://play-lh.googleusercontent.com/a/ACg8ocJoB2gERnJxiAEOqw-C7OX0bJ-b4YM7s1PpHlz-074fbxiNoA=mo,Hassana,1,1,,2024-04-27 10:32:43,,,
ab003439-e867-44d2-ab1b-fd9555fb0254,Vasim,https://play-lh.googleusercontent.com/a/ACg8ocJHH4O4vdydkkVQuhKaExvrP35WR_JZqV8q2Q_T3UE3h_8zBw=mo,Good app,5,1,6.7,2024-04-25 18:57:05,,,6.7
f2299bcd-21da-4ff0-9490-00ec055bed78,Amin Ghanchi,https://play-lh.googleusercontent.com/a/ACg8ocKOjIT1S_rGb8A2Yydz3mDY7tDY20933tJCPIWyNySnnqd-Pw=mo,Amazing app but it had some downloading issues in my phone,4,1,6.7,2024-04-25 16:50:53,,,6.7
34a8f848-3d98-4a98-9ab5-54bdf0ab19d8,Abdul-Hadi muhammad,https://play-lh.googleusercontent.com/a-/ALV-UjWZZII52wHwXgsZs3xYT4YHxKc2m3qiPTmzxIltp0zwd-aqiv-U,Good app but it needs a few updates. It needs auto location and Mosque finder,4,1,6.7,2024-04-25 10:01:09,,,6.7
f6b60cd4-ada8-49dc-907f-8ca5ab9f6757,naimv,https://play-lh.googleusercontent.com/a-/ALV-UjXqbN0YahY0l0MecDeeLWb9lMLUTuZnT0pz-dTX7VXmwz6c2C4,Excellent,5,1,6.7,2024-04-25 07:19:23,,,6.7
8de56423-8e55-4020-a585-95ddbd5470a4,Abdul Qadir Razvi,https://play-lh.googleusercontent.com/a-/ALV-UjUvdOkEKZ4ltN9a8ze0KQJJZ8enY9jHmfbfbrFj7wEYb7Q1lN4d,Happy,5,1,6.7,2024-04-25 07:03:17,,,6.7
c1d2cbdd-e28d-43e6-922a-31446f370cf6,Bushra Habib,https://play-lh.googleusercontent.com/a-/ALV-UjUkDvF0Yy-AL6FaVYuEeh0DDOE-_zDw4hT2TMjxwBOTndYfAKywaw,Extremely accurate mashallah barakallah,5,1,,2024-04-23 09:27:20,,,
bbbea62a-4468-4bde-a5f1-f010f43220a1,A H,https://play-lh.googleusercontent.com/a-/ALV-UjUWnyxXDSJy2v2zzoo_zYMaTp1HdrPtBwmmzLFsCa38L2CvBgVw,May Allah reward the developers and associates of this app with Jannah. Very useful and straightforward app...no soliciting for money no ads just a simple app that meets the needs of a Muslim.,5,1,6.7,2024-04-21 15:44:54,,,6.7
0256dc18-da1e-4fea-b114-e14dcbc10d6d,Soulaimane Ahmidou,https://play-lh.googleusercontent.com/a/ACg8ocJjjF9X-PYkYuJBUG_akVGvMfxPm4Bc-MExEjzu8SZugCdZ5g=mo,Cool,5,1,6.7,2024-04-20 02:09:54,,,6.7
3466c833-7c46-445e-af74-6bf5249e2885,Haadi Muhammad,https://play-lh.googleusercontent.com/a/ACg8ocJf-WmjD1igkeUKT-nKs-uS5jcB45DUluvI1dsiroynKcm2EKo=mo,Good app,4,1,,2024-04-19 14:42:56,,,
b6b491b2-2ff2-4011-8091-4c8928e6d1bc,Abubakar Umar Ambursa,https://play-lh.googleusercontent.com/a-/ALV-UjWBkU92rPlD76JZNuG33lDtN6NOM9Ehni4Ha5foMh3Ta_lnSx4H,Good,2,1,6.7,2024-04-19 00:19:13,,,6.7
e6dc162b-8cb4-442b-b565-00042f2e2b2c,phenomena17,https://play-lh.googleusercontent.com/a-/ALV-UjXZqDpgG24h_QdLr4yofRJtoPy6VLPxyk2j_68hZ9L0znt5psM,Informed,5,1,6.7,2024-04-16 16:51:46,,,6.7
183d3dbc-bd6a-48a8-98e1-61e6152b2b1e,Xudoyor Hajiyev,https://play-lh.googleusercontent.com/a/ACg8ocJJkP9O5t_CdU9eeNKwZl4226p1Mt-xxHBGIRIgrBbUKXNAjQ=mo,Very nice and understandable,5,1,6.7,2024-04-15 11:05:42,,,6.7
0f162b39-003a-4272-a95a-cf54ea562403,Shiitu Abdulakeem,https://play-lh.googleusercontent.com/a-/ALV-UjX6MVsdA348-sxO3RB1jjL2VLjkysJke3YJXzGOM6Rq9gT7nCMemQ,Good,5,1,6.7,2024-04-13 01:31:35,,,6.7
cf728494-6853-4ec5-adaf-ab98a9f7f363,Gaziya Tamboli,https://play-lh.googleusercontent.com/a/ACg8ocJhF0NpwVaga4uyJb3PGfBjMPa96XN7fFgasoAgLQhVudvtAA=mo,It's a very useful app for those who are willing to track their prayers,5,1,6.7,2024-04-12 19:03:07,,,6.7
78f7e3d1-9830-40f1-bcb5-6d93850cbf92,huda reminders,https://play-lh.googleusercontent.com/a-/ALV-UjU5IVZ1vsboHlJAsfKGMcpIwRacD422PGRNY34S3jerR34-qUWz,Jazakallah khair ameen It's very useful app,5,1,6.7,2024-04-12 11:52:07,,,6.7
532f9ac4-ab2f-4ec7-b5cc-555d883a9150,Dua Fatima,https://play-lh.googleusercontent.com/a/ACg8ocI785T7L15rXaXGjyi1-syczED-yHllsURxKiEbv9GnuZsbcg=mo,Very good,5,1,6.7,2024-04-12 01:34:08,,,6.7
5c70e6c5-f3a3-4177-b559-266eb7dbc50a,Eyad A Elshibiny,https://play-lh.googleusercontent.com/a/ACg8ocKSTl0CaR4hYURgvVB0AQ8-ABhHxwhE_9ZNnWE_MA0CYvbiwA=mo,acceptable,2,1,,2024-04-11 13:52:14,,,
ce6286c4-5b49-42ac-a81e-ba17c173b120,Sahil Khan,https://play-lh.googleusercontent.com/a-/ALV-UjXtLkkJqJ-UMEu2WyvJ5icqWXyr_3GPEWyYS02vaYxWJF3KDyk,Intresting,5,0,6.7,2024-04-10 00:03:55,,,6.7
9ebdab90-51ea-4a3e-9c2e-b0009aed9808,Samar Soufi,https://play-lh.googleusercontent.com/a/ACg8ocLba1pO9-aMGf1nPtdzkXPx_PNGFJNtN5ksFt7FcKAjUUU2wV3J=mo,"It's a very helpful app for every muslim, it helps sticking to good new habits and tracking them. Highly recommended.",5,1,6.7,2024-04-09 08:04:01,,,6.7
34b5eef7-fb5f-4aba-9c68-fe5dc160ae47,Shamim Ejaz,https://play-lh.googleusercontent.com/a-/ALV-UjWM4odfZ5xpi4FG_g_qe84JQo-TJyDECfl5IKMX5nzWL2-n-HTM,It's a wonderful app,5,1,6.7,2024-04-09 01:36:26,,,6.7
8717ebcf-8a9b-49f4-8785-fd0b72db7051,Meisya Maulia,https://play-lh.googleusercontent.com/a/ACg8ocIn4U93j6f-sOnzbz01HVQW7ytA63gBQLqyqwfIH6G3FaoxL3k=mo,help me a lots,5,1,6.7,2024-04-07 04:55:53,,,6.7
87c0a027-654a-42c5-8107-b7a04c665588,Mariyam Sarwar,https://play-lh.googleusercontent.com/a/ACg8ocLfKBET4Sda43iCQ_KHa5r-d7nHnYa3WnhL9HxISeNxCBHCcQ=mo,Mashallah such a great app 💯 recommended,5,1,6.7,2024-04-06 21:04:42,,,6.7
e713f718-2ddb-4d59-8b3d-ed04b48b5538,MJ,https://play-lh.googleusercontent.com/a-/ALV-UjXvTJ5BF_GndYyPC2P6glV_QaahlkDG8vFsVVeCv44nBkJwc7zBjA,Habits are definitely an amazing feature. I wish the app had dark mode though,3,1,6.7,2024-04-05 17:44:35,"Assalamualaikum, we will add dark mode soon. Jzk",2024-04-05 23:18:18,6.7
fea4a693-374a-4518-9467-dcabda952a41,Zubair Ahmed,https://play-lh.googleusercontent.com/a/ACg8ocJpX-hv72Y2Xaxgi3TPHt7uIAzOJI-WsE5eldrx6cLQswNhFQ=mo,Nice app to track down the everyday salah and sunnah. Jazakallah,5,1,6.7,2024-04-05 05:40:06,,,6.7
0161f023-0533-49db-a82e-8ff9e7d143e9,Rida Zainab,https://play-lh.googleusercontent.com/a-/ALV-UjXdX3U7CyOGjEJA3fSt0uoSqta6anEovCfJRm2twSiNB12LKIUO,Excellent experience with this app. Alhamdulillah it helped a lot in building good habits. May Allah bless you. Ameen sum Ameen.❤️,5,1,6.7,2024-04-03 22:35:54,,,6.7
c8d4fb1a-79b8-4a45-bd3a-61ac3d8c1257,Dina Essa,https://play-lh.googleusercontent.com/a-/ALV-UjWQahnYugaZUR7YknTFncdpIsbmy9bkehiyRq1XK7wGeOQuXUuk,جزاكم الله خيرا تطبيق سهل وجيد جداا ❤️,5,1,,2024-04-03 13:45:43,,,
dd26c861-d44c-451b-b472-dd848625a039,Raghad Amgad,https://play-lh.googleusercontent.com/a/ACg8ocJSGdlHAVOjZLrTe24UomAyF0EpyaVweGYFQxLr0hRbG4y6rTE6=mo,It's a good app,5,1,6.7,2024-04-03 11:37:22,,,6.7
c04993c9-c8a3-444a-9a48-fcf8d71a245d,Marco Abid,https://play-lh.googleusercontent.com/a-/ALV-UjUP58v5Gsq593jFW2hVCHvLBL6xKA5NMFq8pTstrJyJlvoWYMzjPQ,excellent app & smooth,5,1,,2024-04-03 00:59:37,,,
21998095-9845-4a48-90bc-91940f020b9a,Subhan Tiger,https://play-lh.googleusercontent.com/a/ACg8ocIsgGyf9xamr8BOErnz3XHr7L6JhIUMRYa5BU7tY2KnfgxBuA=mo,Good app,5,1,6.7,2024-04-02 05:50:58,,,6.7
c3222971-604f-40a7-99fb-71882d107b5c,Haneen Senbel,https://play-lh.googleusercontent.com/a-/ALV-UjWTbnrb5UHwYjC1MwswSdMqfw9xEprSX9rK9fgyB8WVZG0GRcU,Perfect,5,1,6.7,2024-04-02 05:23:10,,,6.7
ed3d4ce0-75f8-48b3-a26d-48cda27d7bb8,Modou musa Chatty,https://play-lh.googleusercontent.com/a/ACg8ocLTWzmyrL0ur0EpKf4jsMPCvPdEvfSwbj7eCyD6exiu7YlFpQ=mo,Very good,5,1,6.7,2024-04-01 17:13:56,,,6.7
f86b5462-a925-43a7-b2e9-3cd2b72ec88d,Jalpari Jalpari,https://play-lh.googleusercontent.com/a/ACg8ocKrVvcvLMyYbBp1H_nugZGn0sbbSLDPa8uWtcxzi8iPWQOApQ=mo,Nice,5,1,6.7,2024-03-31 20:11:56,,,6.7
b60a1f05-ed15-4505-b353-7ca6ca246b4f,Ramziya Sinanov,https://play-lh.googleusercontent.com/a-/ALV-UjWQXwZoy__WFl-VkYGke_o1neyt80waGD9ZgkZI3NXm6KYn2YAk,I love it so much it keeps me on track with my prayers.,5,1,6.7,2024-03-31 07:54:42,,,6.7
374ae08d-583c-4f31-a8ae-3f41b5cbbca3,Menna Almashad,https://play-lh.googleusercontent.com/a-/ALV-UjXuvDGyKlQWVCF9K8ZgyFrT1mI2OcJvU6xopN7ZB2f8iEr4AMYy,Nice,5,1,6.7,2024-03-29 11:53:32,,,6.7
849282fb-e23d-419d-aab2-0cb83b851fa9,Twasol Khatir,https://play-lh.googleusercontent.com/a/ACg8ocIvOQnkF1DVs9XDEn-4kIqgklEpJ9E1-S7ps_13uxz6vyODZw=mo,Good,3,1,6.7,2024-03-29 10:13:51,,,6.7
1db7190b-1dd3-4d76-a023-7bcd1668907a,Judy Emad,https://play-lh.googleusercontent.com/a-/ALV-UjWth7C34YcRIrXZZOP8yQVij5z79GunFPqe-w8-mECKfKoep9Nb,حلو جدا,2,0,6.7,2024-03-27 04:28:10,,,6.7
e1b9629e-3cc9-44eb-ab49-a0a85792ed12,Muhammad Badawy,https://play-lh.googleusercontent.com/a/ACg8ocIFuNsYipCZLqD_X8bH_qMxCuW9MyP0oyt4U-gXirq4HK311g=mo,It's free no ads it's easy to understand it allows you to pick if you want your period to just write your phone when it tells you or loud beeps or say over and over again and I think it's a good app,5,1,6.7,2024-03-26 03:26:05,,,6.7
1e2a422c-9454-4bf9-bec8-30f179c13df8,Fatma Abdaltif,https://play-lh.googleusercontent.com/a/ACg8ocIv4X29Rwm-y3HHjWrTGuyI_M0KHCVNH4PqIufhbZu5Gzg10P4=mo,very useful,5,1,6.7,2024-03-25 12:56:25,,,6.7
8f08e877-a45d-4f80-ad2e-a1ec78ac551b,maryelli n,https://play-lh.googleusercontent.com/a-/ALV-UjU2GvcSy_uMSYM59XO9ZgZ6pQOxA8O8q-Hchky1njh1wowXrBQ,I love this app it tells me the exact prayer times it has Quran alhamdulillah I'm glad I downloaded this app!,5,1,6.7,2024-03-24 05:12:40,,,6.7
b5239b5b-7cd2-4f20-8c22-69527a4431b6,Шарлотта Вагенс,https://play-lh.googleusercontent.com/a/ACg8ocKiwyPCf_ufy1HJgwPKcMuIK6sQkeMFvo9sx993TBsvXfLw0w=mo,It's very useful app for Muslims,5,1,6.7,2024-03-23 22:29:03,,,6.7
b30c9f42-9aa8-4e31-a811-8dd767ecb33d,Hawa Mahita,https://play-lh.googleusercontent.com/a-/ALV-UjVm6BmPMkZ1IYcsGXGtXGz-iYwlkzJ7FbM3gWmzlCQRKyD7ZJac,Good,5,1,6.7,2024-03-22 08:07:39,,,6.7
6acbd3a7-cffb-44a2-b92c-46415142cb72,Brahim Bouabda,https://play-lh.googleusercontent.com/a-/ALV-UjWWfNjIix6lHsevvnTb9XL9ON6UAl945twJ3LfCDVxdthDkbsk4eg,Easy and beautiful mashalah,5,1,6.7,2024-03-20 06:51:35,,,6.7
87062a5b-be9a-484d-bff5-3f85a2e4cf63,ANDREEA ALTUN,https://play-lh.googleusercontent.com/a-/ALV-UjUs4vIU5LM1elu6Xet0W0IqWVoQWHTc00MXnsr8trkORKzzag,Good but u can't set the adan,2,1,6.7,2024-03-20 00:51:49,,,6.7
b5f5d359-b2be-4c31-af72-6186f6de390d,Md Mustafizur,https://play-lh.googleusercontent.com/a/ACg8ocJmrJr99bLWdlONjfhrHELRs3i3jeepZzVc5GYZuSGpvCHDrA=mo,Very helpful,5,1,6.7,2024-03-17 13:57:33,,,6.7
6c32f8b3-0bd5-44b9-9882-6308480aa663,Tayyabah Naz,https://play-lh.googleusercontent.com/a/ACg8ocKZaEt3Ozb-nVJ4Op9eCGrKBUevrW9_qNv1ChHQz_qz5XWV=mo,It is just sooooo good.Its helping me to be a good muslim,5,1,6.7,2024-03-17 07:16:35,,,6.7
1ae36fc4-5bc5-4f75-8ba9-e9eb8f535ec3,Kato Nasser,https://play-lh.googleusercontent.com/a-/ALV-UjWp6UFex-VpoNOOWLSSEE7uJKGZ0GQYYOUXszrNTms7L_XYRcGP4Q,Fabulous app ever,5,1,6.7,2024-03-15 10:01:21,,,6.7
7061fcc2-ede9-48c6-8295-14f4cc55d50a,Razi Jutt,https://play-lh.googleusercontent.com/a/ACg8ocIA2laYmXD8kolrh3X7To21dejvF8rxjI8TDBeKbl_5X8z7JQ=mo,Good,5,1,6.7,2024-03-15 06:59:13,,,6.7
ee15820b-2eb1-46f2-ab4e-288c1f94084e,Hafsasarip Rajamoda,https://play-lh.googleusercontent.com/a/ACg8ocIIXf9gNxQuFaStAjLhh0LV1triW6VokYZpV8lEJZ79hwn2ow=mo,Nice,5,1,6.7,2024-03-15 02:43:49,,,6.7
eb787d6a-ac42-4e0d-8960-19eeb902be2d,Hassan Akhter,https://play-lh.googleusercontent.com/a-/ALV-UjVbHIQsGxGrI3qgJpe4MtQu3jylt6N4NvtumMqxY23kFSSHiwxV,Wow,5,1,6.7,2024-03-14 16:35:49,,,6.7
648af4e9-1af5-448e-b6e9-c7e4673598a1,Riyaz Bilakhia,https://play-lh.googleusercontent.com/a/ACg8ocJZVWsvd1PtWhLNxkT_PS0zi-Kj_B6LGichRKC4LTjkqynktvk=mo,👍Best app for Muslim,5,1,6.7,2024-03-14 15:19:42,,,6.7
86660f70-cdc7-4a71-ae73-32af2214d9c2,Emaan Tahir,https://play-lh.googleusercontent.com/a-/ALV-UjW5raf4a1RszIiDzp8q9Pvu8CvsLk1hTjXaN_WteDp2KCGaugC8,"Salam! Very good and useful app Masha Allah,only little problem is challenge resets to 0 if we forget to tick before midnight I would appreciate if you fix this",5,1,6.7,2024-03-14 14:55:51,,,6.7
6e4cd04d-5b9b-4bf9-9057-a18a81f14e3b,Aly,https://play-lh.googleusercontent.com/a-/ALV-UjWlLeEWS7m_4orudLWHYhTSiO-U_sCLAzpcA7Y4_kFsog51zDya,"It didn't work for me, I was stuck on the page ""locate me"" and that's it.",3,1,,2024-03-14 04:01:20,,,
d6f736e4-5375-4a70-8f8b-360e3cecf3e9,Nasir Alizadah,https://play-lh.googleusercontent.com/a-/ALV-UjVenA0ZtjS-VKZufPyvltOyTH8EVS3PJ8TlR84vBX1NV62oAREh,I really like this app it's really helpful and useful,4,1,6.7,2024-03-14 02:51:54,,,6.7
adc33833-e98d-468c-bbf6-ebc02dae8947,Shoaib Khan,https://play-lh.googleusercontent.com/a/ACg8ocJXd_weY8E5ek4IC4j4RrGlnd9Dj6lE10VpqtDnQ6k9R_MmfA=mo,Nice app,5,1,6.7,2024-03-13 23:42:36,,,6.7
48b80064-acf9-40a0-83ac-083e019aa232,Fatima Daniels,https://play-lh.googleusercontent.com/a-/ALV-UjVTP4iHeRLKdBAxh09o9oDBPxyzNZIbF0oqOnP10959zPr27e4yhQ,Excellent app. Doesn't have an option to choose between male and female though,5,1,6.7,2024-03-13 10:10:13,"Assalamualaikum Fatima the personal tracker when you first use it, it askes you are you male or female. If you click female you will be able to pause the tracker when you need. Jzk",2024-03-13 13:22:46,6.7
14495811-ebb2-4335-a15d-839a2d133ac1,Fartun Haji,https://play-lh.googleusercontent.com/a-/ALV-UjUo6_gMcAKuvLxjT_iShapZDtI1GE_4dnxuPye1EA4CERLGhpBt,Very precise,5,1,6.7,2024-03-13 09:06:51,,,6.7
8226364f-d7be-4af5-a5b2-49ee28d89088,Gulnaz Asif,https://play-lh.googleusercontent.com/a/ACg8ocKgvm0Ciac2gVv78CjVhFy6xUB0r4d-pzZ1lvzReRGXdWB9mQ=mo,Amazing. Has helped me be consistent with Allah's will,5,1,,2024-03-13 01:21:15,,,
aa778f52-ffea-42c0-9954-67539b490fe0,Zainab Akthar,https://play-lh.googleusercontent.com/a/ACg8ocIP0-7_217g9e76lQrYh2X9Oq6z01yK1V_uNqsFKfQd72oE1w=mo,Mashallah a very good app,5,1,6.7,2024-03-12 19:25:37,,,6.7
6a940eab-5193-48b3-9d86-32f3898c709a,Inshrah khateeb,https://play-lh.googleusercontent.com/a/ACg8ocKY4SxGTiR7fkPNiq9n9jXpcEg1wyL5duS-iQ95ufwu6gd-x80=mo,Amazing app for complete you daily islamic goals 👏,5,1,6.7,2024-03-12 14:47:02,,,6.7
0d8aa4c5-91ff-46a9-aa6c-679542169604,Samira Gardner (Samira),https://play-lh.googleusercontent.com/a-/ALV-UjXL7472VB-7D25kE6JMpT6ZPN0DKMipSMqEdqfhP_xFJaUBngGvPA,Good,5,1,6.7,2024-03-12 06:39:04,,,6.7
04b58c4b-a248-413f-9902-f5be7703dad4,Shelba M H,https://play-lh.googleusercontent.com/a-/ALV-UjXQWT1rLNigdaX1eKOO93crStR6JovXthLlxtjEl7YYn0V_uRaLhQ,Good experience,5,1,6.7,2024-03-12 05:05:41,,,6.7
cab5769d-01bf-40ce-8a61-90202ac1c958,Bristy AKF,https://play-lh.googleusercontent.com/a-/ALV-UjWgs65cHN6uNOLSZTTT1w3z5bAvISk-idtC-5SQy-nosr-Xlxqz,Very help full app,5,1,6.7,2024-03-12 01:10:13,,,6.7
af05be00-5f0a-4f9f-9c9b-91c906204fd6,syed fahim,https://play-lh.googleusercontent.com/a/ACg8ocJaqfy0qH33kSXp_OWgJrtIe0_BHdDz_Mcu5yDOBmKEKcN3mQ=mo,Perfect,5,1,6.7,2024-03-11 23:17:22,,,6.7
2f5852f4-c814-436b-9a56-059f1953fbd2,ramisa Maliha,https://play-lh.googleusercontent.com/a/ACg8ocJ9tcwJ4Y5sq2EncvC7aFCej_kZa7Liw78I7VBmZ-uue6aKsA=mo,It helps me a lot to pray in time,5,1,6.7,2024-03-11 21:52:06,,,6.7
5ffffc6e-6dd8-4942-8dd9-84916a5c1ca3,TechAir Tube,https://play-lh.googleusercontent.com/a/ACg8ocIyLGjZFDPnrPbi9r8clBRNBWtzEfHp8etUXhvpdiedaQIS3g=mo,"without any doubt this app deserves 5 star .. liked the daily habit tracker section alot....thank you for coming with such beautiful concept,",5,4,6.7,2024-03-11 12:35:01,,,6.7
fe2a8dc5-3c1d-4c39-b15f-843eda385b69,Aziz Abidi,https://play-lh.googleusercontent.com/a-/ALV-UjWEMcNaIkIKmO8rH2BmDrad4K-mkEBvDaD7JJFR0AMjWMQzQZdY,so good,5,1,6.7,2024-03-11 06:01:23,,,6.7
85e8dae7-9ee2-4586-b268-509545a39805,haroon sardar,https://play-lh.googleusercontent.com/a-/ALV-UjXeFsSfNhAYldNKL9LPbYVBR3x5WfSeJB0BTd4z4_CogJo4od614Q,Nice,4,1,6.7,2024-03-11 03:21:54,,,6.7
f1030fb2-ea5b-42c6-a118-080ed10f14b1,Marilyn Cordero,https://play-lh.googleusercontent.com/a/ACg8ocJplvvKULfYzE295MKVzxg7c-0ug29lZ6_6TdpLK9lWeMPoG3Y=mo,Very nice,5,1,6.7,2024-03-11 02:25:17,,,6.7
706d68b0-4d8a-4963-8782-ae5901555d6b,ehtram faizi,https://play-lh.googleusercontent.com/a-/ALV-UjV-2Zk7NO5oAT08T4KfJ1HvLzI7b02mZNakg4cDBLsreLzXv8_t7w,Nice app,5,1,6.7,2024-03-11 00:33:11,,,6.7
eecd27ad-3391-4e35-bbb6-28e09817d142,mohamed ijas,https://play-lh.googleusercontent.com/a/ACg8ocIjuqD_Xjku5N7SYZLs1ApQ2tGDwjgft3MpMPhBT98uZB2Y8A=mo,I love it more easy for Qur'an read,5,1,6.7,2024-03-10 21:33:45,,,6.7
10a78b6d-eff2-4b10-8824-98d16e704c00,sama ahmed,https://play-lh.googleusercontent.com/a/ACg8ocIS3ll9ykU-uxF1G3-VpbHUBPA4MgI1kE61aJOvEdGN_Qw683k=mo,Such an awesome app everything is featured clearly and I totally recommend,5,1,6.7,2024-03-10 20:01:03,,,6.7
c08ca617-76e6-4954-a6c6-71b66db531b8,Muskan Naaz,https://play-lh.googleusercontent.com/a-/ALV-UjWX5RrG5KROXyFuDYeu1jIm5qo1jL7Icw295SMD_QtUqwTVil40fQ,"Loved the app, ad free..",5,1,6.7,2024-03-10 02:11:48,,,6.7
60db0f4b-7ee8-4554-b564-caaed6a0558e,Mathew Manda,https://play-lh.googleusercontent.com/a/ACg8ocIphsggACi7w4ASHvDRCf7YFth-ruLvj_bsVSRaNFwR2L_uug=mo,So educational,5,1,6.7,2024-03-08 02:28:01,,,6.7
5156a9fa-bfac-4124-a817-6f63bd76815a,anis fathima,https://play-lh.googleusercontent.com/a/ACg8ocJ11uAbUUAi7k4Kv2FwY15AnK51AlZRTm_y-6MH331T7MUPHA=mo,Good,5,1,6.7,2024-03-07 20:02:54,,,6.7
9bd6932a-31a0-4a53-ae0f-7c4af23372e6,Paradox 68,https://play-lh.googleusercontent.com/a-/ALV-UjV7mL6Y-AwCt9K3lwtoddPtr_3B-BxrYJKDlRde3M2KCFd0in8s,🫶🫶,5,1,6.7,2024-03-07 04:49:07,,,6.7
9cc7719e-1a02-4e4e-b718-b73d6587f7fa,Farheen Shaikh,https://play-lh.googleusercontent.com/a-/ALV-UjUolAijcXyPIfstNg3LthpySvh6LjZiig9wxxjNDLGofHYakuI,Mashallah,5,1,6.7,2024-03-06 19:31:49,,,6.7
6b1bf9c9-92ff-4d01-82b9-3d009e103a14,Jeon Afihs,https://play-lh.googleusercontent.com/a-/ALV-UjVPiNLq8LVzc7wAnB54ab0QLto1a39WUlhWphzMTKKW89FwtwA,So good 👍,5,1,6.7,2024-03-03 22:42:56,,,6.7
3d0daf2b-00ef-444e-a126-7af22c398d72,Naazia Jardine,https://play-lh.googleusercontent.com/a/ACg8ocKzOS4SkPhqp_1vaspXgeEPOj0Xr_ggWOQUbMwM_EqAl7uvTQ=mo,Alhamdulillah the app has helped a lot.,5,1,6.7,2024-03-02 22:10:52,,,6.7
41dd72fa-5a4f-423c-babc-655b7f51ac33,Salisu Mustapha (Arab),https://play-lh.googleusercontent.com/a-/ALV-UjWtiGeGQLDTvoT22ApLxJ-unSwPrKlypTEx0mDCujBfQJgyRUAz,May Allah reward the owner of this app amiin.,5,1,6.7,2024-03-02 00:23:32,,,6.7
0edd9a62-7278-418b-a1e2-27737fcda3ee,Ain ul huda Rafaqat,https://play-lh.googleusercontent.com/a-/ALV-UjWV2P2yI93VN_jdeK8d3bhI5fxsF6C4VokDfxNHedXur93mngJyBQ,V nice app,5,1,6.7,2024-03-01 19:25:47,,,6.7
3b3640b5-5b79-4983-b12d-8f25b2ea8319,Abaj,https://play-lh.googleusercontent.com/a/ACg8ocIZR0E2lSwa0RYTEkpg6B6gfyhsFMvzx852erB1ru-cEdqgkQ=mo,10/10 Would Like a feature that automatically does the whole learn prayer rather than having to swipe right,5,1,6.7,2024-02-27 22:05:25,,,6.7
e33f99b1-7937-43fb-bd90-eb681320e8ac,Kenzy 3*x,https://play-lh.googleusercontent.com/a/ACg8ocKDcUP7kB8zJV4gxZrKuB6Tgf3bYbmIYPVMIwnwVgpOYk_k0w=mo,I like it 😊,5,1,6.7,2024-02-25 19:10:56,,,6.7
8f035aa0-91c8-4434-b9f2-ad01cb652d8e,Waseem Abbas,https://play-lh.googleusercontent.com/a-/ALV-UjVXk3cCWu0zCVR569rDZaYgaM_gShYj4kqwF1G87wbC1eh96jux,Good,5,1,6.7,2024-02-25 17:00:39,,,6.7
7495dfda-8099-4602-bf0e-7741f2e5bc00,Yasin Hudey,https://play-lh.googleusercontent.com/a/ACg8ocIpaLzkwQgA07sYFSuqigvQcEK3oqui8QGudiPnSMEGYwybRw=mo,I like very much,5,0,6.7,2024-02-25 05:03:41,,,6.7
775e90b5-4ec6-4b02-9fab-aa3367fdc5a7,Maryam O'doherty,https://play-lh.googleusercontent.com/a-/ALV-UjWGmFNS-kQ0Qg2njkwmXxEfe_C54nO9sxNDwPuYjrQxle32zIs,just downloaded seems verry good,5,1,6.7,2024-02-24 21:01:01,,,6.7
691eec28-5d0d-4e23-9fdd-2b1240928ec3,SiTom Nas,https://play-lh.googleusercontent.com/a-/ALV-UjWNRdqCiwpRm3Jya6mQkxUVINuOiJ5HS6RqB2y_xkhP1ejvr4E,Tray,4,1,6.7,2024-02-23 04:35:08,,,6.7
de5ee90a-74c8-4cdd-bb11-9e702a9811c9,usama abrar,https://play-lh.googleusercontent.com/a-/ALV-UjXVfy_kHiLaFNqXKSY9xpbtfnClLRwRk3QoH9ucFECH3uFOKUVC,This app will keep person to stay consistent with daily affairs of Deen.,5,1,6.7,2024-02-22 21:50:22,,,6.7
ce9cec5d-43a0-48b6-8813-c164422a30bf,Zakaria Yasir,https://play-lh.googleusercontent.com/a-/ALV-UjUmnY4KLwIQOquuXGztew-gV4PFwnioSOkcjfU-aGF1Hkw67EA,App is new to me. I'm needing more time before judgements,4,1,,2024-02-22 15:06:47,,,
672996cc-3d70-4082-b6ec-bbec0e3475f4,Harut Coyen,https://play-lh.googleusercontent.com/a/ACg8ocKkhlevPfdLJc2KM-gvTacLKVoizNHVtfabyE70VPxf5mhyxQ=mo,Love you,5,1,6.7,2024-02-21 21:52:30,,,6.7
4ca6fdf2-5ce9-41b1-985b-bafbdf47a245,Mohammad Ashiq,https://play-lh.googleusercontent.com/a-/ALV-UjWi7ZfmL9fZhUZtvPWfxvwvsds1yCqClOFts7K7-vUf4UhA6dG1,Nice app,5,1,6.7,2024-02-21 15:55:35,,,6.7
ba513abc-5637-456b-9236-1e9308aa66c3,Jenna Zandani,https://play-lh.googleusercontent.com/a/ACg8ocJ-2y3kTIbEH7SYgOp4LYfBKzQoKQsP98vO0jWle3Jwa96OMA=mo,I never us to pray now I am because of this app and I'm a Muslim ☪️,5,1,6.7,2024-02-21 08:03:34,,,6.7
9533d116-31a8-43fc-8bd1-567324f8f6e6,Suhana. Shaik.,https://play-lh.googleusercontent.com/a-/ALV-UjXroglqJmps1ubIs8vdEEJZGJVSMPq4bnZGMGl7Uxh8Apvv7Yk,Super app... Thank u ❤,5,1,6.7,2024-02-21 07:32:20,,,6.7
c5cd8f43-b76e-4390-8500-9ffeffafb1c4,Besmira Adili,https://play-lh.googleusercontent.com/a/ACg8ocL51nnhArSnUrFibp4CKXt2IJj5dF1WUw0RQwA5nQG9wHOwBw=mo,AMAZINGG,5,1,6.7,2024-02-21 00:11:57,,,6.7
00b4d4db-9626-4b37-ac1d-cc2253c1d4ab,Rr,https://play-lh.googleusercontent.com/a-/ALV-UjXsLm2levybfxT2bvBy6Ih4t_u2OYiBvwI5TVp0EVqiK5YLfLM0KA,It's very good for daily performing prayers and many more.,4,1,6.7,2024-02-20 06:27:41,,,6.7
9a222bd3-bd5a-4597-909d-7bb985ca4d38,Faizan Ahmed,https://play-lh.googleusercontent.com/a-/ALV-UjWo7Aae7VBXmsdnde0ATwVwbhSxCi0jQ2u5qf1yzHnacHsz76sa,You should download this app it will help you to focus on your religion,5,1,6.7,2024-02-19 17:37:08,,,6.7
870d93c5-bb45-4d73-9cf5-3c0c23f8243e,FAHATH FAHAD,https://play-lh.googleusercontent.com/a-/ALV-UjVpll2Anqykz7yaYHyubHSOinTb1K3JbbgU4TjKbRQkjTel8yvb,Good,4,1,6.7,2024-02-19 14:03:43,,,6.7
8211ff39-56a5-4cab-98d0-ebd042d5949b,Rizwana Begum,https://play-lh.googleusercontent.com/a/ACg8ocJJmFNmNasK-bnqYf8iX5zTwSHW8F4SyJ7ktZtFPDFJXJ7XuQ=mo,Best app ever seen!!,5,1,6.7,2024-02-19 08:18:35,,,6.7
2911ece0-4e9f-4b0b-83af-08d4b0632fad,Bisma Younas,https://play-lh.googleusercontent.com/a/ACg8ocJZPUuKxiMt-aRI2JsQTZgnpI8q9MdKxl7HzWnljsiytkkMZ0U=mo,Good,5,1,6.7,2024-02-18 04:48:07,,,6.7
3d3e8957-8442-4be3-88dd-7875eda567f7,Nur Azmina Linggu (Mien),https://play-lh.googleusercontent.com/a-/ALV-UjWgHZqjoHCQRJsJzAVuQ5n-ETSKyDP_37NVBu71zFcJ-Oxs3WeX,Motivated,5,1,6.7,2024-02-18 04:02:49,,,6.7
ff26c480-6192-4618-9332-43abffe99564,Mohamed Kivuyo,https://play-lh.googleusercontent.com/a/ACg8ocK7aTcKmXAjXk0xLcHlZTf0sH7Ryt5i0ExX9Zct94FE9xvCNQ=mo,"Very good app, it motivates us to pray",5,1,,2024-02-18 01:36:10,,,
42d0faa7-5624-45c2-93a2-429581697575,Henna Lake,https://play-lh.googleusercontent.com/a-/ALV-UjWarbLdwexkqiiQ55uYVoi8XwqZBhML7eKhstdi2iWgQq_ryNc,"Great, helps me alot.",4,1,6.7,2024-02-16 00:03:46,,,6.7
60307d34-9637-4a02-a5c1-44fd2a714e07,Nawal Abdullah,https://play-lh.googleusercontent.com/a/ACg8ocIHbMJ9xhF5tRaTyR9NoYOaMw4nJfgSDY2ZAY29l_KCLlf6Uw=mo,Very nice,5,1,6.7,2024-02-14 18:10:17,,,6.7
1966432b-4d8f-4175-9e1c-0efa179ce829,Saqib 79,https://play-lh.googleusercontent.com/a/ACg8ocLjiNgV-5LNpHNK63pGouiu8YEgZ27Waicje3v5OoUqU42z5Q=mo,Its amazing Allah bless you🥰,5,1,6.7,2024-02-14 12:34:12,,,6.7
c365ef98-5a00-47d0-bbc6-6689a3a296b8,Thasleena Kp,https://play-lh.googleusercontent.com/a-/ALV-UjWjbUkeVweyD_W0zDzBAopNqtH5Br9_FdBz2FaDHiG6xVHV_toa,Maa shaa Allah,5,1,6.7,2024-02-13 07:14:32,,,6.7
a18aec9b-42f9-4c81-92ef-afbed360dcee,M.G.S.A SQUAD M.G.S.A SQUAD,https://play-lh.googleusercontent.com/a-/ALV-UjUyFvUNBpHsEZpgp-ZSIJXbf2y6m4WRUhQEI0VB0M-p_D2C1bs,good,5,1,6.7,2024-02-13 01:55:35,,,6.7
4e52b9d1-3c56-4611-b585-df307388b3ab,Arshiya naaz Ashrafi,https://play-lh.googleusercontent.com/a-/ALV-UjXnEGBtNE80txYIcKf4rE-TM0RUz8JwYkTUYMSONc4BXp7b4mE2,Happy happy happy 😽♥️,5,1,6.7,2024-02-13 00:30:16,,,6.7
dbf8094a-ff26-49c4-9a34-40f55db6e3f2,Ramadan Ismaili,https://play-lh.googleusercontent.com/a-/ALV-UjW_R9jeenHYMdtjQT84WnwJq_PU1AsqcbyeVIo-M7F8thIYvSY,Beste,5,1,6.7,2024-02-12 08:17:30,,,6.7
1129d31f-e046-432e-b40e-1a1012a57093,Omar Faruk,https://play-lh.googleusercontent.com/a-/ALV-UjXAGUSA70DF-xFPIOmdLxOyUxIHu346FG10Mqewq46nQWBj7-hOgw,Very good step by Muslim people,5,1,6.7,2024-02-11 07:25:05,,,6.7
9ebb044b-1857-45db-bdef-09477b37991e,D Miah,https://play-lh.googleusercontent.com/a/ACg8ocI2nzV3NEfygPn_u4NIgk-Ieh91AqUY36fjh9mdVYHDaX03i9Ty=mo,This is a great app an interactive one.it motivates the user towards Salah. Hopefully the developers will be adding more ideas to the app to keep the user entertained and at the same time directing them towards Salah,5,1,6.7,2024-02-10 13:42:42,"Assalamualaikum, we appreciate the comment and we have many other ideas in Sha Allah. Because it is sadaqah jariyah it is taking a little longer. But soon come with new features ❤️",2024-02-10 20:23:53,6.7
ee80721c-c362-4499-8c72-c6c36e1fd22b,Ameena Ashmin,https://play-lh.googleusercontent.com/a-/ALV-UjWf0MeyBJlPuMntcPQthkU9ZET_xWtN6VQaA5QlRQOO_86zH2I,Awesome,5,1,6.7,2024-02-09 00:37:53,,,6.7
acc1abf8-09cb-46fa-8baa-e3e3ac202a16,Mariya Suhail,https://play-lh.googleusercontent.com/a-/ALV-UjWRooK2G__YKEypDu6yMCXMrSrOr85avCwP9Mpsvk4n8P1eiw91,Nice,5,1,6.7,2024-02-07 23:47:28,,,6.7
3d048b96-668d-4a4c-866f-3e2482843947,Bhat Injila,https://play-lh.googleusercontent.com/a-/ALV-UjVd1c8EUhIt6YTqC8hA0tWGXddSxYYYM5fQYAoshonMlw1suDc,Still 👍 good,3,1,6.7,2024-02-07 21:20:11,,,6.7
e06da9ad-3518-4676-80e5-b8d982f828ca,bluebarry yt,https://play-lh.googleusercontent.com/a-/ALV-UjW3cpizc_6mynbqFy3co3hi6S2ln96abLDX5X1SAvevL1ImnS4,Nice experience,5,1,6.7,2024-02-07 19:11:56,,,6.7
f79ceaa5-db9b-4a7d-8cea-3c8018a34c99,Houda Eslam,https://play-lh.googleusercontent.com/a/ACg8ocLst59SHJ-nQ0G1XNtsmwNECnmBwp6RNkQiKD3YINHHPHUKPw=mo,Very nice 🙂👍 Good for Muslim humen very very very very very very nice ☺️,5,1,6.7,2024-02-07 04:20:14,,,6.7
f50649fb-160c-4395-9684-03d4b58fd073,Nayem Parvez,https://play-lh.googleusercontent.com/a/ACg8ocKZ61ncXWuVtEpkjSZMj0k3sDpEdjFTKqlpKkUraXs5vKs9FQ=mo,Good app,5,1,6.7,2024-02-05 00:04:18,,,6.7
b63a78c3-b4de-4d6f-b414-89dd1cf6725c,Ridha Zamra,https://play-lh.googleusercontent.com/a/ACg8ocIjum6ys1722TMSdQsoGFB7WPbYw3OIfjQu7t6GTc-G9IOl4vk=mo,Was good,5,1,6.7,2024-02-04 16:21:04,,,6.7
b9883c08-5457-4fca-ac43-298f3e2dc963,Rodhy Edoto,https://play-lh.googleusercontent.com/a-/ALV-UjU-HdcexLtxQmswFJjBgJxlhd4im72dG9qoRd1iuhCK2QqF66yT,MasyaAllah this apps so much helping me and the admin do they best for the apps masyaAllahh. الله يسهل أموركما فى خير وعافية أمين و جزاكم الله خير جزاء🤲🏼,5,1,6.7,2024-02-04 14:52:18,,,6.7
e6381ab2-a1e5-47d2-90cd-322113524c03,Eisha Khan,https://play-lh.googleusercontent.com/a-/ALV-UjUKt2SS4eSOTcVADLAeHQBDwWXnb116yeH_PQ0pYwngvmM4rNM,♥️♥️,5,1,6.7,2024-02-02 19:34:10,,,6.7
619ac777-bd0a-4960-88ba-234853683925,Habibur Rahman Turja,https://play-lh.googleusercontent.com/a-/ALV-UjXWJyWudp26Zye1XmWNxWZ23AGKnO1StT16m4Q22VunltzmWEgEUQ,An amazing tracker it is.,5,1,6.7,2024-02-02 06:32:55,,,6.7
a4ac2f1a-9048-4235-b240-432ab53564e5,S. Majid,https://play-lh.googleusercontent.com/a-/ALV-UjWD3RSeuy7YzDR8VqRyOK74gnYMiavasqid1UAo_OCDPvNhgXDY,"The best app out there. Salah tracker is an awesome feature, and their qibla compass is superior too!! Best part, NO ADS!!! I have recommended it to friends n family. Many have downloaded and were all praise and grateful for the recommendation. Thx to the admin/ owners!",5,36,6.7,2024-02-02 01:26:11,,,6.7
9d66bd7a-9361-4c45-b803-c4c011848ea7,AHMAD,https://play-lh.googleusercontent.com/a-/ALV-UjUbehU-AlEdYu3XLUOM6gyu4RNcwHAN66CkPiWLM5fcD06iCtNh9A,Needs to have a widget,5,1,6.7,2024-02-01 00:50:43,,,6.7
8ecbe438-96b3-414a-84c5-51d4a3dae52d,zafar,https://play-lh.googleusercontent.com/a-/ALV-UjV5YDw3l2vcM6l0FdohCKOzPH2GF7B3imYJ0dn2NFBUMxm0HNFt,Good for to track Salah for motivate for the next day ...,4,1,6.7,2024-01-30 20:22:20,,,6.7
ba28c409-a111-4835-b5d9-23dd40ac9407,Mohammed Faraz,https://play-lh.googleusercontent.com/a/ACg8ocI_qwuReZHwZxwcjgkWR8tAETTjWzaSHZCpSwkP0QIgaJSTbQ=mo,Great application,5,1,6.7,2024-01-30 17:02:44,,,6.7
84e24a04-60e2-449f-808d-96e2fd0f21a2,Shan e rub official,https://play-lh.googleusercontent.com/a-/ALV-UjXJIzA-V69Nyef26HAUoa9MgPsQVsXXCdYcV4yxIel9SoF-lIou,Good,5,1,6.7,2024-01-29 18:29:33,,,6.7
7cfb2fc7-dfb5-4b21-9aef-366ebe891855,Akbar siddique,https://play-lh.googleusercontent.com/a-/ALV-UjX7zV-NuTfz0S3NEqLhBegwsy20wOMljiIGBmOuvQv-enO3JHE,This is very helpful app.,5,1,6.7,2024-01-28 18:31:05,,,6.7
bf7b23bd-daa5-4819-9002-33a5d87af7e8,Tushar Raihan,https://play-lh.googleusercontent.com/a-/ALV-UjUgfQASYmaKkN-DN0T9ZVnGG3a6-Vgy87J4ocm9ujRKgB9hmToM,"Alhamdulillah, Its good app.",5,1,6.7,2024-01-27 01:46:39,,,6.7
2f7d3c43-2bf2-4700-9ed2-892b616bca6c,Moslema Akter,https://play-lh.googleusercontent.com/a-/ALV-UjV08xCJXPDK0M9U47LBLHPNWaBTmWk2FyRCzQwF5BSEYR8Xn9g,Thank you for making this app. It helps a lot.,5,1,6.7,2024-01-26 17:56:09,,,6.7
833b5a49-5202-481c-ab85-7840b2aa67f9,Aysha Kausar,https://play-lh.googleusercontent.com/a/ACg8ocJv5Dvo1vOB0puh4UI6pU0n2gymwEk_XMZ-vmyQrZ3C4gqCTQ=mo,Amazing app,5,1,6.7,2024-01-26 13:56:59,,,6.7
bb47901e-0ea4-427a-a8d3-2924d8943000,Emah Khujaemah,https://play-lh.googleusercontent.com/a-/ALV-UjXZZBGtLKk_Z6rvD2pq_dC29kFfFvwaE6WwqPVncCT6B62B5Qg,"Amazing, thank thanks 👍",5,1,6.7,2024-01-23 10:18:06,,,6.7
0ff793b2-2909-42ba-af81-9c3dac2e2797,Faheem Akram,https://play-lh.googleusercontent.com/a-/ALV-UjU779l01uSQAa6RGFgF1O6Ku0OqnveriqG1BC2aBvCLtuqE5ecstw,Good app,5,1,6.7,2024-01-22 15:57:55,,,6.7
1e04256d-3359-44c6-bda9-14cb00c03b20,Guuleed Guubaabshe,https://play-lh.googleusercontent.com/a-/ALV-UjUObC7wSlo4LsoTHN3O7_HQmKxTV_yLdAi-qXnUV86Q88p3VoI2,Alhamdulillaah this app helped me not miss any opligatory prayer and advancing sunnah prayers.,5,1,6.7,2024-01-20 02:14:23,,,6.7
b7ff662c-13de-4328-a1ce-2c89d9b725f8,Mehrin Gul,https://play-lh.googleusercontent.com/a-/ALV-UjV9ups_pzMq23CuLxmXBlLnDefxCgNgwyU22lxCOpMei14NRhDI,Very useful app must try I love it Alhamdulilah it benefits a lot,5,1,6.7,2024-01-19 15:44:46,,,6.7
6ac26ceb-2701-4644-8dde-39b131dc4baf,Justin Mdala,https://play-lh.googleusercontent.com/a/ACg8ocJZ1Bq-SHIuyvfw45BIj42khYR1fuPvCT2HPwuFHMTtDoLCnw=mo,Helpful,2,1,6.7,2024-01-17 14:38:21,,,6.7
7bbf43ea-8011-45f7-a1d6-caa779007ce8,AmAaN ALtAf,https://play-lh.googleusercontent.com/a-/ALV-UjXMVtndDv4Hp85JMu7ta3cm3o5DZjoohgmwP2nhcuWN-pCJk2Or,This is very nice app,4,1,6.7,2024-01-17 09:08:33,,,6.7
2ee34614-38e1-4b51-a17d-37a67170507f,Nadheer Nazar,https://play-lh.googleusercontent.com/a-/ALV-UjXEe1mmCHk-zqlj4bdZ9PEKk8d9UDDyUnrR5qViMKZC8URBOdWQ,Good,5,1,6.7,2024-01-17 02:38:46,,,6.7
c10dbf00-7cde-4bc0-b690-e02bb88a4e1d,Queen waj,https://play-lh.googleusercontent.com/a-/ALV-UjUd1d8mmARndSSRa25sjVsD5hqRL9CYPbWe-nQBfyJU5k3YtuQW,Soo good,5,1,6.7,2024-01-17 02:24:24,,,6.7
47abafb0-f870-4bfa-8325-02039c3b8016,MAHNOOR Khan,https://play-lh.googleusercontent.com/a/ACg8ocJjEwWwSHBPZjYX7UYgXbAjHz7LwTSCnsJb8O96tGn-YRbjsQ=mo,amazing app,5,1,6.7,2024-01-15 23:54:26,,,6.7
7c70645e-8c72-4eb0-9f4d-18c5cac51c37,Alishba,https://play-lh.googleusercontent.com/a/ACg8ocIqTJSyQa83e9QwB21B7G8ylj172NzBjWw1gJlKz1dxnZosf0yx=mo,It's good but the prayer tracker has no sequence. Where it says personal tracker the dates are not even in order and some days appear more than once. Plus we can't mark our prayers the day after and that finishes the challenge.,3,17,6.7,2024-01-15 16:05:09,,,6.7
4de80576-6b04-4b7f-9e76-80f60f809519,Kazeem Alatishe,https://play-lh.googleusercontent.com/a/ACg8ocJin53ob-D-fN3n9yWVUMgVigkP5A3wMv6CTQuY9QKF22AubvDB=mo,Good,5,1,6.7,2024-01-13 12:21:09,,,6.7
ac56643c-fa7e-4509-9ace-7e419b777e13,Mega Parket Stores Wilrijk,https://play-lh.googleusercontent.com/a-/ALV-UjXBxAcda1HVlI0aEmjXtj5HLIyvjAIE3xA_QwiUt-Wgvo11l3il,Very good APP. Love it.,5,1,6.7,2024-01-12 11:26:23,,,6.7
f1c3eb5d-0c5e-4835-bccc-7c4b911adddc,menna sayed,https://play-lh.googleusercontent.com/a/ACg8ocISNMf1LBjRczF3bVV7RNUDzkoY0SUMmqfxGjhZrhGbBPx0nw=mo,A great app,4,1,6.7,2024-01-10 22:35:55,,,6.7
3298dcf0-fc85-4094-9381-35a81fac687b,Rehan Ahmed,https://play-lh.googleusercontent.com/a/ACg8ocJyO5XEH46D27R_PgomG_oIDJz7I7wbmoZSiZWCtUUMnyJUxg=mo,Nice app,5,1,6.7,2024-01-09 20:17:32,,,6.7
ca415b14-beda-42ca-a18e-263c7998f564,Reddude,https://play-lh.googleusercontent.com/a-/ALV-UjX8sA-a0rPXGVKe0Oh3ijebLioSbcQB5AvKhrJlqgI-pAr5M3vM,Very helpful thank you for making this app and very beautiful adhan,5,1,6.7,2024-01-07 13:16:06,,,6.7
dc8abd4e-44ad-44d5-b68d-5cf97f97b375,Mohamed Mufaris,https://play-lh.googleusercontent.com/a/ACg8ocLySrnyBXbXdgedyWGCnjv10SHUd2WqOivlqi-StVssAxzZodo=mo,Very good for muslims👍,5,1,6.7,2024-01-06 23:16:11,,,6.7
4e39db67-96bd-4589-93e9-d2d5d351f949,sayyed tashween,https://play-lh.googleusercontent.com/a/ACg8ocIBDCt3sae9NQjoH3Tv8A-Ne6r3malex7TN39c1Y1hX8HYYAg=mo,It helps to do the prayer,5,1,6.7,2024-01-05 19:15:02,,,6.7
2071a60a-2d9b-43a9-a9fd-bb599a5b0d16,Muhammad Salim,https://play-lh.googleusercontent.com/a/ACg8ocLbMYa3R-Bo55ubFKlKO7xH2Wrb6BeAyeQqyPbeNO5QZUj-DQ=mo,A good app where you can make groups and invite your family and friends to pray on time and maintain a checklist,5,1,6.7,2024-01-03 02:47:51,,,6.7
abcfc40c-ea80-44ff-a433-920a211a8db2,Zeba Shajida,https://play-lh.googleusercontent.com/a-/ALV-UjUZm2YZnPDU9gZHhYQKV_S9t_Eie55tEG6EB9tEeJPO20UGc0A,Its a very beneficial app.,5,1,6.7,2024-01-02 08:39:04,,,6.7
eee2929c-0a91-403a-ad93-a8efc38da0a9,Ali Ahasan Zamil,https://play-lh.googleusercontent.com/a-/ALV-UjVe3pxm8NLUVBN8qoM9kjbXC4kdBt332hRWCHUSAE63nBRQ2hgafw,Really this is a great application for Muslim Ummah... But i wanna recommend please you add group chat,4,0,6.7,2024-01-02 06:37:18,"Assalamualaikum, we considered a group chat but many would end up turning off the notifications. But if you get a message once in a while to go pray it would have much more value ❤️.",2024-01-02 11:57:22,6.7
79c7a6e7-bf12-4a26-aa67-875f67f465fa,Latief Ziada,https://play-lh.googleusercontent.com/a/ACg8ocJAWvrgBecW9ibxxV2kP32S56RC8MWXvizwAQvvgIQgBVUM5g=mo,Really nice app. I would love it if you could add custom habits too,5,1,6.7,2024-01-02 04:55:04,,,6.7
f36b41c6-7fcd-4918-8e4b-db9205657a6c,Isen A,https://play-lh.googleusercontent.com/a-/ALV-UjW8OKklX7zwuCkurZN2ZtQSoFOvcGZHTuCWqD4dWUsg3YaGM7ysjg,"Good except now I can't change my location. I hit 'locate me' several times and even reset the location permissions and it still won't work. Aside from that, the UI is clean and easy to use, and I like the little challenges and habit builders it offers.",3,24,6.7,2024-01-01 23:50:05,,,6.7
370cf7f0-4a8c-4c96-8d0f-92d5eaaabed9,SHOKH JAKHON KAYUMIY,https://play-lh.googleusercontent.com/a-/ALV-UjXoBjWxvMGL0B7OVvLTapUEO_deo4d_JnFkhgKClWR3Z0sr6o4,Great.,5,1,6.7,2024-01-01 23:33:24,,,6.7
b11275ed-325a-4656-8f75-6887de0f3002,Airine Franandatama,https://play-lh.googleusercontent.com/a/ACg8ocLcn8zbCraVVF9t6STH7i9odK6IPY-yA5N0gmU4UF4hDG1HWqPT=mo,"Just downloaded this app, it has prayer tracker, habit tracker based on sunnah, also it has list of Hadist that you might read, it has Al-Quran with translations per word. Not to mention it also has the usual tools like adzan reminder, qibla, and so on. So far this is one of the best! Keep it up! May Allah bless you and ease the development so this app would be useful for all Muslims. Aamiin",5,26,,2024-01-01 21:10:46,,,
c0ea5239-967a-4ab4-a6f8-003930969a51,Benedict O. Saingbe II,https://play-lh.googleusercontent.com/a/ACg8ocIpyID4yDtdq7xxyIdIPCPPA7O8Sml5NlTyDbBOsnAGX9E0lg=mo,Great,5,1,6.7,2023-12-31 23:25:21,,,6.7
7c96169c-3d01-4253-b88d-209f5fc13400,Shagufa Aafreen,https://play-lh.googleusercontent.com/a/ACg8ocJsFQrmqdIcr8mmG8TLrHsKpb2HbKwkofy__CMO07BcnMNXDg=mo,Ma Sha Allah.....One of the best Islamic App I have ever used...💖 jazakallah khaira...,5,1,6.7,2023-12-31 14:46:42,,,6.7
e77bded5-3f4b-4aff-9ead-45d301da1186,Barry Barkisu Barry,https://play-lh.googleusercontent.com/a-/ALV-UjUBLbp4J7amKSd0QqscljgG3-R0gC_YJZ5mUi5uB4oHCDt3WO0,Maa shaa Allah! the app is great. Alhamdulillah 🥰.,5,1,6.7,2023-12-29 13:07:42,,,6.7
dc05cddb-63be-465c-942b-baf950583056,Ian,https://play-lh.googleusercontent.com/a/ACg8ocKQq51bD1OPt5xtB4RY6F_nntQOirnYoXTAg1IvWLpaUgD-bgg=mo,"Alhamdulillah, I found this very good app. But let me add some improvement a bit. I cannot add tahajud inside habbit also custom additional habbit should be perfect.",5,1,6.7,2023-12-28 18:47:14,,,6.7
38ad9259-4656-419b-9605-2609be3d232e,AYA AQ,https://play-lh.googleusercontent.com/a-/ALV-UjUOtFp__k_FJMqfIVc2A0M4sT44vYIhOXJ-H7sojQadzMEqYhDl,I like this app,5,1,6.7,2023-12-27 18:05:28,,,6.7
eb4a14ef-a962-4ab4-a941-eeb131c3ad2a,Azhaan Khan,https://play-lh.googleusercontent.com/a/ACg8ocLvS_13FTlYL5h1SDx1PWHesKL6dlrqeeGZy8SFWA5QhJ_akw=mo,Very good,5,1,,2023-12-26 23:35:57,,,
81f33e27-a64a-44ee-823f-83cfeca49860,Sumeja Jazic,https://play-lh.googleusercontent.com/a-/ALV-UjUXTslrvIZ8uoc1Y9XQt8lhkU1EKSSKIt7vIyPyJVI8irFFpqy3,Great.,5,1,6.7,2023-12-26 17:18:48,,,6.7
1a5cc730-b9d5-4bcb-8434-844c9d5d9739,Ina Mohmet,https://play-lh.googleusercontent.com/a/ACg8ocJWDK4fxHTYaKxSByPxfDvJfmyRsXMATdyC2GGXqmCCVw2A_B8=mo,It's precious✨,1,1,6.7,2023-12-24 08:45:42,"Assalamualaikum, you marked us as 1 star but wrote it is precious. If you can amend it we would appreciate it ❤️ jzk",2023-12-24 22:18:57,6.7
7e9ff245-ba06-474e-b4a0-08a182ebca4a,Mahmoud Ahmed,https://play-lh.googleusercontent.com/a-/ALV-UjVpjAO0zzI_D6-Fq4yXr7CwqC60S1vvv-rWzYRbDoCskmJEk6Tc,Excellent application!,1,1,6.7,2023-12-24 05:00:54,"Assalamualaikum, you marked us as 1 star but wrote it is excellent. If you can amend it we would appreciate it ❤️ jzk",2023-12-24 22:19:37,6.7
e22444d6-881e-49b4-9dd0-8e85810dff4f,Shad Nafiz,https://play-lh.googleusercontent.com/a/ACg8ocJh2a55ol-BozSAv3nUQPaqcUO8DRVFTycqhgqhKcrxBB0SdswS=mo,Very useful,5,1,6.7,2023-12-23 04:58:06,,,6.7
a7811dda-c5be-44b6-8510-c83de6d65826,Tabassum Oderuth,https://play-lh.googleusercontent.com/a-/ALV-UjWJH60YvJP46mYfn39urXb45-0jSnMnY9c7-Add-3-MgT_1a0E,Top muslim app,5,1,6.7,2023-12-22 23:00:51,,,6.7
cf5e3e07-361c-48cc-804e-91bc68b8893f,Arslan Saeed,https://play-lh.googleusercontent.com/a-/ALV-UjVxRveP5lgpkYYJ3YWPVIUA6du-EVfA0tt6cDzAwNHWLXuafN10,"This is a really good app. I wanted a salah reminder app, but this app had The Quran along with Qibla finder. The app quite intiutive to use as well. Woyld love see Tarteel.ai added to the app.",5,1,6.7,2023-12-21 12:14:40,,,6.7
851ccabd-ce25-4122-9c74-6b90aef6f313,Tehreem Rabia,https://play-lh.googleusercontent.com/a-/ALV-UjWgCXy3hLkSxLluahc9XpKNYgfXPRgVMWwCwo_FYlntdkAA2ya1Ow,♥️,5,1,6.7,2023-12-18 08:28:24,,,6.7
51eb5685-8b6f-4af4-8286-752e19685068,Mohammad Sajid,https://play-lh.googleusercontent.com/a/ACg8ocKglfw64QFcmKZfJclOBbxCn5aug7yACXcT7nQT7HsmSbBHIw=mo,Good,5,1,6.7,2023-12-15 00:54:21,,,6.7
d706ae1f-04d8-420f-9a01-b1a23aa54dc4,jahir hussain,https://play-lh.googleusercontent.com/a-/ALV-UjWtuCVdS2nu2NI19BMhZdYG5-fCFuHlE4pHJNk7q20o0jbalSqQDg,Very quiet,5,1,6.7,2023-12-13 06:48:50,,,6.7
34dfa06a-baa2-43a1-8d3d-e96f31184a1d,Noufissa Mouhiy,https://play-lh.googleusercontent.com/a-/ALV-UjVGVZ_LJWhMbxczesdcu_tIuzm31f3IwQx5iTrBgvbkV3TAaVY,Good to remember,4,1,6.7,2023-12-12 10:01:46,,,6.7
bd483367-4579-403b-934f-08eeeb83f1ff,Enaya,https://play-lh.googleusercontent.com/a/ACg8ocJ20FnBKILOovEp19LqDphkFNg0ri7yNyQicNsbTlsZFRFZsw=mo,Good,5,1,6.7,2023-12-10 21:20:36,,,6.7
2e315168-57f7-499e-983c-da962877bd0d,Siham Ali,https://play-lh.googleusercontent.com/a/ACg8ocLMU5_0flYgv0tg-gnI5KR9qLGdufLXUZYJLd7T_GvvbTyrcA=mo,Good,5,1,6.7,2023-12-08 13:28:20,,,6.7
94e65702-0843-48de-8576-6ee5080c93cb,Tahreemlateef Patel,https://play-lh.googleusercontent.com/a/ACg8ocKVaw2ZyLZWEwFFQtFu4PKVaSb5li57ICaudRdbuCS4dHOCPw=mo,Best app Very much helpful 😊 JazakiAllah khair,5,1,6.7,2023-12-08 09:17:00,,,6.7
572b9e28-044b-42ce-9106-c97997c390b8,Fares Altaqi,https://play-lh.googleusercontent.com/a/ACg8ocJIMc7rbQm0h_86V4kuWTI_4hnGMFtDFcPcpjezPQOxAsu4LQ=mo,Amazing apl,5,1,6.7,2023-12-05 06:12:18,,,6.7
b4bc18d8-a8e6-4192-8b9d-70e47b24de80,noman Shoukat,https://play-lh.googleusercontent.com/a-/ALV-UjWAu6EzYmwBd5rn9UpT0I2m8zAc5lQWYFnxMPpWGjgwVX3I9js,I am very happy this app,5,1,6.7,2023-12-03 19:30:44,,,6.7
eb615b64-abb0-42e5-9ab2-c8fad42463d2,adni yusuf,https://play-lh.googleusercontent.com/a-/ALV-UjV8xm4cSE6n2b4DoRctbZu8oLwO-It4YGXtc4UCxsLpEYVvfjXv,Decent I guess....,3,1,6.7,2023-12-03 17:14:03,,,6.7
28976fdd-bde7-45cd-b38f-496bcdf5441c,Amilcar Achebe,https://play-lh.googleusercontent.com/a/ACg8ocKyzp7h94XmozJVSHpkCzR1Y2qfyRGdbS_rX41bY11-AaimCA=mo,Helped me learn to pray and not miss any prayers!,5,1,,2023-12-01 22:32:59,,,
7d64143b-4eb3-4059-a6d5-549b7e2d2b4a,Maria Hassabo,https://play-lh.googleusercontent.com/a/ACg8ocJG5cspu__e2pcZIq3TKcrxAd30sv-nnSYYQXu7fovW3f0YRw=mo,👍👌,5,1,6.7,2023-12-01 11:11:06,,,6.7
0cce7c80-e624-40d5-b35f-b9796742d7ec,Abdulrahman Husseni,https://play-lh.googleusercontent.com/a-/ALV-UjXwpsXObXD8cVY84gL8EC5JhN8JoguCxfmTBw2_FmRqENviBmIWUA,Good for every Muslim,5,1,6.7,2023-11-30 11:01:40,,,6.7
112a9098-80dc-4e77-85df-2870a4cbe3ea,Abdulhanan Shahid,https://play-lh.googleusercontent.com/a-/ALV-UjX2Qc9aftoQtRWqO3UhIuOQMNEKc0OuzzJCvJoGXIhtGU_tUThPKg,I like it,5,1,6.7,2023-11-30 06:16:51,,,6.7
a9d7145a-75f2-471c-a440-e8ea73d846a0,Rits,https://play-lh.googleusercontent.com/a/ACg8ocK_-SaW4fBdrDA605xdAtRhZxKEV6dhbNWd-rvel_-mGONb8w=mo,Good for practising muslims 😍💚🤍,5,1,6.7,2023-11-27 18:19:35,,,6.7
3fea0244-f596-4f01-8186-28a0739965e7,Sheema,https://play-lh.googleusercontent.com/a/ACg8ocIM2JPGqWWBnx2DrcE4VzH7VMCg17-iIv007pqUMp4Bg-VxUrI=mo,Lovely,5,1,6.7,2023-11-27 12:40:02,,,6.7
db9a0299-e1ba-46fa-81ab-c641e798876f,Md Hafizullah Sabbir,https://play-lh.googleusercontent.com/a-/ALV-UjWOSUjooV7TOAMwacD93vf-6rPH1AC6y--M1yl0n08QbECurBdSPg,Alhamdulillah,5,1,6.7,2023-11-25 00:13:04,,,6.7
551cd17d-e974-4c61-9cfd-d8ea65169df5,Meeso idk,https://play-lh.googleusercontent.com/a-/ALV-UjVP9iAJQkFxrLlmnkkbrLVWqMrxNLO9OyPWhZrmDJXbg7MiR3rw,Amazing,5,1,6.7,2023-11-25 00:11:23,,,6.7
5c112dc6-23f1-4b1e-ac2c-68dc85c197ea,shaf shaf,https://play-lh.googleusercontent.com/a-/ALV-UjW4rLR7O8NrH8TwmC38a_ENzZBIehHuwTCK0D2dPhBdL4WAX8rf,"Great app to track your salah daily. You are also able to check your friends / family salah progress. It has quran too, very convenient too read on the go It's free, and everyone loves free things. I use this app daily.",5,1,6.7,2023-11-24 04:20:27,,,6.7
0920df43-d666-4828-991b-a2eeec1ba38d,Mehak Khan,https://play-lh.googleusercontent.com/a-/ALV-UjX6DBKJaHL_2iRqppEdXAACtKpm1Unh5z0tfQ6S0WDeuQ4TsRwFHw,must download helps to improve your prayer builds a guilt to pray a 100star,5,1,6.7,2023-11-23 17:24:42,,,6.7
1ed46484-4aa4-43ef-a34f-ef4b2da1a677,Uamr Seyd,https://play-lh.googleusercontent.com/a/ACg8ocJCLe1trkRV_07xvoXOfiXC4C0yAYmo2THFHv2VswNxQnfIuFDA=mo,Alhamdulillah,5,1,6.7,2023-11-22 22:50:53,,,6.7
0045cfe0-077f-4a3e-aa0c-49d1e7e82b02,Haanee Hanaan,https://play-lh.googleusercontent.com/a/ACg8ocLTNIx2qa8XVsyhUKn4DLPWaxAaew-K091bT1jITD5HjUH-lw=mo,Very helpful. Helped me get close to my religion,5,1,6.7,2023-11-22 16:30:02,,,6.7
b7b90169-e917-4af3-8b81-dc8e2e804d9f,School 2024,https://play-lh.googleusercontent.com/a-/ALV-UjWs2LlKb1IQ8ac8vh3egvHXIFUlziDWcYuofr-5sGnHs2Ry3D4,"May Allah bless you, my brothers",5,1,6.7,2023-11-22 01:11:29,,,6.7
e388cd77-014a-4fc8-9aa6-b441319ad526,Injy Radwan,https://play-lh.googleusercontent.com/a/ACg8ocKZQB_esTCNrQdJSJ8r5-P79lzjxmu4zC13_0WfPubVKOYGqw=mo,This app has a bug as it keeps lagging! I used to love it at first as it was a very good app!,1,1,6.7,2023-11-18 19:22:43,,,6.7
79150cb2-90f8-4c67-8bf3-8c91d045b542,Jaffar Sadik,https://play-lh.googleusercontent.com/a-/ALV-UjUJsYDgvFEn3815WLVsDfJvUqHORksY65VMo35_C9miy-dJv4Tg,Good,4,1,,2023-11-17 03:10:07,,,
da3aa5e5-08c2-4550-8054-a5936e9b0748,Zeeshan Adnan,https://play-lh.googleusercontent.com/a-/ALV-UjU8j6Nl6-LDpsTst8Y1JcKqmu9sNtIoG7_U5_x-GTA2ftOSIFFO,Ma sha allah this app will make us pray all 5 namazes,5,1,6.7,2023-11-16 22:45:42,,,6.7
8688cdef-af9b-4f22-8e34-19aa97c079a0,javed mulla,https://play-lh.googleusercontent.com/a/ACg8ocKFmaWACceVKvWYl35Es3CxoFYYVlEYrn51H97xMYB0U5ekxA=mo,Good app,5,1,6.7,2023-11-13 05:57:29,,,6.7
73af240d-da88-423d-a74a-5822c2d4db6e,T M,https://play-lh.googleusercontent.com/a-/ALV-UjUuwB3o3E3cnxBUM4aiKR-VppNRU-3vOmfBCwc10LADpJKtgiA,Exactly what I was looking for,5,1,6.7,2023-11-12 21:45:10,,,6.7
c7b1f22b-c4e0-4b08-b4d3-35c556f5bc06,Captain Abdullah,https://play-lh.googleusercontent.com/a-/ALV-UjVR5U_ZpBpbzAHetd11eV67bW9k1q5oEcJqKl_TU43TOWIuWN3qpg,Good,2,1,6.7,2023-11-12 12:05:27,,,6.7
0015689e-53e6-4ed1-936f-0649e4e14518,Misbah Patel,https://play-lh.googleusercontent.com/a/ACg8ocL5Sg3AK10QtDl7SgpnahVdcGbXvV0DX1yNFuBotxUWkxWaEw=mo,The app is glitching and shutting down on its own,1,3,6.7,2023-11-12 06:56:45,,,6.7
83a2c92d-8101-448b-b120-de351287cc60,Asma Pathan,https://play-lh.googleusercontent.com/a-/ALV-UjWNPltk7ktJo_cozicoP72RlEudQwqF13Mr3d39-jhOXJ1tpGPl,Liked the way it provides the tracker for daily sunnah habits with challenges,5,1,6.7,2023-11-11 18:22:04,,,6.7
640514ac-400d-4e96-b12d-638feb67bc5b,sara shakir,https://play-lh.googleusercontent.com/a/ACg8ocIh14ucTo_AMXD0s71IRTEMD4fpiz7vDEqkYW4iqpMIram1HQ=mo,ماشاءاللّٰه,5,1,6.7,2023-11-08 21:40:42,,,6.7
cd34d562-b1d9-4244-9ec9-1a0b18462332,Sahla Shalu,https://play-lh.googleusercontent.com/a-/ALV-UjUo587VJnZPuV-pG-rObB2ZiWIIenrJbTm7t10xfGrDc_UgcyY0,Can somebody help me to Stop playing the adan ... otherwise app is great,4,1,6.7,2023-11-08 19:48:28,,,6.7
c63e6526-133a-47f2-896e-7b21b11970c8,Yeasin _khan,https://play-lh.googleusercontent.com/a-/ALV-UjVGpcRyPqvsGVoNKO8NmwXotrBhBT6KkkVUaqnFQP_TXD1RTM46xg,Let's change habit,4,1,6.7,2023-11-07 16:17:51,,,6.7
59f53d69-f4df-4594-be77-d81ebd78a999,Fawas Spiceind,https://play-lh.googleusercontent.com/a-/ALV-UjVnHAsfs1LN9TOnF0sZ8qMHLX9AaYTkn1xh-pxRnyBT2EWPNGP-,Maashaa allaah,5,1,6.7,2023-11-05 07:11:19,,,6.7
81262515-594c-4a91-a189-41c175eb8d08,Mero R,https://play-lh.googleusercontent.com/a-/ALV-UjUHuqbeBPcpcqSlqoX_uRZkHI3MigeZ_J3w8IJFNDIdIr12rnZB,Thank you and Allah bless you for your efforts ☺️🙏,5,1,6.7,2023-11-05 01:43:55,,,6.7
0d4022d4-2e5f-4cb8-98ba-6c55ea08da43,Ahsanul Hoque,https://play-lh.googleusercontent.com/a/ACg8ocJ0ioMbRjYsUP1aXNltOwads0wl7gn9MzxZ7tpBvKHPzufvyecJ=mo,Great app. Now I can set Salah reminder.,5,1,6.7,2023-11-04 18:16:03,,,6.7
071cfbb1-7ca5-4700-9e55-ad93cedbc118,Aliya Saiyad,https://play-lh.googleusercontent.com/a/ACg8ocIz4JmOVpzljB3phfJ3dvtqvFvHEiAYp24NPZRljltZcemaSw=mo,Excellent app,5,1,6.7,2023-11-04 06:33:53,,,6.7
e4763995-924c-44d5-a4e4-e1106197436b,Osman Shafi,https://play-lh.googleusercontent.com/a/ACg8ocKVo7ULdBEiXcOo48bjPKgyWUgNdYIXp7j39Ytu4lvEoSZDww=mo,Mashaa ALLAH Is very important this app helps you many thing,5,1,6.7,2023-11-03 16:15:10,,,6.7
c16be942-382f-44c0-b685-53ba0a8893ac,Fahren Hamid R 765,https://play-lh.googleusercontent.com/a-/ALV-UjWsqyUfhmF_6iLZr9qX-GnxZfCc-HamTeUO6SiN_2UnarqBiSk1,This app is helpful and easy to use. Thanks for your innovation,5,1,6.7,2023-11-03 01:26:46,,,6.7
bd3679f2-ba78-4f80-8855-8cdea286eb93,Adv Shahzad Ahmad,https://play-lh.googleusercontent.com/a-/ALV-UjUhRVpf6GsWpwm5ZRFjotsXJ_dliRN3LvgI32R8FpxH03QO1gUoWA,Nice application,5,1,6.7,2023-11-01 18:38:37,,,6.7
aeb1f989-58ff-445c-8b7e-849566d40ebc,Abdul Qureshi,https://play-lh.googleusercontent.com/a-/ALV-UjW7ixZUxg7n4797h1v9NVGLSl0vtFvtXhk0qeeeaeH-HeU0jlM,It's great and simple,5,1,6.7,2023-11-01 10:58:33,,,6.7
198854f1-0d89-4714-94fb-ed48f48217bd,Nadine Selim,https://play-lh.googleusercontent.com/a-/ALV-UjXkXob0iiJxRa6GSbo5n9P1nxGSKQkGjmeYrMAryFFXmIszrScuqA,This app is so good. Helps me with prayer. Athan is good. Has a tracker. This is everything I have been looking for and I found it everything on this app is perfect. 🫶🏼🤲,5,1,6.7,2023-10-30 07:44:03,,,6.7
a9e5f676-37db-4bbe-be1d-7e1c9cf6ff3c,tehreem Paracha,https://play-lh.googleusercontent.com/a-/ALV-UjWWSOM85z8BjbfNljq5tPo7dg2U8_i8s44MpTNECKJTBp6N6wX3xw,Quran pak function is not working.. other wise all function are Amazing ♥️,5,1,6.7,2023-10-29 22:15:02,,,6.7
a926b684-5baa-4022-87c0-9a990fdf8cc9,Afrin Shaikh,https://play-lh.googleusercontent.com/a-/ALV-UjWX2TIvVPYbOnD4mxUJp6cfLzEbccAnuYVViMrcuxDhmaaGn7NP,It's very nice app we cn directly pray nd remark it's very helpful,5,1,6.7,2023-10-29 11:32:09,,,6.7
54b1fe5b-1c0d-4758-b55e-6d90110eed5b,Ibrahim Hamisi,https://play-lh.googleusercontent.com/a-/ALV-UjWu_3bduZvWP_fWIHcZ-iTTYj7Yl5MoLKmpxXo5BZkRABZk0b0,Alhamdhulillah I'm happy,5,1,6.7,2023-10-29 10:19:34,,,6.7
45157f8f-ab8c-4d30-83c8-859e3f3bf594,Aliya Siddiqui,https://play-lh.googleusercontent.com/a/ACg8ocKSfoYwLQlN-JhnbQMFRF_lFe5QZ_SqsIbvUMkQ9cVwD1gVHg=mo,It's very helpful aap with no disturbing ads you can use simply,5,1,6.7,2023-10-26 14:05:22,,,6.7
f67e36ba-6cb3-4480-9b90-e0f2cb72af90,K. Aie,https://play-lh.googleusercontent.com/a/ACg8ocLrZwCcnFGhmskFHujh62UcG0yzpgbB24qDkkqxCIJO4IE_eQ=mo,Nice interface. Please add widget!,3,1,6.7,2023-10-26 13:45:18,,,6.7
038601e3-7b89-47c3-98ab-68e568e77540,Savage Carat,https://play-lh.googleusercontent.com/a-/ALV-UjVb9EvEQHd1veWtZ6XRHYpn3eZLR7dXEkPWc95J64NNwivPeakD,"To be honest, I like how you have 'challenges' to track your Salah. It can be especially helpful for those who have a hard time on being consistent in their Salah. I love the habits and group tracking too! What I find a little lacking is the ways of Wudhu and Salahs. Like adding the niyyah for each prayers or adding sunnahs or what not to do during Salah or Wudhu. Other than that, it's a good app!",4,24,6.7,2023-10-26 12:17:29,,,6.7
21c9a0d7-7e95-4601-af10-0fc0bd363073,Matress Galuku,https://play-lh.googleusercontent.com/a-/ALV-UjUSgpUYNQUuAf5N0sCfj2d2Kn8iD-2rPDj04oKHPPd288zi34qU,Excellent,5,1,6.7,2023-10-26 09:58:55,,,6.7
2c33bc40-7c7d-47f5-8b65-3dcde1ed790e,Gulam Mohiuddin Chandiwala,https://play-lh.googleusercontent.com/a-/ALV-UjWSek9Ixb_B2BxfIaQhBN_ppCxeZmwQfMzeEG7AJmPF_G7hNI6k5g,"Amazing app for tracking prayers. 3 stars coz the challenges have a limitation of only marking before midnight. Please fix this so we can pray & mark after midnight too and keep up with the challenges. I'm a developer too & it's certainly possible. Thank you for such a great app especially with no annoying ads like other's. Edit: App behaves oddly on exit and it never exits sometimes so I've to go to Home directly. Also, when seeing old data, the rows repeat which is distracting.",3,70,6.7,2023-10-26 01:49:58,,,6.7
e0343375-6328-4867-bc03-0c4922f7f647,zahra abid,https://play-lh.googleusercontent.com/a-/ALV-UjWva1H2rYh4gBjxWYXi9kNH2_ryevIHLKHfvl0-U0iP86xndJCN,Wonderful app to stay conscious of my prayers,5,1,6.7,2023-10-25 21:48:42,,,6.7
05854198-6d8e-4df6-939b-93eb3275e369,Moha Kingstone,https://play-lh.googleusercontent.com/a/ACg8ocLfre0GUY8_HuAFkLcTOBmK-Df4CDxEG7LsB0n0QgWwXPlKCw=mo,Best app ever seen,5,1,,2023-10-24 02:05:10,,,
1cce29f7-64fc-4427-b33e-792ebc9876c4,Hadee Abdullah,https://play-lh.googleusercontent.com/a-/ALV-UjUGvoLuYII-0oeJI3IRe_1Uz3fNj9qaJ5C6PlC7XRAzOAXbytTPrA,Good app,5,1,6.7,2023-10-23 22:08:35,,,6.7
a18c7b2c-0c48-454d-8501-4d8f31a0f71c,Muhammad Noor,https://play-lh.googleusercontent.com/a-/ALV-UjXihTmkpo3fQOyc2I_daK41jam22uqB5TaE93uxYVc71QPsc0U,Alright,4,1,6.7,2023-10-22 01:52:52,,,6.7
3a8137f2-d224-4787-9066-c6df2ffd7e9e,Gulafsha,https://play-lh.googleusercontent.com/a-/ALV-UjVgQhaNuPbvewgH-rOrMqF6J4qkjlx-Xz1TP5uZPn8MGjLtHyt3,Awesome,5,1,6.7,2023-10-21 00:30:50,,,6.7
dde1ef38-4dc3-42e5-9177-1b5cd048a8b0,Erum Shahzad,https://play-lh.googleusercontent.com/a-/ALV-UjXRAD7E9aIEWta7CXRtiJULBOssFNSAcBqtYmy1Dg0KN-tbMfL3,Good start.i like the challenge,5,1,6.7,2023-10-19 07:46:16,,,6.7
3020bf76-f54d-4020-940e-455c70513a54,Nasreddine Mohamed Oussaid,https://play-lh.googleusercontent.com/a/ACg8ocIhKthc-DwFwldjFjkUo_mABL74wZiyc96ghMiJJ373Gcocaiw=mo,Great app,5,1,6.7,2023-10-18 06:01:31,,,6.7
877cb802-06a8-454a-a84d-39185cc670b1,Yusuf Al-Shaheed the most jihad I'm in Dennett,https://play-lh.googleusercontent.com/a/ACg8ocKt8CrrD16kck79AO1ubYctSYLsgt6hYoGN1L5JeiMoAZpskFwY=mo,Great Alhamhamdillah,5,1,6.7,2023-10-17 16:51:36,,,6.7
fec9323b-3c53-4bab-9070-e2ded703a575,Binte Asif,https://play-lh.googleusercontent.com/a-/ALV-UjWbmb_DG2dMxw2jqwYsJYositVHoRfzuA6xrtM-PMvgNCqZ0dhM,Lovly,5,1,6.7,2023-10-17 07:33:17,,,6.7
e7b080f2-c005-438e-8071-4e6388e37f5c,zohra banu,https://play-lh.googleusercontent.com/a/ACg8ocImZp3d0bMKDmZmQHoo_vF3SYqTwwg4i74fR6B2YvZowxkLqA=mo,Amazing 😍😍,5,1,6.7,2023-10-13 20:58:56,,,6.7
c73ae89d-4e00-460e-9a7c-bd2e687ee075,Aminasalmahan Abdisalan,https://play-lh.googleusercontent.com/a/ACg8ocKXxsmecj2DGGpZLDn4qWn5J_yBkHanYUL5rCxwNKyzEiUjAA=mo,"Asalaam aleikum,Allahuma Barik this app is great,it helps me perfect my Salah and pray it on time as well.Jazakkalaah kheir.salaam",5,1,6.7,2023-10-13 11:37:11,,,6.7
7d635b8f-dff8-4ef3-ae55-ddd2b93c4514,Bilalsam Farooq,https://play-lh.googleusercontent.com/a-/ALV-UjUR4EYi7ynlmXbVn3SaAx335hj0BYae61j1XUHRJQB2sBeyQOmNMQ,Superb,5,1,6.7,2023-10-11 20:22:11,,,6.7
09fb1f9e-be4d-43cc-8b96-a6c1a1e33fc3,Zeya Shakir,https://play-lh.googleusercontent.com/a/ACg8ocJFxp2qYGGbNPbjIHcwRczkaWF7TDLJ2oGTRXxpOblgynqIYQ=mo,Amazing mashaAllah,5,1,6.7,2023-10-11 08:26:56,,,6.7
1954dcdf-5040-4905-b161-56d9b2661733,Nafisa Mujawar,https://play-lh.googleusercontent.com/a/ACg8ocI-KvDasmReFeI_uCwAaXIWQ6hULqpxSDaKMB2o4GSMTNiCsw=mo,Alhamdulillah very good app,5,1,6.7,2023-10-11 05:36:06,,,6.7
db39938d-9b4e-40c8-8f2a-7ed8fee3f706,Mohd Ali Ahmad,https://play-lh.googleusercontent.com/a/ACg8ocKddd1aXyhTXv7Jhk8SQeZo0l_Ckpnpnroxxk-6ZiVGJFPTSg=mo,Ok,3,1,6.7,2023-10-11 04:28:04,,,6.7
0f76ddd1-6dd3-4b4e-accd-3d5b4f2edd6b,Jones,https://play-lh.googleusercontent.com/a-/ALV-UjUNrB6cgTVwuG-M99iNXKIjRu3dda_8EklvOBhRcmNdZmPYsf4,I totally love dis Muslims prayers,5,1,6.7,2023-10-10 14:38:30,,,6.7
65a0cfab-df6e-418d-8dc4-6b18dcd2d763,Syed Arbaz,https://play-lh.googleusercontent.com/a/ACg8ocJjoYXYoJ1nGTZBzAEGa0yqgTsBEScWuKVrTDuzE03WGt1PKg=mo,Best salah tracker,5,1,6.7,2023-10-09 06:37:40,,,6.7
237ccac6-eed0-4a44-a77b-8b8d1f5e73c0,Sana Naz Awan,https://play-lh.googleusercontent.com/a/ACg8ocKft6HjEHneo8MIiAOl77ZsfHyIp6o4b9psZUJRZG9JLh-uMG__=mo,MaShaALLAH very best app.,5,1,6.7,2023-10-07 07:34:37,,,6.7
97fdafbf-cdd1-4a5e-a173-dec9886e557f,Imran,https://play-lh.googleusercontent.com/a/ACg8ocJNF88keVucB2stc5EWcz4o8MBf6h0VB4xO0MDo8E9k4ixbRQ=mo,It is a good app for Muslim people,5,1,6.7,2023-10-01 19:57:14,,,6.7
7e10d949-4906-4b82-a0db-6c83d430ffce,Precious Shabani,https://play-lh.googleusercontent.com/a-/ALV-UjVe7QEgbjxKJi2D1C5dB5L4495gHBvFMuO_zB5STRCm_z2cC4Q,It always reminds me when to pray,5,1,6.7,2023-10-01 10:38:41,,,6.7
d133ca68-edc0-441e-904e-a81c40e3456c,Muhammed Saad,https://play-lh.googleusercontent.com/a/ACg8ocKdwimeIYhGnRkekUPukOy3nT5vZ-SaeiKrigxJ9BpvEnv16w=mo,الحمدلله,5,1,6.7,2023-09-30 11:49:34,,,6.7
df007560-2561-4c17-a018-7aeaeaca12bb,Nada Elmahmoudi,https://play-lh.googleusercontent.com/a/ACg8ocLgKWiIP9v7KbxzDwz4nn6GGlYLKE00E0V7L9nZ1S1T_nqg4w=mo,Good app but I do prefer Muslim pro,5,1,6.7,2023-09-30 11:29:12,,,6.7
505e4f45-27b1-4ea3-a5ac-bc35f73fe8dc,Quabec TV,https://play-lh.googleusercontent.com/a/ACg8ocLPSF9JgcalAFQe10eburWXQqC4rFo01WB0ftVHnVhLwrx_Wg=mo,👍🏼,5,1,6.7,2023-09-30 05:51:29,,,6.7
1a7c89bc-621e-42e3-a8c0-884b9e00bbc6,Kayla G.,https://play-lh.googleusercontent.com/a/ACg8ocKEZ5YIK-2kIQcrWUrU9SplEDN134Wb-SC7YxjsNrxWoJ06gg=mo,I have no problems with this app. Functions as expected. I also enjoy that this app has no ads.,5,1,6.7,2023-09-30 02:37:48,,,6.7
c0f39408-7ceb-4f85-9166-9eb6f1d1d2d5,Jannat Fatima,https://play-lh.googleusercontent.com/a/ACg8ocI5_W8c_oHt6vH30pge-1sT-TGEBjRK_r-x_xzYM_WW7XooEH4=mo,Very good and good at explaining,5,1,6.7,2023-09-28 03:47:49,,,6.7
24581750-036a-4c1a-84d3-255d0a0a7452,Ibrahim Mustapha,https://play-lh.googleusercontent.com/a/ACg8ocLQ6lh0_p5qnOuXNZuwtpZjyUuqOwe4-smvKxHfZGbcDh-26w=mo,Excellent,5,1,6.7,2023-09-24 20:24:19,,,6.7
95efa18c-0503-4332-a428-299e65f1e27c,Zeeshan Amir,https://play-lh.googleusercontent.com/a-/ALV-UjVl40cJmVueuq4mtEgSkmgfJ8gAllf_6bySBh7-W-zN9iQQWISB,Very simple and easy to use excellent,5,1,6.7,2023-09-23 14:56:55,,,6.7
209d4c8a-ee66-4df6-a113-2565c6a5fa38,David Jackson,https://play-lh.googleusercontent.com/a-/ALV-UjW8bkW_BbTSGfm--Hpv_q_L_LpbIi2R8kGhnZYxkXnudqhMDZL1,Very good,5,1,6.7,2023-09-22 23:04:17,,,6.7
b8ed6eed-f4f6-4362-938f-5fc4642878d9,Bushra Maryam,https://play-lh.googleusercontent.com/a-/ALV-UjUvNWUqvwR56XJyCAsxakWimMrBuUhtY9u0DigOFDAMs4Cx0d5T,It's a good app,5,1,6.7,2023-09-22 19:34:13,,,6.7
9f6ea5f9-ca1d-408d-900e-1f4389b8e486,Mahiyajannat Moumita,https://play-lh.googleusercontent.com/a-/ALV-UjVywail-r4Xa51ju6IMTSNtcAR8Eh1OfDscCdOw6WMJTGLZfwjK,Assalamualikum 🥀this is such a great app 🌺may Allah bless your team ☺️for this kind of app .I really appreciate it😌,5,1,6.7,2023-09-21 20:31:58,,,6.7
0554f069-755f-4253-b7c3-80dc12094670,A Google user,https://play-lh.googleusercontent.com/EGemoI2NTXmTsBVtJqk8jxF9rh8ApRWfsIMQSt2uE4OcpQqbFu7f7NbTK05lx80nuSijCz7sc3a277R67g,Very useful this aap,5,1,6.7,2023-09-20 20:09:08,,,6.7
e53942ce-5d36-4476-b606-5e344365f2ad,Hassan Suleiman,https://play-lh.googleusercontent.com/a-/ALV-UjX5y99PYdjFDmqXuboMfdOCvXclxZJMs4UJ-lFpNUJTawmEK1g,It is so very apps for me n others,4,1,6.7,2023-09-20 11:02:10,,,6.7
d490c182-359f-4c88-b178-90f7a36f1690,Towhid Chowdhury,https://play-lh.googleusercontent.com/a-/ALV-UjXfM5cBMO0WZlHoS0Qf7TCtjPVzYmbNz53CHDTlBTon2yALiqGd,So excellent!,5,1,6.7,2023-09-18 21:36:22,,,6.7
0bd8ea6a-36ba-4989-8f26-73ed1d676a58,Fatin Y,https://play-lh.googleusercontent.com/a-/ALV-UjUr3DWYHz2gEejHAyrFuZHizpjKo7G7Lb8l757hoVBktw44fkytvg,Would love it even more if there's widget for this so I could track my prayers without tapping the app 🥹,4,1,6.7,2023-09-18 07:32:34,,,6.7
a9df5a86-a3dd-4513-a201-b68682fe80ea,IVY MORATILLO,https://play-lh.googleusercontent.com/a-/ALV-UjUQzz3Ccu8GjMkYZnnoxo5uardHlJdhnaB0N53eWfa9PEUoYG-H3w,Nice,5,1,6.7,2023-09-17 22:03:24,,,6.7
ab846e1b-0769-45f9-8958-35b72bd93a08,Hadi Alherz,https://play-lh.googleusercontent.com/a/ACg8ocLDEVyIloY5qHx-FqjZot-ryrfe_Z939g_TL4KX7po8Ox4M8w=mo,"Very good app to help with tracking salah, building new habits etc.",5,1,6.7,2023-09-17 19:29:15,,,6.7
902a525f-c3b8-4398-a423-86548fc562d9,Ayasha olieava,https://play-lh.googleusercontent.com/a-/ALV-UjVuFSzXX1O_K2omr7RNYCPCVwUnPanLaDG4eIVstR6GDXI0sZr1kA,Alhamdulillah,5,1,6.7,2023-09-17 17:29:03,,,6.7
b54652c7-ab51-4a7c-bebf-7ce37c714990,Qazi Mohammed Ishaque,https://play-lh.googleusercontent.com/a-/ALV-UjW8QtdtqdqAUEEAovWfCEtb5s62DjhX4ysNsWzXY6DKL0EKZU_5Qw,Very useful app Masha Allah,5,1,,2023-09-16 21:01:48,,,
fe06a9fc-9247-4607-8af9-8519e3feccd0,Faisal Hafeez,https://play-lh.googleusercontent.com/a/ACg8ocJP1yRH1gma_ewrSjfN8MgjfSwOJ9a81UMuQ2BGc39K3SwNzw=mo,Mashaallah,5,1,6.7,2023-09-15 23:19:45,,,6.7
73d5ae57-a349-4b11-ab74-c51b2509874d,Asmaa Magdy,https://play-lh.googleusercontent.com/a/ACg8ocLmj9_6mYE_cvxMjnEe6P_BsLsf4CSGZognHnen0zW5jM9QoQ=mo,Great application,5,1,6.7,2023-09-15 05:47:21,,,6.7
8955c434-6504-4fa7-b8f8-99d59a33a97d,s g,https://play-lh.googleusercontent.com/a/ACg8ocKoUkrq0--m2-0Oubw8ojkKZ-gGxN5rFwPNIghrkCEic4XkTQ=mo,Great app,5,1,6.7,2023-09-14 22:39:31,,,6.7
38bbf059-a89d-499e-9695-09ee69370791,Seif Omary,https://play-lh.googleusercontent.com/a/ACg8ocKRX-R8bqQ3QnagWEOlf1etW4ob1nL7RQ7Ryhp5ikLLIDnyqQ=mo,It ver good I love it thenk you.,5,1,6.7,2023-09-14 09:50:42,,,6.7
96ddc1ac-52f6-46dc-92bf-96dcd49cbbb4,Ateefa Mulla,https://play-lh.googleusercontent.com/a/ACg8ocKTFcN6x6HCh_TDm3tFEXdpNSbpDU4lqV3pM8qYOfAmKNK-nQ=mo,Good and very helpful to get closer to ur Deen,5,1,6.7,2023-09-14 09:14:29,,,6.7
e3f274b7-6e5d-4559-88d7-8bec00f1f701,majorey thompson,https://play-lh.googleusercontent.com/a-/ALV-UjVGC8Pg-mAm7S7oUsA8AwId_5APPx7Nhix8TTdCRSOjW_QG0_Z8,Am inpriced,5,1,6.7,2023-09-12 20:17:19,,,6.7
83acff3e-5138-44ea-8fc1-0a7ec42a01b9,Reem Mahmoud (Architect),https://play-lh.googleusercontent.com/a-/ALV-UjVJsnTa-GpfFk9DVWX64EANcWje0d4K7N_w7sisWDLNTWQLosFq,Useful app for every Muslim,5,1,6.7,2023-09-12 05:04:15,,,6.7
b3d90618-ddf2-4ce4-acc1-6a35beb0703c,Hassana Suleiman,https://play-lh.googleusercontent.com/a-/ALV-UjXoU2VVXHEaMWixm4i7TmRXMsbTwmf5mtG-KA0uHZyuobWAsAVIkQ,Exceptional. Ma Sha Allah!!!!💕,5,1,6.7,2023-09-11 15:56:39,,,6.7
b16f7e44-1c20-4a09-aacc-ea0d110fe777,Hasib Ansari,https://play-lh.googleusercontent.com/a-/ALV-UjVnca5T07lp_QbubbtweKAqFcKLR0VCbKZ2mF8MeC_i7KxrRHLL,Can't say now.,4,1,6.7,2023-09-10 21:58:07,,,6.7
2b77d344-0f9b-4855-9ee7-a9136b1e201b,Khadijah Pervaiz,https://play-lh.googleusercontent.com/a/ACg8ocIscyRMLpo92R9fBmUxfVlZHvyfSpGfr-Tx1OlnrB-7AlxhxA=mo,It's the best app,5,1,6.7,2023-09-07 08:55:25,,,6.7
c52f3f46-3b37-4820-8f6f-90323ecdce3d,Alton Brooks,https://play-lh.googleusercontent.com/a-/ALV-UjX2ozMOhVa9T2glPJqzZY7HJtHFuivNDuP1t8-Knjy_yqRHf4Tjiw,Jazakallahu Khayran Just needs a widget. How do I exit the quran section. Have to exit the entire App then close it in the background.,5,1,6.7,2023-09-06 15:02:39,,,6.7
f99fb854-6517-4dfc-8f6a-6c50c6285d44,Akira Ken,https://play-lh.googleusercontent.com/a/ACg8ocIYtcJ2BN_vuKZP_7G-3u-RNckeHNYtybdUIpYTA0Grygt6uA=mo,very useful app,5,1,6.7,2023-09-05 09:17:27,,,6.7
48a3b25f-b99a-43cd-ab4d-811352627c3e,Siffai Jobarteh,https://play-lh.googleusercontent.com/a-/ALV-UjU06G0t1SLiMfqqf9qJ53mtfOXJuf_JXi_eIzRsXS0uj8GsAQ64ww,👍👍👍,5,1,6.7,2023-09-04 06:14:04,,,6.7
f241e5ce-98eb-4d11-b030-c0e1b2e923c9,Midhat Kalim,https://play-lh.googleusercontent.com/a-/ALV-UjU8L3yM6FI6IKX6MFZkYC4BZAyioEcCqt-JtgMS1rXQn90DZW36,Good make me motivated with the cool challenges to pray 🙏,5,1,6.7,2023-09-03 17:22:46,,,6.7
5c5f9a5f-4782-45eb-be07-11264742ee18,Abdul Muhyee (Cyansharkplayz),https://play-lh.googleusercontent.com/a-/ALV-UjUGi2XI8DaZKsu_3h8gXfVdzf5m-MC5iCtFOy0nmHij_6if5EuZ,I love this app,5,1,6.7,2023-09-02 16:56:59,,,6.7
e28270b7-3efa-4aaa-8796-0d002b76c365,Summra Kanwal,https://play-lh.googleusercontent.com/a/ACg8ocLD0_RdgpTmRatPJQBheMdITKzbbYZ7sGdSan2odzdW-A1AaQ=mo,Very interesting but sometimes stop in large surah,5,1,6.7,2023-09-02 10:14:15,,,6.7
21a51915-3e9e-416b-9520-c7ee33082eff,Ayat Gaber,https://play-lh.googleusercontent.com/a/ACg8ocI29a8UjkQv4nMdlB3uAenKsCVooDlc-TWxgykClLl34zbSmQ=mo,More than awesome,5,1,6.7,2023-09-01 19:41:04,,,6.7
1fc21819-2b45-435c-a548-3c945b0fee0a,Salma Elshabory,https://play-lh.googleusercontent.com/a-/ALV-UjU7vEvUX5ZegWTMTGe9Kq3haLnGXVfayBKeMrj_EBLeDGDbRZUx,Great,5,1,6.7,2023-09-01 04:10:54,,,6.7
5ae3db17-7fde-494c-8ccf-94a4a047fbfd,Tarique bin sikandar,https://play-lh.googleusercontent.com/a-/ALV-UjVus6JGAo5WCDisMV4X1odqxtO3lpTl-3yhG0ndRcTdjQzBauJVDA,Great app,5,1,6.7,2023-08-31 20:14:55,,,6.7
c7e15f9e-d279-4e4d-93a6-868eea74cac8,SUBA BHATTI,https://play-lh.googleusercontent.com/a/ACg8ocKyEU9u---E73bza1BgWNN02YLPlpYLVrN0aCgydWzE9LYB50M=mo,This app is great helps me keep track of when I have prayed and group prayer with friends and family. I'm New to this just understand the good habits. There a bug or issues in the app. I not sure why it does what it does. I'm using this when I'm learning the prayers of any namaz time. The app logs out when I never wanted it to. I have to log back in. Recently I noticed it mention Ramadan message on top in blue when it is not Ramadan at the moment. I noticed on having same issues as other in app,3,2,6.7,2023-08-31 09:23:51,,,6.7
232308fb-b292-4f95-af3e-333d47c2d07d,niyas mon,https://play-lh.googleusercontent.com/a/ACg8ocK7LCGJJo50967ZN7OnWy7dXV4M_o4eGNYK7Ey8lKevfOysYRI=mo,👍 I a. So happy,5,1,6.7,2023-08-28 23:02:39,,,6.7
4b1c0e80-7a01-467b-ae71-3594995e0dba,Loola Ahmed,https://play-lh.googleusercontent.com/a/ACg8ocJ-uot6JNbuH7PER_VhKEiVe1wwzeCllI_PA-_T6UaQGKpfSg=mo,"I really appreciate what you did with the app. I am so proud of you, Muslims. You made such a great app for free. All the options are allowed. I haven't seen a paid one. May Allah reward you for it.",5,1,6.7,2023-08-28 06:54:10,,,6.7
2f319449-ec2f-41db-bc5c-b9e672390613,Abid Vp,https://play-lh.googleusercontent.com/a-/ALV-UjU5T30fzE8wZc812JjfKFL-zV7oI9aC_0Lu7A83x_lMnjybSH5_,Good,3,1,6.7,2023-08-28 04:07:27,,,6.7
5f270353-2e04-4edf-9236-3039973b1dd3,Hallo,https://play-lh.googleusercontent.com/a-/ALV-UjUPiAWvGt6pxnzcADVdZNqD3XNhkUT5VlNyBCKsP-VlmQtVqney,Has a few bugs but overall it's good,4,1,6.7,2023-08-27 15:56:52,,,6.7
d5fe6369-7a77-4901-b560-b46f34f3a719,Mahboob Siddiqui,https://play-lh.googleusercontent.com/a-/ALV-UjVg0--op1k3c3cAVpI2WeWTzfN3zbGRu6A6NLxhH5jCu7mTNDh5VQ,Make a widget and can be added to screen alway to be tracked application is awesome mashallah..,4,1,6.7,2023-08-27 14:23:36,,,6.7
bd5cfa8d-7cd0-4b35-9b3f-5d9d3adf7297,zubair Ibn ul Abdul aleem,https://play-lh.googleusercontent.com/a-/ALV-UjWj4nbi6fZF1_LZYrxHLz98QASTEcxK-XSJKuxUaeByhrNA3X96,Nice,5,1,6.7,2023-08-27 07:15:12,,,6.7
af6af1ee-0b50-4b94-ab20-1225b08128d2,Yusuf Indico,https://play-lh.googleusercontent.com/a-/ALV-UjXLtQ5p0BSGc90SdB9YN5Y1Hb1LKOXZKrGs-DGo35cFUhExqCqV,Assalaamu alaykum Great apps,5,1,6.7,2023-08-26 20:09:33,,,6.7
3f981e98-0405-483b-83fb-c7a850a22fc5,Sab,https://play-lh.googleusercontent.com/a-/ALV-UjXbzrurTOe0ng_H89L_uZOvcKyfJF052l_7l6rHP3JsD_7_Ueo,"This app is amazing, you should download it for sure",5,1,6.7,2023-08-26 12:00:22,,,6.7
3d8471e9-d78f-431d-8f51-7ac64d31f5dc,Ayesha,https://play-lh.googleusercontent.com/a/ACg8ocJJR34bXRRpkDj1pi_3LrL-cfYRnDoFj5i2wyK41znsiY-WJA=mo,Best app 👌 for reminding us to the right path.whoever made this will be a sure sadqa e jaria for him inshaallah 🙌,5,1,6.7,2023-08-23 20:02:58,,,6.7
61d3d371-199e-4593-85e7-4e551f1abb01,Md Rakibuzzaman,https://play-lh.googleusercontent.com/a-/ALV-UjWcpay7byRei49KCXx2Vo6X282lPCcOhpH__j9tf2H3SPWyiW7Weg,Alhamdulillah,5,1,6.7,2023-08-22 22:05:23,,,6.7
c69f9d27-0ea3-4a10-8930-19ca1dac65de,Noman Naeem,https://play-lh.googleusercontent.com/a/ACg8ocKkkt3_7BQ5nUw2GGqx_nZ_psJllliZ65Hl4a_OV6f1Qp5EdQ=mo,"JazakAllah for making this wonderful app, helps alot. May Allah give u the ability to make more apps like this which will be a great help for this Ummah. Inshallah",5,1,6.7,2023-08-22 00:40:39,,,6.7
acd9a990-cbeb-47af-b836-faa07faba83c,Nezha Khayati,https://play-lh.googleusercontent.com/a-/ALV-UjVYS1CXUxhpSW3aBAa-xUpSRL8cYwACXycHTYPdHQCob9BjzLaf,The best app ever it contains everything in one place thanks alot you saved my time ❤️,5,1,6.7,2023-08-20 04:36:03,,,6.7
07b7d84e-f454-4329-8cd7-2907da0eec4a,Shamsa,https://play-lh.googleusercontent.com/a/ACg8ocLZ0LudHbx9LHaNYmJu4sGtZ-ABPp39ZfKeCpRr6aDJqCIFlQ=mo,I love ut,5,1,6.7,2023-08-20 03:17:26,,,6.7
572eb328-82a7-445e-a518-b1abdb4a7c8f,Hasib Bamyani,https://play-lh.googleusercontent.com/a-/ALV-UjVVYJq3kaQvDbxtNpMYqt2Rfl-b169edpnKUo9glvF-b7G8CGU,it is good but they need to put an alarm for shiyas too so everyone has a choice,3,1,6.7,2023-08-20 01:47:17,,,6.7
2f553089-6b43-4b18-83c8-4a08086c7ffe,SONIA SULTANA,https://play-lh.googleusercontent.com/a/ACg8ocLlViFlLlVqHDdnEb7RLFQZsaUPUBaMC8PrhZyrXesKRmyuBg=mo,Good,5,1,6.7,2023-08-19 18:37:54,,,6.7
90fe9001-f6be-4eca-b6a4-163ee49e8c83,R,https://play-lh.googleusercontent.com/a-/ALV-UjWcrBsEjh9cXBc5JVh8P9aVExx5RIC4-YdDN245tkgvoCsbrCRCdA,Buggy Unfinished app,1,1,6.7,2023-08-19 02:25:24,,,6.7
d3756bf6-1c0f-4234-bdcc-cfcbd097a516,Snøw Black,https://play-lh.googleusercontent.com/a-/ALV-UjVWBhesFjNcN69gAA-Z4YgEN5ve-vrxB6h1va9ffu8ymlZwXIu3,"One of the best apps a Muslim needs to track his prayers and the prayers of his family/friends, while motivating himself and others with challenges and daily habits. Totally recommend!",5,1,6.7,2023-08-18 19:07:33,,,6.7
386555c0-7b40-4803-b648-8598fe8f6031,Ziabur Alom,https://play-lh.googleusercontent.com/a/ACg8ocLVJ1A0e-1s7EUVBhdUSrG1S8-U8dNK9Tokx4Sp3AQkq89Cnw=mo,Very nice,5,1,6.7,2023-08-17 18:05:17,,,6.7
08487d70-896f-4637-a015-ca54aa9f7d1d,Abdelghani Labed,https://play-lh.googleusercontent.com/a/ACg8ocJfvopaWeIgttq9z7Ni6uflL6jVnijmeX-sR2ntrQXpTgq12w=mo,I'm amazed,5,1,6.7,2023-08-17 16:25:39,,,6.7
12e8190b-13a5-4282-8f85-ada9831e3fdf,Kireen Nadeem,https://play-lh.googleusercontent.com/a/ACg8ocJhaIvCmbi1DFYjkeQDi-YP7--Ygx664itZv-lXMeaU_tSU9Q=mo,Happy,4,1,6.7,2023-08-17 10:34:57,,,6.7
c0555228-7029-4e6a-ad72-d4b312236c7c,Diamond mauga,https://play-lh.googleusercontent.com/a/ACg8ocIGsYUXoN9QgVlpkqpzwc-bGNfAXkXRrAM5u_Zht7MFuvCiIA=mo,I love this apps.,5,1,6.7,2023-08-17 07:42:44,,,6.7
c5381588-df68-4822-b73f-74dfeb642cf8,Mohammad Haroon sheikh Shaab,https://play-lh.googleusercontent.com/a-/ALV-UjU2aFD2ZEBXQRL0QGLVKzYk7_Hr1QIncrHw25x_9NmQ8tgCzkFGwg,I have no words for this apps features.mind blowing Every Muslim must want to download this app,5,1,6.7,2023-08-17 00:20:56,,,6.7
1e9e8ee0-59b6-4960-be2f-55e042fe6911,jimmy halim,https://play-lh.googleusercontent.com/a-/ALV-UjU4uIPvySrVSwl5GLQ_xUVw3obdl6Q9tM7Iq_7lf1eFvrBdEc_s,I am new to my app Thanks,5,1,6.7,2023-08-16 23:18:12,,,6.7
6320029b-d5c8-4bf1-b4f8-38f63c496a82,Ahamed HajaShareef,https://play-lh.googleusercontent.com/a-/ALV-UjUN9Ba65laIs44R9D7DH7HIbQ4KA2ngbUEQnc36L-NUHBkrhiCB,Excellent App,5,1,6.7,2023-08-16 19:14:28,,,6.7
fa1fccf4-4287-4576-bf1a-0018dd595a46,Ishaq Bukhari,https://play-lh.googleusercontent.com/a-/ALV-UjUZiUpP-g_F3WLfPNmh3JRzc2Jmh5EQyr39DeNPpgNolFirPtqX1Q,"Great app! MashaAllah! Keep up! ---- COMPLAINT Please remove this annoying notification that keeps popping up even after closing multiple times. It's not even Ramadan. There's another similar notification about the accuracy of Salah timing and it also spoils the experience, please get rid of them 🙏 Also, if you click Quran, there is no way to get back to the app without force closing it and reopening it. ---- SUGGESTIONS 1. Please add habits option to group tracking for reading Quran etc.",5,87,6.7,2023-08-15 15:55:57,,,6.7
2e5df15b-0c78-44d3-a8c1-2e59d3452680,Zain Raza,https://play-lh.googleusercontent.com/a/ACg8ocKG85bkmZLtL2riDlAquEx1MNWpCOXpDALSuW5hHIXbRcK-Og=mo,"Idea is good but there are many bugs.. 1:It connects to internet very late, after 20-30 second no matter how good internet I have 2: Sometime Challage activity is not working fine, when I Tick✔️ all the prayers for 2 days but in Challage it only shows 1/10 (I tick all before 12) 3:When I click on personal tracker then it take so much time to load current day, means it only shows all previous day results but don't load current day in time so I can mark that day prayers. I restart app again & agin",3,2,,2023-08-15 11:35:31,,,
f6c6f5b2-e8c2-4ba6-aa23-58075e4a5ff0,Nasser Azad,https://play-lh.googleusercontent.com/a-/ALV-UjVahDW2n249Kg-HuDJdWvGNdHvQtcLmSMspxPTibhcBd11WEuos,No Ads Allhumdullilah I will donate instead,5,1,6.7,2023-08-14 14:13:01,,,6.7
8c30e125-c15c-4ffb-9788-7b42dd8fb5c1,Hafsa,https://play-lh.googleusercontent.com/a/ACg8ocK90-lttOpKlNxgHZDdOImKhy4z-oQvGwj6998pfF3iOY7zCg=mo,It's so helpful for me.,1,1,6.7,2023-08-14 00:57:08,"Assalamualaikum hafsa, we are happy you like it but you accidentally gave us 1 star.",2023-08-14 09:38:58,6.7
bc1a2558-b6b7-45c9-85ed-7773c5da9835,Ahmed Writes,https://play-lh.googleusercontent.com/a-/ALV-UjWa_LkyYwz9DM8b9_VgvpO5kenMrr_WVO--SpHdBfnkYg9NbCVu,Good app,5,1,6.7,2023-08-13 03:17:39,,,6.7
24c4ee14-6620-479d-8f6f-316085acbe0c,Mudassar Zahir,https://play-lh.googleusercontent.com/a-/ALV-UjVkOCdwD_pyxxvtVKw2UXmpvdUTiFyUsuh--Y-AbrzgPaXTnio,Good app,5,1,6.7,2023-08-12 14:54:51,,,6.7
8bd36ff8-feee-46b4-b41d-561391a4875f,X. Amru Sabiq,https://play-lh.googleusercontent.com/a-/ALV-UjWWhZDdp2bIcFn3QlLvEkshfQ5s7aQttpzoQKVyUj1PT0UWxWd7,This app can teaches yo how to pray.,5,1,6.7,2023-08-12 11:59:59,,,6.7
47acbcc0-c1e7-4bea-a710-00a5e36829b5,Firojuddin F Ritthi,https://play-lh.googleusercontent.com/a-/ALV-UjWuHIrxHCBSI-f4sQGXcXL-RuUisczNwugnNowK3WflWsodrdqj,It's very good app in the world and i will share many people As much as possible inshallah and thanks to create the app jajakallah,5,1,6.7,2023-08-12 00:18:16,,,6.7
38942eaa-426f-4a6d-9766-96f7d39dcade,Nshimirimana Abdillahi,https://play-lh.googleusercontent.com/a/ACg8ocI6fFug0TG5Ft1-mlqVaZGwKALHa52PnHRz6hJMuUPInegKIA=mo,"Alhamdulillah, inshaallah this app will help me to increase good deeds and to be a good Muslim , barakallah fiik",5,1,6.7,2023-08-10 18:50:13,,,6.7
f3237b83-a8bf-477a-89db-743658edf130,Aneta Sharara,https://play-lh.googleusercontent.com/a-/ALV-UjUQD1481G6EspQbYVKyfpVVAyw2P0H9m98Ua3DW5p4EtYkXn4E5,"Very good app but one thing, could you add polish language please",4,1,6.7,2023-08-10 18:08:38,,,6.7
e5079813-f2c5-47af-8588-3ca70f703d5c,Lanya Yousif77,https://play-lh.googleusercontent.com/a-/ALV-UjVo1h7UnZsXoMpFH-t4pEVsdhw9sd40oqPdxuvCb-LYZU-VEvw,"Excellent app for muslims and beginners. It has most things you want, and i highly recommend everyone having this",5,1,6.7,2023-08-10 16:42:53,,,6.7
ebfa1c30-3f28-45b5-8d4f-64f78ef45cf1,Ahmed Sobhy,https://play-lh.googleusercontent.com/a-/ALV-UjVUmFAUbzs5KPViW4tvdr7_gekwGwJn9XhzJ4mCjDcma_4106wt,اللل,4,1,6.7,2023-08-09 12:28:03,,,6.7
04224d4d-dc77-4075-8c51-6dc060e1cfa2,MSANGI J.H,https://play-lh.googleusercontent.com/a/ACg8ocJfJwSTk0NKHFUlps3rBDl9rslvkz5CAVrVwIOnBUHNLBB0cO8=mo,Best app,5,1,6.7,2023-08-09 00:27:15,,,6.7
1eda3cab-95f1-4c5a-9462-0d85b4011fa9,Unknown _,https://play-lh.googleusercontent.com/a/ACg8ocJBJ8TKwacTskPLEx3wtyqlDggTFTJLr8rwk2bM-4TkrKIufQ=mo,Helpful and motivating,5,1,6.4,2023-08-08 15:17:17,,,6.4
106801bc-1d46-4bb1-985c-5369e4fd266c,Jeff Newkirk,https://play-lh.googleusercontent.com/a/ACg8ocIXEDSfxb5D6egITCBygYkwlE0HLd2uELt4_cIjAibdMXuwGA=mo,Very good app so far. Inclusive and helpful.,4,1,6.7,2023-08-07 00:53:27,,,6.7
0c8f77b4-fefa-4bf4-b93e-52b5365512b5,Tanvir Ahmed,https://play-lh.googleusercontent.com/a/ACg8ocKmYcAT9_Kt0O2I9Pg3DAnfVj7bYF9elXnvGvZQqOk8RU2hIA=mo,"Best, simple to use and handy to daily activities.",5,1,6.7,2023-08-06 17:59:27,,,6.7
2e625e14-4645-46f9-ad86-ff6eaac77bc7,Hero Hero,https://play-lh.googleusercontent.com/a/ACg8ocLqrI8To4iYXrXknFeHl8dbOVqVKnKSjE4-n-NpVqxE2jkqXg=mo,Very good,5,1,6.7,2023-08-06 14:03:43,,,6.7
dd41804a-80f8-470d-be48-cb2ba5a5deaf,Farazilla Abd Sanih,https://play-lh.googleusercontent.com/a/ACg8ocKfpup9cQBXZZKqQ0rWkqFM9qzIjRgn82C0YKu0gG_x6kngtg=mo,"Assalammualaikum I love the apps it is great and teach me how to salah and remind me the time. But if you can translate to another language such as Malay I really appreciate it, if you can, because my parents can't read the Qur'an translation or Hadith in english thank you for the apps and may Allah ease everything.",5,3,6.7,2023-08-05 22:19:07,,,6.7
4b42e7d9-0c97-4df4-8250-41e1fcba88b5,Sam,https://play-lh.googleusercontent.com/a-/ALV-UjUVIqDmuhDPYzC0KC3zYhfw92TSD6sKDaqqTOWuXCkBCAMIPtA70g,"Assalamualaikum! This app is really great. Just a few suggestions/bugs - When I go into ""learn how to pray"", select a prayer and go back an select a prayer again, the app crashes When you go to the quran section of the app, there is no way to navigate back to the homepage. Another bug is that when it's time for the next prayer, the prayer times just freeze and do not update. Please fix this and mashahallah this app has done me good. Hope all is well and looking forward to more updates.",3,42,6.7,2023-08-05 06:21:01,,,6.7
95de0d2f-3f52-427f-b893-98deb0c05e3f,Muhammed Sinas,https://play-lh.googleusercontent.com/a-/ALV-UjXhHlP3z8SFKN02DKHewxV2MyWZWnhELnAFAHoShtuY1oIzO7pZZA,Please include an option to add a widget on home screem so that we can track daily salah fulfilment. Thanks.,4,1,6.7,2023-08-05 01:29:59,,,6.7
ef63b061-f2a9-47ec-9e13-58dbd478c41a,Burhan Amin,https://play-lh.googleusercontent.com/a/ACg8ocKTjk5U28jDP_6ak0fhu1mW1ULSwR1dZouvrH3f30pUf0ulGt6-=mo,I found this app a veary good reason to call upon your frinds and family towards the Almighty Allah and living life the way it is ment to be.,5,1,6.7,2023-08-04 18:21:25,,,6.7
f8c57d2d-6e62-4db9-960b-a7098f425061,aftafun nahar,https://play-lh.googleusercontent.com/a-/ALV-UjXQUOUXVfX6eK94mEz2CDgpGJCFo-bi6v50jT7A3VfpACHiMnuM,Daily habits option needs to be more updated,5,1,6.7,2023-08-03 04:06:03,,,6.7
22f1e172-ef32-4d57-b73e-23aca013565d,Toyin Parrish,https://play-lh.googleusercontent.com/a-/ALV-UjVHakH1809jq9wulFGrjSSWbr1EOzmXO9qOuXAld7Dl9IU8PcN7UA,The best so far. Thanks for making it simple and AD free.,5,1,6.7,2023-08-02 06:36:42,,,6.7
c35510d2-749d-4678-ab12-87e200fd3671,Khadija Tarin,https://play-lh.googleusercontent.com/a-/ALV-UjWVaqjOeSpAWKINp2rcUZrKlKz7wKhu4RAOy2yPNPhtu58oZsTZxA,Very helpful excellent,1,1,6.7,2023-08-02 04:38:40,"Assalamualaikum, thanks for the feedback but you mistakenly only put 1 star :(",2023-08-02 17:32:15,6.7
34d6ade3-25b1-48a0-8809-dbc300b643fa,Hala Allam,https://play-lh.googleusercontent.com/a/ACg8ocI7Q7GL7tScKFIgvCw5K4zwIt2qQ7R596Jyxtf-hugFA0mGEA=mo,good app not very bad its fine,5,1,6.7,2023-08-01 20:23:15,,,6.7
ba67044b-1157-405d-acea-91f49b974ca1,Sajib Bhuiyan - MSB,https://play-lh.googleusercontent.com/a-/ALV-UjVTfkAvwNTuISe7kY9oZtpCSGeSCzyEPt03pyP74t_kMrcJIySmhQ,Good Islamic Apps,5,1,6.7,2023-07-31 14:48:16,,,6.7
2a7a68c9-d119-4240-abec-ad4ae64a709f,Erind Abdullahi,https://play-lh.googleusercontent.com/a/ACg8ocLFhGvdmzB6zqSKM4J4T5ozp7P33pg-6GHTZ-9plA8OKPciWw=mo,Ok,5,1,6.7,2023-07-30 01:40:53,,,6.7
4460fba5-bfc2-4f1f-b4ab-13ce45e8b6bb,Reda Anjum,https://play-lh.googleusercontent.com/a/ACg8ocLvhc-mAQLs2X66v-t0fVPh9hDaJ1lCrr9H382Yu-BRi2zVgDI=mo,Best app Very useful and easy to track your Salah and very helpful to make a daily Salah habit Having simple interface,5,1,6.7,2023-07-29 00:00:45,,,6.7
f09902d9-2c7a-4041-b16f-67629f055d72,Kamal Ford,https://play-lh.googleusercontent.com/a/ACg8ocIeXM3nOyM2MiXIBmz3c5qzpwxRRzb4fyR7ZbBCN0VKJxgOhg=mo,Alhamdulillah good,4,1,,2023-07-28 19:09:52,,,
d0122a8c-a1cf-48bc-913b-93953ef89d89,Husna Mmtz,https://play-lh.googleusercontent.com/a/ACg8ocLVHuqccQwwu8dKzVLqKsTgeMoSff8GcheX-G0cXcKB4lpm0w=mo,Best apps!,5,1,6.7,2023-07-28 10:00:51,,,6.7
d908b4b7-bcc0-4164-b6f7-07f172f1de9e,Bablo Awan,https://play-lh.googleusercontent.com/a/ACg8ocK_y8rUXBAaHtOLHgQOJ-q4cNVCnIL1BhujCMkXM1iKKk7KYQ=mo,So prefect,5,1,6.7,2023-07-28 00:28:31,,,6.7
386d04a7-bb8e-4943-8d16-cbc4d44226f8,Suleiman “Makanaky 22” Agboola,https://play-lh.googleusercontent.com/a/ACg8ocKPJR8dORtikZiTE44T7jwyl1YnVSbB06Wac5Ivzx6-HEsnVA=mo,so excellent and friendly to used for new beggines,4,1,6.7,2023-07-27 14:03:56,,,6.7
5608e547-7318-4d80-bb48-936bfc01351d,Learn Islam Bd,https://play-lh.googleusercontent.com/a-/ALV-UjUeobbCSfD3dmbhdK-i-xQi2Jpk7G3YMxmO9leV4HpGPIm6168G,Nice,5,1,6.7,2023-07-27 06:31:06,,,6.7
fecb2cfd-2c71-4c73-9a7a-66618729e064,Muhammad Adil,https://play-lh.googleusercontent.com/a-/ALV-UjXtNNfDncgkJf-8Rsl7PXYYuzKPej90wKpbWBlUeQXz1JKZCVU,Let me 1st use it,5,1,6.7,2023-07-25 22:18:35,,,6.7
136c6bb9-3ff2-43f8-bad2-66093ebde368,Salwa Alfiah Khansa Hakim,https://play-lh.googleusercontent.com/a/ACg8ocLJ51HjLUg8pB9ZLrjR7JPaAw5iu4-mk0fDsk26Y6NApmBiyA=mo,great app,5,1,6.7,2023-07-25 21:58:59,,,6.7
8bfe5beb-7f65-4d10-8926-2cf3a0185abc,Mariam Rajeh,https://play-lh.googleusercontent.com/a-/ALV-UjXfSYNnhKuq1pzetXNNIBswmp3Jsqeh5IZrjk7aWQP1roxGAfGz7A,"I love this app so much! It helps me pray all the prayers and it allows me to understand myself better. I really appreciate the people/person who created this app. Thank you so much ❤️ جزاكم الله الف خير. But there is one thing that I think is some sort of glitch. On my phone, the app does not show what the next prayer is. It only shows Isha even if it's duhr next. Hopefully someone can see what is going on and fix it for me. Again, thank you so much ❤️",5,7,6.7,2023-07-25 20:14:32,,,6.7
4b5d19cd-92b9-414f-83b4-da858cdd9533,Humaira Sahib,https://play-lh.googleusercontent.com/a-/ALV-UjX6UckiPoPQs1Uq9XbzOY6KRQH7sQUbO3J1Cl96PMH8Eq9HkGhtWw,Masshallah,5,1,6.7,2023-07-25 13:02:21,,,6.7
795a922a-2a0f-4a45-b355-2322bf698c56,Aaniya Ansari,https://play-lh.googleusercontent.com/a/ACg8ocKSr5OKWKvSHW74sF4T3PNqUhSWtc3Ye0AmLtXophBm3tnbnQ=mo,Subhanallah,5,1,6.7,2023-07-25 06:57:42,,,6.7
60ac157b-d7d0-4edb-971b-b57f1f8f5e6d,Sheikh Antora,https://play-lh.googleusercontent.com/a-/ALV-UjVKKjpMeD279OC40F2QZqHIEk7oWcT6h2-BW2AiwpGlbZPW_NOm,Alhamdulillah very good ❤️,5,1,6.7,2023-07-22 23:44:50,,,6.7
cf62ab0a-77ea-4595-9f2f-8307cc0de203,Ashar Aqeel khan,https://play-lh.googleusercontent.com/a-/ALV-UjV3gtilZ4bGOVkRCFoJSp9gqmNZoJD9JD2p79wsrKHdQq6vIypH,The BEST Islamic app ever,5,1,6.7,2023-07-22 14:34:57,,,6.7
6fc95e4f-b5c1-43fe-a152-d6b00275b37a,Ansari Rukhsar,https://play-lh.googleusercontent.com/a-/ALV-UjX8YichaeX89AkCUeNQUwlcr_qAc0PwEADwga6UrJyVLiJyqWc,So far I find it very good 💯,5,1,6.7,2023-07-22 06:14:35,,,6.7
d0cf81a6-05ed-477a-ae7f-854124e815d5,Samia syed,https://play-lh.googleusercontent.com/a-/ALV-UjWRShV35oWm9KqshYAjZqCmIHHbJcrbZr9xmOFclQeZGsveSWhLjQ,Great for learning 👍,5,1,6.7,2023-07-21 08:37:02,,,6.7
28d42775-0fd8-4fea-be68-4e0807795bc6,Pakau Amagent,https://play-lh.googleusercontent.com/a-/ALV-UjUXCcwtb7cZu64HbbRpFXCi1MgC2jzXXJ3cab5GHU0WbFxZHRxJ,Azan Makkah me writing selolah Kota Kinabalu Pantai Jerudong Specialist Centre,5,1,,2023-07-21 04:47:23,,,
cf2f9ec0-4eba-490f-ae46-87551682cb0d,nureen,https://play-lh.googleusercontent.com/a/ACg8ocJpGC5RqB8z3X0kqziQKwT0BocMUnyM4SmOrmh7WTCt6gsJNtCy=mo,improve my deen,5,1,6.7,2023-07-21 01:16:06,,,6.7
c9bffa8e-d0de-4fa4-b55c-1303841c68a7,Amna Khalid,https://play-lh.googleusercontent.com/a-/ALV-UjX7qEs8vt8PXP7rVjsZM6EU0TLQZuFpHMqO3Y2ut8jpN-7HNXWG,Good,5,1,6.7,2023-07-20 05:52:16,,,6.7
257f229f-747d-4bcc-be54-baf221ca6425,Zahra Dharani,https://play-lh.googleusercontent.com/a-/ALV-UjWmtpGwrBnIw5PoflZm0rMyvl8l28ZcbDiJZA6U3RKfV_76RQ,Mashallah brilliant app All in one,5,1,6.7,2023-07-19 22:56:54,,,6.7
7b50cc0b-f49f-4ff3-9c00-4207503eefea,Mohammed Yakubu,https://play-lh.googleusercontent.com/a/ACg8ocLzjXcrBiBKeocVPPmmnFw-iKfdnwftnNE4HZ8JaQitgJ1NBQ=mo,Incredibly well thought out,5,1,6.7,2023-07-19 11:59:56,,,6.7
99010731-abb0-49e3-a6cf-3bfda87f3573,K!NG JKJ,https://play-lh.googleusercontent.com/a-/ALV-UjW2yvPEWRPy8nmm45QIF4g41Fa6cQy1mbhmAsmAnOgmcVmBnNGC,"I really don't know what to say, thank you, i was mad because of all the Islamic apps that requires ""Pro version"" to just listen to Quran, and I'll say it again and again and again, thank you so much for this masterpiece, May allah give you peace",5,1,6.7,2023-07-19 04:10:49,,,6.7
0e500ecd-8ec0-4fe4-bb21-afdb266b79a2,Ayesha Siddiqa,https://play-lh.googleusercontent.com/a-/ALV-UjWQoRy8nYSSfOoyfCa7nisl6xG8HvZ78oymRIZ-uoK6jJRxArdi,Amazing app 💯,5,1,,2023-07-18 23:12:27,,,
440cd353-c986-4021-b503-ddeceba90f58,Maryum Shahid,https://play-lh.googleusercontent.com/a/ACg8ocJ5GlaVqGqOjS2xGUKOq0aU4NKCz98KY925sdyjXzcrqVdNMA=mo,Alhumdulillah for this app very nice,5,1,6.7,2023-07-17 22:09:01,,,6.7
fa5e2aa0-64fa-4e10-8d07-fa09b066f750,syedjunaid ali,https://play-lh.googleusercontent.com/a-/ALV-UjXTDCK7Xq8D-ojjzluC5oriJ34chlKbq5zoheM6t1fIIboeouH2,Good,5,1,6.7,2023-07-17 16:09:27,,,6.7
fee4b969-5b53-4bf5-9d3a-a4bfc867a344,Idara Ayoosu,https://play-lh.googleusercontent.com/a/ACg8ocJ4P9KqORdNTcpRf9mbdPa1mIVas30wsUbU9ZIuqZbVwA1pCw=mo,This app is amazing 👍.. I'm a new revert and this app is making learning at home really easy mostly with the prayers explanation. May Allah bless the creator of this app 🙏,5,1,6.7,2023-07-17 15:07:09,,,6.7
49ec4d07-2698-4bd3-a5a5-a93954318c4b,Gul Ahmed,https://play-lh.googleusercontent.com/a-/ALV-UjVw2rd2sehWuTIQd-6fvX_iQgU7-wZtOUxd0FQOMbKl9ln4y4Uo,"assalam'alykum I am new in USA chicago, starting days I cannot offer my prayers on time because of not hearing azaan. Now I have downloaded this n hoping this to work out for me....if it works may Allah rewards you with your intention to do ur best in both the world's. Ameen",5,1,6.7,2023-07-17 03:50:51,,,6.7
02b571c5-40c5-4d44-a947-d748583abd4f,NO UR,https://play-lh.googleusercontent.com/a/ACg8ocKcnXal9S1KsINKOU-D5pY3F7FwzHJT9B72_tfm1BWfF79Jcg=mo,🤍✨️this app is amazing 👏,5,1,6.7,2023-07-16 19:40:33,,,6.7
e810c806-ca3b-41a8-8203-75ea7fba151a,Hassan Merhi,https://play-lh.googleusercontent.com/a/ACg8ocIPgAy0IuIwzdbm3XJ6J6snNEAwn7Wh4g83G7aKBUR1R1jwlw=mo,I am very happy with this app it is perfect no ads at all and give you everything that you need,5,1,6.7,2023-07-16 01:11:30,,,6.7
dfabfc16-f610-4140-b6c9-47062deb19c3,Jabir Nasir (Argungu),https://play-lh.googleusercontent.com/a-/ALV-UjXlGgr-iFuGEhMOsqOzzSpWEBP5XtiUF5RCuF44tdjUoUCKcnui,This app is amazing,5,1,6.7,2023-07-15 23:07:49,,,6.7
6b3d83fc-239f-4b91-a916-1f30f51037ff,swaray mohamed,https://play-lh.googleusercontent.com/a/ACg8ocLPzZPvKkhsdThVQz6aaBEx5JlM2Y19_a2tmQlTAyPJrd9vvQ=mo,May The Almighty Allah continue to you and your team...,5,0,6.7,2023-07-15 07:41:20,,,6.7
27ff79f1-c11c-4cc0-81a8-2adf2c3763ba,Dikra Abdul,https://play-lh.googleusercontent.com/a-/ALV-UjXBuggxWyy_KyXwny-Fm4RPyuPx_S-7tO3I0N2Ps524CQyEzc1w,"Thank u for not having any ads. Love this app loads, it made me prayer everyday(finally!) I have no way to remove""recently read"" and so everytime I open a new read, it just remains there. I get confused by so many opens. Please add female cycle option to the prayer tracking as its cructial. Allah almighty gave us women this break and it would be awesome to track it as someone who just started to pray and working hard on the challenge. Thank u",5,17,6.7,2023-07-15 04:39:08,"Assalamualaikum, the prayer tracker allows you to pause it when you are on the cycle. Go to the prayer tracker then you will see challenge status and you can change that to pause and you can unpause once your cycle is done.",2023-07-15 06:22:46,6.7
152bd07c-2cd8-473b-bfc0-caf4692cfc73,Zeyad Kassam,https://play-lh.googleusercontent.com/a/ACg8ocLKuBzcAd6ETOgUTA8T7-2vMfjBvKRofDOLlLyD463CJ58RxA=mo,Really beneficial mashallah,5,1,6.7,2023-07-15 02:38:16,,,6.7
e4b2fa5f-ec6f-4a56-aadc-1578e308caa6,Heba khalifeh,https://play-lh.googleusercontent.com/a/ACg8ocJwNlpciNtrog0IvRdgB0Km0zhZaZpIEGjeRrtA4rMT6-eBnQ=mo,It was amzing you guy should downloted,5,1,6.7,2023-07-12 11:35:09,,,6.7
d2940465-5b7e-4a46-a6a5-7904113b976f,Anas Ahmad Khan,https://play-lh.googleusercontent.com/a-/ALV-UjVPn3R5w9OWAQ30DM02nn3RKssffJc2E_ns3HlP_f5r7cYU0CVI,💯💯,5,1,6.7,2023-07-12 09:11:40,,,6.7
7f934887-bad6-4c62-be23-db1d10a8b98f,jocille pulido,https://play-lh.googleusercontent.com/a-/ALV-UjVcEjVINNspq9sJH4Egc00jprz1JGPRPfss5x_2-dOdD-kzI2U,it is helpful for us who aren't speaking arabic and also converts 🥰,5,1,6.7,2023-07-11 14:18:38,,,6.7
824379e5-deab-4c14-9aab-d2a0868799fd,Rezyanul Riyad,https://play-lh.googleusercontent.com/a-/ALV-UjX_VQbu3Z1f1ZdgSAh4jor2rEUjtfvitaHvbZSxTPHJ5RlD6Iw,Thanks for this app,5,1,6.7,2023-07-11 13:10:27,,,6.7
61d16fb3-cb4d-4ddb-8ba0-307647352b65,Javeria Zahid,https://play-lh.googleusercontent.com/a-/ALV-UjWOatwbfN4JNWdyi-aXLSWTNrYr6vQfTHhRGKHmeV6VYOEhIbQ,Yes it's amazing 😍 love this app,5,1,6.7,2023-07-11 12:46:34,,,6.7
6b63c9e4-268d-4bd7-b67a-e39ad1a149b3,Faheem Ahmed,https://play-lh.googleusercontent.com/a/ACg8ocJhqHX0JQgVKXvU28GTUo9CkpnVRWGHL2cWKj6Sy4HeDzAsqsSp=mo,Good,5,1,6.7,2023-07-09 23:10:36,,,6.7
735e0d28-d17a-44a6-ae35-8b1b23eba6cd,Minahill Rajpoot,https://play-lh.googleusercontent.com/a/ACg8ocKXCr1fGH8pWsutf5XNVV7TYekgEDqaoIqyFd0H0zeWqYEB=mo,Its a good app for muslims🥰🥰🥰🥰🥰,5,1,6.7,2023-07-09 07:04:51,,,6.7
e2961bce-1697-4894-9a1f-10545322b85e,Sayyam Ali,https://play-lh.googleusercontent.com/a/ACg8ocKU7358lMTg0FEzVl6mUJ5qd5FybRSb9uXXf05J1G0r_2hayA=mo,Wow,5,1,6.7,2023-07-09 06:00:55,,,6.7
5cf1018a-a791-43d5-a184-660cbe5f1323,FURQAN MUSARAT,https://play-lh.googleusercontent.com/a-/ALV-UjWXZ39f3s2j8F3Qh0T8D53VWf2iS3ZdaPOtRM-tBR3CQOiXvA4,Good,5,1,6.7,2023-07-08 18:12:30,,,6.7
066b5c8b-1630-4f99-95eb-8f0e3cbbd296,Eye On You,https://play-lh.googleusercontent.com/a-/ALV-UjWxivAOmmmri62MioLkrgvwtuzs8hu4MobUz11lseauTza3F7rW,Nice,5,1,6.7,2023-07-08 02:14:41,,,6.7
1f9d4ee3-c3de-49d4-a09e-69afb911190a,Wasif raza Wasifraza,https://play-lh.googleusercontent.com/a-/ALV-UjX8UooQGnOHt_gd2clM4N2aEMekFY1NKkjvIWW2PdeUr67HCTfd,Mashallah 🥰,5,1,6.7,2023-07-08 01:39:34,,,6.7
11c99726-4750-4b5f-b5c0-5085002c6e4b,Nurul Husna,https://play-lh.googleusercontent.com/a/ACg8ocJZd0MX00dwEaZy1mBfCN8E2yfGXJ6Q2jE0BV989axu2yhcsw=mo,This apps very usedfull easy to used and friendly user.Good job 👍,5,1,6.7,2023-07-06 12:42:40,,,6.7
a2533983-bc0b-4e9b-b32f-1a2411f01965,sallallah amu,https://play-lh.googleusercontent.com/a-/ALV-UjXPSXzk3mZJjn25ShnerVt3R7YDPOIYSVvLJTzffPozhIEL1wHgjw,MashaAllah very handy,5,1,6.7,2023-07-06 02:09:56,,,6.7
707a1f89-1e04-4f7f-bffa-28a12cf4a573,Anis Tadvi,https://play-lh.googleusercontent.com/a/ACg8ocI9sqmu4p-1IuLmKssWWgHNRC9LBIuMHpVejif7C6z5A0ff6v0=mo,Very practical and helpful.,4,1,6.7,2023-07-06 00:59:41,,,6.7
cdc40c10-947d-4508-a2c9-b5d6c8d55893,Hakim,https://play-lh.googleusercontent.com/a-/ALV-UjWGeb6Y21kWRSK4vGh0f-a3MFgtSgWGohCo29T0pHwtiprUot2Z,Good,5,1,6.7,2023-07-02 09:05:55,,,6.7
40fa35ae-f84c-4be7-bb20-f6045f23ae8a,Yaqin Muhammad,https://play-lh.googleusercontent.com/a-/ALV-UjXmFz9ONHwsIpMoGe_ISIgyjuCO5-8xHNcdU_0BP08W42KFBELLYA,Good,5,1,6.7,2023-07-01 12:30:09,,,6.7
fc1f06e3-93bd-4f40-b368-8c91e3d8f7a4,Imran Ali,https://play-lh.googleusercontent.com/a-/ALV-UjUkACIM7paemzZPzvvEI3VpDkz5yhFnr-ALUECZ53CmAgwp4mlV,Extremely vip in use the easy way good work.,5,1,6.7,2023-07-01 10:28:26,,,6.7
caada9f0-9943-4f53-bfb2-a5cbfb96c37f,Kazibwe Rogers,https://play-lh.googleusercontent.com/a-/ALV-UjVKE9Upc6Dyc6sAMhGApJl_XrJXTvMUsTJ-Yd7aGLrZPY_b5ySlWw,Nice,5,2,,2023-06-29 15:30:25,,,
c0a96544-7215-4e76-bde0-cd33b0a4253d,Sameehah Yacoob,https://play-lh.googleusercontent.com/a-/ALV-UjXElQWP3A2h5AkW6VZa7vGoYT67ie2T5xcOEF1FZifTO52z6nRQ,"Absolutely love this! It has encouraged my whole family! I would suggest making the habit tracker more like the salaah tracker for easy user interface. But overall, its an amazing app and id highly recommend it.",5,1,6.7,2023-06-28 10:17:03,,,6.7
1293c03e-fd5e-4604-b511-1b1cd1be6c27,Mst Anika,https://play-lh.googleusercontent.com/a-/ALV-UjU8ZO_Zsbm8tykLu0712bBQMoPLrXw9mKj9gTy-xIlOgKHBsV3k,Very good 😊,5,1,6.7,2023-06-27 14:33:41,,,6.7
fd973ecb-c908-426b-879f-50ad60b0d0aa,Tolibjon Qahharov,https://play-lh.googleusercontent.com/a-/ALV-UjWsRsC5PqvCkWwHcK1EquFQXNyEkHtU8ry56OUqbDkOeOFxu-MAWg,Very good and useful app! Awesome.,5,1,6.7,2023-06-27 00:53:01,,,6.7
d227a787-61bf-4272-ba19-4fe3011f44fb,abdur rahman,https://play-lh.googleusercontent.com/a/ACg8ocIm47d1jE-nXtgBnKgLtLefTnm3aBDyWtIjBVVK2s6uwtExtQ=mo,Alhamdulillah,5,1,6.7,2023-06-26 01:19:23,,,6.7
688dc0de-affc-4c90-a0d8-e64553ac20bd,Aftar Foisol,https://play-lh.googleusercontent.com/a-/ALV-UjXQ3IOtnMopoxkZrermok_QVQkJrXn8L2o-eatzOMlDZAlisR0,Good,4,1,6.7,2023-06-24 20:40:08,,,6.7
3010090f-ed5a-47a7-b14e-e46836cb9167,Y Y,https://play-lh.googleusercontent.com/a-/ALV-UjWRISVfry9htlaPVdq2DFC384jSLv71rtM_9hKlC6KESSzSu7mi,Alhamdulillah,5,1,6.7,2023-06-24 04:03:38,,,6.7
9824ef7a-2cdc-4249-9051-80873177de6b,Isunoemalumhe Iboi,https://play-lh.googleusercontent.com/a-/ALV-UjXrnj61pzTJLx7mAVQkzT0OfVIENOWe_CHAdGpmlRu3kinnu9c,Beautiful App,5,1,6.7,2023-06-22 20:15:25,,,6.7
4b5cf225-9514-4aa4-b716-48a1448f79c1,Kadijatu Jalloh,https://play-lh.googleusercontent.com/a/ACg8ocLLGTX-VPSHrgPz7HYhJXGLpDQACKs02cKG5FGWytl6ngX6fw=mo,Great,5,1,,2023-06-22 13:51:46,,,
f660bba4-c9c4-4bc3-aaff-084971df879f,Usama Pervaiz,https://play-lh.googleusercontent.com/a-/ALV-UjXa542LI5HecAcRJ-d6gR1w5SjoeZk1VcnUkk9kms90Qjqpuv8,Best app,5,1,6.7,2023-06-21 10:48:17,,,6.7
ef3a20de-78cb-4f10-8586-abf6638f384b,Bisma Naveed,https://play-lh.googleusercontent.com/a/ACg8ocKN9Qjj2tC9D9GT_Sw-dR9JoQ1SRckbzWxwWgUEEHEFsznIzA=mo,Love this app,5,1,6.7,2023-06-20 02:16:45,,,6.7
14cbb463-fdc5-4eff-b136-4586f72f020c,ekram s,https://play-lh.googleusercontent.com/a-/ALV-UjVCqS0Gz3YHyiGZO917XeS8eRSYPa67P1lv6XveLdoSMZuVSuytFA,Luv it,5,1,6.7,2023-06-19 13:48:33,,,6.7
3fefbd54-9e89-40ee-a236-176d04e6663b,Ahmed Khan,https://play-lh.googleusercontent.com/a/ACg8ocLB_H-IqaRfW1jqtr9aLnwBX1cMoLguBnE9ncTupIdaCR8ixw=mo,Bad app. Needed so much permissions. All I want is a prayer tracker,3,8,,2023-06-19 11:17:42,,,
da98332f-f5a8-48a8-9f67-ffc8456686f8,Mohamed Hashi,https://play-lh.googleusercontent.com/a-/ALV-UjWCcnAS18G7ZJhSeTZyHX513aZaWstGEdk8ZDnwOykRIU1yP0c,Best app,5,1,6.7,2023-06-19 09:01:58,,,6.7
f2c395c8-1aab-4454-9ab3-2073162cc059,Saeeda Arafat,https://play-lh.googleusercontent.com/a-/ALV-UjVo8Zbl9EXBsvrZ5zEvwiB2m8sgSCH6xuuWwMfXBGnruiJN-OI,It's good,5,1,6.7,2023-06-19 08:46:39,,,6.7
ef6f93cf-14d0-486b-a1e8-a00d352e714b,mamdouhanter,https://play-lh.googleusercontent.com/a-/ALV-UjVLuPvAfkC_DzNpCGEp1hABqdBs3dkCL-MJ8xABdJvvP35IcDZq,Good,5,1,6.7,2023-06-19 01:55:23,,,6.7
b45a0ea1-12c4-4be5-bb9a-ed01807fc877,Sharif Med,https://play-lh.googleusercontent.com/a-/ALV-UjWhiKSLaYO5LQq7U8Uuip4wNCXpLlNKrXLCXSfESMo9_l63gTqYvw,Very nice app Alhamdulilah,5,1,6.7,2023-06-17 20:10:29,,,6.7
52e8892a-d562-4383-9542-853c91c0adab,Riffat Iqbal,https://play-lh.googleusercontent.com/a/ACg8ocKkwta5m9jGus9mGfB_nX3V8mNg2ikRUoZ_YlB35YRYWdNXRg=mo,Nice app,5,1,6.7,2023-06-17 17:51:11,,,6.7
b3c6373d-2554-4e49-8096-923644215dff,Shafia Sheerin,https://play-lh.googleusercontent.com/a-/ALV-UjWzgSynmVm8b6nIcXT19-nz7tGv-Vz7cApJBNs4ctc9NgXPhJ34,Can you add a tasbee option,4,1,6.7,2023-06-17 15:48:38,,,6.7
591f5ecc-0dfa-409a-906a-533ed6cd91bc,Maryam Rajabi,https://play-lh.googleusercontent.com/a/ACg8ocLyCjevDEDGoHVL977UPZAWmmLaxaSAATTrmATnscpVDudlVQ=mo,Definitely download this. I'm only 12 and it helps me a lot.,5,1,6.7,2023-06-17 02:54:43,,,6.7
0909dcf5-b87d-4d24-a864-7eec055bc636,Abdelwahid Oussa,https://play-lh.googleusercontent.com/a-/ALV-UjWKC-epo-EU7oX4vIkGhvmVEN24-VX4PF6Wd6-tm3gGddICtWvP,Amazing app,4,1,6.7,2023-06-16 21:42:36,,,6.7
3e80e467-f221-4338-a733-9dc1239bb197,SAM HAB,https://play-lh.googleusercontent.com/a-/ALV-UjXWeNg9iZFPwkOnIY-oH5rmHIKpCbq4rQg2FXfY9ag4iNWZ33a2,Nice App. No Ads 😍,5,1,6.7,2023-06-16 17:51:06,,,6.7
6207aae8-ac48-436e-a281-98ae6c5c0576,Kazi Najmus Sakib,https://play-lh.googleusercontent.com/a/ACg8ocKfcn_MmNN_7J7anYnnnBYf8RpBGzW1ABYLpZ7OQli9EK1zAUo=mo,Very good,5,1,6.7,2023-06-16 16:09:14,,,6.7
f8f0688f-b85a-4242-987c-52b96a1c515f,Abubakar Zeenat,https://play-lh.googleusercontent.com/a-/ALV-UjU6lQOJaGzTJ2sJhJWGoHrXaPH4h1Opoed-s-qcZ2BR0mJUQkvx,Masha Allah my Allah bless the developers of this app and the Muslim ummah entirely.,3,1,6.7,2023-06-14 14:02:53,,,6.7
6eb794c4-8c67-48e0-8ed1-28c6f45d130a,Jonathan Dominguez,https://play-lh.googleusercontent.com/a-/ALV-UjUHtTQUPh1IZkNL-SmfLj3bkk1zwffgoduX3xreOQnndvxiC5g,Happy with this app :),5,1,6.7,2023-06-14 13:19:02,,,6.7
7b3c7d70-e3e5-4a53-a8f8-acad41ef4e33,Jahir Khan,https://play-lh.googleusercontent.com/a/ACg8ocJlbDRA32QVmVKfAExyMfq9V9A3M7ulnE-0kj369clMDaUFMQ=mo,Very good apps,5,1,6.7,2023-06-14 03:33:59,,,6.7
9850567f-f558-4c9a-8fb2-2ada8c66468d,Riham Mohamed,https://play-lh.googleusercontent.com/a-/ALV-UjXjLxfaWPMjLFhDsQGERyOHdtAh899lkrJFviDsUR2EM8vJhO-R,Why do the app need the exact location of my home? the city im from is not enough for a prayer reminder app?,3,2,,2023-06-14 00:04:03,,,
618e5390-1103-4dd6-95be-1216a5811fc9,Deka Mohamed,https://play-lh.googleusercontent.com/a-/ALV-UjWG6PDT94IHaCP7I_pug5XV_H3ccfWlQaSvXmH5_3aRqLIeOOFiXQ,Very nice. Keep up the good work.,4,1,6.7,2023-06-13 05:08:39,,,6.7
7ed300b2-1eaf-48a3-a194-66c8c790095a,salwa muhammed,https://play-lh.googleusercontent.com/a-/ALV-UjWRiF9-yliF5qusFcvwiBr_VNxdigs1OrhSoULFr99uYa7_dSE,Best pray and quran application ❤,5,1,6.7,2023-06-12 04:54:01,,,6.7
a9254e04-2bc9-4e79-a342-c384cd760833,Asadulla Hazari,https://play-lh.googleusercontent.com/a/ACg8ocKO5P6vs2fyRJIYKBwVxzFcl6wcgS7SzzrsnqyKtZYu9apfHENH=mo,❤️❤️❤️❤️❤️,5,1,6.7,2023-06-11 22:32:44,,,6.7
89a93db2-113b-461c-ae01-7a6f4865d9b3,Didar Muhammad,https://play-lh.googleusercontent.com/a-/ALV-UjU08mSBweuL7BYin1lFw1pN8-tNCQq3_iJhUCGW3W5hxhyzp0STRQ,Most productive apps i ever seen,5,1,6.7,2023-06-10 06:01:26,,,6.7
379b37d8-90c1-4283-b1f1-ebfc955330c0,Sehr,https://play-lh.googleusercontent.com/a-/ALV-UjX0dfXC3JwmFZX_pIBHo-QJyPmZC9KPv0Z-PIu6hXKAtG_I9Oxi2Q,It's so easy to use and thoughtfully planned out that I can't help but marvel at the minds behind it's functioning. Especially the habit creation feature and the salah tracker! Love the fact that I can practice new sunnah habits and track them too!,5,7,6.7,2023-06-09 18:28:40,,,6.7
a4496a72-a8ed-4ff6-9239-d68bcba8b2ca,Marta D. Soliman,https://play-lh.googleusercontent.com/a/ACg8ocLeEpwzPP6N8rvYKjKAAX4Qm-8Bc3j3hqLy8W124-iW-lBPpA=mo,Thank you for helping me.,5,1,6.7,2023-06-09 12:25:43,,,6.7
23c345cf-ccaf-438b-87de-4ada39d73694,ibne baber,https://play-lh.googleusercontent.com/a/ACg8ocLlfaPBC_-0yM-61CoBwTK1yzZW0kdmz2MOhv86t3GXvcQ98Q=mo,Good,5,1,6.7,2023-06-09 05:23:04,,,6.7
617cab6e-bf4c-4fe0-8583-153bbfb02759,KB Loves you,https://play-lh.googleusercontent.com/a-/ALV-UjXX5no-lGCzbp4Qckyoa8FeRhuLwitpLwGODCwBDYHXb8B2J_SN,This app is wonderful for beginners,5,1,6.7,2023-06-08 23:49:51,This has always been our main point of focus and we will keep improving it in Sha Allah ❤️,2023-06-09 03:59:57,6.7
e29e9ccc-7894-4eb5-a855-468d4e9c695a,Amir Davis,https://play-lh.googleusercontent.com/a-/ALV-UjVeIgSBOZpowECYIxAWX7SfEx-7Y2WUBiU7TBn67MNinY3L3oKh,Allahu Akbar,5,1,6.7,2023-06-08 03:19:49,Allah is always the greatest ❤️,2023-06-09 03:59:09,6.7
a5a79061-a219-4cc0-97c2-0f82f9b76195,Mohsin Khan,https://play-lh.googleusercontent.com/a/ACg8ocJT8K_IdpvglE-s3NQyM5YyKCaPp_QlLxIUyE24nkiKJt-3JQ=mo,Mashallah it's good app for payer,5,1,6.7,2023-06-05 19:26:23,,,6.7
dcf9a1fd-61cd-4a0c-8757-bac4a8e9b35d,Earid Ahmed,https://play-lh.googleusercontent.com/a-/ALV-UjXbcBj2Hy_8q-T_AVBi85LJEDnf6I25JJ4vbBWFVu523HJWJPk,Lovely 🌙🕌🤩,5,1,,2023-06-04 22:41:52,,,
f646b2e9-263f-468b-92a5-48b4c6ee092e,Hiba Mol,https://play-lh.googleusercontent.com/a/ACg8ocK_HDIT9AR0vHp6Z-xD3GJ6q7bO7C0XQ6kgjRgxdTM4Cqso=mo,Such an amazing app perfecttt,5,1,6.7,2023-06-04 06:33:35,,,6.7
72154d72-9a77-40fe-83a2-f6b076e3fed3,Sayyad Shaik,https://play-lh.googleusercontent.com/a-/ALV-UjWBKyj9ZkjTI-U5LD2SH_r-Mp6u0cSBbU1q84T7PgXgTbhWO0PwDA,Good,5,1,6.7,2023-06-03 20:24:59,,,6.7
ef25ff6f-ef5b-4cac-a25f-51d677135e54,Sana Khaqan,https://play-lh.googleusercontent.com/a/ACg8ocJAeAga_Z1HNZZ5OkAWRV2XXAfsJDP9R2oxnkqca2r5kY8COg=mo,"I was struggling with salah. Even though i used multiple things, bayan, reminders, alarms for it but nothing worked for me. Then by the grace of Allah Almughty, I came a cross with this admirable app. It helps me a lot in maintaining my salah. The feature of geoup tracker is incredibly amazing because I and my fried both use it and in case if any of us feels low then it give us stimuli to pray because of the embarrassment of × tick. Highly applicative work. I never give feed back to any app but",5,21,6.7,2023-06-02 15:43:49,Alhamdulilah I just ask for one thing from you and that is to make Dua for us ❤️. May Allah make you steadfast in your salah. Ameen,2023-06-09 04:02:15,6.7
3c4cb94a-07d4-4673-af49-f1b6bf2db857,mominporeupschool Rajab Ali Lane,https://play-lh.googleusercontent.com/a/ACg8ocLleOsiDjC61-a8bGpZ1rH4Uh90FxQm3By25T4E8eg3gjnViQ=mo,Awesome,5,1,6.7,2023-05-30 22:47:51,,,6.7
d2feef42-07a5-4655-a3ad-3d87b9288b46,Washimur Famin,https://play-lh.googleusercontent.com/a-/ALV-UjWOllBNuF4Yo2wSU8uC1aIO1rv54HSmoPqZliSctMc9pl_Dm6g,Mashallah.,5,1,6.7,2023-05-27 01:23:13,,,6.7
0421bfa7-9f20-466a-bed2-e9e0e52999ab,13Aasim McmillerBey,https://play-lh.googleusercontent.com/a-/ALV-UjXoA1au9tt1tUaHhCCyjk1B607jVko1uBY9C4rMMI2fdDBK0H3Fdg,Good,5,1,6.7,2023-05-26 21:42:48,,,6.7
7df460b3-e960-4fe6-b4ac-01b81786c092,Abdilahi Ismail,https://play-lh.googleusercontent.com/a-/ALV-UjX0QF9MwuJ-q84Mx1mXht-YfCqn0YXFNM7Eb0WJIz-pWj0MMkyL,ماشاء الله,5,1,6.7,2023-05-25 03:37:27,,,6.7
4094f162-538b-49ce-a87b-0e2c13c8a9e8,Nafiza Khatoon,https://play-lh.googleusercontent.com/a-/ALV-UjU4QntyMyjlgtl_aYLmGyMyQjymbadRqOsxI12X88drFEZGacgA,Excellent,5,1,6.7,2023-05-24 18:13:43,,,6.7
e2517360-cd92-4637-9318-50a028049c1a,Zaheer Younis,https://play-lh.googleusercontent.com/a/ACg8ocLUA9LAWRZczO35O41IWYO7I8zNdGCbKUXGwqNus275a-AXMQ=mo,Assalamu'alaikum warahmatullahi wabarakatuh my beloved brothers and dearest sisters in Islam. Highly recommend this app. Encourage and share this to ALL and strengthen our Ummah. May Allah grant us ease. Aameen,5,1,6.7,2023-05-24 09:48:42,,,6.7
ffc448e4-28c5-4b7e-81b6-7df0a3126ef1,Abdullah Arafath,https://play-lh.googleusercontent.com/a-/ALV-UjUWw5meFqLpbcE89E6x33U-IIUA6hNEAc7ZtUKblLzV_2ur-Cea,Ma Sha Allah ❤️,5,1,6.7,2023-05-17 00:04:49,,,6.7
ac16a6ef-52e5-4d07-90d0-8bab6c3d7d71,mahiuddin arif,https://play-lh.googleusercontent.com/a-/ALV-UjWzEyc4UqdqvXUP5cMVbsWI6v7CXtGzPrG4vGwG9HdmA64ebcvr,Nice,5,1,6.7,2023-05-16 09:32:29,,,6.7
7485911a-d772-4c98-af77-0bda1bc94ae8,M BILAL,https://play-lh.googleusercontent.com/a-/ALV-UjXMl52dnZCipiCPtG8EqlX0TtsA0Luj6Wq0ppUVMvqO1F7uKQxq,"Perfectly suited, but try to add some features like dark theme habits in group",5,1,6.7,2023-05-14 10:07:33,,,6.7
d251f511-d5fd-4b0e-bcdc-9a99b58d89a0,Faheem Hassan,https://play-lh.googleusercontent.com/a/ACg8ocIlphBOF22iJBd9R2-1vcTMhCQhc5ONGB500i5x8NQ0vZzj=mo,Good,5,1,6.7,2023-05-14 09:49:49,,,6.7
c0f1da4a-5f69-44bd-9379-c73a47eeae17,Safwan mujawar,https://play-lh.googleusercontent.com/a-/ALV-UjXBdvvGb0rpTdx1NFfRo8puxq0Yh7ILCL8GodVaoyRJoy-QdvfM_g,Great app alhamdulillah,5,1,6.7,2023-05-13 21:04:35,,,6.7
9285b935-b408-4b62-81d8-025bfc68dd5b,Ramin Riyasat,https://play-lh.googleusercontent.com/a-/ALV-UjUbeVo3_W259875qnx5PfeCwyzZZl4_FEM8iL9HuZkVm8r12eEF,Very nice n important apps for muslims to develop spiritual power.,5,1,6.7,2023-05-13 05:48:30,,,6.7
2b07e846-c786-46d3-869a-4f62db090242,Ahmed Bentounsi,https://play-lh.googleusercontent.com/a/ACg8ocLavMI-6xifvIhRI6PwIajdETnK3od5MEO3YNkCUniuN23R6Q=mo,I like it so much,5,1,6.7,2023-05-09 04:29:30,,,6.7
230ac80e-857f-41bc-aff4-552c03e44e1c,Ismail Izu,https://play-lh.googleusercontent.com/a-/ALV-UjWAeA6AkJ-Kv3Q-JcMcau26wDJ6Pnaq8frkvh7UCrC2nDf8pH74SA,Very good and motivational.,5,1,6.7,2023-05-06 01:41:35,,,6.7
90f292db-6a90-4d18-863f-fffe0e6ef77a,Washik Billah,https://play-lh.googleusercontent.com/a-/ALV-UjUyKNRQFjJvHJ9v3KtGm2lfgyHdnN_E-L9gEkZnLj4dfjTe2E7l,Good App.,5,1,6.7,2023-05-05 19:59:24,,,6.7
ae632e1b-448b-4303-865a-e6f6024e2bb3,Hassanatu Eluma Bockarie,https://play-lh.googleusercontent.com/a-/ALV-UjWTFWxWsPnN-SjHNIU_dGLFyl1qo9Lg46Bp9_m1Q4dDr8N8j_iarA,Helpful app,3,1,6.7,2023-05-03 16:09:55,,,6.7
c886e907-9ba7-48a2-aa3e-ca586f1eccbb,Mohi Uddin,https://play-lh.googleusercontent.com/a-/ALV-UjWGrITa8HTaB0xmEGXL1srD9CUce6gpkzoXEM0j7SsHkswoYaWYsw,Group tracker idea is nice.,5,1,6.7,2023-05-03 07:01:50,,,6.7
cde8f28d-9635-40aa-9186-ac1e2c43d5f0,Muhammadjon Kamoliddinov,https://play-lh.googleusercontent.com/a/ACg8ocIA7mIqJuTQqBPyvbc8fJ-GWjbmMHsV53Snz6jSE6AyK8Wu4g=mo,Great,5,1,6.7,2023-05-02 00:22:05,,,6.7
e356e0ca-0b61-46c1-8804-7f7418a5202c,ZEINA M.,https://play-lh.googleusercontent.com/a-/ALV-UjXAe200pHAe13wVJu9cxiE-VLj064bYjNa6FXM44xSmjBqm_snB1Q,So mashaa Allah,5,1,6.7,2023-05-01 03:44:17,,,6.7
2b8731b0-0fcc-489d-b08e-bde2e16c7dfe,Xawo Mohamed,https://play-lh.googleusercontent.com/a/ACg8ocJm7qYFKt7x5kIavSi2B5_MsEV3ORyzLoNft_V3YnZk1V-3-g=mo,It really really good it help and it so good,5,1,6.7,2023-04-30 14:07:27,,,6.7
b624e949-0acb-4881-98ce-46af5cb530ae,Allotey Samuel,https://play-lh.googleusercontent.com/a/ACg8ocLGvLLcoejz-78bsInXQLHHJY6Oy0M5Y-7OoQJna4sGAxtpNQ=mo,Cool with me,5,1,6.7,2023-04-29 03:34:08,,,6.7
28c36fe8-9f37-4bc6-9669-6112628ad167,A Google user,https://play-lh.googleusercontent.com/EGemoI2NTXmTsBVtJqk8jxF9rh8ApRWfsIMQSt2uE4OcpQqbFu7f7NbTK05lx80nuSijCz7sc3a277R67g,Very good app,5,1,6.7,2023-04-28 16:31:39,,,6.7
f7e5a655-599c-4fde-bd30-1f2aa8a3d0e4,Hosna Ara Begum,https://play-lh.googleusercontent.com/a-/ALV-UjWu9n3ixUk8vuFQGhPKwFznWQ7-WmHiHAUE26ukatDkFv7TW4Mu,Still reviewing,5,1,6.7,2023-04-28 02:24:41,,,6.7
55f2215f-b002-4003-a16c-a89db4896f30,Mohamed Rizwan,https://play-lh.googleusercontent.com/a-/ALV-UjVK6OIrcJ3h5Ln5D05p3uLlVlJ_-21HsBU6-EWtLFNcwkAD6aI,Alhamdhillah 😍,5,1,6.7,2023-04-26 14:24:32,,,6.7
39646b4f-c52e-4929-96b0-47f61dfffa33,abdallah baher,https://play-lh.googleusercontent.com/a-/ALV-UjXmttzv_5DA9nLKad4yC0htGTBJuoOwy46qizqH1FbHv_FFvxh-,Really great initiative with a very beautiful design and very easy to use,5,1,6.7,2023-04-26 03:10:19,,,6.7
8cfa1387-cbdb-4c0d-b0f9-0b1c0a79ad2a,Muhammad GoldMedalist,https://play-lh.googleusercontent.com/a-/ALV-UjU-AE6KKXcRI2Xe2Z1wQFo3L7sGYdipfxzmkruIjN_Ggq-ijZ3q,Nice app,4,1,6.7,2023-04-25 19:20:56,,,6.7
6acf32f5-3e20-4f79-aa15-da5b5440e76c,Sehrish Dannyal,https://play-lh.googleusercontent.com/a/ACg8ocLrAXHp7DWJYdli68WZ-S5peYzSJP-kiL4pjO70XMW4JyeXYA=mo,"Can we make more than one groups? Another suggestion,let there b an option of adding a good deed,other than those mentioned in the list of deeds, So that we can add the ones that we can do ,bt dont find the right category for it. Also,if u could add the option of putting in the verse where u stopped reading the quran for the day ,and it could count the number of verses depending on the last verse read on the previous day. Thanks",4,3,6.7,2023-04-25 06:24:42,"Assalamualaikum, you can delete it by pressing down on the custom deed going to the top right of the corner you will see 3 dots then delete. Please email us and let us know if it worked salaam@everydaymuslim.app ☺️",2023-04-18 11:00:32,6.7
a4271069-c659-4516-85e5-5f273635a0e1,Malik Subhan,https://play-lh.googleusercontent.com/a/ACg8ocJ2otuPbqsvm-zRlD4dzU9YcipoPy1Eq8jxmTYi0YKacM8wtWs=mo,I just download the app and i already love it🤩,5,1,6.7,2023-04-23 02:23:05,,,6.7
bcf30c48-bf4e-4854-bb14-c85ad5f22682,Oceans Melodies,https://play-lh.googleusercontent.com/a-/ALV-UjUe59lzLXeEIWvfWdnOFqMxyohkiINOEIoUB70EAoXkwAvL7lg,"I absolutely love this app, it's perfect and offers lots of options and the Quran reader's voice is soo calming and soothing, 10/10 love love love 🤍",5,0,6.7,2023-04-22 19:26:12,,,6.7
5c4c0495-0a2c-49d9-be11-0cef9dd75f8e,Halima Usman,https://play-lh.googleusercontent.com/a-/ALV-UjXoenKtnxzq-cUfc-oj0FQ7di7XpQu66vaNXgvd7ezE5JDGcxEQ,Masha Allah this App is indeed a very good app for tracking your deed God bless the founder of this App,5,1,6.7,2023-04-16 18:33:01,,,6.7
8e7d857c-a9cd-458a-a3fc-6640e33a293d,Michelle,https://play-lh.googleusercontent.com/a-/ALV-UjW9qHGwA978ov7HiyzmvkI2ofBBApVrSBNLePyU4qeg09G8_dat,It's Super Duper Helpful To Us To Be A Responsible Muslim ❤️,5,1,6.7,2023-04-16 15:19:31,,,6.7
0ecc5bc8-99f1-48ca-b866-e93576970f9f,Muhammed shahan TP,https://play-lh.googleusercontent.com/a-/ALV-UjWA-ySTb17E5t0Fu_Wz6YhhGvPxxw6J_wI6e3BJDGj3YupbbB9jDA,"Nice and cool, but location is incorrect as we stay and all in english so please input more languages and upgrade location features.",4,1,6.7,2023-04-16 08:42:41,,,6.7
1504c1a9-a5ca-4f5d-b7e0-faee3ad5bc4b,Family Performance,https://play-lh.googleusercontent.com/a/ACg8ocKzPWa-On2LKKIUCiCdbMagJaBTN8a8wdcxDmuwpLG4LtIOoQ=mo,Excellent app...needs to add widgets and declining prayer time like Pray Watch for iOS,5,1,6.7,2023-04-16 04:50:38,"Assalamualaikum, the team is currently is super small there are many feature we want to do including widgets. Please make Dua for us ❤️",2023-04-16 05:01:23,6.7
f0b83085-99ad-41c5-9ef0-997a902cd761,Melissa Ahmed,https://play-lh.googleusercontent.com/a-/ALV-UjV1KRup7oLjfDNEaLZnlxBijdyAfBuYykWCZl2USTFR-E62g8oHCA,"Masha'Allah this app is so so so amazing. Alhamdulillaah It's very helpful and I love the option to go the Sunnah way in praying and daily life habits.. Jazakallah brother, Inshaa'Allah may SWT Allah grant you Jannah and make things easy for you.",5,1,6.7,2023-04-16 01:00:18,Ameen ya rab. May Allah bless you for such a Dua. May Allah grant you and your family jannah. Ameen,2023-04-16 05:02:55,6.7
97cf42cc-359d-48be-be24-3b2c7f11b0f7,Husni Hussein,https://play-lh.googleusercontent.com/a-/ALV-UjUo2b8-nUtOTB30dKhvbM0gm6GDwMckpnOzOIeqArBUcZqwsERt,Alhamdulilah I love this app,5,1,6.7,2023-04-15 03:14:39,,,6.7
c6d65396-e26c-486d-9df2-9baad09693f1,Mohamed Nayam,https://play-lh.googleusercontent.com/a-/ALV-UjX5FfbkOoPNyp1UTQ36-VaPmC5mZTN2iodfSwbAe87cdHUobuk,It reminds me to go pray on time,5,3,6.7,2023-04-11 18:21:15,,,6.7
2b96e409-3201-4156-b507-bb02963007c0,Mini Cupcake,https://play-lh.googleusercontent.com/a-/ALV-UjUNXzSOM5wrkvwQvqq3HSg3WFnuAK5NNKuMY7k700TyPKdogBhp,It's a great app.. it reminds me to pray which is very motivating.Also i like the fact that you have put challenges for us so that we can be more regular with our prayers. 🤎,4,1,6.7,2023-04-11 05:21:42,Alhamdulilah it is helping you and suggestion for improvement email us in Sha Allah ❤️ : salaam@everydaymuslim.app,2023-04-16 05:03:58,6.7
885b7f28-2c05-4023-b433-61d2c7edddc5,Anisah Mohammed,https://play-lh.googleusercontent.com/a-/ALV-UjXjJBU4__AvpvS3HKE_ScY3NEliGB9x_NGt_AS0tcehhqlz7Al78Q,"Location was wrong, and when you go into the Quran section you can't exit out to the main page. I have to restart the app everytime. Overall great source of motivation for me since I am striving to be more practicing!",3,8,6.7,2023-04-11 04:22:54,,,6.7
8bfb8204-e0fe-48ae-9315-778aca196d44,Rasheed.A maradesa,https://play-lh.googleusercontent.com/a-/ALV-UjVP3vPUiSXfezLozzhoS827lPn-B-vonVxH1PR3AH00h4eUr9E82g,"This App is very useful, no glitch, very precise and a good companion.",5,1,6.7,2023-04-10 14:05:42,,,6.7
c76a5abb-083c-4d81-8016-25b9d7eeba0e,MD FAROOQ,https://play-lh.googleusercontent.com/a-/ALV-UjVOfqORfPR-UvuvUbusQ-Pe9p2fxing6mrEhiVhyJpTH2A4EXye,"Ma sha Allah, Too good app, group tracking option is too good.. Now we each think to pray more and on time...but need to add Translation of imam Ahmad Raza khan. Congrats to the team.. May Allah reward all of u...",5,1,6.7,2023-04-10 05:20:42,,,6.7
2d7c92ac-d3ba-4875-a59a-b4276ee62905,Cadnaan Cadnaan,https://play-lh.googleusercontent.com/a/ACg8ocLwA7SbtwRNYiz-cOcHQC_INiYVnnEPqHsAqf9igAFGXrL1aQ=mo,Very nice app👍,5,1,6.7,2023-04-09 11:19:23,,,6.7
22af092c-5d53-4075-b7ad-7e2227467b9c,Mohammed Basharath Bari,https://play-lh.googleusercontent.com/a-/ALV-UjUljKIvXn075JrJoIA8sMCsLZPiCuGkSZhWbCtJdZZKcN3Cg3I,"This is best App for the daily,Salah,Quaran,Zikr it's very Helpful.",5,1,6.7,2023-04-08 14:51:51,,,6.7
6c2467fe-4fa0-425a-94ee-6441190699bd,Jamilla Hassan,https://play-lh.googleusercontent.com/a/ACg8ocKn09vrVf1MjVBPLTkx4fn7INp5bzM3sqDgA1aDO5TohO5yoA=mo,Thanks the best app on earth,5,1,6.7,2023-04-08 02:46:33,,,6.7
7406f185-d2f0-4357-ab2c-8145ef559934,Henry Miller,https://play-lh.googleusercontent.com/a/ACg8ocLDfOzW_uaRvNQrmyYBmP9zypiu2Dg1lBqnP8BxMXXAma4cvg=mo,I had a great experience with this app.,5,1,6.7,2023-04-07 15:19:00,,,6.7
dbec3828-b99a-455d-b8aa-eb5215650c8e,Dr Khan humaira,https://play-lh.googleusercontent.com/a/ACg8ocI0bP0l0NmaPaO4nKGpW-BgNaDwKgfHAeqAw8QPDW8iOl2abzU=mo,Good,5,1,6.7,2023-04-07 12:38:12,,,6.7
3893afd5-6a33-4a42-a462-e925f9ebccdc,Mahek Shaikh,https://play-lh.googleusercontent.com/a-/ALV-UjV_E2Dhbi8f20bXP95ERAXivEOq8najoK3CE-n5S-iRhunALPtc,The app was awsmm,5,1,6.7,2023-04-06 22:46:29,,,6.7
bf4d9ffa-bf1b-4dbf-9c42-362957759dbc,mahnoor jawwad,https://play-lh.googleusercontent.com/a-/ALV-UjWhvuISYO2COcG1eQVyoSnlvQSaZn-Lf-vPmiJJCU3pyT5JCEM,goood,4,1,6.7,2023-04-06 04:46:45,,,6.7
2de88d08-fdde-4d68-8f8f-75f4c20b10cc,Captain Jack sperrow,https://play-lh.googleusercontent.com/a-/ALV-UjW3qXAuBOxFNfG3WuYpS7Rw8Ho4ywDWxuQPhgsfuU6Kk84ITa98,Mashallah ❣️ Very best application 🥰,5,1,6.7,2023-04-05 19:11:05,,,6.7
46e4c34c-8d4e-44d3-8427-81b8d32c4309,Marilou_albsis Albsis,https://play-lh.googleusercontent.com/a-/ALV-UjUjvpF83GIFgmxjSMxbDYR5g4MsfkjYrDxtkfHSN8lwcPkS4nxnug,Helpful for me as a new convert to islam ☪️ than you.,5,1,6.7,2023-04-05 08:00:53,,,6.7
c94547dd-bd70-4540-99f7-dc0a3bf9543c,Mohamad Umar,https://play-lh.googleusercontent.com/a-/ALV-UjUf6Tby6TOa47g9vk2NjFp_BTTpua-UVg31nd-zIRuMDNkDvPrM,Very Good App. Best part is that there are no annoying Ads and in the Quran section you can read the tafsir as well. It is a very useful App!,5,1,6.7,2023-04-04 10:30:24,,,6.7
26a27b31-7b1f-4957-9f50-3755f82673b7,Aisha Waqar Saqlian,https://play-lh.googleusercontent.com/a/ACg8ocKW1jpa11Z5bqnK_l0SfolIa2YEGf_3IN4TV5e9ZeuOpNAH_w=mo,Can't open,1,1,,2023-04-02 17:46:23,,,
ceaed9c4-20de-4e11-9f63-ed1efa500248,Bo Josh,https://play-lh.googleusercontent.com/a/ACg8ocIh9_tL2WaGALYmgxXZDocsH9SysiZY5kR-rhdwQxp9qP1J5A=mo,Marshalla good for Muslim everyday need,5,1,6.7,2023-04-02 05:14:31,,,6.7
a30215cb-24b3-4b57-8458-fa0d06f8f2e5,adenrele bello,https://play-lh.googleusercontent.com/a-/ALV-UjV-GW9P5v4S2_5sjGID9AtsuOq4EWpzTG3REebeJm3OWkEyBiwU,Alhamdulilahi,5,1,6.7,2023-04-02 01:53:07,,,6.7
6314dcf3-7dcc-4dd7-9dca-1fc4b1d6488a,Kadiatu Turay,https://play-lh.googleusercontent.com/a/ACg8ocIdsyLKdfF3MH-58a9Blnp9TFFbPcWjVpO5DRqgkIuy3zGOTw=mo,I love ❤️ and enjoying using this app 🥰 it very good app 🤗,5,1,6.7,2023-04-01 21:55:34,,,6.7
b0a495b4-7199-493b-8bcd-e3d8c6ee7a59,Rais Awais Warind,https://play-lh.googleusercontent.com/a/ACg8ocKkt2pKfiVyNlWCneAPv4WWqAUXTxtjgNwNtWbzcLFMFdFHLg=mo,Nice app masha Allah,5,1,6.7,2023-04-01 18:43:13,,,6.7
f3d70e5d-0b03-4833-b799-45d1a624bd6a,Emad Ali,https://play-lh.googleusercontent.com/a-/ALV-UjVGoOykO1Bt6tNpZBJv_Eoc2JMtZr0dr2gON6IY_9MlMXwU6s3z8A,جميل ومحفز على الصلاة والقرآن والتصميم راقى أوى عجبنى جدا الصراحة,5,1,6.7,2023-04-01 14:07:30,,,6.7
51448b83-4a4f-46fc-9f64-11e581ef84e1,Issam Rabhi,https://play-lh.googleusercontent.com/a-/ALV-UjU3K2ZgP0F0Q9jS2m63gQwvr3B8iONiz0oPzkVOM6Py74FZjdi8,"Salam, I like the challenge that you have taken on by making a bold and creative app like this, and I love all the features. However, there is a bug that always kicks me out of the app I tries reinstalling it many times. If you could just get this fixer. JZK",4,22,6.7,2023-03-30 10:19:13,Wa alakium assalam. We are happy you like the app. Alhamdulilah ❤️. Can you please do us a favour and screen video record the issue and send it via email. salaam@everydaymuslim.app.,2023-03-31 11:30:31,6.7
3b5405c8-3a3e-4fa3-9ec5-c4319832b3de,Ridwan olaitan Ayomide,https://play-lh.googleusercontent.com/a/ACg8ocKzbmyhIfbneVkmgQCyHPaxcQF7hRWNu3HEeS1POCjr4aYoxw=mo,I love the app 😍,5,1,6.7,2023-03-30 07:33:57,,,6.7
f0e312b8-90b6-49ca-b502-4e3a41b7e700,Rafah Moosa,https://play-lh.googleusercontent.com/a/ACg8ocIGhQ97qwv1rW4PmjRYnLKBrMmCqHdtiUAQqREkNunKhU3bqw=mo,Nice app,5,1,6.7,2023-03-29 23:19:19,,,6.7
021a02d3-68be-4fb7-8be5-74a238c04719,Asmaa Tayeh,https://play-lh.googleusercontent.com/a-/ALV-UjUvqhF2Yv_Etp6O1Si1w63rv6rXl3PpVHbZZ00L5OFccgdsXQDL,"Hello the app is amazing! I love it and it really help me to improve my prayer however I have problem which is after 12 O'clock if you didn't put that you have prayed, you will start again. sometimes I am a busy and I don't have time to do it before 12. I hope if you could fix this. Thank you",4,8,6.7,2023-03-29 05:51:03,,,6.7
15e6d4bb-b0f7-4d96-ae18-447ebd600b74,Marwan Makey,https://play-lh.googleusercontent.com/a-/ALV-UjWNwEwfXeK0_orJjIYjN9nFhTuDZZKv_MVlNb4TQ_sS0iNpBIoJ,Everyday Muslim is a very easy and self explanatory app. There are no ads (unlike other apps) and it sets religious goals for one to achieve. 5/5,5,2,6.7,2023-03-26 15:37:53,,,6.7
84a54e30-7bb4-4c20-adb8-53e861be2ee2,M G,https://play-lh.googleusercontent.com/a-/ALV-UjU7hARei13pF0f_oMGq2BYOv5SS3fMxXmsRQb3ryyMBv2d7dpF9rQ,Needs a lot of work. Isa it will be functional soon,3,1,6.7,2023-03-26 09:58:56,"Assalamualaikum Murad, can you let us know what issue's you are facing via email. salaam@everydaymuslim.app so we can improve the app. Because there are so many andriod devices issues will occur and we need to iron them out. Jzk",2023-03-26 11:36:31,6.7
00ba91be-0d8f-4ba9-a629-858f8335306f,Abdilfatah,https://play-lh.googleusercontent.com/a/ACg8ocLJuWNB9BrllmpVTfm6VaTNyQRa-SR5osDAbfeRfzuZWFYXGQ=mo,Good app with various features,5,1,6.7,2023-03-26 08:32:18,,,6.7
9706e307-c276-4465-a30c-8942e7af0e56,Chourouk Marouan,https://play-lh.googleusercontent.com/a-/ALV-UjUdPqIQZAFa0cuWxH2fQ3Kf3acxznr89x-JYQ02VJ-IGAwAWvczpw,🤍🤍🤍🤍🤍🤍📿,5,1,6.7,2023-03-25 23:34:01,,,6.7
ff9cc1a5-ae2f-4b16-a8c3-afffe6faebec,Jason Mckelvey,https://play-lh.googleusercontent.com/a-/ALV-UjViObWxjngN1xtNip870uXf7Sqgor4F1VjCUYpnHmV38whVXrwH,This app help me learn and be more on my prayers while I'm in a area where there's no mas remind you I am Muslim and I have no brothers to speak with in my area because I'm not Nation,5,1,6.7,2023-03-25 20:50:11,"Assalamualaikum Jason, may Allah make it easy for you Ameen ❤️. And We are so happy this app is helping you out.",2023-03-26 11:38:27,6.7
7fe9c004-908b-4ae0-8112-4eb3348687c3,Nafee Ahamed,https://play-lh.googleusercontent.com/a-/ALV-UjU924PjIKHvvYGGC0dkupqeIhc67hpepsNOLn4ELLCtpKYK8cEV,Great app really useful,5,1,,2023-03-25 02:27:10,,,
c3d723de-77c9-47e0-ae66-e21210f26c99,Said Kasirye,https://play-lh.googleusercontent.com/a-/ALV-UjVjjGy3E-ebA8L-o8ZEzFYUanhJg30nPBvpuxnyoz3cafpkOwbw,Marvellous,5,1,6.7,2023-03-24 23:19:24,,,6.7
bee3e80c-a5ef-46a3-9b8b-ee2557aad7b8,aslam aman,https://play-lh.googleusercontent.com/a/ACg8ocKLhmu7lNI-QKbhqP6h5c-pjHcmduuIKgrlk_3Yzz_O_FdApQ=mo,It's good enough I love it,4,1,6.7,2023-03-24 20:17:17,,,6.7
0f38bdba-9b45-47ed-8649-5474222ebf0a,Hasan Jones,https://play-lh.googleusercontent.com/a-/ALV-UjX7BlK-dVugeTsy6F0pEulNzIS9Sahr-2bbs73T5bOZ5XLXI-iW,Very good,5,1,6.7,2023-03-24 16:06:52,,,6.7
5fd35644-f5f5-4cb5-b39a-3dc0cd2e5658,Sameea Mirkar,https://play-lh.googleusercontent.com/a-/ALV-UjXpXdWbngaqERkunRAurnbVfNkYutpVeoA1r3Qqc4cO1gZU4OA,nice app,5,1,6.6,2023-03-24 06:03:50,,,6.6
36ef0b68-3c4a-465e-b4f8-b313d2727388,Abdalla Ali,https://play-lh.googleusercontent.com/a/ACg8ocINKH0L-oIaUKIkQmu-LlT8zfByAIJQP8GblGhXZcXLueFLEg=mo,I really like this app. I currently added my teenagers in an group to see their progress and I can communicate directly with them via the app. Would highly recommend it if you have teenager's!,5,1,,2023-03-21 23:23:49,,,
27381d78-00f0-42cd-a5b6-0eaafdd529b9,Khalid Hassan,https://play-lh.googleusercontent.com/a-/ALV-UjWd65p0-30GEKsJRfggkhkvOOe5PSnGKqzW01FWoJ-d-CQjFriFCA,Great app and great customer support....,5,1,6.4,2023-03-19 18:54:33,,,6.4
362e6713-7f4d-4b99-a348-daa0ab285a99,Benabdallah Tesnim,https://play-lh.googleusercontent.com/a-/ALV-UjU_j8EK7qrfgw6b94M5ChJh9UbeRHU7OUHHqk81bAHWQMAcEhB9,Thanks for making it easy,4,1,6.4,2023-03-16 03:17:11,,,6.4
9ca6e5da-f5b5-41fc-baa7-778124625316,Mohd Faisal,https://play-lh.googleusercontent.com/a-/ALV-UjVZ5smQsltudSF9AVSXn2xpZdqMHt0oTSMaTNBb__d-rgYpxWa-,👍👍,5,0,,2023-03-03 16:26:31,,,
e221939a-bbb7-4bcd-b90e-257341d1ab5f,Normala Private,https://play-lh.googleusercontent.com/a/ACg8ocJKFrt6PAA8T2Q7jQsaZTmAWKw19lgkFualiZBtBGecvyq2Sw=mo,"The negatives that you need to work and improve on: 1. Cannot type in new sunnah habit under ""Add new habit"". The keyboard doesn't appear. 2. Cannot send feedback. When you click on it, it asks you to choose from options of platforms you want to share this app with. 3. No calendar whatsoever, Hijri or Gregorian. 4. Name of the city of country does not appear under location. Only state and country. 5. Click on Quran and it goes to a blank page. 6. No quotes of Islamic/Quranic inspirations?",2,9,6.4,2023-03-02 12:50:13,,,6.4
83b7abbf-114b-41eb-86c4-162c15dcb95c,Eshal,https://play-lh.googleusercontent.com/a-/ALV-UjXnxAQXDW6U4SEs4PD8JlQHZHgOVh13iEYXC9QjI_whYUfXmpw,"Thank you for making this app, it helps me with doing namaz . But one problem is that the app keeps closing. But other than that the app is good",4,2,6.4,2023-02-25 18:38:50,"Assalamualaikum, can you please send us a email video screen recording the issue to salaam@everydaymuslim.app . It would help us understand the issue. Jzk",2023-02-26 20:02:38,6.4
acc92ce1-b5ec-4f43-ac52-f96ffb800776,Musab Al-Bahry,https://play-lh.googleusercontent.com/a-/ALV-UjUyxJbnVm_liOAt9bJ9kLPFc9dRljc08kQNtsmMFW8jKaV3aUKg,"The interface is amazing maashallah, what do you think about open sourcing this app?",5,1,,2023-02-25 05:22:39,"Assalamualaikum, we are actually considering it. We will update you in sha Allah",2023-02-26 20:03:11,
13a0fc26-4a58-49cb-873b-1f5ab3a1c43c,Mhiri Malak,https://play-lh.googleusercontent.com/a-/ALV-UjWx3mHqwFn91gZxSN20Z7V_i7a-0dVvkRI5jpXARwF8YkhYRUl2,I love this app a lot,5,2,6.4,2023-02-20 20:36:35,,,6.4
fc39f0cb-3e90-4ad5-afde-613fe9e5781f,Syeda Yaminah Asfandyar,https://play-lh.googleusercontent.com/a-/ALV-UjU3MysHkY5AQ-q_CjXY20dbjqePUZUDVL8iG6pS6DMHImaRWagYTA,This is an amazing app i love how i can also read Quran and also change the notification setting like azan and vibrations and stuff thank you for creating this this will help a lot of people,5,2,6.4,2023-02-16 17:55:55,,,6.4
c5c9dd3a-3be2-426a-b272-daff313288b3,Peace TUber,https://play-lh.googleusercontent.com/a-/ALV-UjUTiYUtyS8nZbhsTJk56Q9aRpPS9ToJvApFx-IT9PpwHU0uQdZV,Good app,5,1,,2023-02-15 10:32:46,,,
f8a770e8-8902-44bb-8f14-0a81f035f429,Alishba Ahmed,https://play-lh.googleusercontent.com/a/ACg8ocJM4wYHMCN0-e24JqtOBKUOKgNBZ76ZZQBHuTyzMZkajItT9g=mo,Very helpful app,5,1,6.4,2023-02-14 20:14:44,,,6.4
b30b3f41-744c-4d2d-9748-1a5c0ccff72a,eca,https://play-lh.googleusercontent.com/a-/ALV-UjUYsrOULKSPnwiIpjuMgqAJddoOizig8cnkOXIB6_xfFNQaVAfl,MashaAllah Jazakallah for this app ❤️❤️ it helps me a lot and there's no ads Alhamdulillah May Allah always bless you'll 😊❤️,5,1,6.4,2023-02-12 18:34:27,,,6.4
b787f4d8-4e80-4a5a-85d2-2e0a24487f48,MR_Unknown,https://play-lh.googleusercontent.com/a-/ALV-UjUrpc6qwWupXoYooed-jrvB4GWhjjjVn8snJfOjFw79EBZfTg9P,I'm impressed by this app. Really nice app for mokaing Islamic habits etc.,5,1,6.4,2023-02-11 13:26:19,,,6.4
d9a4c248-172a-437d-a2b3-dff5db671edc,Ifrah Iqbal,https://play-lh.googleusercontent.com/a/ACg8ocJ8jl5pk-WTEk16z9gIDKoBmf7U7J7DoGLbLoclinLzU-DRiHsn=mo,Very good app helps alot,5,1,6.4,2023-02-07 20:13:20,,,6.4
2ed1d8eb-90fd-48f5-8992-4f99632f741a,Amira Muhhamedd,https://play-lh.googleusercontent.com/a/ACg8ocLzQULU9TIBwuJsa5GJjLnwuv97OshEdVaxKsZUL9OJqOR2Mq4=mo,"So good ,",5,1,6.4,2023-02-05 04:24:18,,,6.4
eb0fd6cf-61d4-4a4d-9ac5-2cc277f17e31,Ratin,https://play-lh.googleusercontent.com/a-/ALV-UjXHbQ9puspMwQgtoZ_X_doZsqPw6BVABlE-6kZaXsAjeb8xPSI,Fully complete app,5,1,6.4,2023-02-03 18:32:05,,,6.4
7565da7a-a382-4e1b-9f4e-a66c588dea2b,nadeirdre,https://play-lh.googleusercontent.com/a-/ALV-UjW4Aw8N7bbHihJ1llXXMI1hLAg6EZezmvgRiqAOhHgAu5nckcJOPw,Lovely application for track Muslim habits,5,1,6.4,2023-02-02 15:37:31,,,6.4
89f3bfe2-c534-4798-91ed-73b96a2b7d11,Muhe Husen,https://play-lh.googleusercontent.com/a/ACg8ocIAfazYpTghLy2isXM7f0uD9nfyw39VSHiC-S4IGQK08rIrTA=mo,Masha Allah tank you.,5,2,,2023-02-02 02:36:07,,,
1baaacaf-3637-4a09-96fd-3dad23685869,Jemshit Iskanderov,https://play-lh.googleusercontent.com/a/ACg8ocK5pi02rinX3C-YGzOMHXbenoIpIB3e-oMHApiY6oZOIG760mc=mo,"- Forces to turn off ui optimization, otherwise cant open. If turned off, eats battery a lot. - personal tracker notification reminders don't work - personal tracker list gets messed up on screen open",1,2,6.4,2023-02-01 11:23:31,,,6.4
83b61cc7-c8b1-49b2-a3d3-7acbca46a375,Kashaf Nazir,https://play-lh.googleusercontent.com/a-/ALV-UjXlqOs0M8AYpTTfwYz_4r6Uc3PqOTN1XYKasu7e5JRRqzLevY4,"I love this app, and it helped me to be consistent with my prayers Alhamdullilah, but from past 2/3 weeks there are alot of glitches even I reinstalled the app but it is not working, keep showing ""No Internet connection"" notification though my connection is strong. Trying to find an alternative app but I want this one back. Kindly help me with this problem.",5,4,6.4,2023-01-31 02:22:14,"Assalamualaikum, we will be sorting this out as soon as we can in sha Allah. Sorry about the issue. Jzk",2023-01-31 05:09:47,6.4
a91598d5-5b6e-4fb1-9802-311ebe85d1ea,Yahya Ahmed,https://play-lh.googleusercontent.com/a/ACg8ocLw-2kp51UEUy_Ob4Q-FWJLNzJQKJPF9321F5FCstD0UB7SK-s=mo,Amazing app. I am so impressed.,5,1,6.4,2023-01-20 22:02:39,,,6.4
34381cb5-c3e6-4b1b-ac6c-668815c4f2b5,Sazzad Sagor,https://play-lh.googleusercontent.com/a-/ALV-UjV3qOweUKK3Pc0S0kZF3iM9PAANoFat_Faro6L-b9jq66aiQi343A,The tracker feature of this app is extraordinary,5,1,6.4,2023-01-19 21:06:03,,,6.4
3639e922-8bf6-4d53-b0ce-5e3daf5287c8,Shahzaib Warind,https://play-lh.googleusercontent.com/a/ACg8ocJHGLm-JjVgCL_oMZcdw2iVRn1CLQTdfXtgLVHMDbYUg8gG=mo,Masha Allah,5,1,6.4,2023-01-14 16:15:31,,,6.4
940daf29-0f0d-42c0-9c7e-faa3b5d70f21,Ajeeb Discovery,https://play-lh.googleusercontent.com/a-/ALV-UjVHrNJ8XDCYIz4AJTYjFkwOe2Y2hLMnC5QtQveuEVhO9SDCwFkn,An amazing app.!! Jazaka'Allah So much for creating this beautiful and easy app.,5,1,,2023-01-14 14:34:29,,,
c0d8b5f7-c9e2-4fe2-9d1a-8f20d3036c72,Adam Rany,https://play-lh.googleusercontent.com/a-/ALV-UjXr_K0sqYFGuyKxeU3pnXx-B2JYw_W9o-3cyNgNqCXPqDxTkqZi,Mashallah,5,1,6.4,2023-01-09 17:57:50,,,6.4
c15a890a-6b01-4dab-a2b8-a0907208b84b,milk,https://play-lh.googleusercontent.com/a-/ALV-UjWytoenyr04bO77sDjwzLCcUO0gOiFTJ7ZBJ9QgAMUgza-AX0fq,"love this app! i wish there was a dark mode because it hurts my eyes a lot but other than that, there are many features and theyre easy to use. would recommend to anyone considering installing this app",4,5,6.4,2023-01-09 05:33:25,,,6.4
3b09c093-1c8b-4b9e-aa16-429395a850db,Try Again - Healthy and Tasty Foods,https://play-lh.googleusercontent.com/a/ACg8ocJXZzh7noEKkpgizAA58Im6-7lmOZDBZ5lNsSw39kQBdHZXqQ=mo,I like it,5,1,,2023-01-08 23:49:17,,,
6cea03dc-8da6-4f60-b2f5-14c827892213,Rushda Fatima,https://play-lh.googleusercontent.com/a-/ALV-UjWP5AQ6CstSQv8viu_nl-LAAkzLMgc67MjKCwCIKorH16q-oT82,"I love the challenge, it pushes for salah, but I Uninstalled this app because it was keeping on glitches and shutting down, it was very annoying, sometimes the challenges would reset even if I hadn't missed a prayer, please fix the bug.",1,19,6.4,2023-01-06 01:11:19,"Assalamu alaikum, can you please try reinstalling the app. Also if it does not work can you please contact us at salaam@everydaymuslim.app if the issue persists. So we can fix the issue and other benefit from the app.",2023-01-06 15:56:27,6.4
e713345a-810e-4880-94bc-4429063d238a,Rashid salaria Salaria,https://play-lh.googleusercontent.com/a/ACg8ocKdK8EZ-sP5atC0I8H6rD16hKcLLhinQhbSTv2tdrL7UUPWgg=mo,Not working Time wasted,1,1,,2022-12-31 18:41:14,"Assalamu alaikum, Could you please be a little more specific about what is not working? Please contact us at salaam@everydaymuslim.app.",2023-01-03 13:00:07,
dfc922fb-0d2b-472d-aa21-b3e3de9a3098,tareq obaid,https://play-lh.googleusercontent.com/a-/ALV-UjW-V17ioPJwEA89TdJj8Zmg8afWwg0b7heHD4iufMeAsd5dcFpF,Nice,5,1,,2022-12-26 10:57:44,,,
feb79e4e-76b3-47fa-8459-2cb2541c6ad6,Imrul Kayes Limon,https://play-lh.googleusercontent.com/a-/ALV-UjWET7OwWirAzUI2fZQpxx27lJbHgi1dF5dubS7MV9EX__SNT7Wi,Best app ever I have found,5,1,6.4,2022-12-25 14:00:34,"Assalamu alaikum, we are really glad that you like the app. Please keep us in your dua. ❤️",2023-01-03 13:01:17,6.4
f1f9e045-7cac-4fe6-98b0-489f65488005,Lu'lu' Hifzdatul “Ruru” Imaniyyah,https://play-lh.googleusercontent.com/a-/ALV-UjW1a23HiIBn0t0vQmCKLr3kFO6OVZIoWSTOjREQxLbcKQWD_6Y,Great app!,5,1,,2022-12-21 16:27:55,,,
817b5a58-ed12-49ac-85d4-ba5fa0af3842,Rais Wahid,https://play-lh.googleusercontent.com/a/ACg8ocLajz2sUIWyTfLbpyxCwWy3xWFndXnDjpHN2tr7by8eb6GFTg=mo,This is amazing app Alhumdilillah I am using it regularly,5,1,,2022-12-13 19:05:18,,,
33133821-9c82-45b8-9c66-e6a254e13627,Rais Nazik,https://play-lh.googleusercontent.com/a/ACg8ocJz2ePNTNAhGcvnCQ9FMnGAaGclSVSaIA-g9-aIN4t7Vsxrww=mo,It's Amazing app . Alhumdulillah it's made me rugalar with habits and challenge feature,5,2,6.4,2022-12-13 18:47:47,,,6.4
7f1f1167-c22e-40a4-a1c6-a22b8a68b8d0,Ammara M,https://play-lh.googleusercontent.com/a-/ALV-UjVM9-phHGdRgacakbsDubD8zY4ZNBLsy6FYmbchGkUnSU8fvTc,"Assalam alikum. May Allah rewards you immensely in dunia and Hereafter for this amazing app. It would be amazing if you added an option of home screen widget for salah tracker, so we can keep that widget on our home screen, and if it stayed infront of our eyes we would be even more punctual with our salats inshaAllah. If we could tick the done salah on the homescreen widget itself, then we don't have to open the app everytime we wanted to tick a done salah. SubhanAllah. Hope you could do that.",5,34,6.4,2022-12-10 01:56:37,"wa alaikum assalam Ammara, we will be working on this in sha Allah. It is an idea we want to do. Just make dua for us please Jzk.",2022-12-28 11:17:24,6.4
3aa3ca5b-2e2b-4acb-86ec-42bd1f78a18a,shafakat shaban,https://play-lh.googleusercontent.com/a-/ALV-UjVHLu4XAW7EjVmeYTWyR3w8AOsvBoHIv1p_Aw0jviCjuWv8NnjxOA,App isn't working,1,1,,2022-11-21 09:05:00,,,
72d15f72-67ea-4aa9-a7f6-992e27e771c8,Zain Siddiqui,https://play-lh.googleusercontent.com/a-/ALV-UjVuFjXp_JloMIsWvfea_SjxMs78CIHu6qQ7TXCb4MZ1gLcxAB0l,"This app was great so far but recently, my Samsung A52 updated to Android 13, One UI 5. At the same time, this app was recently updated on November 13, 2022. I do not know which of the two above is the cause, or maybe it is the combination, but now, this app is draining my battery! In just 7 hours, it ate 10% of the battery, which is pretty high for a 4500mAh battery. Developer, Kindly fix this issue. Otherwise, this app is perfect for Salah tracking with my family members! 💚",2,14,6.4,2022-11-21 07:07:21,,,6.4
2c60aea2-68db-4c80-83e3-ec8c607f5821,Rohit Mitta,https://play-lh.googleusercontent.com/a-/ALV-UjVcECvvgvLxDo2Iqb9uQngP0gwxQ72Q2peqQGON5QivfmJPkn33,Excellent app!!! Lot of features.,5,3,6.4,2022-11-18 00:31:34,,,6.4
25f953a6-ef2e-4c6a-a252-c3ff3c54788e,Nirmala M,https://play-lh.googleusercontent.com/a-/ALV-UjW3L7BNvnQyW1pJGyibtcG6ih4kuIvDIPGzMsB5mMslP96yN_k9,Subhan Allah I primarily pray to Allah alone excellent app it is.. All these years I was waiting for this kind of app May Allah bless those who created such an amazing app..,5,5,6.4,2022-11-17 23:30:35,,,6.4
ee269c2f-ef61-4dc8-9048-9cb513e1ca2b,Meghan,https://play-lh.googleusercontent.com/a-/ALV-UjWMfRYkvxHD_NJsUanrB74prKUgEQnumSPYlwFJqnm34Hbm6kJ8,This is the best app I've found for tracking prayers and habits. It's really helped me to focus more. Alhamdulillah. And it's nice that there's no ads.,5,8,6.4,2022-11-17 17:46:28,,,6.4
b04b1e7f-c62d-4a39-95be-76422bbff05a,Muhammad Usman Ashraf,https://play-lh.googleusercontent.com/a-/ALV-UjXUF9QVqO2HD9pXKuAUk6bIaHxqdv1XqjvcbY1j2F1aqVZDwCTgpA,Great app,5,1,6.4,2022-11-15 14:10:22,,,6.4
044b5e88-22f3-4a3a-af2a-a6af12816282,Muhammad Rumman Khan,https://play-lh.googleusercontent.com/a-/ALV-UjVh_ziOgayU7C98PUTg2M56DoiLivZCPTGRQsIK8T0_SRLAEyR7sQ,App's response time is slow. Otherwise its a good application.,3,1,6.2,2022-11-12 17:36:47,,,6.2
58f979d2-a9ec-431c-a471-54d63fe9e029,fatimah domingo,https://play-lh.googleusercontent.com/a-/ALV-UjWmg7hHs4D7xJjAYx8lLOdwzmYARvOJhJyz6o1ccz3nBlJIl9Fp,"Extremely well thought out, MashaAllah. Very helpful... It even has a built-in qiblah compass❤️😊",5,3,6.2,2022-11-11 19:16:10,,,6.2
454234f9-7913-4bf0-94d2-9a8b318b71e0,Afsan Soba,https://play-lh.googleusercontent.com/a/ACg8ocI-la8pJOv_NTWsubnI7K_YcmM1CS96Q52GuOTJRk13z-xMSg=mo,It's a very helpful app. Thank you so much,5,2,6.2,2022-11-08 20:32:19,,,6.2
13c8f21f-cd99-4585-9537-ee4b3afda32c,Fatima Al- Mahdi,https://play-lh.googleusercontent.com/a-/ALV-UjUPrkGqAvCSk2uoHIg_7-CNkqd0721DxZwp_GF2oyBmhzZ6mkA,"The app keeps crashing, loved it, but it is a bit slow. Please solve this problem, I want to use the app. ☹️",3,3,6.2,2022-11-05 23:11:22,"Assalamualaikum, we will fix it in sha Allah. The team is super small but in sha Allah Khair",2022-11-06 18:07:15,6.2
6af51500-a524-45b1-a783-3b0340548cb4,Merwa Klisharo,https://play-lh.googleusercontent.com/a/ACg8ocJiomAN8Z0T-owx9TWbLbjFSXA3x98YEpBZsE2QhTlX2x04Ag=mo,It keeps stopping,1,1,6.2,2022-10-30 22:45:07,"Assalamualaikum, please test this latest version and please update the review if you like the app. JZK",2022-11-19 00:22:02,6.2
59cccb22-da79-43f8-b5e6-82ea2204728f,Nasir Kamal,https://play-lh.googleusercontent.com/a-/ALV-UjVfd_py2kgTu4dQV1Mvk3UgQmn9l2GCTftj7lT-woGnysl5W0w,Very amazing app i fall in love start from installing the app,5,3,6.2,2022-10-28 19:12:20,,,6.2
a9e74c8a-7b3a-4427-a628-f87f11694e93,Anis K Niswati,https://play-lh.googleusercontent.com/a-/ALV-UjVFeqtA9uCb61Kuah3zpiitGUFFpLGECUWIqCBmAU-sXyOALfmh,It's missing two important habits: dhuha prayer and infaq. Suggestion: add a cross line in Qibla app for us align the compass arrow for accuracy.,4,2,6.2,2022-10-25 18:20:02,,,6.2
846a9e9f-5c8f-4de3-9e19-1984524b323a,Hamza Shoufan,https://play-lh.googleusercontent.com/a/ACg8ocJ8AEgwAidRrYhRFgPI0dakV1faWIGKQZVGGBYr9Kni6k_v7Ho=mo,"Amazing app, but goes out of app when I open the Prayer Challenge. Assalamu Alaikum,",3,11,,2022-10-21 20:08:46,,,
fbc9fbec-e9ab-4196-a8fe-99849bf2d5b5,Dedhar Sharif,https://play-lh.googleusercontent.com/a/ACg8ocI7m3MWrighbW0lOY5Y4Q-8wysBhX6kbpEveV5_D8oJPpv1ew=mo,Exceptional app - Very good way to learn and keep up with my daily Quran and Salah. Highly recommend.,5,3,6.2,2022-10-21 17:36:00,,,6.2
aa2129c3-8283-4991-b933-49cbb44641bc,Tooba Rizwi,https://play-lh.googleusercontent.com/a/ACg8ocI6KwWpnN34WeqY9PEXusRbNpZmFnMl6yZUL3gqaljF5HHIrfuO=mo,It doesn't work.,1,1,,2022-10-18 00:28:18,"Assalamualaikum, please test this latest version and please update the review if you like the app. JZK",2022-11-19 00:22:31,
6c979b78-4c0b-4627-a94d-80131602a7f0,Tala N. Amm,https://play-lh.googleusercontent.com/a/ACg8ocJd9QA7-4pimKVbpyLZ90wsEHNOEsk8YQJJQKKLJKFkzMbBpeg=mo,It keeps stopping,1,1,6.2,2022-10-17 23:58:56,"Assalamualaikum, please test this latest version and please update the review if you like the app. JZK",2022-11-19 00:22:12,6.2
ac06cd8b-fe95-4f4c-9050-16db99f45514,Faiza Hassan,https://play-lh.googleusercontent.com/a/ACg8ocK3T1Ld0HGy4gwpevWvNdQOY0wQEH-2VGa7Rd8KaL6ps2NyF-OR=mo,"Amazing. I was looking for an app to keep the track of my salah. Not only tracking your salah, it can help you build more islamic habits plus the the inbuilt quran section is fantastic and has vast amount of information it's up to you how and to which extent you will benefit from it. Regarding the recitation of Quran it works with internet connection only. But that's not a big issue... :)",5,35,6.2,2022-10-12 22:25:10,,,6.2
04367fef-37b6-47f4-ac71-7a04a38d2602,Boo nony,https://play-lh.googleusercontent.com/a/ACg8ocLlJj8KszhjmuALt0KAG7Mr4lKAxBXgTsGni65WN2BEzeEu9Q=mo,This app is so good almost perfect but please please please let us add customized daily habits🙏,5,3,6.2,2022-10-11 16:30:26,"Assalamualaikum, we will in sha Allah include this feature soon. For now can you email us with habit you would like us to include. Salaam@everydaymuslim.app",2022-10-12 01:06:38,6.2
011f2957-a65b-4509-bb94-39554c80c2ea,Upasna Garg,https://play-lh.googleusercontent.com/a-/ALV-UjVsbipOTtGsBD8OS9LgdG_-bWEU7EfvF91g7ojZeIG0_k3s5d9v,An excellent all purpose app. May Allah bless the team who developed this. Also if possible then please add the option to add the habit challenge to our groups also.,5,5,6.2,2022-10-10 18:51:32,"Wa alaikum assalam, Ameen ya rab. We was considering do this and a Quran group to read a certain amount of Quran daily. Let us know what you think.",2022-10-12 01:12:03,6.2
e0f66477-9c91-4b84-aa50-6f266ba2a0a5,Ahmed Raji,https://play-lh.googleusercontent.com/a-/ALV-UjV059Kg_JySU3pJIvzped7K0jx7QqHVaPFfFiyvbvxVWae5owgf,Jazakallah to the producer of this app even though I have just been on it for few minutes am loving the app already no pop up ads it's has smooth interface n everything is neatly arranged 💕💕💕nice work guys may Allah reward you all,5,7,6.2,2022-10-07 01:40:14,"Wa iyyak brother, It has been a long time in the making but Alhamdulilah we got it to this point. Share the app and also gain the reward ❤️",2022-10-08 19:05:16,6.2
dc66611f-8c64-476c-bd14-328216276bc4,Hina Javed,https://play-lh.googleusercontent.com/a/ACg8ocK2PFxanydOz6z1S1E5dIXdTIGhQOXtl51jEAQqfEt5wPlmFQ=mo,Very informative and productive app. Easy to use.,5,3,6.2,2022-09-17 13:43:01,,,6.2
1e0ecffe-731a-4dba-8d84-fa87acca0980,khalil haider,https://play-lh.googleusercontent.com/a-/ALV-UjVBpGE2sxhbA1WRoKKB4MmuPKgs3PO31vcgM5Y9evodJiFsdJM,Up to the mark excelent app.,5,1,,2022-09-17 11:45:43,,,
aee9b3fb-c151-4216-b153-d26c2577d93c,Saeed Ahmad,https://play-lh.googleusercontent.com/a-/ALV-UjXAeQXJ1sJP3zbX78Ox8A61b3gOHgHYfpB3ZJS7KkJQq1REv5ng,This is amazing app. This made my habits easy to follow and most important feature that I liked is it's challenge features,5,4,,2022-09-17 11:26:14,,,
ae5cc5ea-2c2c-4768-88ba-9494bf333383,Zeeshan Khalid,https://play-lh.googleusercontent.com/a-/ALV-UjU1iYYpLtHbYb2ePHudr4m2GwE64MQhg_giEzgUD8eSd3aE0pGC,Best App for Muslims around the Globe...One of the few apps to actually make difference in one's life... Really appreciate the effort...,5,4,,2022-09-17 11:20:34,,,
8bcbb396-45ca-428d-b9d8-d1761a5f935d,sadia zafar,https://play-lh.googleusercontent.com/a/ACg8ocJihUguunVGwzNFcqckneLAowqsegC3J3sRJpWhCbTytFO_Pg=mo,"We travel in different cities and even in countries ,but we don't know the exact namaz timing of that city and country .but now this problem has solved by using this app.and we are very thankful to all those who work on this project and create ease for Muslim that can easily perform their religious ritual .I will recommend to all those who were facing the same problem like me that is above mentioned .",5,7,6.2,2022-09-17 11:14:42,,,6.2
dc7474d7-16e4-457a-99df-9912c713438f,haider saleem,https://play-lh.googleusercontent.com/a-/ALV-UjXXrFCH2FUfneLam8qlhNFxVm02ZeepG8fGO3whfa50B7ckgRnK,Very amazing app i liked the design and it's very user friendly. I made my Prayer habits. The challenge feature is very Amazing,5,26,6.2,2022-09-17 09:44:29,,,6.2
5f9814f9-1d34-4d2b-9533-cdda54ec88a8,Billy,https://play-lh.googleusercontent.com/a/ACg8ocI0i1FxysP_1MOE_7nWe70gwBlgxxbwQTVwBLiwUC49hpDZlw=mo,This isn't working at all which is such a shame,1,0,,2022-09-14 11:57:43,"Assalamualaikum, please test this latest version and please update the review if you like the app. JZK",2022-11-19 00:22:39,
8fe02840-9a05-4dcd-b82d-bf148795bf13,alaa,https://play-lh.googleusercontent.com/a/ACg8ocIWeDnV4mv3ulzZmkkKRd6IUvo_Cxmt3NgcBKQlmr9HNJ_zPw=mo,"it is great , but please add the dark mode to it",4,1,6.2,2022-09-02 16:04:35,"Assalamualaikum Alaa, we will try our best. Jzk for the feedback.",2022-09-15 00:26:51,6.2
c6b60cc3-8113-4d5c-b8c6-f44a7fc4a662,Main,https://play-lh.googleusercontent.com/a-/ALV-UjVpGl-GsGS8Qfe4wJq-XK3Il-qSJF70g_bZ-waM8rw4kncV7HPi,Mashallah amazing app. I was surprised that this app even has quran with translation.,5,3,6.2,2022-08-20 23:32:22,"I just saw this, I really appreciate this comment and we hope with the help of Allah we can do even better things. JZK",2022-08-27 18:57:57,6.2
532ae23e-616d-4588-a981-859421d7ef34,Habeebullah Akingbade,https://play-lh.googleusercontent.com/a-/ALV-UjUEN6uo2IUJ4nY82teB6G0lgAdhkNYHzoPE4OQypwg19SRLuIt6,"Very innovative, but I think adding widget will make it niicer",4,2,6.2,2022-08-03 09:08:18,"Assalamualaikum, we will be doing all this In sha Allah. The team is literally 2 people and if you have any more idea's email us on Salaam@everydaymuslim.app",2022-08-26 13:37:44,6.2
2f587ea7-af69-4a93-ad53-f4aa64e289e2,ABDUL AZEEZ ALAWODE,https://play-lh.googleusercontent.com/a/ACg8ocIMSkY1Qw6S_AaUGk4k8lUEJP6U44RAqaz560dPbJN3jMMvRA=mo,Very useful app,5,1,6.2,2022-07-27 03:42:19,,,6.2
f4274bbb-8e8f-4e10-9d46-3fe084423b7b,Abdullah Mansur,https://play-lh.googleusercontent.com/a/ACg8ocJDVCy8jgiU9Hwj1SYdILBG_LJ7tdNVfO_8apRwSUT9bAUdtQ=mo,App is great and excellent. I would appreciate if developeslrs can add categories to the daily sunnah. And if a report or achievements could be added. Excellent Ma Shaa Allah May Allah accept Ameen,5,8,6.2,2022-07-22 21:59:58,,,6.2
02e3ce0a-511d-41ed-b804-89fe722ba84c,Mohamed A D,https://play-lh.googleusercontent.com/a/ACg8ocKynVkPq7xcC4ja6RbbTKhheq74Z_BqSU1kLo2OksVoJgHlmakj=mo,Amazing masha Allah very helpful to keep track of salah and build good habits,5,3,6.2,2022-04-28 03:00:12,,,6.2
4c8b6d33-f59e-4686-a314-b6cb23ef3044,mozy mozy,https://play-lh.googleusercontent.com/a/ACg8ocICdX9BzixCHkh3YrKbaJXYMr5PJm3IReXXNUVo7FNuO1QTZA=mo,Very informative and useful for keeping up my daily Islamic habits. Simple and straight forward to use. Mashallah,5,4,6.2,2022-03-28 00:00:04,,,6.2
149a1865-5ea4-455d-a0fb-dec82c40e5f8,M. Mushfiqur Rahman,https://play-lh.googleusercontent.com/a-/ALV-UjXUNFpSiTFFcHjySWGVoKryBD_JDGt2RahIjbLsTqFGnzlDbKT4,Doesn't work. It crashes upon launch.,5,2,,2021-12-08 06:35:38,"As-salamu alaykum, the app is not fully launched yet. It is in beta mode. And the final version will be released really soon In sha Allah. I would really appreciate if you remove the review until you get to use the app.

It is a completely for free app with no ads all for the sake of Allah. For now bare with us until we launch. Jzk",2021-12-08 00:46:15,
3e68043c-e46a-4327-95c5-604b0e5d7002,Bilal Warind,https://play-lh.googleusercontent.com/a-/ALV-UjWTHKWkI1CbVoPVeDCHhDt3U1wndt2ssxQzU_dTOq-bKPh0jKqZ,Alhumdulillah amazing app for all Muslims,5,2,1.1,2021-11-23 22:24:59,,,1.1
