reviewId,userName,userImage,content,score,thumbsUpCount,reviewCreatedVersion,at,replyContent,repliedAt,appVersion
e43adf5b-655e-48b0-a660-81d0c09058d7,A Google user,https://play-lh.googleusercontent.com/EGemoI2NTXmTsBVtJqk8jxF9rh8ApRWfsIMQSt2uE4OcpQqbFu7f7NbTK05lx80nuSijCz7sc3a277R67g,"too much advertising and stuff, not necessarily good",5,0,,2026-08-15 19:38:12,"We're delighted to know that our app met your expectations. Should you have any further suggestions or queries, don't hesitate to write to us at zugarmobility@gmail.com.",2026-08-15 19:46:04,
26b9095a-0e63-4dc9-b543-87e9e90cc86e,A Google user,https://play-lh.googleusercontent.com/EGemoI2NTXmTsBVtJqk8jxF9rh8ApRWfsIMQSt2uE4OcpQqbFu7f7NbTK05lx80nuSijCz7sc3a277R67g,good 👍👍,5,0,,2026-08-15 08:13:50,"We're delighted to know that our app met your expectations. Should you have any further suggestions or queries, don't hesitate to write to us at zugarmobility@gmail.com.",2026-08-15 08:46:04,
bf6f9802-0f56-4d49-aa1d-35821057ce66,A Google user,https://play-lh.googleusercontent.com/EGemoI2NTXmTsBVtJqk8jxF9rh8ApRWfsIMQSt2uE4OcpQqbFu7f7NbTK05lx80nuSijCz7sc3a277R67g,we muslim,5,0,9.7,2026-08-14 02:55:12,,,9.7
27e7b469-8054-40ff-a6c1-36848fb51faa,A Google user,https://play-lh.googleusercontent.com/EGemoI2NTXmTsBVtJqk8jxF9rh8ApRWfsIMQSt2uE4OcpQqbFu7f7NbTK05lx80nuSijCz7sc3a277R67g,this app is exceptional,4,0,9.7,2026-08-13 01:59:17,,,9.7
08c6d5f6-e43b-4f50-a754-f03220dc6d72,A Google user,https://play-lh.googleusercontent.com/EGemoI2NTXmTsBVtJqk8jxF9rh8ApRWfsIMQSt2uE4OcpQqbFu7f7NbTK05lx80nuSijCz7sc3a277R67g,butyfull,5,0,9.7,2026-08-08 22:32:31,,,9.7
a90c5cb6-8b0e-4e82-8c7a-abd2a3f5e95a,A Google user,https://play-lh.googleusercontent.com/EGemoI2NTXmTsBVtJqk8jxF9rh8ApRWfsIMQSt2uE4OcpQqbFu7f7NbTK05lx80nuSijCz7sc3a277R67g,nice app,3,0,9.7,2026-08-07 20:15:27,Happy to know you're liking our app. We strive for excellence and your 5-star rating will boost our spirits!,2026-08-07 20:46:05,9.7
5098f2ee-a52b-4b2c-8ba4-6e59beec6030,A Google user,https://play-lh.googleusercontent.com/EGemoI2NTXmTsBVtJqk8jxF9rh8ApRWfsIMQSt2uE4OcpQqbFu7f7NbTK05lx80nuSijCz7sc3a277R67g,masa Allah,5,0,9.7,2026-08-07 14:31:29,,,9.7
30fe18ce-6238-4370-b18b-fbfd0d110d8d,A Google user,https://play-lh.googleusercontent.com/EGemoI2NTXmTsBVtJqk8jxF9rh8ApRWfsIMQSt2uE4OcpQqbFu7f7NbTK05lx80nuSijCz7sc3a277R67g,"Brother if you have good intentions please make this free! Ads is very annoying, Astaghfirullah3x",4,0,9.3,2026-08-06 19:59:44,Happy to know you're liking our app. We strive for excellence and your 5-star rating will boost our spirits!,2026-08-06 20:00:08,9.3
526bbf28-0101-4401-9d59-79d4899f3403,A Google user,https://play-lh.googleusercontent.com/EGemoI2NTXmTsBVtJqk8jxF9rh8ApRWfsIMQSt2uE4OcpQqbFu7f7NbTK05lx80nuSijCz7sc3a277R67g,nice to have,5,0,,2026-08-02 21:50:44,"We're delighted to know that our app met your expectations. Should you have any further suggestions or queries, don't hesitate to write to us at zugarmobility@gmail.com.",2026-08-02 22:00:10,
559ba28c-189c-4492-bb11-a447762e2737,A Google user,https://play-lh.googleusercontent.com/EGemoI2NTXmTsBVtJqk8jxF9rh8ApRWfsIMQSt2uE4OcpQqbFu7f7NbTK05lx80nuSijCz7sc3a277R67g,It's not updating the prayer times,1,0,9.7,2026-08-02 09:41:12,"We understand your disappointment and are eager to make things right. Help us improve by sharing your suggestions via email at zugarmobility@gmail.com. Rest assured, we're committed to creating a more satisfying experience.",2026-08-02 09:46:04,9.7
18a03ee8-56ca-4cfb-8ebe-97bae6c20ff1,A Google user,https://play-lh.googleusercontent.com/EGemoI2NTXmTsBVtJqk8jxF9rh8ApRWfsIMQSt2uE4OcpQqbFu7f7NbTK05lx80nuSijCz7sc3a277R67g,very good,5,0,9.3,2026-08-01 10:34:17,"We're delighted to know that our app met your expectations. Should you have any further suggestions or queries, don't hesitate to write to us at zugarmobility@gmail.com.",2026-08-01 10:46:05,9.3
387b098f-4488-4c12-a263-0ddfec9e31c3,A Google user,https://play-lh.googleusercontent.com/EGemoI2NTXmTsBVtJqk8jxF9rh8ApRWfsIMQSt2uE4OcpQqbFu7f7NbTK05lx80nuSijCz7sc3a277R67g,عالی,5,0,9.7,2026-07-31 13:39:16,,,9.7
87600a7a-28a2-4007-ba63-f3eaee5d829a,A Google user,https://play-lh.googleusercontent.com/EGemoI2NTXmTsBVtJqk8jxF9rh8ApRWfsIMQSt2uE4OcpQqbFu7f7NbTK05lx80nuSijCz7sc3a277R67g,mashallah,5,0,7.7,2026-07-28 21:03:41,,,7.7
c19e456d-0881-418e-ab30-b00b55788afe,A Google user,https://play-lh.googleusercontent.com/EGemoI2NTXmTsBVtJqk8jxF9rh8ApRWfsIMQSt2uE4OcpQqbFu7f7NbTK05lx80nuSijCz7sc3a277R67g,Mashallah,5,0,9.7,2026-07-18 19:21:03,,,9.7
ac53ce15-f31e-423b-b4fb-38495ab869c1,A Google user,https://play-lh.googleusercontent.com/EGemoI2NTXmTsBVtJqk8jxF9rh8ApRWfsIMQSt2uE4OcpQqbFu7f7NbTK05lx80nuSijCz7sc3a277R67g,good apps,5,0,9.6,2026-07-12 16:57:20,"We're delighted to know that our app met your expectations. Should you have any further suggestions or queries, don't hesitate to write to us at zugarmobility@gmail.com.",2026-07-12 17:00:03,9.6
b8912c45-2c2d-4dfa-b3e3-b955b2d57f40,A Google user,https://play-lh.googleusercontent.com/EGemoI2NTXmTsBVtJqk8jxF9rh8ApRWfsIMQSt2uE4OcpQqbFu7f7NbTK05lx80nuSijCz7sc3a277R67g,আলহামদুলিল্লাহ,5,0,9.6,2026-07-12 10:43:23,,,9.6
487f0609-c737-480e-82cc-eb1794384501,A Google user,https://play-lh.googleusercontent.com/EGemoI2NTXmTsBVtJqk8jxF9rh8ApRWfsIMQSt2uE4OcpQqbFu7f7NbTK05lx80nuSijCz7sc3a277R67g,nice app,5,0,9.6,2026-07-09 01:22:49,"We're delighted to know that our app met your expectations. Should you have any further suggestions or queries, don't hesitate to write to us at zugarmobility@gmail.com.",2026-07-09 01:46:02,9.6
736a442f-d993-4b29-85e4-c38f8c567ea2,A Google user,https://play-lh.googleusercontent.com/EGemoI2NTXmTsBVtJqk8jxF9rh8ApRWfsIMQSt2uE4OcpQqbFu7f7NbTK05lx80nuSijCz7sc3a277R67g,very bad apps . time waste and distribution. too much ads. not recommended,1,0,9.3,2026-07-08 01:38:26,"We understand your disappointment and are eager to make things right. Help us improve by sharing your suggestions via email at zugarmobility@gmail.com. Rest assured, we're committed to creating a more satisfying experience.",2026-07-08 01:46:02,9.3
c5e3f26a-9019-44b5-a2bd-1490ee90f6c0,A Google user,https://play-lh.googleusercontent.com/EGemoI2NTXmTsBVtJqk8jxF9rh8ApRWfsIMQSt2uE4OcpQqbFu7f7NbTK05lx80nuSijCz7sc3a277R67g,One of the best apps ever. l really liked every single feature. Although there are a few ads receiving daily verses makes my day❤️,5,8,9.6,2026-07-06 18:45:45,"We're delighted to know that our app met your expectations. Should you have any further suggestions or queries, don't hesitate to write to us at zugarmobility@gmail.com.",2026-07-06 18:46:02,9.6
0293a440-e4c9-41fe-9a58-7c6462ecedd3,A Google user,https://play-lh.googleusercontent.com/EGemoI2NTXmTsBVtJqk8jxF9rh8ApRWfsIMQSt2uE4OcpQqbFu7f7NbTK05lx80nuSijCz7sc3a277R67g,It's very good,5,0,9.6,2026-07-06 02:10:37,"We're delighted to know that our app met your expectations. Should you have any further suggestions or queries, don't hesitate to write to us at zugarmobility@gmail.com.",2026-07-06 02:46:02,9.6
e15d89b7-da41-4a76-8cc8-d45ade7c26dc,A Google user,https://play-lh.googleusercontent.com/EGemoI2NTXmTsBVtJqk8jxF9rh8ApRWfsIMQSt2uE4OcpQqbFu7f7NbTK05lx80nuSijCz7sc3a277R67g,Good Apps and really helpful thanks,5,0,9.6,2026-07-01 18:31:19,"We're delighted to know that our app met your expectations. Should you have any further suggestions or queries, don't hesitate to write to us at zugarmobility@gmail.com.",2026-07-01 18:46:03,9.6
79ff48ea-1463-4c60-a51b-53b8aad66ebf,A Google user,https://play-lh.googleusercontent.com/EGemoI2NTXmTsBVtJqk8jxF9rh8ApRWfsIMQSt2uE4OcpQqbFu7f7NbTK05lx80nuSijCz7sc3a277R67g,pathetic with the adds. once you subscribe it doesn't work just lags. sometimes does not even open. what a waste of money.,1,11,9.3,2026-06-24 11:44:48,"We understand your disappointment and are eager to make things right. Help us improve by sharing your suggestions via email at zugarmobility@gmail.com. Rest assured, we're committed to creating a more satisfying experience.",2026-06-24 11:46:02,9.3
2d2a3d7e-84cd-4e34-ac6e-88c9d14e2c5b,A Google user,https://play-lh.googleusercontent.com/EGemoI2NTXmTsBVtJqk8jxF9rh8ApRWfsIMQSt2uE4OcpQqbFu7f7NbTK05lx80nuSijCz7sc3a277R67g,dilsher Khan 💚 786,5,0,,2026-06-23 02:13:00,,,
0bab528e-b344-473f-8e7f-988134d08d74,A Google user,https://play-lh.googleusercontent.com/EGemoI2NTXmTsBVtJqk8jxF9rh8ApRWfsIMQSt2uE4OcpQqbFu7f7NbTK05lx80nuSijCz7sc3a277R67g,mashallah bht khob Bhai jis NY bhi app banai Hy Allah pak us ko ajar Dy,5,0,9.3,2026-06-22 22:08:03,,,9.3
f56772e5-d390-4ecc-a160-73615cbeb2c0,A Google user,https://play-lh.googleusercontent.com/EGemoI2NTXmTsBVtJqk8jxF9rh8ApRWfsIMQSt2uE4OcpQqbFu7f7NbTK05lx80nuSijCz7sc3a277R67g,great,5,0,,2026-06-22 10:38:36,"We're delighted to know that our app met your expectations. Should you have any further suggestions or queries, don't hesitate to write to us at zugarmobility@gmail.com.",2026-06-22 10:46:03,
83407f80-6c93-491b-b198-df324da29345,A Google user,https://play-lh.googleusercontent.com/EGemoI2NTXmTsBVtJqk8jxF9rh8ApRWfsIMQSt2uE4OcpQqbFu7f7NbTK05lx80nuSijCz7sc3a277R67g,I have not seen such a useless app which is created in the name of prayer with a hell lot of advertisements. Deleted the app in just few minutes.,1,4,9.3,2026-06-14 14:53:40,"We understand your disappointment and are eager to make things right. Help us improve by sharing your suggestions via email at zugarmobility@gmail.com. Rest assured, we're committed to creating a more satisfying experience.",2026-06-14 15:00:03,9.3
eabda212-3e4b-45a5-bfa2-918497f142b9,A Google user,https://play-lh.googleusercontent.com/EGemoI2NTXmTsBVtJqk8jxF9rh8ApRWfsIMQSt2uE4OcpQqbFu7f7NbTK05lx80nuSijCz7sc3a277R67g,bruh how is this prayers app has totango and tinder dating ads 🤦🏻‍♂️,1,0,9.3,2026-06-10 23:33:25,We regret any inconvenience. Ads are essential to sustain our work. Your understanding is truly appreciated.,2026-06-10 23:46:02,9.3
0da4f718-3ff7-4d8e-a337-c28fd2b241df,A Google user,https://play-lh.googleusercontent.com/EGemoI2NTXmTsBVtJqk8jxF9rh8ApRWfsIMQSt2uE4OcpQqbFu7f7NbTK05lx80nuSijCz7sc3a277R67g,way too many ads!,1,1,9.3,2026-06-10 18:08:39,We regret any inconvenience. Ads are essential to sustain our work. Your understanding is truly appreciated.,2026-06-10 18:46:04,9.3
23bbf191-7c04-4425-a66a-a0ff71cb14d6,A Google user,https://play-lh.googleusercontent.com/EGemoI2NTXmTsBVtJqk8jxF9rh8ApRWfsIMQSt2uE4OcpQqbFu7f7NbTK05lx80nuSijCz7sc3a277R67g,"apps ini bagus,berguna diluar negara jgk❤️",5,0,9.3,2026-06-08 16:04:48,,,9.3
8f5e3575-f1fb-4874-9a06-8601776a407c,A Google user,https://play-lh.googleusercontent.com/EGemoI2NTXmTsBVtJqk8jxF9rh8ApRWfsIMQSt2uE4OcpQqbFu7f7NbTK05lx80nuSijCz7sc3a277R67g,perfect,5,0,9.3,2026-06-08 03:33:46,"We're delighted to know that our app met your expectations. Should you have any further suggestions or queries, don't hesitate to write to us at zugarmobility@gmail.com.",2026-06-08 03:46:02,9.3
6cc79d21-c32f-46f9-8716-fbc2a7488f07,A Google user,https://play-lh.googleusercontent.com/EGemoI2NTXmTsBVtJqk8jxF9rh8ApRWfsIMQSt2uE4OcpQqbFu7f7NbTK05lx80nuSijCz7sc3a277R67g,Terlalu banyak iklan 😡😡,1,0,9.3,2026-06-01 07:35:43,,,9.3
21a71ccd-1ba2-465d-a9cf-aad69ce29f9e,A Google user,https://play-lh.googleusercontent.com/EGemoI2NTXmTsBVtJqk8jxF9rh8ApRWfsIMQSt2uE4OcpQqbFu7f7NbTK05lx80nuSijCz7sc3a277R67g,beautiful,5,0,9.3,2026-05-31 11:10:04,"We're delighted to know that our app met your expectations. Should you have any further suggestions or queries, don't hesitate to write to us at zugarmobility@gmail.com.",2026-05-31 11:46:02,9.3
6c8115a3-b795-4cb8-a2b5-7c80111c7a26,A Google user,https://play-lh.googleusercontent.com/EGemoI2NTXmTsBVtJqk8jxF9rh8ApRWfsIMQSt2uE4OcpQqbFu7f7NbTK05lx80nuSijCz7sc3a277R67g,very good,5,0,,2026-05-28 15:48:00,"We're delighted to know that our app met your expectations. Should you have any further suggestions or queries, don't hesitate to write to us at zugarmobility@gmail.com.",2026-05-28 16:00:03,
600fd5f5-8302-4fe1-93b4-de9e8df33633,A Google user,https://play-lh.googleusercontent.com/EGemoI2NTXmTsBVtJqk8jxF9rh8ApRWfsIMQSt2uE4OcpQqbFu7f7NbTK05lx80nuSijCz7sc3a277R67g,it's a great app for all Muslims,4,0,9.3,2026-05-26 20:57:49,Happy to know you're liking our app. We strive for excellence and your 5-star rating will boost our spirits!,2026-05-26 21:00:03,9.3
d3a65b1c-8f69-4763-8e44-3b56d8a75478,A Google user,https://play-lh.googleusercontent.com/EGemoI2NTXmTsBVtJqk8jxF9rh8ApRWfsIMQSt2uE4OcpQqbFu7f7NbTK05lx80nuSijCz7sc3a277R67g,laik it,5,0,9.3,2026-05-17 04:41:59,,,9.3
9c094fc2-0ae4-42a9-9728-e9d7bf53e0d2,A Google user,https://play-lh.googleusercontent.com/EGemoI2NTXmTsBVtJqk8jxF9rh8ApRWfsIMQSt2uE4OcpQqbFu7f7NbTK05lx80nuSijCz7sc3a277R67g,don't call it Qibla finder. call it ads machine. 2 ads before I even entered the app,2,1,9.3,2026-05-15 08:58:18,We regret any inconvenience. Ads are essential to sustain our work. Your understanding is truly appreciated.,2026-05-15 08:46:02,9.3
5fae6f80-cfe8-4363-a8fa-6711ce96ea09,A Google user,https://play-lh.googleusercontent.com/EGemoI2NTXmTsBVtJqk8jxF9rh8ApRWfsIMQSt2uE4OcpQqbFu7f7NbTK05lx80nuSijCz7sc3a277R67g,Muslim information very good,5,0,,2026-05-15 01:34:31,"We're delighted to know that our app met your expectations. Should you have any further suggestions or queries, don't hesitate to write to us at zugarmobility@gmail.com.",2026-05-15 01:46:03,
aa716695-c2f7-448e-8770-512218b033ae,A Google user,https://play-lh.googleusercontent.com/EGemoI2NTXmTsBVtJqk8jxF9rh8ApRWfsIMQSt2uE4OcpQqbFu7f7NbTK05lx80nuSijCz7sc3a277R67g,full fil what I require,5,0,9.3,2026-05-14 03:49:01,,,9.3
5799600a-82a9-4fe3-8a9b-85ebaa5bb5ff,A Google user,https://play-lh.googleusercontent.com/EGemoI2NTXmTsBVtJqk8jxF9rh8ApRWfsIMQSt2uE4OcpQqbFu7f7NbTK05lx80nuSijCz7sc3a277R67g,الله وكبر اله اله الا الله محمدرسوالله مكحتلموكرم مدنتول منور 🇸🇦,5,0,9.3,2026-05-13 02:45:55,,,9.3
0617298c-8459-44eb-9f74-6c1ff7a4cda4,A Google user,https://play-lh.googleusercontent.com/EGemoI2NTXmTsBVtJqk8jxF9rh8ApRWfsIMQSt2uE4OcpQqbFu7f7NbTK05lx80nuSijCz7sc3a277R67g,so nice,5,0,9.3,2026-05-11 16:17:31,"We're delighted to know that our app met your expectations. Should you have any further suggestions or queries, don't hesitate to write to us at zugarmobility@gmail.com.",2026-05-11 16:46:02,9.3
654e8bde-5d75-446c-ad12-bd42533eebea,A Google user,https://play-lh.googleusercontent.com/EGemoI2NTXmTsBVtJqk8jxF9rh8ApRWfsIMQSt2uE4OcpQqbFu7f7NbTK05lx80nuSijCz7sc3a277R67g,🤩,5,0,9.3,2026-05-10 03:12:08,,,9.3
38d3cbc2-1a19-412f-8ba0-5ffd2c60c79a,A Google user,https://play-lh.googleusercontent.com/EGemoI2NTXmTsBVtJqk8jxF9rh8ApRWfsIMQSt2uE4OcpQqbFu7f7NbTK05lx80nuSijCz7sc3a277R67g,to much aids during using the app,3,0,,2026-05-05 07:12:04,,,
3918638a-f38b-4323-ab72-5f4b72131b94,A Google user,https://play-lh.googleusercontent.com/EGemoI2NTXmTsBVtJqk8jxF9rh8ApRWfsIMQSt2uE4OcpQqbFu7f7NbTK05lx80nuSijCz7sc3a277R67g,Good,5,0,9.3,2026-05-04 16:13:43,"We're delighted to know that our app met your expectations. Should you have any further suggestions or queries, don't hesitate to write to us at zugarmobility@gmail.com.",2026-05-04 16:46:02,9.3
c373c04b-477e-45c8-94d9-0509d5fa0291,A Google user,https://play-lh.googleusercontent.com/EGemoI2NTXmTsBVtJqk8jxF9rh8ApRWfsIMQSt2uE4OcpQqbFu7f7NbTK05lx80nuSijCz7sc3a277R67g,"Reklamların əlimdən aplikasiyanın açılmasına nail olmadım, silirəm",1,0,9.3,2026-05-03 05:37:32,,,9.3
2b2cc5ba-6016-4554-94b1-19638d57515d,A Google user,https://play-lh.googleusercontent.com/EGemoI2NTXmTsBVtJqk8jxF9rh8ApRWfsIMQSt2uE4OcpQqbFu7f7NbTK05lx80nuSijCz7sc3a277R67g,"The new and updated app needs at least 1-2 mins of ads or other disturbance before I can use it , it is frustrating so I downloaded another Quran app.",1,1,,2026-05-02 13:55:21,We regret any inconvenience. Ads are essential to sustain our work. Your understanding is truly appreciated.,2026-05-02 14:00:02,
841a7d83-967b-48c9-a2c3-8a0cddb01a33,A Google user,https://play-lh.googleusercontent.com/EGemoI2NTXmTsBVtJqk8jxF9rh8ApRWfsIMQSt2uE4OcpQqbFu7f7NbTK05lx80nuSijCz7sc3a277R67g,Alhamdulillah I am change ❤️,5,0,9.3,2026-05-01 11:06:52,,,9.3
73f601f5-4f7b-4085-8837-cc09a5781c48,A Google user,https://play-lh.googleusercontent.com/EGemoI2NTXmTsBVtJqk8jxF9rh8ApRWfsIMQSt2uE4OcpQqbFu7f7NbTK05lx80nuSijCz7sc3a277R67g,i really like this abb i know much about it any app i go into it's always difficult for me to understand but this app make it easy for me anywhere i go I use this app to find the Qibla it's always helped me to read i really love it inshallah may almighty Allah protect us,5,12,9.3,2026-04-30 22:10:04,"We're delighted to know that our app met your expectations. Should you have any further suggestions or queries, don't hesitate to write to us at zugarmobility@gmail.com.",2026-04-30 22:46:03,9.3
eddaee40-0ed2-4d54-ac8d-095bd60e9f49,A Google user,https://play-lh.googleusercontent.com/EGemoI2NTXmTsBVtJqk8jxF9rh8ApRWfsIMQSt2uE4OcpQqbFu7f7NbTK05lx80nuSijCz7sc3a277R67g,alhamdulillah,5,0,9.3,2026-04-29 12:33:40,,,9.3
68febe31-6a6c-49d0-9913-22c03eae1e1f,A Google user,https://play-lh.googleusercontent.com/EGemoI2NTXmTsBVtJqk8jxF9rh8ApRWfsIMQSt2uE4OcpQqbFu7f7NbTK05lx80nuSijCz7sc3a277R67g,your app is not working in premium mode. kindly fix this issue as soon as possible.,2,1,,2026-04-29 00:46:40,"We understand your disappointment and are eager to make things right. Help us improve by sharing your suggestions via email at zugarmobility@gmail.com. Rest assured, we're committed to creating a more satisfying experience.",2026-04-29 01:00:07,
c44f6d5d-5fb7-437c-b114-20123c4d1175,A Google user,https://play-lh.googleusercontent.com/EGemoI2NTXmTsBVtJqk8jxF9rh8ApRWfsIMQSt2uE4OcpQqbFu7f7NbTK05lx80nuSijCz7sc3a277R67g,good,5,0,9.3,2026-04-27 05:13:59,"We're delighted to know that our app met your expectations. Should you have any further suggestions or queries, don't hesitate to write to us at zugarmobility@gmail.com.",2026-04-27 05:46:02,9.3
1a3ff4ba-2761-416f-9602-139053be6b58,A Google user,https://play-lh.googleusercontent.com/EGemoI2NTXmTsBVtJqk8jxF9rh8ApRWfsIMQSt2uE4OcpQqbFu7f7NbTK05lx80nuSijCz7sc3a277R67g,Too many ads!,2,1,9.3,2026-04-27 04:38:33,We regret any inconvenience. Ads are essential to sustain our work. Your understanding is truly appreciated.,2026-04-27 04:46:02,9.3
99a09d39-5e3b-4db0-b501-53c71bc91cc9,A Google user,https://play-lh.googleusercontent.com/EGemoI2NTXmTsBVtJqk8jxF9rh8ApRWfsIMQSt2uE4OcpQqbFu7f7NbTK05lx80nuSijCz7sc3a277R67g,"my experience is that the Muslim app as allow me to pray my prayers on time and to be reminded of the hadieth of our beloved prophet Muhammad peace and blessings of Allah be upon him the app is very helpful to me as a Muslim it keeps me to be reminded of the Qu""ran and to do more dikrih Amin!!!",5,24,9.3,2026-04-26 04:57:06,"We're delighted to know that our app met your expectations. Should you have any further suggestions or queries, don't hesitate to write to us at zugarmobility@gmail.com.",2026-04-26 05:00:02,9.3
be8f3e02-55ea-4817-beec-87f8b2c3fba8,A Google user,https://play-lh.googleusercontent.com/EGemoI2NTXmTsBVtJqk8jxF9rh8ApRWfsIMQSt2uE4OcpQqbFu7f7NbTK05lx80nuSijCz7sc3a277R67g,horrible nothing but adds,1,0,,2026-04-21 11:06:05,"We understand your disappointment and are eager to make things right. Help us improve by sharing your suggestions via email at zugarmobility@gmail.com. Rest assured, we're committed to creating a more satisfying experience.",2026-04-21 11:46:02,
d0fc74ea-0ba2-4279-ab4e-5d1aa73bab2b,A Google user,https://play-lh.googleusercontent.com/EGemoI2NTXmTsBVtJqk8jxF9rh8ApRWfsIMQSt2uE4OcpQqbFu7f7NbTK05lx80nuSijCz7sc3a277R67g,too many ads every single touch coming ads very bad app i don't like,1,1,,2026-04-21 06:47:13,"We understand your disappointment and are eager to make things right. Help us improve by sharing your suggestions via email at zugarmobility@gmail.com. Rest assured, we're committed to creating a more satisfying experience.",2026-04-21 07:00:02,
922ca7d2-e8a5-4945-bc8b-e7efb8ba2e8e,A Google user,https://play-lh.googleusercontent.com/EGemoI2NTXmTsBVtJqk8jxF9rh8ApRWfsIMQSt2uE4OcpQqbFu7f7NbTK05lx80nuSijCz7sc3a277R67g,🤍alhumdulillah🕊️!,5,0,,2026-04-20 21:03:04,,,
e059a3fd-15e9-4484-99f1-9ecc394a9417,A Google user,https://play-lh.googleusercontent.com/EGemoI2NTXmTsBVtJqk8jxF9rh8ApRWfsIMQSt2uE4OcpQqbFu7f7NbTK05lx80nuSijCz7sc3a277R67g,গুড,5,0,9.3,2026-04-20 06:03:00,,,9.3
696a6ad0-3c7d-4b1f-9098-1b6d5e305e41,A Google user,https://play-lh.googleusercontent.com/EGemoI2NTXmTsBVtJqk8jxF9rh8ApRWfsIMQSt2uE4OcpQqbFu7f7NbTK05lx80nuSijCz7sc3a277R67g,"I think you are making the app just to make money. Every time you go to the app, bad ads come up, 18+ ads come up. If this is the case, I would recommend that no one install this app.",1,3,9.3,2026-04-19 18:15:46,"We understand your disappointment and are eager to make things right. Help us improve by sharing your suggestions via email at zugarmobility@gmail.com. Rest assured, we're committed to creating a more satisfying experience.",2026-04-19 18:46:02,9.3
336fe94b-b934-43ba-9895-b38c787f5af0,A Google user,https://play-lh.googleusercontent.com/EGemoI2NTXmTsBVtJqk8jxF9rh8ApRWfsIMQSt2uE4OcpQqbFu7f7NbTK05lx80nuSijCz7sc3a277R67g,every every nice,5,0,9.3,2026-04-19 10:43:20,"We're delighted to know that our app met your expectations. Should you have any further suggestions or queries, don't hesitate to write to us at zugarmobility@gmail.com.",2026-04-19 10:46:02,9.3
b812c4b2-498c-4610-9719-768f9a110b6b,A Google user,https://play-lh.googleusercontent.com/EGemoI2NTXmTsBVtJqk8jxF9rh8ApRWfsIMQSt2uE4OcpQqbFu7f7NbTK05lx80nuSijCz7sc3a277R67g,ads maybe not bad but why are these casino ads on a prayer app that's a bad influence fix it lower the ads and give ads Wich might be helpful for people then I'll give 5 stars from many accounts thank u so much ❤️‍🩹 if you don't fix I'll just try another app Wich is not gonna influence others towards bad deeds.,1,18,9.3,2026-04-18 06:15:48,"We understand your disappointment and are eager to make things right. Help us improve by sharing your suggestions via email at zugarmobility@gmail.com. Rest assured, we're committed to creating a more satisfying experience.",2026-04-18 06:46:02,9.3
c1271a64-2a9c-4efc-b1d8-d5e90324236c,A Google user,https://play-lh.googleusercontent.com/EGemoI2NTXmTsBVtJqk8jxF9rh8ApRWfsIMQSt2uE4OcpQqbFu7f7NbTK05lx80nuSijCz7sc3a277R67g,very bed because this is very late enter this app😡,1,0,,2026-04-17 17:58:10,,,
b984c095-b645-4fb4-813a-632fae30904f,A Google user,https://play-lh.googleusercontent.com/EGemoI2NTXmTsBVtJqk8jxF9rh8ApRWfsIMQSt2uE4OcpQqbFu7f7NbTK05lx80nuSijCz7sc3a277R67g,Nice,5,0,9.3,2026-04-15 23:32:13,"We're delighted to know that our app met your expectations. Should you have any further suggestions or queries, don't hesitate to write to us at zugarmobility@gmail.com.",2026-04-15 23:46:02,9.3
981cd6c0-0589-44d8-a4fe-06fb5c1251bc,A Google user,https://play-lh.googleusercontent.com/EGemoI2NTXmTsBVtJqk8jxF9rh8ApRWfsIMQSt2uE4OcpQqbFu7f7NbTK05lx80nuSijCz7sc3a277R67g,bagus tapi tidak bisa mengubah bahasa..,4,0,9.3,2026-04-15 03:42:44,,,9.3
e89fac50-5387-4e46-b3a2-4861b48239a6,A Google user,https://play-lh.googleusercontent.com/EGemoI2NTXmTsBVtJqk8jxF9rh8ApRWfsIMQSt2uE4OcpQqbFu7f7NbTK05lx80nuSijCz7sc3a277R67g,I used this app and it's good but too much add and can't tolerate that uninstalled,1,0,,2026-04-14 22:43:48,"We understand your disappointment and are eager to make things right. Help us improve by sharing your suggestions via email at zugarmobility@gmail.com. Rest assured, we're committed to creating a more satisfying experience.",2026-04-14 22:46:02,
661f4487-4c60-49f1-99db-cf3efcf749e4,A Google user,https://play-lh.googleusercontent.com/EGemoI2NTXmTsBVtJqk8jxF9rh8ApRWfsIMQSt2uE4OcpQqbFu7f7NbTK05lx80nuSijCz7sc3a277R67g,nice,5,0,9.3,2026-04-13 21:23:48,"We're delighted to know that our app met your expectations. Should you have any further suggestions or queries, don't hesitate to write to us at zugarmobility@gmail.com.",2026-04-13 21:46:02,9.3
f3360f4e-768f-4e1a-ad60-64f65b461d3c,A Google user,https://play-lh.googleusercontent.com/EGemoI2NTXmTsBVtJqk8jxF9rh8ApRWfsIMQSt2uE4OcpQqbFu7f7NbTK05lx80nuSijCz7sc3a277R67g,great,5,0,9.3,2026-04-13 17:43:04,"We're delighted to know that our app met your expectations. Should you have any further suggestions or queries, don't hesitate to write to us at zugarmobility@gmail.com.",2026-04-13 17:46:02,9.3
dbf4db80-b26a-49eb-878f-6c42827e78bc,A Google user,https://play-lh.googleusercontent.com/EGemoI2NTXmTsBVtJqk8jxF9rh8ApRWfsIMQSt2uE4OcpQqbFu7f7NbTK05lx80nuSijCz7sc3a277R67g,It's very helpful for those who don't want to miss his salah.,5,0,8.8,2026-04-13 12:05:13,"We're delighted to know that our app met your expectations. Should you have any further suggestions or queries, don't hesitate to write to us at zugarmobility@gmail.com.",2026-04-13 12:46:02,8.8
8b380fee-cfb1-40d3-855c-c70e57ce28f0,A Google user,https://play-lh.googleusercontent.com/EGemoI2NTXmTsBVtJqk8jxF9rh8ApRWfsIMQSt2uE4OcpQqbFu7f7NbTK05lx80nuSijCz7sc3a277R67g,LOADS OF ADVERTISEMENTS. Including 18+ content. Astaghfirullah,1,0,,2026-04-13 02:34:06,We regret any inconvenience. Ads are essential to sustain our work. Your understanding is truly appreciated.,2026-04-13 02:46:02,
c76b201c-88bd-4d5f-b301-ee466253657c,A Google user,https://play-lh.googleusercontent.com/EGemoI2NTXmTsBVtJqk8jxF9rh8ApRWfsIMQSt2uE4OcpQqbFu7f7NbTK05lx80nuSijCz7sc3a277R67g,❤️❤️❤️,4,0,8.8,2026-04-13 00:35:19,,,8.8
f5bdbf4b-8a96-4081-8adc-e9dd091595cd,A Google user,https://play-lh.googleusercontent.com/EGemoI2NTXmTsBVtJqk8jxF9rh8ApRWfsIMQSt2uE4OcpQqbFu7f7NbTK05lx80nuSijCz7sc3a277R67g,প্রচুর এডভেটাইজ আছে। তাই আনইন্সটল করে দিলাম। বাজে অ্যাপ নামিয়ে সময় নষ্ট করবেন না,1,0,,2026-04-12 13:47:39,,,
07e878f3-d1ec-4ad7-9d5f-9184372f76da,A Google user,https://play-lh.googleusercontent.com/EGemoI2NTXmTsBVtJqk8jxF9rh8ApRWfsIMQSt2uE4OcpQqbFu7f7NbTK05lx80nuSijCz7sc3a277R67g,"for an app that's suppose to help people with very important things like swalaat, reading the Qur'aan, notifying for adhaan, it has way too many ads. at every single tap, another ad opens. very bad",1,1,,2026-04-12 04:18:20,"We understand your disappointment and are eager to make things right. Help us improve by sharing your suggestions via email at zugarmobility@gmail.com. Rest assured, we're committed to creating a more satisfying experience.",2026-04-12 04:46:02,
1b95ec09-f59e-497a-a1ea-237157dacfd3,A Google user,https://play-lh.googleusercontent.com/EGemoI2NTXmTsBVtJqk8jxF9rh8ApRWfsIMQSt2uE4OcpQqbFu7f7NbTK05lx80nuSijCz7sc3a277R67g,good,5,0,,2026-04-11 19:35:41,"We're delighted to know that our app met your expectations. Should you have any further suggestions or queries, don't hesitate to write to us at zugarmobility@gmail.com.",2026-04-11 19:46:02,
2ed392c7-a065-46a8-ba57-fa2ab5195f44,A Google user,https://play-lh.googleusercontent.com/EGemoI2NTXmTsBVtJqk8jxF9rh8ApRWfsIMQSt2uE4OcpQqbFu7f7NbTK05lx80nuSijCz7sc3a277R67g,the best app for Muslims,5,0,9.3,2026-04-11 17:05:32,"We're delighted to know that our app met your expectations. Should you have any further suggestions or queries, don't hesitate to write to us at zugarmobility@gmail.com.",2026-04-11 17:46:02,9.3
de765e64-f2d4-41cf-bea2-d10d56274688,A Google user,https://play-lh.googleusercontent.com/EGemoI2NTXmTsBVtJqk8jxF9rh8ApRWfsIMQSt2uE4OcpQqbFu7f7NbTK05lx80nuSijCz7sc3a277R67g,মাশা আল্লাহ,2,0,9.3,2026-04-11 16:49:25,,,9.3
8e57422b-8479-4c53-88f7-a2ca4b6ba299,A Google user,https://play-lh.googleusercontent.com/EGemoI2NTXmTsBVtJqk8jxF9rh8ApRWfsIMQSt2uE4OcpQqbFu7f7NbTK05lx80nuSijCz7sc3a277R67g,App simplified. I could follow instructions easily.,5,7,8.8,2026-04-08 20:44:23,,,8.8
565d68c3-b252-46b8-bc57-bf817574f0c2,A Google user,https://play-lh.googleusercontent.com/EGemoI2NTXmTsBVtJqk8jxF9rh8ApRWfsIMQSt2uE4OcpQqbFu7f7NbTK05lx80nuSijCz7sc3a277R67g,makes me learn easy,5,0,9.3,2026-04-08 03:35:57,,,9.3
02e58568-3020-4249-acf0-2bd0ea6b4f50,A Google user,https://play-lh.googleusercontent.com/EGemoI2NTXmTsBVtJqk8jxF9rh8ApRWfsIMQSt2uE4OcpQqbFu7f7NbTK05lx80nuSijCz7sc3a277R67g,very good,5,0,,2026-04-07 14:29:31,"We're delighted to know that our app met your expectations. Should you have any further suggestions or queries, don't hesitate to write to us at zugarmobility@gmail.com.",2026-04-07 14:46:02,
36b71fb3-b97d-4fc0-a8bd-c9761cf9db87,A Google user,https://play-lh.googleusercontent.com/EGemoI2NTXmTsBVtJqk8jxF9rh8ApRWfsIMQSt2uE4OcpQqbFu7f7NbTK05lx80nuSijCz7sc3a277R67g,I really appreciate this app 10000,5,0,8.3,2026-04-07 01:33:18,,,8.3
a75644ef-44b8-4051-91dd-161a4a8447f6,A Google user,https://play-lh.googleusercontent.com/EGemoI2NTXmTsBVtJqk8jxF9rh8ApRWfsIMQSt2uE4OcpQqbFu7f7NbTK05lx80nuSijCz7sc3a277R67g,good,5,0,8.8,2026-04-06 13:12:23,"We're delighted to know that our app met your expectations. Should you have any further suggestions or queries, don't hesitate to write to us at zugarmobility@gmail.com.",2026-04-06 13:46:02,8.8
36708294-3e20-4cbc-b6bd-3b4616577aa5,A Google user,https://play-lh.googleusercontent.com/EGemoI2NTXmTsBVtJqk8jxF9rh8ApRWfsIMQSt2uE4OcpQqbFu7f7NbTK05lx80nuSijCz7sc3a277R67g,full of adds and i got a +18 add which is very not appropriate for such an app.,1,1,,2026-04-06 05:15:30,"We understand your disappointment and are eager to make things right. Help us improve by sharing your suggestions via email at zugarmobility@gmail.com. Rest assured, we're committed to creating a more satisfying experience.",2026-04-06 05:46:02,
ce2f2846-c89a-4e38-8d84-939a6a794293,A Google user,https://play-lh.googleusercontent.com/EGemoI2NTXmTsBVtJqk8jxF9rh8ApRWfsIMQSt2uE4OcpQqbFu7f7NbTK05lx80nuSijCz7sc3a277R67g,absolutely good,5,0,9.3,2026-04-04 22:02:45,"We're delighted to know that our app met your expectations. Should you have any further suggestions or queries, don't hesitate to write to us at zugarmobility@gmail.com.",2026-04-04 22:46:02,9.3
1815a068-c843-4a77-a6dc-48021b1f6874,A Google user,https://play-lh.googleusercontent.com/EGemoI2NTXmTsBVtJqk8jxF9rh8ApRWfsIMQSt2uE4OcpQqbFu7f7NbTK05lx80nuSijCz7sc3a277R67g,nice,5,0,9.3,2026-04-04 20:01:51,"We're delighted to know that our app met your expectations. Should you have any further suggestions or queries, don't hesitate to write to us at zugarmobility@gmail.com.",2026-04-04 20:46:02,9.3
27b1589c-fda4-4859-b0b9-460b22772120,A Google user,https://play-lh.googleusercontent.com/EGemoI2NTXmTsBVtJqk8jxF9rh8ApRWfsIMQSt2uE4OcpQqbFu7f7NbTK05lx80nuSijCz7sc3a277R67g,Initially the app was working excellent but for the past 2 months it intermittently opens and now it doesn't open at all the app stayes on the 'screen loading 100%'and I cannot access it. Please assist.,3,12,9.3,2026-04-04 09:46:36,"Your feedback is paramount to us. If you could detail the issue at zugarmobility@gmail.com, we will swiftly take the necessary steps.",2026-04-04 10:00:02,9.3
0aea092d-5bcb-4e7f-a6e9-759a821a0c84,A Google user,https://play-lh.googleusercontent.com/EGemoI2NTXmTsBVtJqk8jxF9rh8ApRWfsIMQSt2uE4OcpQqbFu7f7NbTK05lx80nuSijCz7sc3a277R67g,good application he help me,5,0,9.3,2026-04-02 23:03:08,"We're delighted to know that our app met your expectations. Should you have any further suggestions or queries, don't hesitate to write to us at zugarmobility@gmail.com.",2026-04-02 23:46:02,9.3
71ad40bd-603d-4bfa-aaa3-368aeccef27d,A Google user,https://play-lh.googleusercontent.com/EGemoI2NTXmTsBVtJqk8jxF9rh8ApRWfsIMQSt2uE4OcpQqbFu7f7NbTK05lx80nuSijCz7sc3a277R67g,good,5,0,9.3,2026-04-01 01:19:05,"We're delighted to know that our app met your expectations. Should you have any further suggestions or queries, don't hesitate to write to us at zugarmobility@gmail.com.",2026-04-01 01:46:02,9.3
fd37c381-d927-4206-8873-a2c04896c5bf,A Google user,https://play-lh.googleusercontent.com/EGemoI2NTXmTsBVtJqk8jxF9rh8ApRWfsIMQSt2uE4OcpQqbFu7f7NbTK05lx80nuSijCz7sc3a277R67g,Mashallah ❤️,5,0,9.3,2026-03-31 13:54:27,,,9.3
fb467ded-4a56-41b3-9411-7aee3eab4e44,A Google user,https://play-lh.googleusercontent.com/EGemoI2NTXmTsBVtJqk8jxF9rh8ApRWfsIMQSt2uE4OcpQqbFu7f7NbTK05lx80nuSijCz7sc3a277R67g,Very nice,5,0,,2026-03-31 00:02:35,"We're delighted to know that our app met your expectations. Should you have any further suggestions or queries, don't hesitate to write to us at zugarmobility@gmail.com.",2026-03-31 00:46:02,
f4e54bd7-7a5b-4092-b866-32818ccc7bd8,A Google user,https://play-lh.googleusercontent.com/EGemoI2NTXmTsBVtJqk8jxF9rh8ApRWfsIMQSt2uE4OcpQqbFu7f7NbTK05lx80nuSijCz7sc3a277R67g,the great apps,5,0,9.3,2026-03-31 00:00:04,"We're delighted to know that our app met your expectations. Should you have any further suggestions or queries, don't hesitate to write to us at zugarmobility@gmail.com.",2026-03-31 00:46:03,9.3
b690ae34-32ed-45ea-ac69-52716a49ee85,A Google user,https://play-lh.googleusercontent.com/EGemoI2NTXmTsBVtJqk8jxF9rh8ApRWfsIMQSt2uE4OcpQqbFu7f7NbTK05lx80nuSijCz7sc3a277R67g,this application is bad not user friendly,1,0,,2026-03-30 17:11:58,"We understand your disappointment and are eager to make things right. Help us improve by sharing your suggestions via email at zugarmobility@gmail.com. Rest assured, we're committed to creating a more satisfying experience.",2026-03-30 17:46:03,
487e9fe0-bad8-41b1-be3a-f9b71f17b919,A Google user,https://play-lh.googleusercontent.com/EGemoI2NTXmTsBVtJqk8jxF9rh8ApRWfsIMQSt2uE4OcpQqbFu7f7NbTK05lx80nuSijCz7sc3a277R67g,"deleted after an hour from installing, never seen an app with this many advertiaement just to ipen app you have to watch at leadt 4 long ad videos!",1,4,,2026-03-28 21:24:43,,,
21c36217-319f-4663-842c-fbb41bda7530,A Google user,https://play-lh.googleusercontent.com/EGemoI2NTXmTsBVtJqk8jxF9rh8ApRWfsIMQSt2uE4OcpQqbFu7f7NbTK05lx80nuSijCz7sc3a277R67g,👍👍👍,5,0,8.8,2026-03-28 17:29:01,,,8.8
9f68eb9f-69f5-4c9d-9534-7ad13d16269c,A Google user,https://play-lh.googleusercontent.com/EGemoI2NTXmTsBVtJqk8jxF9rh8ApRWfsIMQSt2uE4OcpQqbFu7f7NbTK05lx80nuSijCz7sc3a277R67g,Alhamdulillah🤲,5,0,8.8,2026-03-28 09:33:25,,,8.8
139f0c9d-7cc5-40de-b1e0-04730b15ba1a,A Google user,https://play-lh.googleusercontent.com/EGemoI2NTXmTsBVtJqk8jxF9rh8ApRWfsIMQSt2uE4OcpQqbFu7f7NbTK05lx80nuSijCz7sc3a277R67g,freezing all the time,2,0,9.3,2026-03-28 08:42:16,,,9.3
ee93596c-ff10-45ca-b93b-39e9d1a1f7d2,A Google user,https://play-lh.googleusercontent.com/EGemoI2NTXmTsBVtJqk8jxF9rh8ApRWfsIMQSt2uE4OcpQqbFu7f7NbTK05lx80nuSijCz7sc3a277R67g,"So disappointing, So much add. Dosent work properly offline. Didn't expect from a Islamic app. Needs so many improvement.",1,2,,2026-03-27 06:17:26,We regret any inconvenience. Ads are essential to sustain our work. Your understanding is truly appreciated.,2026-03-27 06:46:02,
2097093a-5cab-4ef2-874b-b30be0427bc6,A Google user,https://play-lh.googleusercontent.com/EGemoI2NTXmTsBVtJqk8jxF9rh8ApRWfsIMQSt2uE4OcpQqbFu7f7NbTK05lx80nuSijCz7sc3a277R67g,So Good For Help full App All Many Many Thanks Creator At This App,5,2,8.8,2026-03-26 00:29:11,"We're delighted to know that our app met your expectations. Should you have any further suggestions or queries, don't hesitate to write to us at zugarmobility@gmail.com.",2026-03-26 00:46:02,8.8
46ee5936-c667-4957-a7ea-037951032125,A Google user,https://play-lh.googleusercontent.com/EGemoI2NTXmTsBVtJqk8jxF9rh8ApRWfsIMQSt2uE4OcpQqbFu7f7NbTK05lx80nuSijCz7sc3a277R67g,all in one. love it!!,5,0,8.9,2026-03-25 13:50:30,"We're delighted to know that our app met your expectations. Should you have any further suggestions or queries, don't hesitate to write to us at zugarmobility@gmail.com.",2026-03-25 14:00:02,8.9
238401ad-f4d5-4e6f-b0de-fa434fdb95a4,A Google user,https://play-lh.googleusercontent.com/EGemoI2NTXmTsBVtJqk8jxF9rh8ApRWfsIMQSt2uE4OcpQqbFu7f7NbTK05lx80nuSijCz7sc3a277R67g,"Spamming ads, I literally not able to use the app, every clicks shows ad, nice app, but ads is killing that",1,4,,2026-03-25 03:33:27,We regret any inconvenience. Ads are essential to sustain our work. Your understanding is truly appreciated.,2026-03-25 03:00:03,
c0f86fb8-09f6-42e9-89c0-493417292752,A Google user,https://play-lh.googleusercontent.com/EGemoI2NTXmTsBVtJqk8jxF9rh8ApRWfsIMQSt2uE4OcpQqbFu7f7NbTK05lx80nuSijCz7sc3a277R67g,ads before any functionality,1,0,,2026-03-24 17:55:59,We regret any inconvenience. Ads are essential to sustain our work. Your understanding is truly appreciated.,2026-03-24 18:00:02,
dfd5dcad-fd5d-4a70-a3fd-b9ba4f2f0479,A Google user,https://play-lh.googleusercontent.com/EGemoI2NTXmTsBVtJqk8jxF9rh8ApRWfsIMQSt2uE4OcpQqbFu7f7NbTK05lx80nuSijCz7sc3a277R67g,essential app for Muslim,5,0,8.8,2026-03-24 17:26:25,,,8.8
f633a185-af9c-476d-8143-60570b1a9d31,A Google user,https://play-lh.googleusercontent.com/EGemoI2NTXmTsBVtJqk8jxF9rh8ApRWfsIMQSt2uE4OcpQqbFu7f7NbTK05lx80nuSijCz7sc3a277R67g,"if am to recommend some one, this is the best so far of all apps I have used, updated n contains every corner of Islamic teachings. the five star rating from me, is well deserved... Alhamdulillah 🙏🙏🙏 Though I have a problem with the reminder, it's too early and extend it to my preference or preferred timing 😡😡😡",4,15,8.8,2026-03-24 09:32:17,"We're delighted to know that our app met your expectations. Should you have any further suggestions or queries, don't hesitate to write to us at zugarmobility@gmail.com.",2026-02-27 10:00:02,8.8
63b95357-7919-433b-a4fb-e0d16e51c111,A Google user,https://play-lh.googleusercontent.com/EGemoI2NTXmTsBVtJqk8jxF9rh8ApRWfsIMQSt2uE4OcpQqbFu7f7NbTK05lx80nuSijCz7sc3a277R67g,ভালো কিন্তু আরো অনেক কিছু আপডেট দেওয়া জরুরি,5,0,,2026-03-23 17:47:10,,,
b910b164-357a-45c0-930a-3fef2f860c6b,A Google user,https://play-lh.googleusercontent.com/EGemoI2NTXmTsBVtJqk8jxF9rh8ApRWfsIMQSt2uE4OcpQqbFu7f7NbTK05lx80nuSijCz7sc3a277R67g,"mashallah, subhanallah,Alhamdulillah ✨🤍✨",5,0,8.8,2026-03-21 02:42:51,,,8.8
43523a0c-320a-4e9d-8c1b-21ef8d7b639f,A Google user,https://play-lh.googleusercontent.com/EGemoI2NTXmTsBVtJqk8jxF9rh8ApRWfsIMQSt2uE4OcpQqbFu7f7NbTK05lx80nuSijCz7sc3a277R67g,best,5,0,9.0,2026-03-20 22:26:52,"We're delighted to know that our app met your expectations. Should you have any further suggestions or queries, don't hesitate to write to us at zugarmobility@gmail.com.",2026-03-20 22:46:03,9.0
1ba3d363-f17c-405d-a11e-8a7cd93e0d25,A Google user,https://play-lh.googleusercontent.com/EGemoI2NTXmTsBVtJqk8jxF9rh8ApRWfsIMQSt2uE4OcpQqbFu7f7NbTK05lx80nuSijCz7sc3a277R67g,too much ads,1,2,8.8,2026-03-20 14:21:06,We regret any inconvenience. Ads are essential to sustain our work. Your understanding is truly appreciated.,2026-03-20 14:46:02,8.8
012b53b2-935c-45ec-8952-999d121b335d,A Google user,https://play-lh.googleusercontent.com/EGemoI2NTXmTsBVtJqk8jxF9rh8ApRWfsIMQSt2uE4OcpQqbFu7f7NbTK05lx80nuSijCz7sc3a277R67g,very bad,1,0,8.8,2026-03-19 18:49:42,"We understand your disappointment and are eager to make things right. Help us improve by sharing your suggestions via email at zugarmobility@gmail.com. Rest assured, we're committed to creating a more satisfying experience.",2026-03-19 19:46:02,8.8
077ec518-f7ff-49bf-ab1e-7c0291bdc570,A Google user,https://play-lh.googleusercontent.com/EGemoI2NTXmTsBVtJqk8jxF9rh8ApRWfsIMQSt2uE4OcpQqbFu7f7NbTK05lx80nuSijCz7sc3a277R67g,"nawzubillah min jalek this app shows bet sites advertising, uninstalled this",1,0,8.8,2026-03-19 15:52:31,"We understand your disappointment and are eager to make things right. Help us improve by sharing your suggestions via email at zugarmobility@gmail.com. Rest assured, we're committed to creating a more satisfying experience.",2026-03-19 16:00:02,8.8
0465705d-1b7a-419e-a09f-645146a7ab2a,A Google user,https://play-lh.googleusercontent.com/EGemoI2NTXmTsBVtJqk8jxF9rh8ApRWfsIMQSt2uE4OcpQqbFu7f7NbTK05lx80nuSijCz7sc3a277R67g,premium bulls****,1,0,,2026-03-19 00:13:31,,,
06bce783-a1a0-4533-a431-6acd1e8a951e,A Google user,https://play-lh.googleusercontent.com/EGemoI2NTXmTsBVtJqk8jxF9rh8ApRWfsIMQSt2uE4OcpQqbFu7f7NbTK05lx80nuSijCz7sc3a277R67g,excellent 👍,5,0,8.8,2026-03-17 01:04:10,"We're delighted to know that our app met your expectations. Should you have any further suggestions or queries, don't hesitate to write to us at zugarmobility@gmail.com.",2026-03-17 01:46:02,8.8
9444884e-817a-4894-9b79-f6a8ce99fa07,A Google user,https://play-lh.googleusercontent.com/EGemoI2NTXmTsBVtJqk8jxF9rh8ApRWfsIMQSt2uE4OcpQqbFu7f7NbTK05lx80nuSijCz7sc3a277R67g,so far I've learned a lot about qur an,5,0,8.8,2026-03-16 14:26:52,,,8.8
666655e9-3b87-42b6-8b7b-60e00b29810d,A Google user,https://play-lh.googleusercontent.com/EGemoI2NTXmTsBVtJqk8jxF9rh8ApRWfsIMQSt2uE4OcpQqbFu7f7NbTK05lx80nuSijCz7sc3a277R67g,very nice 👍,5,0,8.8,2026-03-16 10:48:54,"We're delighted to know that our app met your expectations. Should you have any further suggestions or queries, don't hesitate to write to us at zugarmobility@gmail.com.",2026-03-16 11:00:02,8.8
f7563f2a-0994-4e7b-8f8f-61ed2cb62351,A Google user,https://play-lh.googleusercontent.com/EGemoI2NTXmTsBVtJqk8jxF9rh8ApRWfsIMQSt2uE4OcpQqbFu7f7NbTK05lx80nuSijCz7sc3a277R67g,niec,5,0,9.0,2026-03-16 02:04:03,,,9.0
5eb6cc65-a084-49af-bfef-82bb2b1a5322,A Google user,https://play-lh.googleusercontent.com/EGemoI2NTXmTsBVtJqk8jxF9rh8ApRWfsIMQSt2uE4OcpQqbFu7f7NbTK05lx80nuSijCz7sc3a277R67g,Before entering the app I watched 2 adds,1,1,8.8,2026-03-16 01:09:04,We regret any inconvenience. Ads are essential to sustain our work. Your understanding is truly appreciated.,2026-03-16 01:46:02,8.8
3932db48-f09b-4230-be8c-399442da6f2d,A Google user,https://play-lh.googleusercontent.com/EGemoI2NTXmTsBVtJqk8jxF9rh8ApRWfsIMQSt2uE4OcpQqbFu7f7NbTK05lx80nuSijCz7sc3a277R67g,"Such a bad app, A muslim app where only gambling is ever 😡",1,0,8.8,2026-03-15 16:48:29,"We understand your disappointment and are eager to make things right. Help us improve by sharing your suggestions via email at zugarmobility@gmail.com. Rest assured, we're committed to creating a more satisfying experience.",2026-03-15 17:00:05,8.8
8509d219-96ce-4528-a184-48562558ba2f,A Google user,https://play-lh.googleusercontent.com/EGemoI2NTXmTsBVtJqk8jxF9rh8ApRWfsIMQSt2uE4OcpQqbFu7f7NbTK05lx80nuSijCz7sc3a277R67g,The performance 10/10 organization 10/10 this is the app im looking for. Its very helpful as a muslim,5,8,8.8,2026-03-14 20:21:22,"We're delighted to know that our app met your expectations. Should you have any further suggestions or queries, don't hesitate to write to us at zugarmobility@gmail.com.",2026-03-14 20:46:04,8.8
f0508570-580c-4105-a5be-4219f7173fa0,A Google user,https://play-lh.googleusercontent.com/EGemoI2NTXmTsBVtJqk8jxF9rh8ApRWfsIMQSt2uE4OcpQqbFu7f7NbTK05lx80nuSijCz7sc3a277R67g,great,5,0,8.8,2026-03-14 17:56:29,"We're delighted to know that our app met your expectations. Should you have any further suggestions or queries, don't hesitate to write to us at zugarmobility@gmail.com.",2026-03-14 18:00:05,8.8
153f6c1e-fb11-4703-b24b-a89c8551a66b,A Google user,https://play-lh.googleusercontent.com/EGemoI2NTXmTsBVtJqk8jxF9rh8ApRWfsIMQSt2uE4OcpQqbFu7f7NbTK05lx80nuSijCz7sc3a277R67g,The best application that I ever use,5,0,8.8,2026-03-14 09:52:28,"We're delighted to know that our app met your expectations. Should you have any further suggestions or queries, don't hesitate to write to us at zugarmobility@gmail.com.",2026-03-14 10:00:02,8.8
eda8e1aa-c5d0-458e-8fdf-2b061dde892d,A Google user,https://play-lh.googleusercontent.com/EGemoI2NTXmTsBVtJqk8jxF9rh8ApRWfsIMQSt2uE4OcpQqbFu7f7NbTK05lx80nuSijCz7sc3a277R67g,"As a good app... however, I'm having trouble with the prayer time alert function. The call to prayer starts again every time it finishes... or sometimes the image of the call to prayer starts without any sound, or even though the alert is enabled, the call to prayer doesn't play at all – neither sound nor image. The winter and summer time zones don't have a user-friendly on/off option. I waited a long time for an update, but the app hasn't been updated or fixed.",2,10,8.8,2026-03-14 09:24:03,"We understand your disappointment and are eager to make things right. Help us improve by sharing your suggestions via email at zugarmobility@gmail.com. Rest assured, we're committed to creating a more satisfying experience.",2026-03-14 09:46:02,8.8
ff3fbd83-6ea9-4cb0-9dc3-ed4da89d0197,A Google user,https://play-lh.googleusercontent.com/EGemoI2NTXmTsBVtJqk8jxF9rh8ApRWfsIMQSt2uE4OcpQqbFu7f7NbTK05lx80nuSijCz7sc3a277R67g,fantastic,5,0,8.8,2026-03-13 20:28:52,"We're delighted to know that our app met your expectations. Should you have any further suggestions or queries, don't hesitate to write to us at zugarmobility@gmail.com.",2026-03-13 20:46:04,8.8
2fa9e139-2b33-4ffd-8652-d54a9ef1cf48,A Google user,https://play-lh.googleusercontent.com/EGemoI2NTXmTsBVtJqk8jxF9rh8ApRWfsIMQSt2uE4OcpQqbFu7f7NbTK05lx80nuSijCz7sc3a277R67g,very help full app,5,0,8.9,2026-03-13 07:06:21,,,8.9
68050760-1503-44f8-a5f8-6fe31de8d9a8,A Google user,https://play-lh.googleusercontent.com/EGemoI2NTXmTsBVtJqk8jxF9rh8ApRWfsIMQSt2uE4OcpQqbFu7f7NbTK05lx80nuSijCz7sc3a277R67g,why do I have to give a review to access some features even after I have paid for the premium service. Hian!,2,2,8.9,2026-03-12 20:22:53,"We understand your disappointment and are eager to make things right. Help us improve by sharing your suggestions via email at zugarmobility@gmail.com. Rest assured, we're committed to creating a more satisfying experience.",2026-03-12 20:46:05,8.9
0c0519e9-8977-4f03-beb1-a0dba86839b5,A Google user,https://play-lh.googleusercontent.com/EGemoI2NTXmTsBVtJqk8jxF9rh8ApRWfsIMQSt2uE4OcpQqbFu7f7NbTK05lx80nuSijCz7sc3a277R67g,too much advertisements!,1,3,8.9,2026-03-12 18:27:08,We regret any inconvenience. Ads are essential to sustain our work. Your understanding is truly appreciated.,2026-03-12 18:46:06,8.9
f53417d4-586e-4446-87ca-cae57dee8019,A Google user,https://play-lh.googleusercontent.com/EGemoI2NTXmTsBVtJqk8jxF9rh8ApRWfsIMQSt2uE4OcpQqbFu7f7NbTK05lx80nuSijCz7sc3a277R67g,"As soon as I installed it 3 ads, if you leave and go back, another ad! Not worth it. Many similar apps for less ads are there and they are reliable. Uninstall directly",1,11,8.8,2026-03-12 14:06:50,"We understand your disappointment and are eager to make things right. Help us improve by sharing your suggestions via email at zugarmobility@gmail.com. Rest assured, we're committed to creating a more satisfying experience.",2026-03-12 14:46:04,8.8
818ed1e2-af3c-4440-96d4-ced3773423f1,A Google user,https://play-lh.googleusercontent.com/EGemoI2NTXmTsBVtJqk8jxF9rh8ApRWfsIMQSt2uE4OcpQqbFu7f7NbTK05lx80nuSijCz7sc3a277R67g,"This is one of the worst apps I’ve ever downloaded. It’s full of extremely annoying ads that pop up with almost every click. The app also doesn’t support Arabic, which is a major drawback, and it’s missing many basic and important features. It really needs a lot of improvement.",1,7,8.8,2026-03-12 09:07:48,"We understand your disappointment and are eager to make things right. Help us improve by sharing your suggestions via email at zugarmobility@gmail.com. Rest assured, we're committed to creating a more satisfying experience.",2026-03-12 09:13:41,8.8
c9f6b681-e588-4511-9eda-a9dfb5261c53,A Google user,https://play-lh.googleusercontent.com/EGemoI2NTXmTsBVtJqk8jxF9rh8ApRWfsIMQSt2uE4OcpQqbFu7f7NbTK05lx80nuSijCz7sc3a277R67g,Amen🙏,5,0,8.8,2026-03-11 21:16:06,,,8.8
eeec2798-7afa-4496-a071-3ec4011a69c9,A Google user,https://play-lh.googleusercontent.com/EGemoI2NTXmTsBVtJqk8jxF9rh8ApRWfsIMQSt2uE4OcpQqbFu7f7NbTK05lx80nuSijCz7sc3a277R67g,Is a good for Muslim friends to try on,4,0,8.8,2026-03-11 07:21:28,Happy to know you're liking our app. We strive for excellence and your 5-star rating will boost our spirits!,2026-03-11 07:46:02,8.8
a625720f-4938-48b5-a818-f36a2c4f698e,A Google user,https://play-lh.googleusercontent.com/EGemoI2NTXmTsBVtJqk8jxF9rh8ApRWfsIMQSt2uE4OcpQqbFu7f7NbTK05lx80nuSijCz7sc3a277R67g,ok,5,0,8.9,2026-03-10 18:48:28,,,8.9
506a8bea-b27a-4a41-aa90-dad09c7d4108,A Google user,https://play-lh.googleusercontent.com/EGemoI2NTXmTsBVtJqk8jxF9rh8ApRWfsIMQSt2uE4OcpQqbFu7f7NbTK05lx80nuSijCz7sc3a277R67g,app এ ঢুকতে নিলে অ্যাড আসে। গেইমের অ্যাড। খুবই বিরক্তকর।,1,0,,2026-03-10 17:40:45,,,
d0423fba-a805-4e7e-9740-2d1aad3ffaed,A Google user,https://play-lh.googleusercontent.com/EGemoI2NTXmTsBVtJqk8jxF9rh8ApRWfsIMQSt2uE4OcpQqbFu7f7NbTK05lx80nuSijCz7sc3a277R67g,good,4,0,8.9,2026-03-10 08:23:33,Happy to know you're liking our app. We strive for excellence and your 5-star rating will boost our spirits!,2026-03-10 08:46:07,8.9
65807e8e-601c-44e5-ad96-b8c4d522c071,A Google user,https://play-lh.googleusercontent.com/EGemoI2NTXmTsBVtJqk8jxF9rh8ApRWfsIMQSt2uE4OcpQqbFu7f7NbTK05lx80nuSijCz7sc3a277R67g,I love Allah,5,0,8.8,2026-03-10 05:39:27,"We're delighted to know that our app met your expectations. Should you have any further suggestions or queries, don't hesitate to write to us at zugarmobility@gmail.com.",2026-03-10 05:46:02,8.8
f4c62a86-d0a9-41e8-9197-777e7495c438,A Google user,https://play-lh.googleusercontent.com/EGemoI2NTXmTsBVtJqk8jxF9rh8ApRWfsIMQSt2uE4OcpQqbFu7f7NbTK05lx80nuSijCz7sc3a277R67g,It's a good app but ads are many,5,3,8.8,2026-03-09 18:12:35,"We're delighted to know that our app met your expectations. Should you have any further suggestions or queries, don't hesitate to write to us at zugarmobility@gmail.com.",2026-03-09 18:46:02,8.8
52e255b4-56d1-4685-ae40-23d722cdab4f,A Google user,https://play-lh.googleusercontent.com/EGemoI2NTXmTsBVtJqk8jxF9rh8ApRWfsIMQSt2uE4OcpQqbFu7f7NbTK05lx80nuSijCz7sc3a277R67g,nowadays it is difficult to open app:(,5,1,8.9,2026-03-09 09:08:22,,,8.9
86f00c90-1d5b-4336-8099-a2df081e18e5,A Google user,https://play-lh.googleusercontent.com/EGemoI2NTXmTsBVtJqk8jxF9rh8ApRWfsIMQSt2uE4OcpQqbFu7f7NbTK05lx80nuSijCz7sc3a277R67g,i just downloaded the app ..immediatly ..2 ads in a row..no thnx i cant use this app if u give me ads every two seconds ...,1,1,,2026-03-08 20:15:42,We regret any inconvenience. Ads are essential to sustain our work. Your understanding is truly appreciated.,2026-03-08 20:46:02,
870434d7-d3b9-4d5e-994e-cd493ba899f9,A Google user,https://play-lh.googleusercontent.com/EGemoI2NTXmTsBVtJqk8jxF9rh8ApRWfsIMQSt2uE4OcpQqbFu7f7NbTK05lx80nuSijCz7sc3a277R67g,this app is so amazing,5,0,,2026-03-08 16:34:25,"We're delighted to know that our app met your expectations. Should you have any further suggestions or queries, don't hesitate to write to us at zugarmobility@gmail.com.",2026-03-08 16:46:02,
f3a17260-b1ba-4843-9432-dc869e88094e,A Google user,https://play-lh.googleusercontent.com/EGemoI2NTXmTsBVtJqk8jxF9rh8ApRWfsIMQSt2uE4OcpQqbFu7f7NbTK05lx80nuSijCz7sc3a277R67g,Amazing app to remind a swala,5,0,8.8,2026-03-08 13:23:00,"We're delighted to know that our app met your expectations. Should you have any further suggestions or queries, don't hesitate to write to us at zugarmobility@gmail.com.",2026-03-08 13:46:02,8.8
9ac7f4c9-82d8-4dc0-bb83-10f8dfc2dff8,A Google user,https://play-lh.googleusercontent.com/EGemoI2NTXmTsBVtJqk8jxF9rh8ApRWfsIMQSt2uE4OcpQqbFu7f7NbTK05lx80nuSijCz7sc3a277R67g,good,5,0,8.8,2026-03-08 07:35:22,"We're delighted to know that our app met your expectations. Should you have any further suggestions or queries, don't hesitate to write to us at zugarmobility@gmail.com.",2026-03-08 07:46:02,8.8
cfd6d4d7-abcc-4f00-9423-5bc773f6de91,A Google user,https://play-lh.googleusercontent.com/EGemoI2NTXmTsBVtJqk8jxF9rh8ApRWfsIMQSt2uE4OcpQqbFu7f7NbTK05lx80nuSijCz7sc3a277R67g,Too much ads,1,3,8.8,2026-03-07 23:30:34,We regret any inconvenience. Ads are essential to sustain our work. Your understanding is truly appreciated.,2026-03-07 23:46:01,8.8
c3a70dee-b5f1-42d7-9cf2-3c77b7c2a980,A Google user,https://play-lh.googleusercontent.com/EGemoI2NTXmTsBVtJqk8jxF9rh8ApRWfsIMQSt2uE4OcpQqbFu7f7NbTK05lx80nuSijCz7sc3a277R67g,horrible app. could not get across the ads at all.,1,3,8.8,2026-03-07 21:17:42,"We understand your disappointment and are eager to make things right. Help us improve by sharing your suggestions via email at zugarmobility@gmail.com. Rest assured, we're committed to creating a more satisfying experience.",2026-03-07 21:46:02,8.8
f041443f-429e-4302-ab31-9e20d1e62df4,A Google user,https://play-lh.googleusercontent.com/EGemoI2NTXmTsBVtJqk8jxF9rh8ApRWfsIMQSt2uE4OcpQqbFu7f7NbTK05lx80nuSijCz7sc3a277R67g,"No I dont recommend this app, first of all when is free every click you make you will have add, if you pay the app like me, the app doesn't work so dont pay it, dont lose money. I send the email waited more than 5 days nothing... so I dont recommend it. thanks",1,3,,2026-03-07 21:09:38,"We understand your disappointment and are eager to make things right. Help us improve by sharing your suggestions via email at zugarmobility@gmail.com. Rest assured, we're committed to creating a more satisfying experience.",2026-03-07 21:46:03,
68c40bfb-ddb6-4d8c-ba60-8557254bed9a,A Google user,https://play-lh.googleusercontent.com/EGemoI2NTXmTsBVtJqk8jxF9rh8ApRWfsIMQSt2uE4OcpQqbFu7f7NbTK05lx80nuSijCz7sc3a277R67g,good,5,0,8.8,2026-03-07 18:08:30,"We're delighted to know that our app met your expectations. Should you have any further suggestions or queries, don't hesitate to write to us at zugarmobility@gmail.com.",2026-03-07 18:46:01,8.8
4c86f012-a1f2-4a87-b23e-77745a8eecd7,A Google user,https://play-lh.googleusercontent.com/EGemoI2NTXmTsBVtJqk8jxF9rh8ApRWfsIMQSt2uE4OcpQqbFu7f7NbTK05lx80nuSijCz7sc3a277R67g,great,5,0,8.8,2026-03-07 15:13:11,"We're delighted to know that our app met your expectations. Should you have any further suggestions or queries, don't hesitate to write to us at zugarmobility@gmail.com.",2026-03-07 15:46:01,8.8
c4f6be74-6cb5-4d41-929b-019fe349bfc4,A Google user,https://play-lh.googleusercontent.com/EGemoI2NTXmTsBVtJqk8jxF9rh8ApRWfsIMQSt2uE4OcpQqbFu7f7NbTK05lx80nuSijCz7sc3a277R67g,good app,5,0,8.8,2026-03-07 04:33:47,"We're delighted to know that our app met your expectations. Should you have any further suggestions or queries, don't hesitate to write to us at zugarmobility@gmail.com.",2026-03-07 04:46:01,8.8
211e06ac-ac67-49fb-ab39-5f9f365e1ddc,A Google user,https://play-lh.googleusercontent.com/EGemoI2NTXmTsBVtJqk8jxF9rh8ApRWfsIMQSt2uE4OcpQqbFu7f7NbTK05lx80nuSijCz7sc3a277R67g,mashallah ☝🏼,5,0,8.8,2026-03-07 00:51:00,,,8.8
c8011a98-c568-44f7-85d5-28d3969b9bcf,A Google user,https://play-lh.googleusercontent.com/EGemoI2NTXmTsBVtJqk8jxF9rh8ApRWfsIMQSt2uE4OcpQqbFu7f7NbTK05lx80nuSijCz7sc3a277R67g,nice,5,0,8.9,2026-03-06 13:03:21,"We're delighted to know that our app met your expectations. Should you have any further suggestions or queries, don't hesitate to write to us at zugarmobility@gmail.com.",2026-03-06 13:46:01,8.9
a60048fe-e279-498e-afd3-42086da03c28,A Google user,https://play-lh.googleusercontent.com/EGemoI2NTXmTsBVtJqk8jxF9rh8ApRWfsIMQSt2uE4OcpQqbFu7f7NbTK05lx80nuSijCz7sc3a277R67g,the first thing that come out when I opened the app is the add. so i just uninstalled it,1,0,,2026-03-06 00:43:30,"We understand your disappointment and are eager to make things right. Help us improve by sharing your suggestions via email at zugarmobility@gmail.com. Rest assured, we're committed to creating a more satisfying experience.",2026-03-06 00:46:01,
4c43492b-a100-43b6-8d95-dc20f213459d,A Google user,https://play-lh.googleusercontent.com/EGemoI2NTXmTsBVtJqk8jxF9rh8ApRWfsIMQSt2uE4OcpQqbFu7f7NbTK05lx80nuSijCz7sc3a277R67g,Stop the dirty Ads on this App. That is for religious reasons not for earning from stupid things.,1,0,,2026-03-05 23:12:47,"We understand your disappointment and are eager to make things right. Help us improve by sharing your suggestions via email at zugarmobility@gmail.com. Rest assured, we're committed to creating a more satisfying experience.",2026-03-05 23:46:01,
1570485f-96ca-4c81-a88e-e592c2bc830c,A Google user,https://play-lh.googleusercontent.com/EGemoI2NTXmTsBVtJqk8jxF9rh8ApRWfsIMQSt2uE4OcpQqbFu7f7NbTK05lx80nuSijCz7sc3a277R67g,nice masha allah,5,0,8.8,2026-03-03 04:08:49,"We're delighted to know that our app met your expectations. Should you have any further suggestions or queries, don't hesitate to write to us at zugarmobility@gmail.com.",2026-03-03 04:46:01,8.8
bd6ece5b-e96a-4750-96e9-b68fddae4a20,A Google user,https://play-lh.googleusercontent.com/EGemoI2NTXmTsBVtJqk8jxF9rh8ApRWfsIMQSt2uE4OcpQqbFu7f7NbTK05lx80nuSijCz7sc3a277R67g,Too many ads.,1,3,8.8,2026-03-03 02:11:34,We regret any inconvenience. Ads are essential to sustain our work. Your understanding is truly appreciated.,2026-03-03 02:46:01,8.8
fa7ee11d-ea13-4b1d-bbb2-94b9786353ba,A Google user,https://play-lh.googleusercontent.com/EGemoI2NTXmTsBVtJqk8jxF9rh8ApRWfsIMQSt2uE4OcpQqbFu7f7NbTK05lx80nuSijCz7sc3a277R67g,too much ads its im believable. we need to pray not to watch ads music and games,1,4,8.8,2026-03-03 00:06:40,"We understand your disappointment and are eager to make things right. Help us improve by sharing your suggestions via email at zugarmobility@gmail.com. Rest assured, we're committed to creating a more satisfying experience.",2026-03-03 00:46:01,8.8
5180d390-c048-49f6-a889-9007e6e9a29b,A Google user,https://play-lh.googleusercontent.com/EGemoI2NTXmTsBVtJqk8jxF9rh8ApRWfsIMQSt2uE4OcpQqbFu7f7NbTK05lx80nuSijCz7sc3a277R67g,full of adds,1,0,8.8,2026-03-02 17:02:12,We regret any inconvenience. Ads are essential to sustain our work. Your understanding is truly appreciated.,2026-03-02 17:46:01,8.8
d8f4f7a5-7f47-43f9-8cfb-2d03a798bdfb,A Google user,https://play-lh.googleusercontent.com/EGemoI2NTXmTsBVtJqk8jxF9rh8ApRWfsIMQSt2uE4OcpQqbFu7f7NbTK05lx80nuSijCz7sc3a277R67g,the compas not work,3,0,8.8,2026-03-02 11:16:15,,,8.8
815c564c-f2f8-481d-9a99-8561523d6bcc,A Google user,https://play-lh.googleusercontent.com/EGemoI2NTXmTsBVtJqk8jxF9rh8ApRWfsIMQSt2uE4OcpQqbFu7f7NbTK05lx80nuSijCz7sc3a277R67g,good,5,0,,2026-03-02 09:39:16,"We're delighted to know that our app met your expectations. Should you have any further suggestions or queries, don't hesitate to write to us at zugarmobility@gmail.com.",2026-03-02 09:46:01,
55694f67-a6a9-48b2-847d-592027737817,A Google user,https://play-lh.googleusercontent.com/EGemoI2NTXmTsBVtJqk8jxF9rh8ApRWfsIMQSt2uE4OcpQqbFu7f7NbTK05lx80nuSijCz7sc3a277R67g,همش تبلیغات اصلا داخل برنامه نمیره,1,0,8.8,2026-03-02 02:37:26,,,8.8
becc18a4-e0f1-48e9-a3f9-7eb4d7a26d48,A Google user,https://play-lh.googleusercontent.com/EGemoI2NTXmTsBVtJqk8jxF9rh8ApRWfsIMQSt2uE4OcpQqbFu7f7NbTK05lx80nuSijCz7sc3a277R67g,subscribed annual subscription but the app is faulty . I can't click on anything on the app . sadly no refunds for this subscription .,1,3,8.8,2026-03-01 21:53:43,,,8.8
90538f4a-b07e-4887-b963-8dd7fc2176be,A Google user,https://play-lh.googleusercontent.com/EGemoI2NTXmTsBVtJqk8jxF9rh8ApRWfsIMQSt2uE4OcpQqbFu7f7NbTK05lx80nuSijCz7sc3a277R67g,osume,5,0,7.9,2026-03-01 20:15:42,,,7.9
3e2574ed-8ab7-4da7-b794-783a06ced16b,A Google user,https://play-lh.googleusercontent.com/EGemoI2NTXmTsBVtJqk8jxF9rh8ApRWfsIMQSt2uE4OcpQqbFu7f7NbTK05lx80nuSijCz7sc3a277R67g,"Very bad, add, add and add",1,2,8.8,2026-03-01 16:55:27,"We understand your disappointment and are eager to make things right. Help us improve by sharing your suggestions via email at zugarmobility@gmail.com. Rest assured, we're committed to creating a more satisfying experience.",2026-03-01 17:00:04,8.8
eead2330-6858-4395-a163-471e625497a0,A Google user,https://play-lh.googleusercontent.com/EGemoI2NTXmTsBVtJqk8jxF9rh8ApRWfsIMQSt2uE4OcpQqbFu7f7NbTK05lx80nuSijCz7sc3a277R67g,bad,1,0,8.8,2026-02-28 06:19:02,"We understand your disappointment and are eager to make things right. Help us improve by sharing your suggestions via email at zugarmobility@gmail.com. Rest assured, we're committed to creating a more satisfying experience.",2026-02-28 06:46:03,8.8
aa75018b-bec2-49fc-842c-b54b9e0f90df,A Google user,https://play-lh.googleusercontent.com/EGemoI2NTXmTsBVtJqk8jxF9rh8ApRWfsIMQSt2uE4OcpQqbFu7f7NbTK05lx80nuSijCz7sc3a277R67g,Nice app,5,0,8.8,2026-02-27 21:11:23,"We're delighted to know that our app met your expectations. Should you have any further suggestions or queries, don't hesitate to write to us at zugarmobility@gmail.com.",2026-02-27 21:46:02,8.8
aeca2d33-cb7c-48ef-8a1f-549b06fabc9a,A Google user,https://play-lh.googleusercontent.com/EGemoI2NTXmTsBVtJqk8jxF9rh8ApRWfsIMQSt2uE4OcpQqbFu7f7NbTK05lx80nuSijCz7sc3a277R67g,बहतरीन,5,0,,2026-02-27 13:44:18,,,
8baaadd7-da9c-44ec-9dbb-232acc0b69a9,A Google user,https://play-lh.googleusercontent.com/EGemoI2NTXmTsBVtJqk8jxF9rh8ApRWfsIMQSt2uE4OcpQqbFu7f7NbTK05lx80nuSijCz7sc3a277R67g,😡😡🤬🤬😠😠too much bad,1,0,8.8,2026-02-27 11:16:20,"We're delighted to know that our app met your expectations. Should you have any further suggestions or queries, don't hesitate to write to us at zugarmobility@gmail.com.",2026-02-27 02:46:04,8.8
04cd3acb-2491-4eb8-a722-f6576d32fd3e,A Google user,https://play-lh.googleusercontent.com/EGemoI2NTXmTsBVtJqk8jxF9rh8ApRWfsIMQSt2uE4OcpQqbFu7f7NbTK05lx80nuSijCz7sc3a277R67g,alhamdulillah khub valo app,5,0,8.8,2026-02-25 23:13:36,,,8.8
816a0b91-726d-4989-8ce5-4833c4028e8d,A Google user,https://play-lh.googleusercontent.com/EGemoI2NTXmTsBVtJqk8jxF9rh8ApRWfsIMQSt2uE4OcpQqbFu7f7NbTK05lx80nuSijCz7sc3a277R67g,"আমি একটা ইসলামিক অ্যাপ ডাউনলোড দিলাম এটাতে পদে পদে হারাম জুয়ার অ্যাড দেয়, তাই আনইন্সটল করতে বাধ্য হলাম",1,0,8.8,2026-02-25 22:25:18,,,8.8
b41dbb65-552c-4d84-bd83-ce899f977766,A Google user,https://play-lh.googleusercontent.com/EGemoI2NTXmTsBVtJqk8jxF9rh8ApRWfsIMQSt2uE4OcpQqbFu7f7NbTK05lx80nuSijCz7sc3a277R67g,perfect,5,0,8.8,2026-02-25 20:20:21,"We're delighted to know that our app met your expectations. Should you have any further suggestions or queries, don't hesitate to write to us at zugarmobility@gmail.com.",2026-02-25 20:46:02,8.8
38c2b3f4-3122-4873-a320-7ef05c761c69,A Google user,https://play-lh.googleusercontent.com/EGemoI2NTXmTsBVtJqk8jxF9rh8ApRWfsIMQSt2uE4OcpQqbFu7f7NbTK05lx80nuSijCz7sc3a277R67g,just starting,5,0,8.8,2026-02-25 18:22:38,,,8.8
3ccd84bc-5023-48ac-8979-11bba03629b5,A Google user,https://play-lh.googleusercontent.com/EGemoI2NTXmTsBVtJqk8jxF9rh8ApRWfsIMQSt2uE4OcpQqbFu7f7NbTK05lx80nuSijCz7sc3a277R67g,im unable to access Quran and can you turn down the frequency of rating requests.,2,3,8.8,2026-02-25 05:40:35,"Your feedback is paramount to us. If you could detail the issue at zugarmobility@gmail.com, we will swiftly take the necessary steps.",2026-02-25 05:46:01,8.8
c42fb0fe-fcb3-4c13-b1b8-030ce864bda7,A Google user,https://play-lh.googleusercontent.com/EGemoI2NTXmTsBVtJqk8jxF9rh8ApRWfsIMQSt2uE4OcpQqbFu7f7NbTK05lx80nuSijCz7sc3a277R67g,New,4,0,8.8,2026-02-25 00:55:40,,,8.8
9e63bd04-6ed2-4b98-ab95-7269465f364a,A Google user,https://play-lh.googleusercontent.com/EGemoI2NTXmTsBVtJqk8jxF9rh8ApRWfsIMQSt2uE4OcpQqbFu7f7NbTK05lx80nuSijCz7sc3a277R67g,deleted in first 10 seconds. every click has ads. useless application full of ads,1,1,,2026-02-24 17:16:04,"We understand your disappointment and are eager to make things right. Help us improve by sharing your suggestions via email at zugarmobility@gmail.com. Rest assured, we're committed to creating a more satisfying experience.",2026-02-24 17:46:03,
5f89c924-d833-4068-8dfa-ac170cd86c41,A Google user,https://play-lh.googleusercontent.com/EGemoI2NTXmTsBVtJqk8jxF9rh8ApRWfsIMQSt2uE4OcpQqbFu7f7NbTK05lx80nuSijCz7sc3a277R67g,it's helpful,5,0,8.8,2026-02-24 13:07:58,"We're delighted to know that our app met your expectations. Should you have any further suggestions or queries, don't hesitate to write to us at zugarmobility@gmail.com.",2026-02-24 13:46:04,8.8
d6753c97-5e72-48c8-a8ce-ebf44272614f,A Google user,https://play-lh.googleusercontent.com/EGemoI2NTXmTsBVtJqk8jxF9rh8ApRWfsIMQSt2uE4OcpQqbFu7f7NbTK05lx80nuSijCz7sc3a277R67g,wasn't able to open it even for once because of the ads,1,0,,2026-02-24 11:20:51,"We understand your disappointment and are eager to make things right. Help us improve by sharing your suggestions via email at zugarmobility@gmail.com. Rest assured, we're committed to creating a more satisfying experience.",2026-02-24 11:33:43,
ed96940d-1911-4221-8823-59361e3cada6,A Google user,https://play-lh.googleusercontent.com/EGemoI2NTXmTsBVtJqk8jxF9rh8ApRWfsIMQSt2uE4OcpQqbFu7f7NbTK05lx80nuSijCz7sc3a277R67g,very nice this app,5,0,8.8,2026-02-24 10:04:04,"We're delighted to know that our app met your expectations. Should you have any further suggestions or queries, don't hesitate to write to us at zugarmobility@gmail.com.",2026-02-24 10:04:17,8.8
14c5ec54-5984-4428-8f90-732c0b2de72d,A Google user,https://play-lh.googleusercontent.com/EGemoI2NTXmTsBVtJqk8jxF9rh8ApRWfsIMQSt2uE4OcpQqbFu7f7NbTK05lx80nuSijCz7sc3a277R67g,MashaAllah,5,0,8.8,2026-02-23 16:13:10,,,8.8
29b04058-32fb-41e6-aa80-cf98fd3bb4f3,A Google user,https://play-lh.googleusercontent.com/EGemoI2NTXmTsBVtJqk8jxF9rh8ApRWfsIMQSt2uE4OcpQqbFu7f7NbTK05lx80nuSijCz7sc3a277R67g,even before I start to use the app 3 ads and if I didn't give permission to everything it will not work. you deserve delete and if there are zero stars I will give it to you.,1,2,,2026-02-23 10:33:09,"We understand your disappointment and are eager to make things right. Help us improve by sharing your suggestions via email at zugarmobility@gmail.com. Rest assured, we're committed to creating a more satisfying experience.",2026-02-23 10:46:02,
51a4c430-914d-474b-8f4e-5df370b5fa66,A Google user,https://play-lh.googleusercontent.com/EGemoI2NTXmTsBVtJqk8jxF9rh8ApRWfsIMQSt2uE4OcpQqbFu7f7NbTK05lx80nuSijCz7sc3a277R67g,really bed app .too much ads i made a pro subscription and nothing works even with a subscription pro .,1,5,8.8,2026-02-22 13:53:09,"We understand your disappointment and are eager to make things right. Help us improve by sharing your suggestions via email at zugarmobility@gmail.com. Rest assured, we're committed to creating a more satisfying experience.",2026-02-22 14:00:02,8.8
348ac1b8-95a9-4122-adf2-6f9d09c1f0b5,A Google user,https://play-lh.googleusercontent.com/EGemoI2NTXmTsBVtJqk8jxF9rh8ApRWfsIMQSt2uE4OcpQqbFu7f7NbTK05lx80nuSijCz7sc3a277R67g,How many ads will satisfy you? is the Developer really a muslim or just selling islam! i dont get it! i could not even open the apps ang got 8 ads! why!,1,3,8.8,2026-02-22 10:45:11,"We understand your disappointment and are eager to make things right. Help us improve by sharing your suggestions via email at zugarmobility@gmail.com. Rest assured, we're committed to creating a more satisfying experience.",2026-02-22 10:46:02,8.8
bdf563e6-618d-43cd-aed0-533d48b1a1c7,A Google user,https://play-lh.googleusercontent.com/EGemoI2NTXmTsBVtJqk8jxF9rh8ApRWfsIMQSt2uE4OcpQqbFu7f7NbTK05lx80nuSijCz7sc3a277R67g,I cannot open anything and I paid for a yearly subscription. And now it doesn't recognise I paid for the year and the hundreds of ads are popping up again. Astagfirullah dissatisfied.,1,7,8.8,2026-02-21 23:58:03,We regret any inconvenience. Ads are essential to sustain our work. Your understanding is truly appreciated.,2026-02-22 00:00:02,8.8
138f033a-7a4e-45e1-8f90-6cd123652813,A Google user,https://play-lh.googleusercontent.com/EGemoI2NTXmTsBVtJqk8jxF9rh8ApRWfsIMQSt2uE4OcpQqbFu7f7NbTK05lx80nuSijCz7sc3a277R67g,After subscribing to the yearly plan the app just does not work. can't seem to click anything. can't even go on setting?! I want a refund please.,1,5,8.8,2026-02-21 17:03:27,"We understand your disappointment and are eager to make things right. Help us improve by sharing your suggestions via email at zugarmobility@gmail.com. Rest assured, we're committed to creating a more satisfying experience.",2026-02-21 17:46:02,8.8
860d5736-5f7a-43da-a79d-83657803b6e7,A Google user,https://play-lh.googleusercontent.com/EGemoI2NTXmTsBVtJqk8jxF9rh8ApRWfsIMQSt2uE4OcpQqbFu7f7NbTK05lx80nuSijCz7sc3a277R67g,it stops working after paying the subscription,1,2,8.8,2026-02-20 08:27:31,,,8.8
215fc3fe-6bb4-468b-b144-aacf84ff1a96,A Google user,https://play-lh.googleusercontent.com/EGemoI2NTXmTsBVtJqk8jxF9rh8ApRWfsIMQSt2uE4OcpQqbFu7f7NbTK05lx80nuSijCz7sc3a277R67g,Thank you for making this aap,5,0,,2026-02-20 06:43:35,"We're delighted to know that our app met your expectations. Should you have any further suggestions or queries, don't hesitate to write to us at zugarmobility@gmail.com.",2026-02-20 06:46:02,
67012f9c-dcbc-4455-9df7-2d15fbfd73f1,A Google user,https://play-lh.googleusercontent.com/EGemoI2NTXmTsBVtJqk8jxF9rh8ApRWfsIMQSt2uE4OcpQqbFu7f7NbTK05lx80nuSijCz7sc3a277R67g,"this is good, although there's an add it's okay for me",5,0,8.8,2026-02-20 04:29:10,"We're delighted to know that our app met your expectations. Should you have any further suggestions or queries, don't hesitate to write to us at zugarmobility@gmail.com.",2026-02-20 04:46:02,8.8
0a7313fa-ebc5-46dc-8718-165314204125,A Google user,https://play-lh.googleusercontent.com/EGemoI2NTXmTsBVtJqk8jxF9rh8ApRWfsIMQSt2uE4OcpQqbFu7f7NbTK05lx80nuSijCz7sc3a277R67g,"1.Not picking up current location (city) on its own. Have to uninstall and install it back again when changing cities for current location for prayer timings. 2. Notification tab, setting tab are freezed, not working on tapping it. Please assist. I'm have taken a yearly subscription",1,3,8.8,2026-02-20 00:59:51,"We understand your disappointment and are eager to make things right. Help us improve by sharing your suggestions via email at zugarmobility@gmail.com. Rest assured, we're committed to creating a more satisfying experience.",2026-02-20 01:00:06,8.8
14622755-d1ad-423b-9d5a-71e49f1a0d36,A Google user,https://play-lh.googleusercontent.com/EGemoI2NTXmTsBVtJqk8jxF9rh8ApRWfsIMQSt2uE4OcpQqbFu7f7NbTK05lx80nuSijCz7sc3a277R67g,app open korei dekhi betting ads,1,0,,2026-02-19 18:20:09,We regret any inconvenience. Ads are essential to sustain our work. Your understanding is truly appreciated.,2026-02-19 18:46:04,
608fd4ef-1a3f-4962-a47c-6dafc7853d66,A Google user,https://play-lh.googleusercontent.com/EGemoI2NTXmTsBVtJqk8jxF9rh8ApRWfsIMQSt2uE4OcpQqbFu7f7NbTK05lx80nuSijCz7sc3a277R67g,not good,1,0,8.8,2026-02-19 17:07:01,"We understand your disappointment and are eager to make things right. Help us improve by sharing your suggestions via email at zugarmobility@gmail.com. Rest assured, we're committed to creating a more satisfying experience.",2026-02-19 17:46:05,8.8
4140a2d7-c9f9-403f-b90d-1702a685a0bf,A Google user,https://play-lh.googleusercontent.com/EGemoI2NTXmTsBVtJqk8jxF9rh8ApRWfsIMQSt2uE4OcpQqbFu7f7NbTK05lx80nuSijCz7sc3a277R67g,Sabber bai,5,0,8.8,2026-02-19 13:20:14,,,8.8
f7565b94-3142-4e0a-b2f9-3bda5018ba81,A Google user,https://play-lh.googleusercontent.com/EGemoI2NTXmTsBVtJqk8jxF9rh8ApRWfsIMQSt2uE4OcpQqbFu7f7NbTK05lx80nuSijCz7sc3a277R67g,It's a great App but way too much adverts that's killing it for us I'm the family.,4,2,8.8,2026-02-19 11:45:20,Happy to know you're liking our app. We strive for excellence and your 5-star rating will boost our spirits!,2026-02-19 11:46:02,8.8
2c159529-f5b7-4177-a747-46c7fa6a8db7,A Google user,https://play-lh.googleusercontent.com/EGemoI2NTXmTsBVtJqk8jxF9rh8ApRWfsIMQSt2uE4OcpQqbFu7f7NbTK05lx80nuSijCz7sc3a277R67g,the app is good but has way toooo many ads and some them are about betting which is somehow disturbing for an app which is designed for muslims but also it would be best if we could have an option to choose our adhan voice which we prefer,2,4,8.8,2026-02-19 05:40:35,We regret any inconvenience. Ads are essential to sustain our work. Your understanding is truly appreciated.,2026-02-19 05:46:02,8.8
c3e6b338-6639-448f-8f50-9f0a61226242,A Google user,https://play-lh.googleusercontent.com/EGemoI2NTXmTsBVtJqk8jxF9rh8ApRWfsIMQSt2uE4OcpQqbFu7f7NbTK05lx80nuSijCz7sc3a277R67g,nice,5,0,8.8,2026-02-19 03:24:39,"We're delighted to know that our app met your expectations. Should you have any further suggestions or queries, don't hesitate to write to us at zugarmobility@gmail.com.",2026-02-19 03:46:04,8.8
25af973f-edf7-430d-b025-a794a232799d,A Google user,https://play-lh.googleusercontent.com/EGemoI2NTXmTsBVtJqk8jxF9rh8ApRWfsIMQSt2uE4OcpQqbFu7f7NbTK05lx80nuSijCz7sc3a277R67g,i love it but can you please update the language? i want it to be malay please🆒,5,0,8.8,2026-02-18 15:31:43,"We're delighted to know that our app met your expectations. Should you have any further suggestions or queries, don't hesitate to write to us at zugarmobility@gmail.com.",2026-02-18 15:46:05,8.8
8b3cac10-4a99-4122-b996-f373cfc011df,A Google user,https://play-lh.googleusercontent.com/EGemoI2NTXmTsBVtJqk8jxF9rh8ApRWfsIMQSt2uE4OcpQqbFu7f7NbTK05lx80nuSijCz7sc3a277R67g,it has all the qualities of the best Muslim app,5,0,8.8,2026-02-18 14:16:12,"We're delighted to know that our app met your expectations. Should you have any further suggestions or queries, don't hesitate to write to us at zugarmobility@gmail.com.",2026-02-18 14:46:02,8.8
e52c5c42-f4ff-4c90-a4de-aa964cf51b72,A Google user,https://play-lh.googleusercontent.com/EGemoI2NTXmTsBVtJqk8jxF9rh8ApRWfsIMQSt2uE4OcpQqbFu7f7NbTK05lx80nuSijCz7sc3a277R67g,Too much ads makes it worse. otherwise the app is good. the developer could have a separate section for donations rather than relying on adsense.,2,2,,2026-02-18 07:59:10,"We understand your disappointment and are eager to make things right. Help us improve by sharing your suggestions via email at zugarmobility@gmail.com. Rest assured, we're committed to creating a more satisfying experience.",2026-02-18 08:00:02,
2760de3d-19ab-4487-be2e-c629656b85a8,A Google user,https://play-lh.googleusercontent.com/EGemoI2NTXmTsBVtJqk8jxF9rh8ApRWfsIMQSt2uE4OcpQqbFu7f7NbTK05lx80nuSijCz7sc3a277R67g,ma shaa allah,5,0,8.3,2026-02-18 07:43:09,,,8.3
c3b8a61d-7978-415d-ac3c-6a97c117dad0,A Google user,https://play-lh.googleusercontent.com/EGemoI2NTXmTsBVtJqk8jxF9rh8ApRWfsIMQSt2uE4OcpQqbFu7f7NbTK05lx80nuSijCz7sc3a277R67g,good 👍 apps,5,0,8.8,2026-02-18 07:14:29,"We're delighted to know that our app met your expectations. Should you have any further suggestions or queries, don't hesitate to write to us at zugarmobility@gmail.com.",2026-02-18 07:46:02,8.8
e46530ac-47f6-4aed-8008-1598e7604a00,A Google user,https://play-lh.googleusercontent.com/EGemoI2NTXmTsBVtJqk8jxF9rh8ApRWfsIMQSt2uE4OcpQqbFu7f7NbTK05lx80nuSijCz7sc3a277R67g,"to be honest I paid and all and it is total rubbish. very disappointed, it is like blocked and always asking me to rate the app. total trash",1,4,8.8,2026-02-17 23:57:54,"We understand your disappointment and are eager to make things right. Help us improve by sharing your suggestions via email at zugarmobility@gmail.com. Rest assured, we're committed to creating a more satisfying experience.",2026-02-18 00:00:06,8.8
c6408aca-8c2f-4ca9-ab68-7e1a427d76c6,A Google user,https://play-lh.googleusercontent.com/EGemoI2NTXmTsBVtJqk8jxF9rh8ApRWfsIMQSt2uE4OcpQqbFu7f7NbTK05lx80nuSijCz7sc3a277R67g,too many ads,1,2,8.8,2026-02-17 23:49:50,We regret any inconvenience. Ads are essential to sustain our work. Your understanding is truly appreciated.,2026-02-18 00:00:08,8.8
c83c9174-90ac-4a1a-ac25-aa86f12d55d6,A Google user,https://play-lh.googleusercontent.com/EGemoI2NTXmTsBVtJqk8jxF9rh8ApRWfsIMQSt2uE4OcpQqbFu7f7NbTK05lx80nuSijCz7sc3a277R67g,really useful,5,0,8.8,2026-02-17 23:27:03,,,8.8
d288f4ad-a1b0-480e-b5e0-67eb2aac76ba,A Google user,https://play-lh.googleusercontent.com/EGemoI2NTXmTsBVtJqk8jxF9rh8ApRWfsIMQSt2uE4OcpQqbFu7f7NbTK05lx80nuSijCz7sc3a277R67g,A lot disappointed about the ads.,1,0,,2026-02-17 12:20:57,We regret any inconvenience. Ads are essential to sustain our work. Your understanding is truly appreciated.,2026-02-17 12:46:02,
2bb42851-4ead-446b-9216-2cb88ae1927e,A Google user,https://play-lh.googleusercontent.com/EGemoI2NTXmTsBVtJqk8jxF9rh8ApRWfsIMQSt2uE4OcpQqbFu7f7NbTK05lx80nuSijCz7sc3a277R67g,nice,5,0,8.8,2026-02-17 05:33:17,"We're delighted to know that our app met your expectations. Should you have any further suggestions or queries, don't hesitate to write to us at zugarmobility@gmail.com.",2026-02-17 05:46:02,8.8
a5134b95-da11-43cf-b702-c49e31c417f4,A Google user,https://play-lh.googleusercontent.com/EGemoI2NTXmTsBVtJqk8jxF9rh8ApRWfsIMQSt2uE4OcpQqbFu7f7NbTK05lx80nuSijCz7sc3a277R67g,The app is fine but too many ads without paying the subscription fee,4,2,8.8,2026-02-16 22:32:53,,,8.8
aee21f81-fc78-492f-91b2-77f15fed84b7,A Google user,https://play-lh.googleusercontent.com/EGemoI2NTXmTsBVtJqk8jxF9rh8ApRWfsIMQSt2uE4OcpQqbFu7f7NbTK05lx80nuSijCz7sc3a277R67g,Masha Allah,5,0,,2026-02-16 17:35:21,,,
8e4e9b3f-57cb-4837-9dad-d1462decbf7d,A Google user,https://play-lh.googleusercontent.com/EGemoI2NTXmTsBVtJqk8jxF9rh8ApRWfsIMQSt2uE4OcpQqbFu7f7NbTK05lx80nuSijCz7sc3a277R67g,Excellent,5,0,8.1,2026-02-16 03:39:45,"We're delighted to know that our app met your expectations. Should you have any further suggestions or queries, don't hesitate to write to us at zugarmobility@gmail.com.",2026-02-16 03:46:02,8.1
24ab1416-b172-4430-8edd-b8ccfc7d5c35,A Google user,https://play-lh.googleusercontent.com/EGemoI2NTXmTsBVtJqk8jxF9rh8ApRWfsIMQSt2uE4OcpQqbFu7f7NbTK05lx80nuSijCz7sc3a277R67g,Of you guys watch ads so download it.,1,1,8.8,2026-02-15 19:39:37,We regret any inconvenience. Ads are essential to sustain our work. Your understanding is truly appreciated.,2026-02-15 19:46:02,8.8
fd7a042a-1f0a-4913-8454-4ef0b24b1b5d,A Google user,https://play-lh.googleusercontent.com/EGemoI2NTXmTsBVtJqk8jxF9rh8ApRWfsIMQSt2uE4OcpQqbFu7f7NbTK05lx80nuSijCz7sc3a277R67g,very good praying tracker and a lot helping for begginers,5,4,8.8,2026-02-15 11:43:13,"We're delighted to know that our app met your expectations. Should you have any further suggestions or queries, don't hesitate to write to us at zugarmobility@gmail.com.",2026-02-15 11:46:03,8.8
6ad4f8d1-1c2b-445b-a5b7-9e4d07877ed0,A Google user,https://play-lh.googleusercontent.com/EGemoI2NTXmTsBVtJqk8jxF9rh8ApRWfsIMQSt2uE4OcpQqbFu7f7NbTK05lx80nuSijCz7sc3a277R67g,I was trying to open the app 3 times and it goes straight to commercials... are you serious??? I couldn't even open the app. if it were a minus star I'd put it.,1,23,8.8,2026-02-15 09:35:59,"We understand your disappointment and are eager to make things right. Help us improve by sharing your suggestions via email at zugarmobility@gmail.com. Rest assured, we're committed to creating a more satisfying experience.",2026-02-15 09:46:02,8.8
7a801693-6d44-43c8-ae43-dba36b409ee9,A Google user,https://play-lh.googleusercontent.com/EGemoI2NTXmTsBVtJqk8jxF9rh8ApRWfsIMQSt2uE4OcpQqbFu7f7NbTK05lx80nuSijCz7sc3a277R67g,to much AD pls remove,2,0,8.8,2026-02-14 20:10:05,,,8.8
125c612b-0c32-4dd2-a7fc-99265c8a9082,A Google user,https://play-lh.googleusercontent.com/EGemoI2NTXmTsBVtJqk8jxF9rh8ApRWfsIMQSt2uE4OcpQqbFu7f7NbTK05lx80nuSijCz7sc3a277R67g,Wooow😍😍😍😍 am enjoying this app especially the translation skills and settings.Alhamdulillah.I love the App keep it up... And keep improving but please don't remove the translation setting skills please thank you for the App🙏,5,52,8.8,2026-02-14 16:31:28,"We're delighted to know that our app met your expectations. Should you have any further suggestions or queries, don't hesitate to write to us at zugarmobility@gmail.com.",2026-02-14 16:46:02,8.8
4b17410e-78c7-4d67-910c-2ef54d775f29,A Google user,https://play-lh.googleusercontent.com/EGemoI2NTXmTsBVtJqk8jxF9rh8ApRWfsIMQSt2uE4OcpQqbFu7f7NbTK05lx80nuSijCz7sc3a277R67g,excellent,5,0,,2026-02-14 14:45:43,"We're delighted to know that our app met your expectations. Should you have any further suggestions or queries, don't hesitate to write to us at zugarmobility@gmail.com.",2026-02-14 14:46:02,
297f6109-d93a-4f47-94f3-8e3d5d623c34,A Google user,https://play-lh.googleusercontent.com/EGemoI2NTXmTsBVtJqk8jxF9rh8ApRWfsIMQSt2uE4OcpQqbFu7f7NbTK05lx80nuSijCz7sc3a277R67g,The ads are unbearable,1,0,,2026-02-14 12:44:58,We regret any inconvenience. Ads are essential to sustain our work. Your understanding is truly appreciated.,2026-02-14 12:46:02,
02d4d168-624f-45d4-b0b6-69fd77af6f36,A Google user,https://play-lh.googleusercontent.com/EGemoI2NTXmTsBVtJqk8jxF9rh8ApRWfsIMQSt2uE4OcpQqbFu7f7NbTK05lx80nuSijCz7sc3a277R67g,Alhamdulilah ❣️,5,0,8.8,2026-02-13 19:42:44,,,8.8
0eca6f14-a2b6-4e38-b599-b2c40918bc2c,A Google user,https://play-lh.googleusercontent.com/EGemoI2NTXmTsBVtJqk8jxF9rh8ApRWfsIMQSt2uE4OcpQqbFu7f7NbTK05lx80nuSijCz7sc3a277R67g,good App,5,0,8.8,2026-02-12 18:29:45,"We're delighted to know that our app met your expectations. Should you have any further suggestions or queries, don't hesitate to write to us at zugarmobility@gmail.com.",2026-02-12 18:46:02,8.8
9834268b-7945-435b-9dff-17652368d125,A Google user,https://play-lh.googleusercontent.com/EGemoI2NTXmTsBVtJqk8jxF9rh8ApRWfsIMQSt2uE4OcpQqbFu7f7NbTK05lx80nuSijCz7sc3a277R67g,Good,5,0,,2026-02-12 05:05:54,"We're delighted to know that our app met your expectations. Should you have any further suggestions or queries, don't hesitate to write to us at zugarmobility@gmail.com.",2026-02-12 05:46:02,
037debed-71b5-46a0-8d00-45c5cd04c20c,A Google user,https://play-lh.googleusercontent.com/EGemoI2NTXmTsBVtJqk8jxF9rh8ApRWfsIMQSt2uE4OcpQqbFu7f7NbTK05lx80nuSijCz7sc3a277R67g,ভালো,5,0,8.8,2026-02-11 12:08:02,,,8.8
4f1c1237-0c0c-4e53-a0a4-3e3d5e8bfb74,A Google user,https://play-lh.googleusercontent.com/EGemoI2NTXmTsBVtJqk8jxF9rh8ApRWfsIMQSt2uE4OcpQqbFu7f7NbTK05lx80nuSijCz7sc3a277R67g,ya. app kam ki has,5,0,8.8,2026-02-11 10:53:14,,,8.8
22c3fa88-03f2-4fb5-8a99-7122ac696350,A Google user,https://play-lh.googleusercontent.com/EGemoI2NTXmTsBVtJqk8jxF9rh8ApRWfsIMQSt2uE4OcpQqbFu7f7NbTK05lx80nuSijCz7sc3a277R67g,WASTE OF MONEY! FUNCTIONS IN THE APP. DONT WORK. REFUND PLEASE.,1,3,8.8,2026-02-11 01:42:22,"We understand your disappointment and are eager to make things right. Help us improve by sharing your suggestions via email at zugarmobility@gmail.com. Rest assured, we're committed to creating a more satisfying experience.",2026-02-11 01:46:02,8.8
287fbfcb-71ce-4c4e-986f-326a67129bbc,A Google user,https://play-lh.googleusercontent.com/EGemoI2NTXmTsBVtJqk8jxF9rh8ApRWfsIMQSt2uE4OcpQqbFu7f7NbTK05lx80nuSijCz7sc3a277R67g,when i pay i can open nothing on the app,3,0,8.8,2026-02-11 00:13:17,,,8.8
d6c8ecb8-607f-4bca-bdff-7e39fda850f6,A Google user,https://play-lh.googleusercontent.com/EGemoI2NTXmTsBVtJqk8jxF9rh8ApRWfsIMQSt2uE4OcpQqbFu7f7NbTK05lx80nuSijCz7sc3a277R67g,its a good app. but the ads are too much,3,0,,2026-02-10 14:55:52,We regret any inconvenience. Ads are essential to sustain our work. Your understanding is truly appreciated.,2026-02-10 15:00:02,
f1e805a1-3ea2-40d0-b4e4-9fabfb0f7159,A Google user,https://play-lh.googleusercontent.com/EGemoI2NTXmTsBVtJqk8jxF9rh8ApRWfsIMQSt2uE4OcpQqbFu7f7NbTK05lx80nuSijCz7sc3a277R67g,nice,5,0,8.8,2026-02-10 08:17:57,"We're delighted to know that our app met your expectations. Should you have any further suggestions or queries, don't hesitate to write to us at zugarmobility@gmail.com.",2026-02-10 08:46:02,8.8
e1c4cf6c-e96d-4a76-9d9d-ddd4980ca1cf,A Google user,https://play-lh.googleusercontent.com/EGemoI2NTXmTsBVtJqk8jxF9rh8ApRWfsIMQSt2uE4OcpQqbFu7f7NbTK05lx80nuSijCz7sc3a277R67g,🥰🥰🥰Nice,5,0,8.8,2026-02-09 21:23:49,"We're delighted to know that our app met your expectations. Should you have any further suggestions or queries, don't hesitate to write to us at zugarmobility@gmail.com.",2026-02-09 21:46:02,8.8
b2e3dbce-7530-41a2-b896-3f097bd1065a,A Google user,https://play-lh.googleusercontent.com/EGemoI2NTXmTsBVtJqk8jxF9rh8ApRWfsIMQSt2uE4OcpQqbFu7f7NbTK05lx80nuSijCz7sc3a277R67g,"Faltu ekta apps, always advertising",1,3,8.6,2026-02-09 17:54:51,We regret any inconvenience. Ads are essential to sustain our work. Your understanding is truly appreciated.,2026-02-09 18:00:02,8.6
fce8d805-6d0f-4a8f-9bd4-86e128185927,A Google user,https://play-lh.googleusercontent.com/EGemoI2NTXmTsBVtJqk8jxF9rh8ApRWfsIMQSt2uE4OcpQqbFu7f7NbTK05lx80nuSijCz7sc3a277R67g,"very bad app , can't open settings even after payment , very bad and inappropriate ADS , also very bad technical issues , 👎 in other words its a scam",1,3,,2026-02-08 16:01:13,"We understand your disappointment and are eager to make things right. Help us improve by sharing your suggestions via email at zugarmobility@gmail.com. Rest assured, we're committed to creating a more satisfying experience.",2026-02-08 16:46:02,
f72773cb-b73e-4415-8c43-d9b5bf7af8b9,A Google user,https://play-lh.googleusercontent.com/EGemoI2NTXmTsBVtJqk8jxF9rh8ApRWfsIMQSt2uE4OcpQqbFu7f7NbTK05lx80nuSijCz7sc3a277R67g,good,5,0,8.8,2026-02-07 21:55:11,"We're delighted to know that our app met your expectations. Should you have any further suggestions or queries, don't hesitate to write to us at zugarmobility@gmail.com.",2026-02-07 22:00:02,8.8
608e44bb-bdeb-403e-93e8-9fc88829a84c,A Google user,https://play-lh.googleusercontent.com/EGemoI2NTXmTsBVtJqk8jxF9rh8ApRWfsIMQSt2uE4OcpQqbFu7f7NbTK05lx80nuSijCz7sc3a277R67g,"no one install this app , when they get paid , the app freezing",1,6,8.6,2026-02-07 04:49:00,,,8.6
1517f598-3fc6-40d1-a698-27e40654176e,A Google user,https://play-lh.googleusercontent.com/EGemoI2NTXmTsBVtJqk8jxF9rh8ApRWfsIMQSt2uE4OcpQqbFu7f7NbTK05lx80nuSijCz7sc3a277R67g,"Im converted to islam and it really helps me for guiding me how to pray,read quran and everything..thanks a lot to this app❤️",5,26,8.6,2026-02-06 21:05:19,"We're delighted to know that our app met your expectations. Should you have any further suggestions or queries, don't hesitate to write to us at zugarmobility@gmail.com.",2026-02-06 21:46:02,8.6
d946bf57-b8f4-4ef4-87f4-cdd57e6edc25,A Google user,https://play-lh.googleusercontent.com/EGemoI2NTXmTsBVtJqk8jxF9rh8ApRWfsIMQSt2uE4OcpQqbFu7f7NbTK05lx80nuSijCz7sc3a277R67g,to much adds,1,0,8.6,2026-02-06 20:12:25,We regret any inconvenience. Ads are essential to sustain our work. Your understanding is truly appreciated.,2026-02-06 20:46:02,8.6
595a21d1-e6d6-47e4-86a6-244bdfefab46,A Google user,https://play-lh.googleusercontent.com/EGemoI2NTXmTsBVtJqk8jxF9rh8ApRWfsIMQSt2uE4OcpQqbFu7f7NbTK05lx80nuSijCz7sc3a277R67g,khub valo dekhte paran,5,0,8.6,2026-02-05 16:53:09,,,8.6
d3436eca-ec1a-4c55-8fb0-94834d6abcde,A Google user,https://play-lh.googleusercontent.com/EGemoI2NTXmTsBVtJqk8jxF9rh8ApRWfsIMQSt2uE4OcpQqbFu7f7NbTK05lx80nuSijCz7sc3a277R67g,"hi,i am getting diffculties when accessing notifications and i cannt view the tasbeeh,hadith and all other tabs.it looks like they are frozen.",1,9,8.6,2026-02-05 13:34:11,"We understand your disappointment and are eager to make things right. Help us improve by sharing your suggestions via email at zugarmobility@gmail.com. Rest assured, we're committed to creating a more satisfying experience.",2026-02-05 13:46:02,8.6
58534ac5-fe97-4cd3-9946-f3ef7bd84b99,A Google user,https://play-lh.googleusercontent.com/EGemoI2NTXmTsBVtJqk8jxF9rh8ApRWfsIMQSt2uE4OcpQqbFu7f7NbTK05lx80nuSijCz7sc3a277R67g,good for muslim,5,0,8.6,2026-02-03 21:47:29,"We're delighted to know that our app met your expectations. Should you have any further suggestions or queries, don't hesitate to write to us at zugarmobility@gmail.com.",2026-02-03 22:00:02,8.6
0f41bb54-18eb-4ae5-bc45-2a5ed44f7726,A Google user,https://play-lh.googleusercontent.com/EGemoI2NTXmTsBVtJqk8jxF9rh8ApRWfsIMQSt2uE4OcpQqbFu7f7NbTK05lx80nuSijCz7sc3a277R67g,in a namaz app why Haram ads are showing and when I touch any content again and again ads I am become pissed off.when the app continuous showing one thing and add Haram ads,1,8,8.6,2026-02-03 17:00:48,We regret any inconvenience. Ads are essential to sustain our work. Your understanding is truly appreciated.,2026-02-03 17:00:02,8.6
d068a488-8ad2-4932-9dea-cf03d059df5d,A Google user,https://play-lh.googleusercontent.com/EGemoI2NTXmTsBVtJqk8jxF9rh8ApRWfsIMQSt2uE4OcpQqbFu7f7NbTK05lx80nuSijCz7sc3a277R67g,very bad app too much ads coming i don't like,1,1,,2026-02-02 05:06:31,"We understand your disappointment and are eager to make things right. Help us improve by sharing your suggestions via email at zugarmobility@gmail.com. Rest assured, we're committed to creating a more satisfying experience.",2026-02-02 05:46:02,
cdf87957-3e18-4ce9-8cc6-1bf1401aa03e,A Google user,https://play-lh.googleusercontent.com/EGemoI2NTXmTsBVtJqk8jxF9rh8ApRWfsIMQSt2uE4OcpQqbFu7f7NbTK05lx80nuSijCz7sc3a277R67g,অতিরিক্ত অ্যাড আসে এতো ওয়েট হলে একটা অ্যাপ চালানো যায় না বিরক্তিকর অ্যাড,1,0,8.5,2026-02-02 04:22:27,,,8.5
a5db3c62-2dba-4fda-a223-4dfc083bc0af,A Google user,https://play-lh.googleusercontent.com/EGemoI2NTXmTsBVtJqk8jxF9rh8ApRWfsIMQSt2uE4OcpQqbFu7f7NbTK05lx80nuSijCz7sc3a277R67g,ALHAMDULILLAH,5,0,8.6,2026-02-01 00:16:54,,,8.6
fb3c2e39-098f-4044-987e-07a5b33fc79d,A Google user,https://play-lh.googleusercontent.com/EGemoI2NTXmTsBVtJqk8jxF9rh8ApRWfsIMQSt2uE4OcpQqbFu7f7NbTK05lx80nuSijCz7sc3a277R67g,"Paid for the app but none of the setting are loading, too many add.. Inappropriate adds",1,15,8.5,2026-01-31 08:23:10,We regret any inconvenience. Ads are essential to sustain our work. Your understanding is truly appreciated.,2026-01-31 08:46:02,8.5
eb5ab13d-a318-4e1e-948e-476fe394f1d5,A Google user,https://play-lh.googleusercontent.com/EGemoI2NTXmTsBVtJqk8jxF9rh8ApRWfsIMQSt2uE4OcpQqbFu7f7NbTK05lx80nuSijCz7sc3a277R67g,really bad app alot of advertising and every one click on any option there u will see the advertising. not nice look for any another app my advice.,1,4,,2026-01-29 20:43:38,"We understand your disappointment and are eager to make things right. Help us improve by sharing your suggestions via email at zugarmobility@gmail.com. Rest assured, we're committed to creating a more satisfying experience.",2026-01-29 20:46:02,
7df2acaa-b20e-436e-bd68-7965058f8cda,A Google user,https://play-lh.googleusercontent.com/EGemoI2NTXmTsBVtJqk8jxF9rh8ApRWfsIMQSt2uE4OcpQqbFu7f7NbTK05lx80nuSijCz7sc3a277R67g,برنامج ديني للتذكير بالصلاه واخر شي كله اعلانات تعبنا من الاعلانات صراحه وفيه اعلانات ماصخه ابدا نا حبيت التطبيق,1,0,8.5,2026-01-26 11:11:26,,,8.5
5609a2e3-de6f-4a58-8b6d-ea2c969d743d,A Google user,https://play-lh.googleusercontent.com/EGemoI2NTXmTsBVtJqk8jxF9rh8ApRWfsIMQSt2uE4OcpQqbFu7f7NbTK05lx80nuSijCz7sc3a277R67g,amazing,5,0,8.3,2026-01-25 21:25:02,"We're delighted to know that our app met your expectations. Should you have any further suggestions or queries, don't hesitate to write to us at zugarmobility@gmail.com.",2026-01-25 21:46:02,8.3
2814fa83-aa57-4f5f-952e-b9c7b20fc980,A Google user,https://play-lh.googleusercontent.com/EGemoI2NTXmTsBVtJqk8jxF9rh8ApRWfsIMQSt2uE4OcpQqbFu7f7NbTK05lx80nuSijCz7sc3a277R67g,Masha Allah☝️ nothing 😘,5,0,8.5,2026-01-24 05:39:17,,,8.5
0436f2f4-5629-4766-8262-3bc545b17533,A Google user,https://play-lh.googleusercontent.com/EGemoI2NTXmTsBVtJqk8jxF9rh8ApRWfsIMQSt2uE4OcpQqbFu7f7NbTK05lx80nuSijCz7sc3a277R67g,good,5,0,8.5,2026-01-23 23:22:44,"We're delighted to know that our app met your expectations. Should you have any further suggestions or queries, don't hesitate to write to us at zugarmobility@gmail.com.",2026-01-23 23:46:02,8.5
f1625ff0-1429-4186-a60a-d168bae0a5b3,A Google user,https://play-lh.googleusercontent.com/EGemoI2NTXmTsBVtJqk8jxF9rh8ApRWfsIMQSt2uE4OcpQqbFu7f7NbTK05lx80nuSijCz7sc3a277R67g,Alhamdulillah Mashaallah,5,0,8.3,2026-01-17 18:04:28,,,8.3
af744f1f-c2b3-41fc-b40e-556fc334bd8d,A Google user,https://play-lh.googleusercontent.com/EGemoI2NTXmTsBVtJqk8jxF9rh8ApRWfsIMQSt2uE4OcpQqbFu7f7NbTK05lx80nuSijCz7sc3a277R67g,goodness,5,0,8.3,2026-01-17 14:01:12,"We're delighted to know that our app met your expectations. Should you have any further suggestions or queries, don't hesitate to write to us at zugarmobility@gmail.com.",2026-01-17 14:46:02,8.3
adabbcb3-a2e8-4188-93d8-9677ab8d5e31,A Google user,https://play-lh.googleusercontent.com/EGemoI2NTXmTsBVtJqk8jxF9rh8ApRWfsIMQSt2uE4OcpQqbFu7f7NbTK05lx80nuSijCz7sc3a277R67g,سئ جدا جدا جدا جدا. ويحث على. الزنا. من كثر دعايات إعلانية تعارف دعارة,1,0,8.3,2026-01-15 09:19:54,,,8.3
e6c62d70-bba0-40a8-9dbc-89a368786cc1,A Google user,https://play-lh.googleusercontent.com/EGemoI2NTXmTsBVtJqk8jxF9rh8ApRWfsIMQSt2uE4OcpQqbFu7f7NbTK05lx80nuSijCz7sc3a277R67g,"I have an annual subscription, and I am currently experiencing unresponsiveness and significant lag when attempting to interact with any of the available options. Once I subscribed, I started getting this issue",1,4,,2026-01-14 23:15:05,"Your feedback is paramount to us. If you could detail the issue at zugarmobility@gmail.com, we will swiftly take the necessary steps.",2026-01-14 23:46:02,
e73dc3ff-90cb-47a1-8a8a-b4dcde0bade0,A Google user,https://play-lh.googleusercontent.com/EGemoI2NTXmTsBVtJqk8jxF9rh8ApRWfsIMQSt2uE4OcpQqbFu7f7NbTK05lx80nuSijCz7sc3a277R67g,MashaAllah,5,0,,2026-01-14 02:03:19,,,
4a24509d-97b7-404d-9373-2e88be7a6979,A Google user,https://play-lh.googleusercontent.com/EGemoI2NTXmTsBVtJqk8jxF9rh8ApRWfsIMQSt2uE4OcpQqbFu7f7NbTK05lx80nuSijCz7sc3a277R67g,নাইছ,5,0,8.3,2026-01-13 00:18:40,,,8.3
690c1ca2-2ba9-41d7-90a4-014f95f6e211,A Google user,https://play-lh.googleusercontent.com/EGemoI2NTXmTsBVtJqk8jxF9rh8ApRWfsIMQSt2uE4OcpQqbFu7f7NbTK05lx80nuSijCz7sc3a277R67g,good app.. if only the ads were not every other click ? subscription is on the pricy side considering there are other good free / less expensive apps available. would be good if there was a one off life time subscription instead of weekly or annually.. dont try to be rich quick.. if u seek the Akhirah.. dunya will come with ease ..,3,14,8.3,2026-01-09 01:00:17,We regret any inconvenience. Ads are essential to sustain our work. Your understanding is truly appreciated.,2026-01-09 01:46:02,8.3
47160d2e-e959-4f03-b5e7-18b44a95e557,A Google user,https://play-lh.googleusercontent.com/EGemoI2NTXmTsBVtJqk8jxF9rh8ApRWfsIMQSt2uE4OcpQqbFu7f7NbTK05lx80nuSijCz7sc3a277R67g,adhan time is wrong.. no use,1,2,,2026-01-03 20:21:29,"We understand your disappointment and are eager to make things right. Help us improve by sharing your suggestions via email at zugarmobility@gmail.com. Rest assured, we're committed to creating a more satisfying experience.",2026-01-03 20:46:02,
3004093d-a5f1-4c19-8657-7443cf7288d6,A Google user,https://play-lh.googleusercontent.com/EGemoI2NTXmTsBVtJqk8jxF9rh8ApRWfsIMQSt2uE4OcpQqbFu7f7NbTK05lx80nuSijCz7sc3a277R67g,the ads even before you agree to notifications... Looking for Qibla..here is an ad for game...I uninstalled it immediately!,1,4,,2026-01-03 16:56:20,"We understand your disappointment and are eager to make things right. Help us improve by sharing your suggestions via email at zugarmobility@gmail.com. Rest assured, we're committed to creating a more satisfying experience.",2026-01-03 17:00:02,
6dd980bb-2a83-47f9-a4a0-7a68dbcd8034,A Google user,https://play-lh.googleusercontent.com/EGemoI2NTXmTsBVtJqk8jxF9rh8ApRWfsIMQSt2uE4OcpQqbFu7f7NbTK05lx80nuSijCz7sc3a277R67g,how to change the adhan recitation?,4,0,8.3,2026-01-03 05:09:31,,,8.3
653b77b4-8ae7-4a7f-a10f-e720fc7cb89d,A Google user,https://play-lh.googleusercontent.com/EGemoI2NTXmTsBVtJqk8jxF9rh8ApRWfsIMQSt2uE4OcpQqbFu7f7NbTK05lx80nuSijCz7sc3a277R67g,How can allow women dancing and calling for sex adds on your application. This is not normal.,1,0,,2026-01-02 15:20:05,"We understand your disappointment and are eager to make things right. Help us improve by sharing your suggestions via email at zugarmobility@gmail.com. Rest assured, we're committed to creating a more satisfying experience.",2026-01-02 15:46:02,
9aa51ffd-3251-4e1c-b9c7-fc59fbfb67d5,A Google user,https://play-lh.googleusercontent.com/EGemoI2NTXmTsBVtJqk8jxF9rh8ApRWfsIMQSt2uE4OcpQqbFu7f7NbTK05lx80nuSijCz7sc3a277R67g,I can't even click on the icons. What am I paying you for??,1,2,8.3,2026-01-02 03:40:13,"We understand your disappointment and are eager to make things right. Help us improve by sharing your suggestions via email at zugarmobility@gmail.com. Rest assured, we're committed to creating a more satisfying experience.",2026-01-02 03:46:02,8.3
57c81301-a6a9-4bad-8e4f-021f58c808e3,A Google user,https://play-lh.googleusercontent.com/EGemoI2NTXmTsBVtJqk8jxF9rh8ApRWfsIMQSt2uE4OcpQqbFu7f7NbTK05lx80nuSijCz7sc3a277R67g,"I really like the app it contains all is for prayers, Hadith, Qur'an.",5,30,8.3,2026-01-02 02:19:16,,,8.3
0c684093-5a64-4fe9-8f60-525f9e5eeb78,A Google user,https://play-lh.googleusercontent.com/EGemoI2NTXmTsBVtJqk8jxF9rh8ApRWfsIMQSt2uE4OcpQqbFu7f7NbTK05lx80nuSijCz7sc3a277R67g,আরবীর বাংলা উচ্চারণ কই? অথচ বিজ্ঞপ্তিতে দেখাইলেন বাংলা উচ্চারণ আছে।,5,0,8.3,2025-12-31 05:31:01,,,8.3
64aace66-b0f6-4876-8b3c-bce0d2998546,A Google user,https://play-lh.googleusercontent.com/EGemoI2NTXmTsBVtJqk8jxF9rh8ApRWfsIMQSt2uE4OcpQqbFu7f7NbTK05lx80nuSijCz7sc3a277R67g,حلو,2,0,,2025-12-30 04:10:38,,,
44c8c57c-b28c-424e-9b62-57e74f4eb252,A Google user,https://play-lh.googleusercontent.com/EGemoI2NTXmTsBVtJqk8jxF9rh8ApRWfsIMQSt2uE4OcpQqbFu7f7NbTK05lx80nuSijCz7sc3a277R67g,good,5,0,8.3,2025-12-29 08:46:15,"We're delighted to know that our app met your expectations. Should you have any further suggestions or queries, don't hesitate to write to us at zugarmobility@gmail.com.",2025-12-29 09:00:02,8.3
7fdf288a-efb6-4763-b4a5-2978a0cb3b9d,A Google user,https://play-lh.googleusercontent.com/EGemoI2NTXmTsBVtJqk8jxF9rh8ApRWfsIMQSt2uE4OcpQqbFu7f7NbTK05lx80nuSijCz7sc3a277R67g,আলহামদুলিল্লাহ অনেক সুন্দর একটা এপ,5,0,8.3,2025-12-28 01:09:52,,,8.3
8e6c4b48-61c4-4593-b5bc-dccb8be1cb6a,A Google user,https://play-lh.googleusercontent.com/EGemoI2NTXmTsBVtJqk8jxF9rh8ApRWfsIMQSt2uE4OcpQqbFu7f7NbTK05lx80nuSijCz7sc3a277R67g,best,5,0,8.3,2025-12-27 15:02:06,"We're delighted to know that our app met your expectations. Should you have any further suggestions or queries, don't hesitate to write to us at zugarmobility@gmail.com.",2025-12-27 15:46:02,8.3
77b9bd71-4a7c-41ee-9d47-6b4172657874,A Google user,https://play-lh.googleusercontent.com/EGemoI2NTXmTsBVtJqk8jxF9rh8ApRWfsIMQSt2uE4OcpQqbFu7f7NbTK05lx80nuSijCz7sc3a277R67g,mashaallah,5,0,8.3,2025-12-26 14:21:56,,,8.3
e7d87146-7516-4259-bb96-35758941f297,A Google user,https://play-lh.googleusercontent.com/EGemoI2NTXmTsBVtJqk8jxF9rh8ApRWfsIMQSt2uE4OcpQqbFu7f7NbTK05lx80nuSijCz7sc3a277R67g,most very useful very good,2,0,8.3,2025-12-26 08:24:23,Happy to know you're liking our app. We strive for excellence and your 5-star rating will boost our spirits!,2025-12-26 08:46:02,8.3
2e7b561d-dfb0-46d0-bda2-74f84d8aa569,A Google user,https://play-lh.googleusercontent.com/EGemoI2NTXmTsBVtJqk8jxF9rh8ApRWfsIMQSt2uE4OcpQqbFu7f7NbTK05lx80nuSijCz7sc3a277R67g,very accurate,1,0,8.3,2025-12-25 19:19:52,,,8.3
ee3606af-0132-4bda-9060-9700b4f84490,A Google user,https://play-lh.googleusercontent.com/EGemoI2NTXmTsBVtJqk8jxF9rh8ApRWfsIMQSt2uE4OcpQqbFu7f7NbTK05lx80nuSijCz7sc3a277R67g,Way to many ads.,1,22,8.3,2025-12-24 13:03:23,We regret any inconvenience. Ads are essential to sustain our work. Your understanding is truly appreciated.,2025-12-24 13:46:02,8.3
5a98ca66-defa-43c4-b1fe-55bfdbe516b3,A Google user,https://play-lh.googleusercontent.com/EGemoI2NTXmTsBVtJqk8jxF9rh8ApRWfsIMQSt2uE4OcpQqbFu7f7NbTK05lx80nuSijCz7sc3a277R67g,so great,5,0,8.3,2025-12-22 08:43:06,"We're delighted to know that our app met your expectations. Should you have any further suggestions or queries, don't hesitate to write to us at zugarmobility@gmail.com.",2025-12-22 08:46:02,8.3
f4d5f2b6-0ed4-4d70-98cb-c8b69795613d,A Google user,https://play-lh.googleusercontent.com/EGemoI2NTXmTsBVtJqk8jxF9rh8ApRWfsIMQSt2uE4OcpQqbFu7f7NbTK05lx80nuSijCz7sc3a277R67g,thank you allah for lstting me find this now i can pray and learn arab,5,1,8.3,2025-12-21 10:16:31,"We're delighted to know that our app met your expectations. Should you have any further suggestions or queries, don't hesitate to write to us at zugarmobility@gmail.com.",2025-12-21 10:46:02,8.3
5da46872-6ff7-4400-9717-0e7284ad8895,A Google user,https://play-lh.googleusercontent.com/EGemoI2NTXmTsBVtJqk8jxF9rh8ApRWfsIMQSt2uE4OcpQqbFu7f7NbTK05lx80nuSijCz7sc3a277R67g,good,5,0,8.3,2025-12-20 07:13:35,"We're delighted to know that our app met your expectations. Should you have any further suggestions or queries, don't hesitate to write to us at zugarmobility@gmail.com.",2025-12-20 07:46:02,8.3
d3bfb910-9d36-41dc-a1a5-878eb10dbe35,A Google user,https://play-lh.googleusercontent.com/EGemoI2NTXmTsBVtJqk8jxF9rh8ApRWfsIMQSt2uE4OcpQqbFu7f7NbTK05lx80nuSijCz7sc3a277R67g,This is the best Muslim app have use so far🥰,1,0,8.3,2025-12-18 19:49:39,Happy to know you're liking our app. We strive for excellence and your 5-star rating will boost our spirits!,2025-12-18 20:00:02,8.3
00be676b-3eee-48f9-8055-294f2baf1dbc,A Google user,https://play-lh.googleusercontent.com/EGemoI2NTXmTsBVtJqk8jxF9rh8ApRWfsIMQSt2uE4OcpQqbFu7f7NbTK05lx80nuSijCz7sc3a277R67g,not useful,2,0,8.2,2025-12-10 22:11:31,,,8.2
a39f0e12-a7cb-489b-95ca-7ad7420d7848,A Google user,https://play-lh.googleusercontent.com/EGemoI2NTXmTsBVtJqk8jxF9rh8ApRWfsIMQSt2uE4OcpQqbFu7f7NbTK05lx80nuSijCz7sc3a277R67g,good for Muslim,5,0,8.2,2025-12-09 18:13:10,"We're delighted to know that our app met your expectations. Should you have any further suggestions or queries, don't hesitate to write to us at zugarmobility@gmail.com.",2025-12-09 18:46:02,8.2
357c8b71-80fa-4d58-b882-f0c00d8b7756,A Google user,https://play-lh.googleusercontent.com/EGemoI2NTXmTsBVtJqk8jxF9rh8ApRWfsIMQSt2uE4OcpQqbFu7f7NbTK05lx80nuSijCz7sc3a277R67g,assalamualaikum mashallah subhanallah alhamdulillah allahuakbr zazak Allah khyran,5,0,8.2,2025-12-05 00:23:22,,,8.2
f1468dc1-2da2-409a-920c-55f408e4c1a7,A Google user,https://play-lh.googleusercontent.com/EGemoI2NTXmTsBVtJqk8jxF9rh8ApRWfsIMQSt2uE4OcpQqbFu7f7NbTK05lx80nuSijCz7sc3a277R67g,"got flooded with ads, if you wanted blessings from this as a company you would have it as a non profit and people offer to maintain it. I don't believe it's ""necessary"" for you to have the among if ads that you do, as well as charge people a subscription. shame. I switched to another app anyways one that follows the virtues of donation and a helping hand without ads.",1,7,,2025-12-04 18:15:13,We regret any inconvenience. Ads are essential to sustain our work. Your understanding is truly appreciated.,2025-12-04 18:46:02,
10a3af26-f6b8-4948-b5c7-2611e13273ea,A Google user,https://play-lh.googleusercontent.com/EGemoI2NTXmTsBVtJqk8jxF9rh8ApRWfsIMQSt2uE4OcpQqbFu7f7NbTK05lx80nuSijCz7sc3a277R67g,তহজজ,1,0,8.2,2025-12-02 19:59:46,,,8.2
d4756fe6-30e3-49ad-a2ec-3c34917ae520,A Google user,https://play-lh.googleusercontent.com/EGemoI2NTXmTsBVtJqk8jxF9rh8ApRWfsIMQSt2uE4OcpQqbFu7f7NbTK05lx80nuSijCz7sc3a277R67g,so good i also love it,5,0,8.2,2025-12-02 15:00:53,"We're delighted to know that our app met your expectations. Should you have any further suggestions or queries, don't hesitate to write to us at zugarmobility@gmail.com.",2025-12-02 15:46:02,8.2
f476f54e-109d-4056-8041-034baaa3d8f5,A Google user,https://play-lh.googleusercontent.com/EGemoI2NTXmTsBVtJqk8jxF9rh8ApRWfsIMQSt2uE4OcpQqbFu7f7NbTK05lx80nuSijCz7sc3a277R67g,💯,5,0,8.1,2025-11-29 17:58:53,,,8.1
5f5621f6-9bb0-4f3e-a072-98cf5c79c654,A Google user,https://play-lh.googleusercontent.com/EGemoI2NTXmTsBVtJqk8jxF9rh8ApRWfsIMQSt2uE4OcpQqbFu7f7NbTK05lx80nuSijCz7sc3a277R67g,quran good,5,0,8.2,2025-11-29 03:16:24,"We're delighted to know that our app met your expectations. Should you have any further suggestions or queries, don't hesitate to write to us at zugarmobility@gmail.com.",2025-11-29 03:46:02,8.2
3f4170d9-1ee9-493e-b56d-331d1aae50c8,A Google user,https://play-lh.googleusercontent.com/EGemoI2NTXmTsBVtJqk8jxF9rh8ApRWfsIMQSt2uE4OcpQqbFu7f7NbTK05lx80nuSijCz7sc3a277R67g,Do not download there is too much add in the app,1,1,,2025-11-24 09:28:06,"We understand your disappointment and are eager to make things right. Help us improve by sharing your suggestions via email at zugarmobility@gmail.com. Rest assured, we're committed to creating a more satisfying experience.",2025-11-24 09:46:02,
3396cd46-63c3-4b3e-a45d-736bdfdc7a81,A Google user,https://play-lh.googleusercontent.com/EGemoI2NTXmTsBVtJqk8jxF9rh8ApRWfsIMQSt2uE4OcpQqbFu7f7NbTK05lx80nuSijCz7sc3a277R67g,it's a good,5,0,8.2,2025-11-23 02:56:24,"We're delighted to know that our app met your expectations. Should you have any further suggestions or queries, don't hesitate to write to us at zugarmobility@gmail.com.",2025-11-23 03:00:02,8.2
6904bf8d-a604-4dbb-9b78-ac59742203af,A Google user,https://play-lh.googleusercontent.com/EGemoI2NTXmTsBVtJqk8jxF9rh8ApRWfsIMQSt2uE4OcpQqbFu7f7NbTK05lx80nuSijCz7sc3a277R67g,MashaAllah 😍,5,0,7.1,2025-11-22 17:59:28,,,7.1
aa6ae628-172f-4161-bc09-436c8ea0ab26,A Google user,https://play-lh.googleusercontent.com/EGemoI2NTXmTsBVtJqk8jxF9rh8ApRWfsIMQSt2uE4OcpQqbFu7f7NbTK05lx80nuSijCz7sc3a277R67g,Very good,5,0,7.1,2025-11-21 09:26:14,"We're delighted to know that our app met your expectations. Should you have any further suggestions or queries, don't hesitate to write to us at zugarmobility@gmail.com.",2025-11-21 09:46:02,7.1
6f54d99c-89fe-4fb3-bb52-d79273352c22,A Google user,https://play-lh.googleusercontent.com/EGemoI2NTXmTsBVtJqk8jxF9rh8ApRWfsIMQSt2uE4OcpQqbFu7f7NbTK05lx80nuSijCz7sc3a277R67g,"Before I even got to the home page, I had seen 6 ads. As in, I had just installed it, and had been going through the usual app permissions... and already 6 adds. I can only imagine what that would be like during Ramadan. Uninstalling.",1,24,8.1,2025-11-17 17:18:58,"We understand your disappointment and are eager to make things right. Help us improve by sharing your suggestions via email at zugarmobility@gmail.com. Rest assured, we're committed to creating a more satisfying experience.",2025-11-17 17:46:02,8.1
f185ea23-bfd8-4fa9-b4c4-1dd4e844ba8a,A Google user,https://play-lh.googleusercontent.com/EGemoI2NTXmTsBVtJqk8jxF9rh8ApRWfsIMQSt2uE4OcpQqbFu7f7NbTK05lx80nuSijCz7sc3a277R67g,"I installed the app and open twice, both time I went to advertisement. uninstalled right away",1,2,,2025-11-17 00:43:57,"We understand your disappointment and are eager to make things right. Help us improve by sharing your suggestions via email at zugarmobility@gmail.com. Rest assured, we're committed to creating a more satisfying experience.",2025-11-17 00:46:03,
2c54d923-ee97-4441-b3d6-820319d8e393,A Google user,https://play-lh.googleusercontent.com/EGemoI2NTXmTsBVtJqk8jxF9rh8ApRWfsIMQSt2uE4OcpQqbFu7f7NbTK05lx80nuSijCz7sc3a277R67g,"Mashallah, Very good app. Accurate Qibla Direction, timely reminder. I really liked it and benefited a lot.",4,3,8.1,2025-11-16 22:28:32,Happy to know you're liking our app. We strive for excellence and your 5-star rating will boost our spirits!,2025-11-16 22:46:02,8.1
f41b0b3a-f72c-4577-82f3-9f2abbac5705,A Google user,https://play-lh.googleusercontent.com/EGemoI2NTXmTsBVtJqk8jxF9rh8ApRWfsIMQSt2uE4OcpQqbFu7f7NbTK05lx80nuSijCz7sc3a277R67g,Alhamdulillah,5,0,8.2,2025-11-15 07:39:21,,,8.2
20c2ddea-3c49-4000-9610-70899a384d94,A Google user,https://play-lh.googleusercontent.com/EGemoI2NTXmTsBVtJqk8jxF9rh8ApRWfsIMQSt2uE4OcpQqbFu7f7NbTK05lx80nuSijCz7sc3a277R67g,very bad app when I tried to install there were many ads popping up and till 1 hour I was just skipping ads only why to do a business in the name of Islam,1,7,8.1,2025-11-15 05:32:32,"We understand your disappointment and are eager to make things right. Help us improve by sharing your suggestions via email at zugarmobility@gmail.com. Rest assured, we're committed to creating a more satisfying experience.",2025-11-15 05:46:02,8.1
4f0b5647-ed1b-4061-8931-a9170819423a,A Google user,https://play-lh.googleusercontent.com/EGemoI2NTXmTsBVtJqk8jxF9rh8ApRWfsIMQSt2uE4OcpQqbFu7f7NbTK05lx80nuSijCz7sc3a277R67g,للاسف تطبيق فاشل كله اعلانات. اعلانات كثيرة شاشة كاملة وما بفتح التطبيق الا لحتى تشوف الاعلان كامل وبعلق كمان هو انا كل مابدي اشوف موعد الصلاة بدي اشوف السبلاش سكرين واستنى يحمل وبعدين اشوف الاعلان وبعدين يسمحلي ادخل وبالنهاية لايستحق الدفع في تطبيقات كثير افضل واقوى ومجانا,1,0,8.1,2025-11-14 00:35:26,,,8.1
cfbc9644-b3d9-4185-b317-d718db6f41a8,A Google user,https://play-lh.googleusercontent.com/EGemoI2NTXmTsBVtJqk8jxF9rh8ApRWfsIMQSt2uE4OcpQqbFu7f7NbTK05lx80nuSijCz7sc3a277R67g,better,5,0,8.1,2025-11-13 15:12:08,,,8.1
dcd117a1-c504-4af4-9d46-d043366cb0dd,A Google user,https://play-lh.googleusercontent.com/EGemoI2NTXmTsBVtJqk8jxF9rh8ApRWfsIMQSt2uE4OcpQqbFu7f7NbTK05lx80nuSijCz7sc3a277R67g,excellent service 👏 👍 👌 😀 🙌 😎,5,0,,2025-11-13 05:39:51,"We're delighted to know that our app met your expectations. Should you have any further suggestions or queries, don't hesitate to write to us at zugarmobility@gmail.com.",2025-11-13 05:46:02,
4b3d9b7a-6542-4f51-925d-abd96503f52b,A Google user,https://play-lh.googleusercontent.com/EGemoI2NTXmTsBVtJqk8jxF9rh8ApRWfsIMQSt2uE4OcpQqbFu7f7NbTK05lx80nuSijCz7sc3a277R67g,The worst program ever really since I started downloading programs this program was the worst ever and I don't recommend using,1,1,8.1,2025-11-12 01:22:41,"We understand your disappointment and are eager to make things right. Help us improve by sharing your suggestions via email at zugarmobility@gmail.com. Rest assured, we're committed to creating a more satisfying experience.",2025-11-12 01:46:02,8.1
9619f62c-65b1-4e56-9b6d-3c9516da439e,A Google user,https://play-lh.googleusercontent.com/EGemoI2NTXmTsBVtJqk8jxF9rh8ApRWfsIMQSt2uE4OcpQqbFu7f7NbTK05lx80nuSijCz7sc3a277R67g,"Good app, this help us to learn hadiths and Dua",5,0,8.1,2025-11-11 12:39:29,"We're delighted to know that our app met your expectations. Should you have any further suggestions or queries, don't hesitate to write to us at zugarmobility@gmail.com.",2025-11-11 12:46:04,8.1
7811bf3c-445d-49f4-97d2-4a21aae2c5f4,A Google user,https://play-lh.googleusercontent.com/EGemoI2NTXmTsBVtJqk8jxF9rh8ApRWfsIMQSt2uE4OcpQqbFu7f7NbTK05lx80nuSijCz7sc3a277R67g,Too much ads,1,0,8.1,2025-11-11 12:12:05,We regret any inconvenience. Ads are essential to sustain our work. Your understanding is truly appreciated.,2025-11-11 12:46:05,8.1
9834f1bf-76e6-42ac-8182-1b0d31912aed,A Google user,https://play-lh.googleusercontent.com/EGemoI2NTXmTsBVtJqk8jxF9rh8ApRWfsIMQSt2uE4OcpQqbFu7f7NbTK05lx80nuSijCz7sc3a277R67g,V good,5,0,8.1,2025-11-09 16:55:44,"We're delighted to know that our app met your expectations. Should you have any further suggestions or queries, don't hesitate to write to us at zugarmobility@gmail.com.",2025-11-09 17:00:02,8.1
df1816cb-43b7-448b-8680-24847ce47f77,A Google user,https://play-lh.googleusercontent.com/EGemoI2NTXmTsBVtJqk8jxF9rh8ApRWfsIMQSt2uE4OcpQqbFu7f7NbTK05lx80nuSijCz7sc3a277R67g,good 👍,5,0,8.1,2025-11-07 08:01:02,"We're delighted to know that our app met your expectations. Should you have any further suggestions or queries, don't hesitate to write to us at zugarmobility@gmail.com.",2025-11-07 08:46:03,8.1
1665a685-181a-4809-a4b6-b2e038756537,A Google user,https://play-lh.googleusercontent.com/EGemoI2NTXmTsBVtJqk8jxF9rh8ApRWfsIMQSt2uE4OcpQqbFu7f7NbTK05lx80nuSijCz7sc3a277R67g,Spiritually beautiful app,5,0,8.1,2025-11-05 10:47:52,"We're delighted to know that our app met your expectations. Should you have any further suggestions or queries, don't hesitate to write to us at zugarmobility@gmail.com.",2025-11-05 11:00:03,8.1
056b9d09-3a7e-4d43-bac8-0a348d3a4bd2,A Google user,https://play-lh.googleusercontent.com/EGemoI2NTXmTsBVtJqk8jxF9rh8ApRWfsIMQSt2uE4OcpQqbFu7f7NbTK05lx80nuSijCz7sc3a277R67g,"very good, nice and interesting app.",4,0,8.1,2025-11-05 03:21:04,Happy to know you're liking our app. We strive for excellence and your 5-star rating will boost our spirits!,2025-11-05 03:46:03,8.1
2665a280-9810-4b60-96d2-54e912b85134,A Google user,https://play-lh.googleusercontent.com/EGemoI2NTXmTsBVtJqk8jxF9rh8ApRWfsIMQSt2uE4OcpQqbFu7f7NbTK05lx80nuSijCz7sc3a277R67g,once i open it and for the first time 3 to 4 ads in raw i hate that,2,0,8.1,2025-11-05 00:52:53,We regret any inconvenience. Ads are essential to sustain our work. Your understanding is truly appreciated.,2025-11-05 01:00:03,8.1
afad22f8-68dc-420b-8be6-ab284211757e,A Google user,https://play-lh.googleusercontent.com/EGemoI2NTXmTsBVtJqk8jxF9rh8ApRWfsIMQSt2uE4OcpQqbFu7f7NbTK05lx80nuSijCz7sc3a277R67g,allhamdullilahh,5,0,8.1,2025-11-04 03:14:47,,,8.1
4d9eca78-7f88-4979-a169-1fa7685eb7b3,A Google user,https://play-lh.googleusercontent.com/EGemoI2NTXmTsBVtJqk8jxF9rh8ApRWfsIMQSt2uE4OcpQqbFu7f7NbTK05lx80nuSijCz7sc3a277R67g,mash Allah 🥰,5,0,8.1,2025-11-02 22:30:12,,,8.1
84a28b5f-3149-4181-a6ee-2ad87673c576,A Google user,https://play-lh.googleusercontent.com/EGemoI2NTXmTsBVtJqk8jxF9rh8ApRWfsIMQSt2uE4OcpQqbFu7f7NbTK05lx80nuSijCz7sc3a277R67g,Good app,5,0,,2025-11-02 12:26:16,"We're delighted to know that our app met your expectations. Should you have any further suggestions or queries, don't hesitate to write to us at zugarmobility@gmail.com.",2025-11-02 12:46:02,
fdb620d7-d687-4ac0-b6ef-409958e6c36c,A Google user,https://play-lh.googleusercontent.com/EGemoI2NTXmTsBVtJqk8jxF9rh8ApRWfsIMQSt2uE4OcpQqbFu7f7NbTK05lx80nuSijCz7sc3a277R67g,nowt says let's get close to god like a load of adds and a pay a moth to do things,1,1,,2025-11-02 04:21:40,We regret any inconvenience. Ads are essential to sustain our work. Your understanding is truly appreciated.,2025-11-02 04:46:02,
922056f4-34cf-4d8a-b2fc-b1b056aef38e,A Google user,https://play-lh.googleusercontent.com/EGemoI2NTXmTsBVtJqk8jxF9rh8ApRWfsIMQSt2uE4OcpQqbFu7f7NbTK05lx80nuSijCz7sc3a277R67g,This app very helpful,5,0,8.1,2025-10-31 19:43:53,"We're delighted to know that our app met your expectations. Should you have any further suggestions or queries, don't hesitate to write to us at zugarmobility@gmail.com.",2025-10-31 19:46:02,8.1
0c2c949b-3a67-4330-94d9-7f9601b56ce3,A Google user,https://play-lh.googleusercontent.com/EGemoI2NTXmTsBVtJqk8jxF9rh8ApRWfsIMQSt2uE4OcpQqbFu7f7NbTK05lx80nuSijCz7sc3a277R67g,"full with ads, even though I paid for premium .",1,1,8.1,2025-10-30 18:44:39,We regret any inconvenience. Ads are essential to sustain our work. Your understanding is truly appreciated.,2025-08-04 17:13:40,8.1
d95ca08d-bbd1-4e31-beea-58131ddde51e,A Google user,https://play-lh.googleusercontent.com/EGemoI2NTXmTsBVtJqk8jxF9rh8ApRWfsIMQSt2uE4OcpQqbFu7f7NbTK05lx80nuSijCz7sc3a277R67g,"I would give a minus rating, on every click there's an add.. I mean what the.... I don't know how people are using this app and how it is helping others",1,3,,2025-10-29 22:47:34,We regret any inconvenience. Ads are essential to sustain our work. Your understanding is truly appreciated.,2025-10-29 23:00:02,
525558c6-edff-432b-8fd8-e3aee324820a,A Google user,https://play-lh.googleusercontent.com/EGemoI2NTXmTsBVtJqk8jxF9rh8ApRWfsIMQSt2uE4OcpQqbFu7f7NbTK05lx80nuSijCz7sc3a277R67g,to much ads,1,0,,2025-10-29 17:14:56,We regret any inconvenience. Ads are essential to sustain our work. Your understanding is truly appreciated.,2025-10-29 17:46:02,
00b34d19-5640-49c0-8bff-e7562950be18,A Google user,https://play-lh.googleusercontent.com/EGemoI2NTXmTsBVtJqk8jxF9rh8ApRWfsIMQSt2uE4OcpQqbFu7f7NbTK05lx80nuSijCz7sc3a277R67g,good app,4,0,8.1,2025-10-22 04:53:21,Happy to know you're liking our app. We strive for excellence and your 5-star rating will boost our spirits!,2025-10-22 05:00:02,8.1
7443d1cc-3a62-4639-9e50-f9779b376e04,A Google user,https://play-lh.googleusercontent.com/EGemoI2NTXmTsBVtJqk8jxF9rh8ApRWfsIMQSt2uE4OcpQqbFu7f7NbTK05lx80nuSijCz7sc3a277R67g,good,5,0,8.1,2025-10-20 15:39:55,"We're delighted to know that our app met your expectations. Should you have any further suggestions or queries, don't hesitate to write to us at zugarmobility@gmail.com.",2025-10-20 15:46:02,8.1
589e410c-da81-4dfb-a98a-c3b41ebfd5c9,A Google user,https://play-lh.googleusercontent.com/EGemoI2NTXmTsBVtJqk8jxF9rh8ApRWfsIMQSt2uE4OcpQqbFu7f7NbTK05lx80nuSijCz7sc3a277R67g,HAPPY BIRTHDAY A..BEJAAN JHA.. INDIA'..BEST OF LUCK..PLAY..AC..LOVERS..INDIGO..connect me Eye.Aeroplane,5,0,8.1,2025-10-20 05:58:25,"We're delighted to know that our app met your expectations. Should you have any further suggestions or queries, don't hesitate to write to us at zugarmobility@gmail.com.",2025-10-20 06:00:03,8.1
067df754-c31e-49d6-bdb1-725fdb2640c3,A Google user,https://play-lh.googleusercontent.com/EGemoI2NTXmTsBVtJqk8jxF9rh8ApRWfsIMQSt2uE4OcpQqbFu7f7NbTK05lx80nuSijCz7sc3a277R67g,good,5,0,8.1,2025-10-19 18:56:59,"We're delighted to know that our app met your expectations. Should you have any further suggestions or queries, don't hesitate to write to us at zugarmobility@gmail.com.",2025-10-19 19:00:02,8.1
61cfaa45-f915-4d5d-b955-56a0d46fa110,A Google user,https://play-lh.googleusercontent.com/EGemoI2NTXmTsBVtJqk8jxF9rh8ApRWfsIMQSt2uE4OcpQqbFu7f7NbTK05lx80nuSijCz7sc3a277R67g,great.... ❤️,5,0,8.1,2025-10-19 15:42:27,"We're delighted to know that our app met your expectations. Should you have any further suggestions or queries, don't hesitate to write to us at zugarmobility@gmail.com.",2025-10-19 15:46:02,8.1
5f21483e-735e-4595-b5a4-9d4070e11cb0,A Google user,https://play-lh.googleusercontent.com/EGemoI2NTXmTsBVtJqk8jxF9rh8ApRWfsIMQSt2uE4OcpQqbFu7f7NbTK05lx80nuSijCz7sc3a277R67g,how can I change the hadiths language,5,0,8.1,2025-10-17 16:24:36,,,8.1
232b74b7-ee52-4ea2-a255-fe5c2a1b5d23,A Google user,https://play-lh.googleusercontent.com/EGemoI2NTXmTsBVtJqk8jxF9rh8ApRWfsIMQSt2uE4OcpQqbFu7f7NbTK05lx80nuSijCz7sc3a277R67g,keep me informed about living life is really about.,5,0,8.1,2025-10-17 05:11:52,,,8.1
432f2566-10c3-494b-8c91-43cc0c9a1496,A Google user,https://play-lh.googleusercontent.com/EGemoI2NTXmTsBVtJqk8jxF9rh8ApRWfsIMQSt2uE4OcpQqbFu7f7NbTK05lx80nuSijCz7sc3a277R67g,its a good app that guides you,5,0,7.7,2025-10-12 18:43:51,"We're delighted to know that our app met your expectations. Should you have any further suggestions or queries, don't hesitate to write to us at zugarmobility@gmail.com.",2025-10-12 18:46:02,7.7
8ef8a055-5b63-47c2-81cd-c1c7bc01e6bd,A Google user,https://play-lh.googleusercontent.com/EGemoI2NTXmTsBVtJqk8jxF9rh8ApRWfsIMQSt2uE4OcpQqbFu7f7NbTK05lx80nuSijCz7sc3a277R67g,Uninstall👎👎👎 too many Inappropriate Ads.,1,1,8.1,2025-10-12 18:14:22,"We understand your disappointment and are eager to make things right. Help us improve by sharing your suggestions via email at zugarmobility@gmail.com. Rest assured, we're committed to creating a more satisfying experience.",2025-10-12 18:46:03,8.1
dd174a65-5fdd-4f61-8b9a-e3ac28313b2d,A Google user,https://play-lh.googleusercontent.com/EGemoI2NTXmTsBVtJqk8jxF9rh8ApRWfsIMQSt2uE4OcpQqbFu7f7NbTK05lx80nuSijCz7sc3a277R67g,alhamdulillah,4,0,,2025-10-09 10:22:45,,,
56de6789-bde4-42a0-80fb-93b6bff95f3b,A Google user,https://play-lh.googleusercontent.com/EGemoI2NTXmTsBVtJqk8jxF9rh8ApRWfsIMQSt2uE4OcpQqbFu7f7NbTK05lx80nuSijCz7sc3a277R67g,I give it 4 because it's good but there's no translation,4,1,8.1,2025-10-04 19:21:15,Happy to know you're liking our app. We strive for excellence and your 5-star rating will boost our spirits!,2025-10-04 21:04:07,8.1
80cea080-374e-484e-bf97-9cd47f31dde6,A Google user,https://play-lh.googleusercontent.com/EGemoI2NTXmTsBVtJqk8jxF9rh8ApRWfsIMQSt2uE4OcpQqbFu7f7NbTK05lx80nuSijCz7sc3a277R67g,Very good,5,0,8.1,2025-10-03 20:03:29,"We're delighted to know that our app met your expectations. Should you have any further suggestions or queries, don't hesitate to write to us at zugarmobility@gmail.com.",2025-10-03 22:09:29,8.1
88342f01-ef3e-423f-b7c6-c615e47192c8,A Google user,https://play-lh.googleusercontent.com/EGemoI2NTXmTsBVtJqk8jxF9rh8ApRWfsIMQSt2uE4OcpQqbFu7f7NbTK05lx80nuSijCz7sc3a277R67g,Very anoying ads,1,0,,2025-09-29 22:55:57,We regret any inconvenience. Ads are essential to sustain our work. Your understanding is truly appreciated.,2025-09-29 23:13:37,
568e0445-951b-4d4e-bf66-f1c3232631c6,A Google user,https://play-lh.googleusercontent.com/EGemoI2NTXmTsBVtJqk8jxF9rh8ApRWfsIMQSt2uE4OcpQqbFu7f7NbTK05lx80nuSijCz7sc3a277R67g,nice,5,0,8.1,2025-09-29 07:23:43,"We're delighted to know that our app met your expectations. Should you have any further suggestions or queries, don't hesitate to write to us at zugarmobility@gmail.com.",2025-09-29 10:43:37,8.1
80ee4de2-559c-41e1-a6b0-39785f406afb,A Google user,https://play-lh.googleusercontent.com/EGemoI2NTXmTsBVtJqk8jxF9rh8ApRWfsIMQSt2uE4OcpQqbFu7f7NbTK05lx80nuSijCz7sc3a277R67g,Verry used this apps 😊😊😊😊😊🇵🇭🇵🇭🇵🇭🇵🇭 Excellent,5,0,8.1,2025-09-26 11:58:59,"We're delighted to know that our app met your expectations. Should you have any further suggestions or queries, don't hesitate to write to us at zugarmobility@gmail.com.",2025-09-26 16:03:37,8.1
49f4ddf9-7f64-4e58-8f46-d59977e06916,A Google user,https://play-lh.googleusercontent.com/EGemoI2NTXmTsBVtJqk8jxF9rh8ApRWfsIMQSt2uE4OcpQqbFu7f7NbTK05lx80nuSijCz7sc3a277R67g,too much ads .. I removed it after installing,1,1,,2025-09-22 10:43:20,We regret any inconvenience. Ads are essential to sustain our work. Your understanding is truly appreciated.,2025-09-23 00:33:39,
a2e1b127-da1a-49b6-a590-72c2cce423ec,A Google user,https://play-lh.googleusercontent.com/EGemoI2NTXmTsBVtJqk8jxF9rh8ApRWfsIMQSt2uE4OcpQqbFu7f7NbTK05lx80nuSijCz7sc3a277R67g,❤❤❤❤❤❤❤❤❤❤❤❤❤❤❤❤❤❤❤❤❤❤❤❤❤❤❤❤❤❤❤❤❤❤❤❤❤❤❤❤❤❤❤❤❤❤❤❤🕋🌠🕋🕋🕋🌠🤲☺,5,0,8.1,2025-09-21 07:58:45,,,8.1
d6239255-48f7-494f-a8b4-3fb30edd3709,A Google user,https://play-lh.googleusercontent.com/EGemoI2NTXmTsBVtJqk8jxF9rh8ApRWfsIMQSt2uE4OcpQqbFu7f7NbTK05lx80nuSijCz7sc3a277R67g,it's useful,5,0,8.1,2025-09-20 12:19:51,,,8.1
391e3400-54c7-4f78-b9ce-72e98093d5db,A Google user,https://play-lh.googleusercontent.com/EGemoI2NTXmTsBVtJqk8jxF9rh8ApRWfsIMQSt2uE4OcpQqbFu7f7NbTK05lx80nuSijCz7sc3a277R67g,its a great apps,5,0,8.1,2025-09-16 20:32:19,"We're delighted to know that our app met your expectations. Should you have any further suggestions or queries, don't hesitate to write to us at zugarmobility@gmail.com.",2025-09-17 13:18:44,8.1
5ad9cf17-e637-4c97-89cc-c47ade18a694,A Google user,https://play-lh.googleusercontent.com/EGemoI2NTXmTsBVtJqk8jxF9rh8ApRWfsIMQSt2uE4OcpQqbFu7f7NbTK05lx80nuSijCz7sc3a277R67g,EXCELLENCES,5,0,8.1,2025-09-15 13:25:14,,,8.1
7fc77082-1c88-43e5-a97d-aaf7ea8c0b80,A Google user,https://play-lh.googleusercontent.com/EGemoI2NTXmTsBVtJqk8jxF9rh8ApRWfsIMQSt2uE4OcpQqbFu7f7NbTK05lx80nuSijCz7sc3a277R67g,you cannot change the city,1,0,8.1,2025-09-10 15:51:47,"Your feedback is paramount to us. If you could detail the issue at zugarmobility@gmail.com, we will swiftly take the necessary steps.",2025-09-12 04:08:55,8.1
91706dfd-0591-4900-8efb-aaa3f2b43484,A Google user,https://play-lh.googleusercontent.com/EGemoI2NTXmTsBVtJqk8jxF9rh8ApRWfsIMQSt2uE4OcpQqbFu7f7NbTK05lx80nuSijCz7sc3a277R67g,constant 10 minutes of ads before i can use the app,1,1,8.1,2025-09-10 04:34:13,We regret any inconvenience. Ads are essential to sustain our work. Your understanding is truly appreciated.,2025-09-10 08:23:37,8.1
d3bd4b51-4a70-4d70-92ff-f236605d6c9b,A Google user,https://play-lh.googleusercontent.com/EGemoI2NTXmTsBVtJqk8jxF9rh8ApRWfsIMQSt2uE4OcpQqbFu7f7NbTK05lx80nuSijCz7sc3a277R67g,very good and excellent explanation maammmm,5,1,8.1,2025-09-09 21:20:00,"We're delighted to know that our app met your expectations. Should you have any further suggestions or queries, don't hesitate to write to us at zugarmobility@gmail.com.",2025-09-10 02:09:02,8.1
b006a9af-7c00-426f-b1af-37d9e8a2e16e,A Google user,https://play-lh.googleusercontent.com/EGemoI2NTXmTsBVtJqk8jxF9rh8ApRWfsIMQSt2uE4OcpQqbFu7f7NbTK05lx80nuSijCz7sc3a277R67g,There is an app in your ads,3,1,,2025-09-08 01:50:34,We regret any inconvenience. Ads are essential to sustain our work. Your understanding is truly appreciated.,2025-09-08 18:53:37,
8696a68e-4fd8-4a73-bd3e-d0a8d3183b44,A Google user,https://play-lh.googleusercontent.com/EGemoI2NTXmTsBVtJqk8jxF9rh8ApRWfsIMQSt2uE4OcpQqbFu7f7NbTK05lx80nuSijCz7sc3a277R67g,jzl i appreciated deloper of this app.. may allah bless you,5,0,6.7,2025-09-07 23:50:17,,,6.7
876c11f3-16c8-4f98-a0ed-94439ba69ee2,A Google user,https://play-lh.googleusercontent.com/EGemoI2NTXmTsBVtJqk8jxF9rh8ApRWfsIMQSt2uE4OcpQqbFu7f7NbTK05lx80nuSijCz7sc3a277R67g,nice,5,0,8.1,2025-09-05 19:45:00,"We're delighted to know that our app met your expectations. Should you have any further suggestions or queries, don't hesitate to write to us at zugarmobility@gmail.com.",2025-09-05 20:03:36,8.1
cec510bc-7c57-4c04-bf59-ddd7b16f55c7,A Google user,https://play-lh.googleusercontent.com/EGemoI2NTXmTsBVtJqk8jxF9rh8ApRWfsIMQSt2uE4OcpQqbFu7f7NbTK05lx80nuSijCz7sc3a277R67g,"App was good but now i can't listen to any verses. When i want to listen ""No reciters available "" is shown. I am facing this problem badly. Please solve this problem.",3,11,8.1,2025-09-04 19:33:36,Happy to know you're liking our app. We strive for excellence and your 5-star rating will boost our spirits!,2025-09-04 21:09:15,8.1
50206533-ca1c-40a8-981a-06218a104876,A Google user,https://play-lh.googleusercontent.com/EGemoI2NTXmTsBVtJqk8jxF9rh8ApRWfsIMQSt2uE4OcpQqbFu7f7NbTK05lx80nuSijCz7sc3a277R67g,the audio is not working,2,0,8.1,2025-09-01 19:59:06,"We understand your disappointment and are eager to make things right. Help us improve by sharing your suggestions via email at zugarmobility@gmail.com. Rest assured, we're committed to creating a more satisfying experience.",2025-09-02 08:43:36,8.1
4e73e88f-6d0e-405b-ba72-a96f4bc0edd8,A Google user,https://play-lh.googleusercontent.com/EGemoI2NTXmTsBVtJqk8jxF9rh8ApRWfsIMQSt2uE4OcpQqbFu7f7NbTK05lx80nuSijCz7sc3a277R67g,mashallah so useful,5,0,,2025-08-30 07:03:19,,,
ea21270e-69a0-4190-b6c1-782a17b8e374,A Google user,https://play-lh.googleusercontent.com/EGemoI2NTXmTsBVtJqk8jxF9rh8ApRWfsIMQSt2uE4OcpQqbFu7f7NbTK05lx80nuSijCz7sc3a277R67g,"very helpfull app for fellow worshipers like me , the pnly drawback is it doesnot have proper salah timing in remote areas",5,44,8.1,2025-08-28 12:56:58,"We're delighted to know that our app met your expectations. Should you have any further suggestions or queries, don't hesitate to write to us at zugarmobility@gmail.com.",2025-08-28 14:08:58,8.1
8ef65e06-c4ea-4d53-8d82-5f2dbcae9b08,A Google user,https://play-lh.googleusercontent.com/EGemoI2NTXmTsBVtJqk8jxF9rh8ApRWfsIMQSt2uE4OcpQqbFu7f7NbTK05lx80nuSijCz7sc3a277R67g,very useful,5,0,8.1,2025-08-27 13:19:09,,,8.1
91824086-0bea-482c-8ca2-1355ec8a9e28,A Google user,https://play-lh.googleusercontent.com/EGemoI2NTXmTsBVtJqk8jxF9rh8ApRWfsIMQSt2uE4OcpQqbFu7f7NbTK05lx80nuSijCz7sc3a277R67g,فتحت التطبيق واغلقته ثلاث مرات لأنه تطلعلي اعلانات جنسية وسخة ودعوة للرذيلة! حذفته لأن يجبرونك تشوف الخبث من قبل ان ترى صفحة التطبيق الرئيسية حتى!!!,1,0,,2025-08-26 22:48:26,We regret any inconvenience. Ads are essential to sustain our work. Your understanding is truly appreciated.,2025-08-27 02:43:37,
6c9c57cf-9342-40b0-bba8-b7696bc81e6f,A Google user,https://play-lh.googleusercontent.com/EGemoI2NTXmTsBVtJqk8jxF9rh8ApRWfsIMQSt2uE4OcpQqbFu7f7NbTK05lx80nuSijCz7sc3a277R67g,great,5,0,8.1,2025-08-26 01:12:02,"We're delighted to know that our app met your expectations. Should you have any further suggestions or queries, don't hesitate to write to us at zugarmobility@gmail.com.",2025-08-26 01:43:37,8.1
b84afecc-6861-45eb-92ee-e034551b21ea,A Google user,https://play-lh.googleusercontent.com/EGemoI2NTXmTsBVtJqk8jxF9rh8ApRWfsIMQSt2uE4OcpQqbFu7f7NbTK05lx80nuSijCz7sc3a277R67g,"2 star why because it has an ads,pop up ads.",2,1,8.1,2025-08-25 10:29:30,We regret any inconvenience. Ads are essential to sustain our work. Your understanding is truly appreciated.,2025-08-25 21:33:40,8.1
1cb2db36-c35a-4a4e-b70c-facaceab44dd,A Google user,https://play-lh.googleusercontent.com/EGemoI2NTXmTsBVtJqk8jxF9rh8ApRWfsIMQSt2uE4OcpQqbFu7f7NbTK05lx80nuSijCz7sc3a277R67g,good,5,0,8.1,2025-08-25 02:50:29,"We're delighted to know that our app met your expectations. Should you have any further suggestions or queries, don't hesitate to write to us at zugarmobility@gmail.com.",2025-08-25 21:33:44,8.1
842d53c5-6f7b-43b0-9607-4efc53c5d07f,A Google user,https://play-lh.googleusercontent.com/EGemoI2NTXmTsBVtJqk8jxF9rh8ApRWfsIMQSt2uE4OcpQqbFu7f7NbTK05lx80nuSijCz7sc3a277R67g,very good and best,4,0,8.1,2025-08-22 16:24:09,Happy to know you're liking our app. We strive for excellence and your 5-star rating will boost our spirits!,2025-08-12 00:13:39,8.1
9970d478-26aa-414e-8a59-bad5dcc8afc9,A Google user,https://play-lh.googleusercontent.com/EGemoI2NTXmTsBVtJqk8jxF9rh8ApRWfsIMQSt2uE4OcpQqbFu7f7NbTK05lx80nuSijCz7sc3a277R67g,bhut sahi chiz hai ya,5,0,8.1,2025-08-20 01:30:12,,,8.1
3e244e49-7db5-4fb2-b345-6ae6e7f1688f,A Google user,https://play-lh.googleusercontent.com/EGemoI2NTXmTsBVtJqk8jxF9rh8ApRWfsIMQSt2uE4OcpQqbFu7f7NbTK05lx80nuSijCz7sc3a277R67g,"assalamualaikum warahamatuhi waabarkatuh, it doing great only you can't download like surah to ur storage",4,6,8.1,2025-08-19 03:28:59,Happy to know you're liking our app. We strive for excellence and your 5-star rating will boost our spirits!,2025-08-19 15:33:38,8.1
d00d897f-1f57-43be-b8a9-add726dd180b,A Google user,https://play-lh.googleusercontent.com/EGemoI2NTXmTsBVtJqk8jxF9rh8ApRWfsIMQSt2uE4OcpQqbFu7f7NbTK05lx80nuSijCz7sc3a277R67g,get advance to religious knoledge,3,0,,2025-08-16 11:28:53,,,
261f93e1-cbbd-4bd5-88fa-9bdbf931f343,A Google user,https://play-lh.googleusercontent.com/EGemoI2NTXmTsBVtJqk8jxF9rh8ApRWfsIMQSt2uE4OcpQqbFu7f7NbTK05lx80nuSijCz7sc3a277R67g,Perfect,5,0,8.1,2025-08-07 06:08:03,"We're delighted to know that our app met your expectations. Should you have any further suggestions or queries, don't hesitate to write to us at zugarmobility@gmail.com.",2025-08-07 13:58:41,8.1
5f1bbd3d-5fa1-4a9f-891a-6c3565b8eea3,A Google user,https://play-lh.googleusercontent.com/EGemoI2NTXmTsBVtJqk8jxF9rh8ApRWfsIMQSt2uE4OcpQqbFu7f7NbTK05lx80nuSijCz7sc3a277R67g,good app,5,0,7.9,2025-08-02 10:07:08,"We're delighted to know that our app met your expectations. Should you have any further suggestions or queries, don't hesitate to write to us at zugarmobility@gmail.com.",2025-08-02 11:03:37,7.9
a7d30df5-2cfd-4788-958f-0c1e6a97cc02,A Google user,https://play-lh.googleusercontent.com/EGemoI2NTXmTsBVtJqk8jxF9rh8ApRWfsIMQSt2uE4OcpQqbFu7f7NbTK05lx80nuSijCz7sc3a277R67g,I love the Islamic knowledge,5,1,7.9,2025-08-01 12:59:46,"We're delighted to know that our app met your expectations. Should you have any further suggestions or queries, don't hesitate to write to us at zugarmobility@gmail.com.",2025-08-01 14:13:37,7.9
8987f5b7-17f2-4bac-abae-cd18cd6bd55f,A Google user,https://play-lh.googleusercontent.com/EGemoI2NTXmTsBVtJqk8jxF9rh8ApRWfsIMQSt2uE4OcpQqbFu7f7NbTK05lx80nuSijCz7sc3a277R67g,Very good app,5,0,8.1,2025-08-01 11:34:12,"We're delighted to know that our app met your expectations. Should you have any further suggestions or queries, don't hesitate to write to us at zugarmobility@gmail.com.",2025-08-01 12:08:55,8.1
ef8153bd-6cf7-436a-a509-db1b6fe7aa2e,A Google user,https://play-lh.googleusercontent.com/EGemoI2NTXmTsBVtJqk8jxF9rh8ApRWfsIMQSt2uE4OcpQqbFu7f7NbTK05lx80nuSijCz7sc3a277R67g,We really appreciate you making you remember time 4 our praying blessing,5,0,8.1,2025-08-01 08:43:00,,,8.1
e93d2d4b-2f06-41b1-871d-9705a0a485f0,A Google user,https://play-lh.googleusercontent.com/EGemoI2NTXmTsBVtJqk8jxF9rh8ApRWfsIMQSt2uE4OcpQqbFu7f7NbTK05lx80nuSijCz7sc3a277R67g,Good nic,5,0,8.1,2025-07-31 05:46:46,"We're delighted to know that our app met your expectations. Should you have any further suggestions or queries, don't hesitate to write to us at zugarmobility@gmail.com.",2025-08-01 01:43:38,8.1
ee9299f0-16db-4b16-b2b2-c46e90f766c3,A Google user,https://play-lh.googleusercontent.com/EGemoI2NTXmTsBVtJqk8jxF9rh8ApRWfsIMQSt2uE4OcpQqbFu7f7NbTK05lx80nuSijCz7sc3a277R67g,تطبيق رائع بارك الله فيكم,4,0,8.1,2025-07-29 22:22:09,Happy to know you're liking our app. We strive for excellence and your 5-star rating will boost our spirits!,2025-08-01 01:43:41,8.1
ef809f05-d3dd-4a8b-a50f-27c6a5bd0a2b,A Google user,https://play-lh.googleusercontent.com/EGemoI2NTXmTsBVtJqk8jxF9rh8ApRWfsIMQSt2uE4OcpQqbFu7f7NbTK05lx80nuSijCz7sc3a277R67g,full of ads.. are you doing this for sake of Allah or for sake of money?!,1,1,,2025-07-27 04:13:05,We regret any inconvenience. Ads are essential to sustain our work. Your understanding is truly appreciated.,2025-08-01 01:43:44,
c5458942-b9b7-4cdd-b70a-d80fdef8e273,A Google user,https://play-lh.googleusercontent.com/EGemoI2NTXmTsBVtJqk8jxF9rh8ApRWfsIMQSt2uE4OcpQqbFu7f7NbTK05lx80nuSijCz7sc3a277R67g,it should be inclusive of the authentic Hadith,4,2,8.1,2025-07-26 15:58:33,,,8.1
3a1e2ef3-eec7-4e2d-80ed-e96a0000a51f,A Google user,https://play-lh.googleusercontent.com/EGemoI2NTXmTsBVtJqk8jxF9rh8ApRWfsIMQSt2uE4OcpQqbFu7f7NbTK05lx80nuSijCz7sc3a277R67g,ممتاز جدا جدا,5,0,8.1,2025-07-26 09:33:07,"We're delighted to know that our app met your expectations. Should you have any further suggestions or queries, don't hesitate to write to us at zugarmobility@gmail.com.",2025-08-01 01:43:46,8.1
557a0de9-3c64-4667-988a-5616684807ee,A Google user,https://play-lh.googleusercontent.com/EGemoI2NTXmTsBVtJqk8jxF9rh8ApRWfsIMQSt2uE4OcpQqbFu7f7NbTK05lx80nuSijCz7sc3a277R67g,The worst ever! Full of ads,1,1,8.1,2025-07-23 21:40:17,,,8.1
a2d26d4d-5d6c-4833-ad27-7955e98c28ca,A Google user,https://play-lh.googleusercontent.com/EGemoI2NTXmTsBVtJqk8jxF9rh8ApRWfsIMQSt2uE4OcpQqbFu7f7NbTK05lx80nuSijCz7sc3a277R67g,اول ثانيتين دعايه,1,0,7.9,2025-07-22 19:39:35,,,7.9
2d87c887-0c5c-4018-b0e9-27c6ebd59801,A Google user,https://play-lh.googleusercontent.com/EGemoI2NTXmTsBVtJqk8jxF9rh8ApRWfsIMQSt2uE4OcpQqbFu7f7NbTK05lx80nuSijCz7sc3a277R67g,please stop the iklan,5,0,7.9,2025-07-20 04:31:41,,,7.9
f83ec41a-7290-4f0f-8f05-6837ffc40f53,A Google user,https://play-lh.googleusercontent.com/EGemoI2NTXmTsBVtJqk8jxF9rh8ApRWfsIMQSt2uE4OcpQqbFu7f7NbTK05lx80nuSijCz7sc3a277R67g,"too much adds , ijust want to setup the app , it can not be like this for a prayer app , really disappointed",1,2,7.9,2025-07-19 06:34:37,,,7.9
e28a7df5-70ec-40da-b2ef-ee67e16af30f,A Google user,https://play-lh.googleusercontent.com/EGemoI2NTXmTsBVtJqk8jxF9rh8ApRWfsIMQSt2uE4OcpQqbFu7f7NbTK05lx80nuSijCz7sc3a277R67g,Alhamdulillahi Rabbil Alain.,5,0,8.1,2025-07-19 06:15:29,,,8.1
7a95c380-2e24-4f75-9b65-7d3bbf8caf5c,A Google user,https://play-lh.googleusercontent.com/EGemoI2NTXmTsBVtJqk8jxF9rh8ApRWfsIMQSt2uE4OcpQqbFu7f7NbTK05lx80nuSijCz7sc3a277R67g,fantastic it's working greatly,5,0,8.1,2025-07-18 21:58:42,,,8.1
9278f470-e8aa-4f02-8ddc-1f21977d9c61,A Google user,https://play-lh.googleusercontent.com/EGemoI2NTXmTsBVtJqk8jxF9rh8ApRWfsIMQSt2uE4OcpQqbFu7f7NbTK05lx80nuSijCz7sc3a277R67g,too much ads,1,0,,2025-07-18 00:18:23,,,
14fb73ee-f23f-464d-bf8f-63be3d98a106,A Google user,https://play-lh.googleusercontent.com/EGemoI2NTXmTsBVtJqk8jxF9rh8ApRWfsIMQSt2uE4OcpQqbFu7f7NbTK05lx80nuSijCz7sc3a277R67g,"> Assalamu Alaikum. Quran recitations are not loading. It keeps saying ""No recitations available"" even after updating, clearing cache, and using VPN. Please fix this issue as soon as possible.",1,70,8.1,2025-07-14 17:31:12,,,8.1
bb65d5e9-0a87-4c28-aeaf-b3370e8f29df,A Google user,https://play-lh.googleusercontent.com/EGemoI2NTXmTsBVtJqk8jxF9rh8ApRWfsIMQSt2uE4OcpQqbFu7f7NbTK05lx80nuSijCz7sc3a277R67g,helpful mashallah👍,5,0,8.1,2025-07-12 10:22:53,,,8.1
caf6099c-bcb6-42ff-b43b-a4a7a94a7dc6,A Google user,https://play-lh.googleusercontent.com/EGemoI2NTXmTsBVtJqk8jxF9rh8ApRWfsIMQSt2uE4OcpQqbFu7f7NbTK05lx80nuSijCz7sc3a277R67g,app is good except has ads which are prohibited in our quran .. ads like betting i advise to remove those ads,4,2,7.9,2025-07-11 15:30:17,,,7.9
4810879a-12db-4e4e-b13d-7f7c692feeaf,A Google user,https://play-lh.googleusercontent.com/EGemoI2NTXmTsBVtJqk8jxF9rh8ApRWfsIMQSt2uE4OcpQqbFu7f7NbTK05lx80nuSijCz7sc3a277R67g,"The icons constantly freeze, not allowing the user access when most needed.",1,1,7.9,2025-07-11 11:40:58,,,7.9
c41b9707-7775-4752-8f93-664486af1751,A Google user,https://play-lh.googleusercontent.com/EGemoI2NTXmTsBVtJqk8jxF9rh8ApRWfsIMQSt2uE4OcpQqbFu7f7NbTK05lx80nuSijCz7sc3a277R67g,good app,5,0,7.9,2025-07-10 11:03:06,,,7.9
52dd5adf-f08a-4262-9105-53e1b8b2b6a0,A Google user,https://play-lh.googleusercontent.com/EGemoI2NTXmTsBVtJqk8jxF9rh8ApRWfsIMQSt2uE4OcpQqbFu7f7NbTK05lx80nuSijCz7sc3a277R67g,very very bad . full day adult ads,1,1,7.9,2025-07-09 23:39:46,,,7.9
fda173ed-5e5f-445b-b8e7-60df32731b1d,A Google user,https://play-lh.googleusercontent.com/EGemoI2NTXmTsBVtJqk8jxF9rh8ApRWfsIMQSt2uE4OcpQqbFu7f7NbTK05lx80nuSijCz7sc3a277R67g,time pray,5,0,7.9,2025-07-09 16:53:19,,,7.9
1109ead5-a54d-46df-bc6d-dda87328d9b7,A Google user,https://play-lh.googleusercontent.com/EGemoI2NTXmTsBVtJqk8jxF9rh8ApRWfsIMQSt2uE4OcpQqbFu7f7NbTK05lx80nuSijCz7sc3a277R67g,এই অ্যাপসের মাধ্যমে আমি কোরআন পড়ি,5,0,,2025-07-07 06:56:57,,,
1e6ea199-fd72-48d0-a665-df2d4a635f6f,A Google user,https://play-lh.googleusercontent.com/EGemoI2NTXmTsBVtJqk8jxF9rh8ApRWfsIMQSt2uE4OcpQqbFu7f7NbTK05lx80nuSijCz7sc3a277R67g,love you apps,5,0,,2025-07-05 21:29:41,,,
599426f1-bb6d-44e9-b16a-5e37b0aee9ca,A Google user,https://play-lh.googleusercontent.com/EGemoI2NTXmTsBVtJqk8jxF9rh8ApRWfsIMQSt2uE4OcpQqbFu7f7NbTK05lx80nuSijCz7sc3a277R67g,very good app,5,0,7.9,2025-07-05 21:25:58,,,7.9
06e1cab9-1bbd-4c7a-8a01-fe2695c1eecc,A Google user,https://play-lh.googleusercontent.com/EGemoI2NTXmTsBVtJqk8jxF9rh8ApRWfsIMQSt2uE4OcpQqbFu7f7NbTK05lx80nuSijCz7sc3a277R67g,fantastic,5,0,7.9,2025-07-05 10:50:55,,,7.9
c24c7633-f909-4589-9550-87d6c3ba8e3e,A Google user,https://play-lh.googleusercontent.com/EGemoI2NTXmTsBVtJqk8jxF9rh8ApRWfsIMQSt2uE4OcpQqbFu7f7NbTK05lx80nuSijCz7sc3a277R67g,the recitation system doesn’t working,1,0,7.9,2025-07-04 23:41:55,,,7.9
61a7bc8e-2498-4911-b333-a09e2253e8fe,A Google user,https://play-lh.googleusercontent.com/EGemoI2NTXmTsBVtJqk8jxF9rh8ApRWfsIMQSt2uE4OcpQqbFu7f7NbTK05lx80nuSijCz7sc3a277R67g,I've got everything I need from this app.,4,0,7.9,2025-07-04 18:19:52,,,7.9
e6c2f76a-47aa-4a35-b0b7-4be511cbcb9b,A Google user,https://play-lh.googleusercontent.com/EGemoI2NTXmTsBVtJqk8jxF9rh8ApRWfsIMQSt2uE4OcpQqbFu7f7NbTK05lx80nuSijCz7sc3a277R67g,mashallah,5,0,7.9,2025-07-03 13:25:42,,,7.9
97db981d-288a-42a8-9cb5-99f2dae13552,A Google user,https://play-lh.googleusercontent.com/EGemoI2NTXmTsBVtJqk8jxF9rh8ApRWfsIMQSt2uE4OcpQqbFu7f7NbTK05lx80nuSijCz7sc3a277R67g,The perfect deen guide ❤️❤️,5,0,7.9,2025-07-02 18:36:08,,,7.9
264aec6c-cec4-4b69-b4ff-6ae3badc579b,A Google user,https://play-lh.googleusercontent.com/EGemoI2NTXmTsBVtJqk8jxF9rh8ApRWfsIMQSt2uE4OcpQqbFu7f7NbTK05lx80nuSijCz7sc3a277R67g,Lot's of adds please remove adds please please please,2,0,,2025-07-01 01:18:48,,,
40702a29-2560-4142-9631-01e0575c0260,A Google user,https://play-lh.googleusercontent.com/EGemoI2NTXmTsBVtJqk8jxF9rh8ApRWfsIMQSt2uE4OcpQqbFu7f7NbTK05lx80nuSijCz7sc3a277R67g,nice app for Salah time and qibla,5,0,7.9,2025-06-28 11:06:27,,,7.9
8d631be8-08d8-4c4f-94e7-d6ce8f62fa59,A Google user,https://play-lh.googleusercontent.com/EGemoI2NTXmTsBVtJqk8jxF9rh8ApRWfsIMQSt2uE4OcpQqbFu7f7NbTK05lx80nuSijCz7sc3a277R67g,Good,5,0,7.9,2025-06-27 15:48:55,,,7.9
3b455c0c-eddd-4283-a153-7cb1fde0f982,A Google user,https://play-lh.googleusercontent.com/EGemoI2NTXmTsBVtJqk8jxF9rh8ApRWfsIMQSt2uE4OcpQqbFu7f7NbTK05lx80nuSijCz7sc3a277R67g,"Useful application, ALLAH reward you",5,0,7.9,2025-06-25 02:27:26,,,7.9
3b714976-cc91-4ed6-bcce-e77d0734c891,A Google user,https://play-lh.googleusercontent.com/EGemoI2NTXmTsBVtJqk8jxF9rh8ApRWfsIMQSt2uE4OcpQqbFu7f7NbTK05lx80nuSijCz7sc3a277R67g,mashallah jazakallah khairan good,5,0,7.9,2025-06-23 16:22:46,,,7.9
faac0d90-9563-46df-bed5-ccf7fe201b85,A Google user,https://play-lh.googleusercontent.com/EGemoI2NTXmTsBVtJqk8jxF9rh8ApRWfsIMQSt2uE4OcpQqbFu7f7NbTK05lx80nuSijCz7sc3a277R67g,alhamdulillah,5,0,,2025-06-22 07:42:55,,,
4f3390d1-4287-45fa-ae85-f0052094b2bf,A Google user,https://play-lh.googleusercontent.com/EGemoI2NTXmTsBVtJqk8jxF9rh8ApRWfsIMQSt2uE4OcpQqbFu7f7NbTK05lx80nuSijCz7sc3a277R67g,very good,5,0,7.9,2025-06-21 19:16:12,,,7.9
47788465-bdb0-4926-bd89-0c1482e82071,A Google user,https://play-lh.googleusercontent.com/EGemoI2NTXmTsBVtJqk8jxF9rh8ApRWfsIMQSt2uE4OcpQqbFu7f7NbTK05lx80nuSijCz7sc3a277R67g,Why there is no reject share my personal data?!,1,0,7.9,2025-06-21 15:33:10,,,7.9
966364b0-c3e7-4558-a60e-955f843c5594,A Google user,https://play-lh.googleusercontent.com/EGemoI2NTXmTsBVtJqk8jxF9rh8ApRWfsIMQSt2uE4OcpQqbFu7f7NbTK05lx80nuSijCz7sc3a277R67g,Free or Premium version does not allow any download voice. No download available. Indonesian. Change source of download (not working too).,1,6,7.9,2025-06-21 07:39:03,,,7.9
2e024d29-cf05-4097-b596-2be545859a56,A Google user,https://play-lh.googleusercontent.com/EGemoI2NTXmTsBVtJqk8jxF9rh8ApRWfsIMQSt2uE4OcpQqbFu7f7NbTK05lx80nuSijCz7sc3a277R67g,waste Only add,1,0,7.9,2025-06-20 15:43:58,,,7.9
02cfd5e1-b86a-423e-92e7-acf39cb99c6b,A Google user,https://play-lh.googleusercontent.com/EGemoI2NTXmTsBVtJqk8jxF9rh8ApRWfsIMQSt2uE4OcpQqbFu7f7NbTK05lx80nuSijCz7sc3a277R67g,good,5,0,7.9,2025-06-20 01:05:26,,,7.9
f892326b-7cca-4983-b8fc-cd06638abc83,A Google user,https://play-lh.googleusercontent.com/EGemoI2NTXmTsBVtJqk8jxF9rh8ApRWfsIMQSt2uE4OcpQqbFu7f7NbTK05lx80nuSijCz7sc3a277R67g,Very good.,4,0,7.9,2025-06-17 04:22:54,,,7.9
7467e765-1431-4fe9-b082-67b1a3e04675,A Google user,https://play-lh.googleusercontent.com/EGemoI2NTXmTsBVtJqk8jxF9rh8ApRWfsIMQSt2uE4OcpQqbFu7f7NbTK05lx80nuSijCz7sc3a277R67g,كل كبستين دعايه,1,0,7.9,2025-06-15 23:05:16,We regret any inconvenience. Ads are essential to sustain our work. Your understanding is truly appreciated.,2025-06-16 10:35:45,7.9
17994e41-c6b4-43f6-b684-4790e27a5596,A Google user,https://play-lh.googleusercontent.com/EGemoI2NTXmTsBVtJqk8jxF9rh8ApRWfsIMQSt2uE4OcpQqbFu7f7NbTK05lx80nuSijCz7sc3a277R67g,"At first I thought this app was good, but then I saw that when I entered the app, ads came up with dirty videos of girls, so now I'm forced to delete it.",1,32,7.9,2025-06-14 17:22:15,We regret any inconvenience. Ads are essential to sustain our work. Your understanding is truly appreciated.,2025-06-15 01:16:06,7.9
c9798dc2-a282-4cd8-9d8d-7713f7caf658,A Google user,https://play-lh.googleusercontent.com/EGemoI2NTXmTsBVtJqk8jxF9rh8ApRWfsIMQSt2uE4OcpQqbFu7f7NbTK05lx80nuSijCz7sc3a277R67g,Mashallah,5,0,7.9,2025-06-14 03:13:49,,,7.9
78097501-a131-4f5d-960a-4cf421c9c1d6,A Google user,https://play-lh.googleusercontent.com/EGemoI2NTXmTsBVtJqk8jxF9rh8ApRWfsIMQSt2uE4OcpQqbFu7f7NbTK05lx80nuSijCz7sc3a277R67g,nice,5,0,7.9,2025-06-13 05:13:47,"We're delighted to know that our app met your expectations. Should you have any further suggestions or queries, don't hesitate to write to us at zugarmobility@gmail.com.",2025-06-13 05:30:30,7.9
42956c98-7b53-4d6c-ad87-eaa94711c93e,A Google user,https://play-lh.googleusercontent.com/EGemoI2NTXmTsBVtJqk8jxF9rh8ApRWfsIMQSt2uE4OcpQqbFu7f7NbTK05lx80nuSijCz7sc3a277R67g,"valuable,appreciational",5,0,7.9,2025-06-11 15:41:30,,,7.9
9f0feeec-f90c-4f44-9f07-b488f3c60390,A Google user,https://play-lh.googleusercontent.com/EGemoI2NTXmTsBVtJqk8jxF9rh8ApRWfsIMQSt2uE4OcpQqbFu7f7NbTK05lx80nuSijCz7sc3a277R67g,Extra excellent,5,0,7.9,2025-06-10 19:40:09,"We're delighted to know that our app met your expectations. Should you have any further suggestions or queries, don't hesitate to write to us at zugarmobility@gmail.com.",2025-06-10 21:16:07,7.9
2fbef9a5-3d62-47ba-80c5-3708d898ffea,A Google user,https://play-lh.googleusercontent.com/EGemoI2NTXmTsBVtJqk8jxF9rh8ApRWfsIMQSt2uE4OcpQqbFu7f7NbTK05lx80nuSijCz7sc3a277R67g,very nice app,5,0,7.9,2025-06-10 15:00:20,"We're delighted to know that our app met your expectations. Should you have any further suggestions or queries, don't hesitate to write to us at zugarmobility@gmail.com.",2025-06-10 17:05:27,7.9
0ce3c8de-c40c-40c9-8615-d17005e2cb47,A Google user,https://play-lh.googleusercontent.com/EGemoI2NTXmTsBVtJqk8jxF9rh8ApRWfsIMQSt2uE4OcpQqbFu7f7NbTK05lx80nuSijCz7sc3a277R67g,"so where are the promised animated graphics that come along with the recitation of the Qur'an, that was shown on the ad? I couldn't find any when i downloaded the app?",1,2,7.9,2025-06-09 17:52:39,,,7.9
39159ab6-3719-4365-b366-3a0fe6cebcfe,A Google user,https://play-lh.googleusercontent.com/EGemoI2NTXmTsBVtJqk8jxF9rh8ApRWfsIMQSt2uE4OcpQqbFu7f7NbTK05lx80nuSijCz7sc3a277R67g,helpful,5,0,7.9,2025-06-08 20:18:52,"We're delighted to know that our app met your expectations. Should you have any further suggestions or queries, don't hesitate to write to us at zugarmobility@gmail.com.",2025-06-09 01:30:28,7.9
a904ce59-49aa-4675-bcd5-b2a3310763a9,A Google user,https://play-lh.googleusercontent.com/EGemoI2NTXmTsBVtJqk8jxF9rh8ApRWfsIMQSt2uE4OcpQqbFu7f7NbTK05lx80nuSijCz7sc3a277R67g,not bad the app is good,5,0,7.9,2025-06-08 09:57:30,"We're delighted to know that our app met your expectations. Should you have any further suggestions or queries, don't hesitate to write to us at zugarmobility@gmail.com.",2025-06-08 13:00:31,7.9
285243c7-d636-4d31-9faa-06031dadc2dc,A Google user,https://play-lh.googleusercontent.com/EGemoI2NTXmTsBVtJqk8jxF9rh8ApRWfsIMQSt2uE4OcpQqbFu7f7NbTK05lx80nuSijCz7sc3a277R67g,good,5,0,7.9,2025-06-05 20:24:39,"We're delighted to know that our app met your expectations. Should you have any further suggestions or queries, don't hesitate to write to us at zugarmobility@gmail.com.",2025-06-05 20:25:29,7.9
9164fd2e-a6b0-4533-851f-f9d7d2b71b95,A Google user,https://play-lh.googleusercontent.com/EGemoI2NTXmTsBVtJqk8jxF9rh8ApRWfsIMQSt2uE4OcpQqbFu7f7NbTK05lx80nuSijCz7sc3a277R67g,ads to much,5,0,7.9,2025-06-05 17:21:01,,,7.9
79fbf7c9-d4b0-451a-87be-fc8424c09b72,A Google user,https://play-lh.googleusercontent.com/EGemoI2NTXmTsBVtJqk8jxF9rh8ApRWfsIMQSt2uE4OcpQqbFu7f7NbTK05lx80nuSijCz7sc3a277R67g,its the Best app for Muslims,5,0,7.9,2025-06-03 07:34:42,"We're delighted to know that our app met your expectations. Should you have any further suggestions or queries, don't hesitate to write to us at zugarmobility@gmail.com.",2025-06-03 08:00:30,7.9
a439e33a-ed7e-483f-b8e2-abcf5efe37f3,A Google user,https://play-lh.googleusercontent.com/EGemoI2NTXmTsBVtJqk8jxF9rh8ApRWfsIMQSt2uE4OcpQqbFu7f7NbTK05lx80nuSijCz7sc3a277R67g,good,5,0,7.9,2025-06-02 18:22:20,"We're delighted to know that our app met your expectations. Should you have any further suggestions or queries, don't hesitate to write to us at zugarmobility@gmail.com.",2025-06-02 23:40:26,7.9
e819c4fe-5eda-478d-a915-42c4f8b3534d,A Google user,https://play-lh.googleusercontent.com/EGemoI2NTXmTsBVtJqk8jxF9rh8ApRWfsIMQSt2uE4OcpQqbFu7f7NbTK05lx80nuSijCz7sc3a277R67g,can't even proceed with anything... ADS after every 3-4 taps,3,0,7.9,2025-05-31 14:59:51,We regret any inconvenience. Ads are essential to sustain our work. Your understanding is truly appreciated.,2025-05-31 21:40:30,7.9
3bad2a68-f124-4530-a4c3-4f40ff105f18,A Google user,https://play-lh.googleusercontent.com/EGemoI2NTXmTsBVtJqk8jxF9rh8ApRWfsIMQSt2uE4OcpQqbFu7f7NbTK05lx80nuSijCz7sc3a277R67g,Good,5,0,7.9,2025-05-30 13:06:57,"We're delighted to know that our app met your expectations. Should you have any further suggestions or queries, don't hesitate to write to us at zugarmobility@gmail.com.",2025-05-30 16:30:31,7.9
3134885d-bcee-41c5-bee8-1c591c362bdc,A Google user,https://play-lh.googleusercontent.com/EGemoI2NTXmTsBVtJqk8jxF9rh8ApRWfsIMQSt2uE4OcpQqbFu7f7NbTK05lx80nuSijCz7sc3a277R67g,"trying it out for the first time, In Sha Allah it will be better than my previous app",5,1,7.9,2025-05-28 23:11:18,,,7.9
ed3c5a69-91e4-4812-bdd3-b3e97ade92dc,A Google user,https://play-lh.googleusercontent.com/EGemoI2NTXmTsBVtJqk8jxF9rh8ApRWfsIMQSt2uE4OcpQqbFu7f7NbTK05lx80nuSijCz7sc3a277R67g,Its so good,5,0,,2025-05-25 21:12:49,"We're delighted to know that our app met your expectations. Should you have any further suggestions or queries, don't hesitate to write to us at zugarmobility@gmail.com.",2025-05-29 17:36:06,
592a2491-8df7-40f3-ab7a-3b7ac4fd0903,A Google user,https://play-lh.googleusercontent.com/EGemoI2NTXmTsBVtJqk8jxF9rh8ApRWfsIMQSt2uE4OcpQqbFu7f7NbTK05lx80nuSijCz7sc3a277R67g,Ads Ads Ads Ads. Shame on you.,1,1,7.9,2025-05-25 21:00:21,We regret any inconvenience. Ads are essential to sustain our work. Your understanding is truly appreciated.,2025-05-29 17:36:07,7.9
eba65c7d-d93d-4e10-803f-f3d643fae3e8,A Google user,https://play-lh.googleusercontent.com/EGemoI2NTXmTsBVtJqk8jxF9rh8ApRWfsIMQSt2uE4OcpQqbFu7f7NbTK05lx80nuSijCz7sc3a277R67g,Good,3,0,7.1,2025-05-25 20:32:49,Happy to know you're liking our app. We strive for excellence and your 5-star rating will boost our spirits!,2025-05-29 17:36:08,7.1
6cf94db2-b41c-42d3-ada6-1de626f28972,A Google user,https://play-lh.googleusercontent.com/EGemoI2NTXmTsBVtJqk8jxF9rh8ApRWfsIMQSt2uE4OcpQqbFu7f7NbTK05lx80nuSijCz7sc3a277R67g,kebanyakan iklan,2,0,7.9,2025-05-25 17:54:20,We regret any inconvenience. Ads are essential to sustain our work. Your understanding is truly appreciated.,2025-05-29 17:36:11,7.9
8ae0e288-9683-4600-98ae-9641ff39c6d9,A Google user,https://play-lh.googleusercontent.com/EGemoI2NTXmTsBVtJqk8jxF9rh8ApRWfsIMQSt2uE4OcpQqbFu7f7NbTK05lx80nuSijCz7sc3a277R67g,too many advs,1,0,7.9,2025-05-24 19:31:46,,,7.9
8f68baf3-5f07-47a9-984c-78fa8decf02e,A Google user,https://play-lh.googleusercontent.com/EGemoI2NTXmTsBVtJqk8jxF9rh8ApRWfsIMQSt2uE4OcpQqbFu7f7NbTK05lx80nuSijCz7sc3a277R67g,love it,5,0,7.9,2025-05-24 04:09:41,"We're delighted to know that our app met your expectations. Should you have any further suggestions or queries, don't hesitate to write to us at zugarmobility@gmail.com.",2025-05-29 17:36:14,7.9
c74bcff6-56ca-4a2d-ad31-ce86c36b6ff9,A Google user,https://play-lh.googleusercontent.com/EGemoI2NTXmTsBVtJqk8jxF9rh8ApRWfsIMQSt2uE4OcpQqbFu7f7NbTK05lx80nuSijCz7sc3a277R67g,I love the Quran,5,0,7.9,2025-05-24 03:37:24,"We're delighted to know that our app met your expectations. Should you have any further suggestions or queries, don't hesitate to write to us at zugarmobility@gmail.com.",2025-05-29 17:36:15,7.9
8a7ae334-5f17-466e-b3b0-ddfb3e585366,A Google user,https://play-lh.googleusercontent.com/EGemoI2NTXmTsBVtJqk8jxF9rh8ApRWfsIMQSt2uE4OcpQqbFu7f7NbTK05lx80nuSijCz7sc3a277R67g,updated,5,0,7.9,2025-05-22 23:17:21,,,7.9
7af1496f-615b-4e8d-a39f-2623c0fa61aa,A Google user,https://play-lh.googleusercontent.com/EGemoI2NTXmTsBVtJqk8jxF9rh8ApRWfsIMQSt2uE4OcpQqbFu7f7NbTK05lx80nuSijCz7sc3a277R67g,there are only commercials,1,0,7.9,2025-05-22 20:17:25,,,7.9
a62ef08f-0ceb-4866-afba-b2b95ae96537,A Google user,https://play-lh.googleusercontent.com/EGemoI2NTXmTsBVtJqk8jxF9rh8ApRWfsIMQSt2uE4OcpQqbFu7f7NbTK05lx80nuSijCz7sc3a277R67g,"At least you can do is filter bad ads, So many ads in almost every click, Other apps much better",1,23,7.9,2025-05-21 14:54:01,,,7.9
3ab0a9b7-b843-4ba8-a4e0-c76c6c3ea172,A Google user,https://play-lh.googleusercontent.com/EGemoI2NTXmTsBVtJqk8jxF9rh8ApRWfsIMQSt2uE4OcpQqbFu7f7NbTK05lx80nuSijCz7sc3a277R67g,كل ضغطة زر إعلان كل ثانية إعلان,1,0,,2025-05-20 09:57:59,,,
67282139-3c94-47e1-9db1-0aaa1edfeb84,A Google user,https://play-lh.googleusercontent.com/EGemoI2NTXmTsBVtJqk8jxF9rh8ApRWfsIMQSt2uE4OcpQqbFu7f7NbTK05lx80nuSijCz7sc3a277R67g,"it's a great app ,that reminds of Salah and the translated part is also great coz I don't know how to read Arabic ❤️💖",5,92,7.9,2025-05-20 09:40:45,,,7.9
b4c353fa-1550-491a-9ed2-cd5729b4a5cd,A Google user,https://play-lh.googleusercontent.com/EGemoI2NTXmTsBVtJqk8jxF9rh8ApRWfsIMQSt2uE4OcpQqbFu7f7NbTK05lx80nuSijCz7sc3a277R67g,it's tells me to pay money but I'm broke but it still works without it amazing app ♡ I am impressed by the app it's cool 😎,4,3,7.9,2025-05-20 08:18:07,,,7.9
93f0b109-f03d-46df-9468-9811c5e76e61,A Google user,https://play-lh.googleusercontent.com/EGemoI2NTXmTsBVtJqk8jxF9rh8ApRWfsIMQSt2uE4OcpQqbFu7f7NbTK05lx80nuSijCz7sc3a277R67g,Good 👍,5,1,7.9,2025-05-18 18:38:08,,,7.9
4201bbed-c49c-47bd-a59c-26cc3f8cfb3b,A Google user,https://play-lh.googleusercontent.com/EGemoI2NTXmTsBVtJqk8jxF9rh8ApRWfsIMQSt2uE4OcpQqbFu7f7NbTK05lx80nuSijCz7sc3a277R67g,برنامج مقزز كله دعايات و ما بأدي الغرض,1,0,,2025-05-18 00:02:18,,,
73ee6c69-e8dc-4e7e-8adc-667474ec23f7,A Google user,https://play-lh.googleusercontent.com/EGemoI2NTXmTsBVtJqk8jxF9rh8ApRWfsIMQSt2uE4OcpQqbFu7f7NbTK05lx80nuSijCz7sc3a277R67g,Thank you,5,0,7.9,2025-05-17 08:34:15,,,7.9
1092a140-0983-4836-9795-e2372116776c,A Google user,https://play-lh.googleusercontent.com/EGemoI2NTXmTsBVtJqk8jxF9rh8ApRWfsIMQSt2uE4OcpQqbFu7f7NbTK05lx80nuSijCz7sc3a277R67g,very very thnx,4,0,,2025-05-16 16:40:33,,,
25d656a0-d0e4-4b06-8520-0108fe88d58f,A Google user,https://play-lh.googleusercontent.com/EGemoI2NTXmTsBVtJqk8jxF9rh8ApRWfsIMQSt2uE4OcpQqbFu7f7NbTK05lx80nuSijCz7sc3a277R67g,Amazing app for Muslim for Muslim Masha Allah,5,0,,2025-05-14 20:08:09,,,
4241e8c5-cdda-40a6-b79f-3f211e650160,A Google user,https://play-lh.googleusercontent.com/EGemoI2NTXmTsBVtJqk8jxF9rh8ApRWfsIMQSt2uE4OcpQqbFu7f7NbTK05lx80nuSijCz7sc3a277R67g,Alhamdulillah. It's a nice app,5,0,7.1,2025-05-14 08:47:56,,,7.1
80141190-fef2-40f3-8682-d29441257459,A Google user,https://play-lh.googleusercontent.com/EGemoI2NTXmTsBVtJqk8jxF9rh8ApRWfsIMQSt2uE4OcpQqbFu7f7NbTK05lx80nuSijCz7sc3a277R67g,🥰🥳,5,0,7.9,2025-05-13 23:08:27,,,7.9
98edc30a-af5a-4736-8aba-f79236a0f305,A Google user,https://play-lh.googleusercontent.com/EGemoI2NTXmTsBVtJqk8jxF9rh8ApRWfsIMQSt2uE4OcpQqbFu7f7NbTK05lx80nuSijCz7sc3a277R67g,Masha Allah,5,0,7.9,2025-05-12 11:09:13,,,7.9
9690b422-5c66-42f2-83cd-193f8f076719,A Google user,https://play-lh.googleusercontent.com/EGemoI2NTXmTsBVtJqk8jxF9rh8ApRWfsIMQSt2uE4OcpQqbFu7f7NbTK05lx80nuSijCz7sc3a277R67g,nice 👍,5,1,7.9,2025-05-11 22:27:10,,,7.9
5426705f-d409-40c7-badc-8fc113f491a6,A Google user,https://play-lh.googleusercontent.com/EGemoI2NTXmTsBVtJqk8jxF9rh8ApRWfsIMQSt2uE4OcpQqbFu7f7NbTK05lx80nuSijCz7sc3a277R67g,ما شاء الله ایپل ہے,5,0,7.7,2025-05-10 12:26:32,,,7.7
39f2fd7b-d0bd-483d-9741-b333e7a28726,A Google user,https://play-lh.googleusercontent.com/EGemoI2NTXmTsBVtJqk8jxF9rh8ApRWfsIMQSt2uE4OcpQqbFu7f7NbTK05lx80nuSijCz7sc3a277R67g,I like it; me easy to pray.,5,1,7.9,2025-05-09 05:50:57,,,7.9
ac264648-dcd2-43ed-958e-5af8b68bfb4a,A Google user,https://play-lh.googleusercontent.com/EGemoI2NTXmTsBVtJqk8jxF9rh8ApRWfsIMQSt2uE4OcpQqbFu7f7NbTK05lx80nuSijCz7sc3a277R67g,"Won't say thank you because whenever someone will use this app for Quran lecture, swalaat, dhikr etc you guys will be recompensed by Allaah.",5,3,7.9,2025-05-08 12:14:18,,,7.9
65843e91-9fdf-41f2-b713-2a09cda381f5,A Google user,https://play-lh.googleusercontent.com/EGemoI2NTXmTsBVtJqk8jxF9rh8ApRWfsIMQSt2uE4OcpQqbFu7f7NbTK05lx80nuSijCz7sc3a277R67g,great app must download,5,0,7.7,2025-05-08 05:42:52,,,7.7
80bc367c-959a-430e-9fd5-6ac71ca22678,A Google user,https://play-lh.googleusercontent.com/EGemoI2NTXmTsBVtJqk8jxF9rh8ApRWfsIMQSt2uE4OcpQqbFu7f7NbTK05lx80nuSijCz7sc3a277R67g,I just I installed the app and opened it. Before I could move to next screen I was shocked to see an Ad showing semi nude girl doing massage. I am very disappointed. You should be selective to allow Ads for your App. If you do not do any thing about it I will uninstall the App.,3,35,7.9,2025-05-07 09:03:27,,,7.9
0ba36b51-8c0b-464b-b0d5-166523758c57,A Google user,https://play-lh.googleusercontent.com/EGemoI2NTXmTsBVtJqk8jxF9rh8ApRWfsIMQSt2uE4OcpQqbFu7f7NbTK05lx80nuSijCz7sc3a277R67g,"I installed it for the prayer times but i checked the calculation using Jakim, Spore & MWL, the asar prayer time is incorrect with one hour delay for Brunei. Also the ads are long and when I tried to subscribe to premium, it did not allow me to as the buttons did not function for my S25Ultra. Please help fix. The apps looks promising.",1,9,,2025-05-07 04:07:54,,,
fc025823-e3fa-4594-997b-b16249c44e2c,A Google user,https://play-lh.googleusercontent.com/EGemoI2NTXmTsBVtJqk8jxF9rh8ApRWfsIMQSt2uE4OcpQqbFu7f7NbTK05lx80nuSijCz7sc3a277R67g,The baddest app how came Quran with sexy ads this is too wrong,1,1,7.9,2025-05-05 07:09:56,,,7.9
d55660ca-5294-40e0-bd87-132149f1eeeb,A Google user,https://play-lh.googleusercontent.com/EGemoI2NTXmTsBVtJqk8jxF9rh8ApRWfsIMQSt2uE4OcpQqbFu7f7NbTK05lx80nuSijCz7sc3a277R67g,nice,5,0,7.7,2025-05-03 22:20:32,,,7.7
98848a45-c2c8-4571-8a69-186c51ef8694,A Google user,https://play-lh.googleusercontent.com/EGemoI2NTXmTsBVtJqk8jxF9rh8ApRWfsIMQSt2uE4OcpQqbFu7f7NbTK05lx80nuSijCz7sc3a277R67g,excellent,5,0,7.9,2025-05-03 18:51:38,,,7.9
fdbfbe64-43d7-42c6-8f5b-e05054fd1173,A Google user,https://play-lh.googleusercontent.com/EGemoI2NTXmTsBVtJqk8jxF9rh8ApRWfsIMQSt2uE4OcpQqbFu7f7NbTK05lx80nuSijCz7sc3a277R67g,mashAllah,5,0,7.9,2025-05-03 17:31:21,,,7.9
07fe0797-347c-4ef5-8447-0c12d3fa81b3,A Google user,https://play-lh.googleusercontent.com/EGemoI2NTXmTsBVtJqk8jxF9rh8ApRWfsIMQSt2uE4OcpQqbFu7f7NbTK05lx80nuSijCz7sc3a277R67g,very nice alhamdulillah,5,0,7.7,2025-05-02 02:56:11,,,7.7
10ded105-981a-46e3-9bc8-8cef0421069a,A Google user,https://play-lh.googleusercontent.com/EGemoI2NTXmTsBVtJqk8jxF9rh8ApRWfsIMQSt2uE4OcpQqbFu7f7NbTK05lx80nuSijCz7sc3a277R67g,very good,4,0,7.7,2025-05-01 14:55:46,,,7.7
7039bfd7-a534-461a-b892-7b022eea2e47,A Google user,https://play-lh.googleusercontent.com/EGemoI2NTXmTsBVtJqk8jxF9rh8ApRWfsIMQSt2uE4OcpQqbFu7f7NbTK05lx80nuSijCz7sc3a277R67g,Full of unrelated and long Ads only!?! I uninstall immediately!,1,4,7.7,2025-04-27 02:27:48,,,7.7
95dd82fa-c7d9-46e4-9896-5d352289dfda,A Google user,https://play-lh.googleusercontent.com/EGemoI2NTXmTsBVtJqk8jxF9rh8ApRWfsIMQSt2uE4OcpQqbFu7f7NbTK05lx80nuSijCz7sc3a277R67g,zain,5,0,7.7,2025-04-25 23:31:24,,,7.7
0f7b131f-d2f7-4071-b032-456c242b88ed,A Google user,https://play-lh.googleusercontent.com/EGemoI2NTXmTsBVtJqk8jxF9rh8ApRWfsIMQSt2uE4OcpQqbFu7f7NbTK05lx80nuSijCz7sc3a277R67g,compass is false reading qibla always,4,1,7.7,2025-04-22 09:53:28,,,7.7
595a2e68-ccc1-48e0-ac1d-ae1957b786b1,A Google user,https://play-lh.googleusercontent.com/EGemoI2NTXmTsBVtJqk8jxF9rh8ApRWfsIMQSt2uE4OcpQqbFu7f7NbTK05lx80nuSijCz7sc3a277R67g,Mashallah keep it up,5,0,7.7,2025-04-20 12:55:50,,,7.7
e199eb24-576a-4fd9-bfd8-e78bfce729ca,A Google user,https://play-lh.googleusercontent.com/EGemoI2NTXmTsBVtJqk8jxF9rh8ApRWfsIMQSt2uE4OcpQqbFu7f7NbTK05lx80nuSijCz7sc3a277R67g,ok,5,0,7.7,2025-04-20 12:26:38,,,7.7
773cb226-a1a2-4b05-8abe-6d705a3f8c2a,A Google user,https://play-lh.googleusercontent.com/EGemoI2NTXmTsBVtJqk8jxF9rh8ApRWfsIMQSt2uE4OcpQqbFu7f7NbTK05lx80nuSijCz7sc3a277R67g,terbaik,5,0,7.7,2025-04-18 15:01:46,,,7.7
f0098f8e-9b94-443d-8668-cfd5c1cd3134,A Google user,https://play-lh.googleusercontent.com/EGemoI2NTXmTsBVtJqk8jxF9rh8ApRWfsIMQSt2uE4OcpQqbFu7f7NbTK05lx80nuSijCz7sc3a277R67g,your ads so loud and noise,2,1,7.7,2025-04-16 21:21:13,,,7.7
8b5241c3-0054-41a5-90f2-f8bc1a32f26f,A Google user,https://play-lh.googleusercontent.com/EGemoI2NTXmTsBVtJqk8jxF9rh8ApRWfsIMQSt2uE4OcpQqbFu7f7NbTK05lx80nuSijCz7sc3a277R67g,good,5,0,6.7,2025-04-16 08:52:58,,,6.7
a57bb69e-1f00-4645-9571-c4b489de6bcf,A Google user,https://play-lh.googleusercontent.com/EGemoI2NTXmTsBVtJqk8jxF9rh8ApRWfsIMQSt2uE4OcpQqbFu7f7NbTK05lx80nuSijCz7sc3a277R67g,Islam my lovec,5,0,7.7,2025-04-16 00:09:35,,,7.7
78fc8168-2880-433e-8041-5bbb48734e2f,A Google user,https://play-lh.googleusercontent.com/EGemoI2NTXmTsBVtJqk8jxF9rh8ApRWfsIMQSt2uE4OcpQqbFu7f7NbTK05lx80nuSijCz7sc3a277R67g,মাশাল্লাহ অনেক সুন্দর অসংখ্য ধন্যবাদ আপনাকে,5,0,7.7,2025-04-14 01:17:44,,,7.7
6d097eb9-573c-47a0-a625-10124552b5b4,A Google user,https://play-lh.googleusercontent.com/EGemoI2NTXmTsBVtJqk8jxF9rh8ApRWfsIMQSt2uE4OcpQqbFu7f7NbTK05lx80nuSijCz7sc3a277R67g,not stable,1,0,7.7,2025-04-13 20:29:43,,,7.7
a24a5bfc-7f39-4e30-b12b-ba962bb64742,A Google user,https://play-lh.googleusercontent.com/EGemoI2NTXmTsBVtJqk8jxF9rh8ApRWfsIMQSt2uE4OcpQqbFu7f7NbTK05lx80nuSijCz7sc3a277R67g,subhanallah,5,0,7.7,2025-04-13 19:46:41,,,7.7
91915666-fc03-4335-b71f-cf75964c0851,A Google user,https://play-lh.googleusercontent.com/EGemoI2NTXmTsBVtJqk8jxF9rh8ApRWfsIMQSt2uE4OcpQqbFu7f7NbTK05lx80nuSijCz7sc3a277R67g,"Assalamu alaikum wabarakatu, I strongly recommend this app",4,0,7.7,2025-04-13 17:33:05,,,7.7
53567310-8743-4036-a36f-2cf9888973d9,A Google user,https://play-lh.googleusercontent.com/EGemoI2NTXmTsBVtJqk8jxF9rh8ApRWfsIMQSt2uE4OcpQqbFu7f7NbTK05lx80nuSijCz7sc3a277R67g,Alhamdulillah,5,0,7.7,2025-04-13 10:16:34,,,7.7
44e82e48-4348-4142-b56e-066489fdb360,A Google user,https://play-lh.googleusercontent.com/EGemoI2NTXmTsBVtJqk8jxF9rh8ApRWfsIMQSt2uE4OcpQqbFu7f7NbTK05lx80nuSijCz7sc3a277R67g,"This software is very bad software, it hangs the mobile unnecessarily.",1,1,7.7,2025-04-12 21:44:42,,,7.7
ee139397-1364-49cb-8fe0-26cc8d812c93,A Google user,https://play-lh.googleusercontent.com/EGemoI2NTXmTsBVtJqk8jxF9rh8ApRWfsIMQSt2uE4OcpQqbFu7f7NbTK05lx80nuSijCz7sc3a277R67g,full 9f ads,1,0,,2025-04-12 19:21:43,,,
2ef8c538-e7c6-457a-9e45-0433f4ec8e03,A Google user,https://play-lh.googleusercontent.com/EGemoI2NTXmTsBVtJqk8jxF9rh8ApRWfsIMQSt2uE4OcpQqbFu7f7NbTK05lx80nuSijCz7sc3a277R67g,useless infested with adverts,1,0,,2025-04-12 16:36:58,,,
d2d6fa47-995b-4175-93bb-dfe28b297a05,A Google user,https://play-lh.googleusercontent.com/EGemoI2NTXmTsBVtJqk8jxF9rh8ApRWfsIMQSt2uE4OcpQqbFu7f7NbTK05lx80nuSijCz7sc3a277R67g,A perfect app,5,1,7.7,2025-04-12 01:27:12,,,7.7
0cb2fc5e-5cc0-4d0f-99b6-c146727afb6e,A Google user,https://play-lh.googleusercontent.com/EGemoI2NTXmTsBVtJqk8jxF9rh8ApRWfsIMQSt2uE4OcpQqbFu7f7NbTK05lx80nuSijCz7sc3a277R67g,nice,5,0,7.7,2025-04-11 19:21:43,,,7.7
c718d7d4-e12e-483e-800f-f025af327670,A Google user,https://play-lh.googleusercontent.com/EGemoI2NTXmTsBVtJqk8jxF9rh8ApRWfsIMQSt2uE4OcpQqbFu7f7NbTK05lx80nuSijCz7sc3a277R67g,"I hope that you will automatically select the city by colonizing the positioning program, because there are some cities that do not appear in the application if you write their name + Add a prayer timing (JOMOA)",5,124,7.7,2025-04-11 16:39:10,,,7.7
948863fe-1ff9-470c-9c63-29abf94f3467,A Google user,https://play-lh.googleusercontent.com/EGemoI2NTXmTsBVtJqk8jxF9rh8ApRWfsIMQSt2uE4OcpQqbFu7f7NbTK05lx80nuSijCz7sc3a277R67g,good,5,0,7.7,2025-04-11 14:14:23,,,7.7
adfa3978-6fb9-444e-a924-c4d3ec0986f2,A Google user,https://play-lh.googleusercontent.com/EGemoI2NTXmTsBVtJqk8jxF9rh8ApRWfsIMQSt2uE4OcpQqbFu7f7NbTK05lx80nuSijCz7sc3a277R67g,Nice thank you,5,0,7.7,2025-04-11 12:49:09,,,7.7
d632e8b3-cfac-41da-9ed1-ead754eae41f,A Google user,https://play-lh.googleusercontent.com/EGemoI2NTXmTsBVtJqk8jxF9rh8ApRWfsIMQSt2uE4OcpQqbFu7f7NbTK05lx80nuSijCz7sc3a277R67g,though the ads are irritating,4,1,,2025-04-11 04:24:29,,,
fd003721-c2ec-4320-a4ad-98f0090c1563,A Google user,https://play-lh.googleusercontent.com/EGemoI2NTXmTsBVtJqk8jxF9rh8ApRWfsIMQSt2uE4OcpQqbFu7f7NbTK05lx80nuSijCz7sc3a277R67g,nice,5,0,7.7,2025-04-10 17:59:25,,,7.7
184b4c4f-275d-412e-8070-033c92857a4e,A Google user,https://play-lh.googleusercontent.com/EGemoI2NTXmTsBVtJqk8jxF9rh8ApRWfsIMQSt2uE4OcpQqbFu7f7NbTK05lx80nuSijCz7sc3a277R67g,Great app,5,0,7.7,2025-04-10 13:53:43,,,7.7
982c2e6d-f3ab-482d-9b99-3f34ebb88674,A Google user,https://play-lh.googleusercontent.com/EGemoI2NTXmTsBVtJqk8jxF9rh8ApRWfsIMQSt2uE4OcpQqbFu7f7NbTK05lx80nuSijCz7sc3a277R67g,Masha Allah,5,0,7.7,2025-04-09 17:25:59,,,7.7
2d966156-af27-4d93-a61a-ca8077bebe80,A Google user,https://play-lh.googleusercontent.com/EGemoI2NTXmTsBVtJqk8jxF9rh8ApRWfsIMQSt2uE4OcpQqbFu7f7NbTK05lx80nuSijCz7sc3a277R67g,I wish there was not as many apps popping up 😕,4,0,7.7,2025-04-09 06:09:49,,,7.7
b9d62530-5d94-4079-ba0a-1404923d94f7,A Google user,https://play-lh.googleusercontent.com/EGemoI2NTXmTsBVtJqk8jxF9rh8ApRWfsIMQSt2uE4OcpQqbFu7f7NbTK05lx80nuSijCz7sc3a277R67g,gud,5,0,7.7,2025-04-08 13:24:43,,,7.7
beee55c1-6791-48d6-b916-a5f62369a4dd,A Google user,https://play-lh.googleusercontent.com/EGemoI2NTXmTsBVtJqk8jxF9rh8ApRWfsIMQSt2uE4OcpQqbFu7f7NbTK05lx80nuSijCz7sc3a277R67g,some I love it,5,0,,2025-04-06 21:45:18,,,
51d718fb-78d1-4daf-92e6-d50073950a34,A Google user,https://play-lh.googleusercontent.com/EGemoI2NTXmTsBVtJqk8jxF9rh8ApRWfsIMQSt2uE4OcpQqbFu7f7NbTK05lx80nuSijCz7sc3a277R67g,terrible. too many ads. can't reach app easy,1,2,7.7,2025-04-06 12:20:06,,,7.7
a6edc3e7-00b9-44a2-baf3-91bfb1386a4c,A Google user,https://play-lh.googleusercontent.com/EGemoI2NTXmTsBVtJqk8jxF9rh8ApRWfsIMQSt2uE4OcpQqbFu7f7NbTK05lx80nuSijCz7sc3a277R67g,Too much ads that makes the app very noisy,1,1,7.7,2025-04-06 04:17:56,,,7.7
c75ef013-73da-4ce3-b64b-b7d7d0097359,A Google user,https://play-lh.googleusercontent.com/EGemoI2NTXmTsBVtJqk8jxF9rh8ApRWfsIMQSt2uE4OcpQqbFu7f7NbTK05lx80nuSijCz7sc3a277R67g,Thank you so mu ch,5,0,,2025-04-06 03:29:07,,,
f4e5dc26-d0c0-4ecb-8a78-12243d25bb89,A Google user,https://play-lh.googleusercontent.com/EGemoI2NTXmTsBVtJqk8jxF9rh8ApRWfsIMQSt2uE4OcpQqbFu7f7NbTK05lx80nuSijCz7sc3a277R67g,best app ever,5,0,7.7,2025-04-05 01:06:56,,,7.7
9c32bf8a-37bf-4c96-a0e1-e8273aabd95d,A Google user,https://play-lh.googleusercontent.com/EGemoI2NTXmTsBVtJqk8jxF9rh8ApRWfsIMQSt2uE4OcpQqbFu7f7NbTK05lx80nuSijCz7sc3a277R67g,انصح بعدم تحميل التطبيق للاسف في اعلانات غير لائق اتمنى من أصحاب التطبيق الحرص على عدن قبول اعلانات تظهر فيها نساء بملابس غبر شرعية فهذا محرم في ديننا الإسلامي فكيف انتم تطبيق اسمه مسلم الله يهدينا وايكم ويسددنا,1,0,,2025-04-04 01:19:28,,,
cd68715b-d9a6-493e-94fa-3a079d1a495f,A Google user,https://play-lh.googleusercontent.com/EGemoI2NTXmTsBVtJqk8jxF9rh8ApRWfsIMQSt2uE4OcpQqbFu7f7NbTK05lx80nuSijCz7sc3a277R67g,good,5,0,7.7,2025-04-01 19:48:36,,,7.7
b5590197-1db5-4bcb-a9fd-c2ad078d7885,A Google user,https://play-lh.googleusercontent.com/EGemoI2NTXmTsBVtJqk8jxF9rh8ApRWfsIMQSt2uE4OcpQqbFu7f7NbTK05lx80nuSijCz7sc3a277R67g,good,5,0,7.7,2025-04-01 13:41:55,,,7.7
cba8aec7-4a10-42d7-9962-2e26136e5408,A Google user,https://play-lh.googleusercontent.com/EGemoI2NTXmTsBVtJqk8jxF9rh8ApRWfsIMQSt2uE4OcpQqbFu7f7NbTK05lx80nuSijCz7sc3a277R67g,a lot of mistakes on writing Duran strongly don't recommend,1,1,,2025-03-31 20:53:12,,,
50d2e796-5720-4b88-bd34-21765d3f9a16,A Google user,https://play-lh.googleusercontent.com/EGemoI2NTXmTsBVtJqk8jxF9rh8ApRWfsIMQSt2uE4OcpQqbFu7f7NbTK05lx80nuSijCz7sc3a277R67g,ما فائدة الدعاية السخيفة عند فتح التطبيق ..لابد من مقاطعته حتى ازالة الدعاية السخيفة,1,0,7.7,2025-03-31 17:35:30,,,7.7
0f110e49-c9db-410b-8395-e1cc4b449003,A Google user,https://play-lh.googleusercontent.com/EGemoI2NTXmTsBVtJqk8jxF9rh8ApRWfsIMQSt2uE4OcpQqbFu7f7NbTK05lx80nuSijCz7sc3a277R67g,Nice one,5,0,7.7,2025-03-31 12:45:03,,,7.7
93d0ba73-f7da-4462-a96a-6ac60ffce290,A Google user,https://play-lh.googleusercontent.com/EGemoI2NTXmTsBVtJqk8jxF9rh8ApRWfsIMQSt2uE4OcpQqbFu7f7NbTK05lx80nuSijCz7sc3a277R67g,Beautiful app but too many ads,3,1,,2025-03-30 16:06:59,,,
22ca9915-ba1b-40e2-8470-9a9766bbb1ea,A Google user,https://play-lh.googleusercontent.com/EGemoI2NTXmTsBVtJqk8jxF9rh8ApRWfsIMQSt2uE4OcpQqbFu7f7NbTK05lx80nuSijCz7sc3a277R67g,The app is amazing,5,0,7.7,2025-03-30 15:04:16,,,7.7
ee90e17c-e34d-43b5-87a4-5f06abfb5d4f,A Google user,https://play-lh.googleusercontent.com/EGemoI2NTXmTsBVtJqk8jxF9rh8ApRWfsIMQSt2uE4OcpQqbFu7f7NbTK05lx80nuSijCz7sc3a277R67g,Nice app,5,0,,2025-03-30 04:07:31,,,
54450f1d-0210-4c23-9491-dd736a75e2e0,A Google user,https://play-lh.googleusercontent.com/EGemoI2NTXmTsBVtJqk8jxF9rh8ApRWfsIMQSt2uE4OcpQqbFu7f7NbTK05lx80nuSijCz7sc3a277R67g,I have no issue with ads but I was just shocked to see that you guys got gambling type of ads. astaghfirullah! Please don't.,3,7,7.7,2025-03-29 07:20:08,,,7.7
18d7bea2-f7c0-462f-9418-a4af419fc86e,A Google user,https://play-lh.googleusercontent.com/EGemoI2NTXmTsBVtJqk8jxF9rh8ApRWfsIMQSt2uE4OcpQqbFu7f7NbTK05lx80nuSijCz7sc3a277R67g,تطبيق اسلامي يقوم بدعى لمنصات المرهنة وقمار وتطبيقات البث استخدمته لمدة 20دقيقة وكانت كلها اعلانات لانصح,1,0,7.7,2025-03-29 07:10:14,,,7.7
de458f66-00c6-42e7-aef0-ba329b403ced,A Google user,https://play-lh.googleusercontent.com/EGemoI2NTXmTsBVtJqk8jxF9rh8ApRWfsIMQSt2uE4OcpQqbFu7f7NbTK05lx80nuSijCz7sc3a277R67g,good app,5,0,7.7,2025-03-29 06:29:27,,,7.7
0f114daf-38e7-44fb-8a05-b1f1c375d905,A Google user,https://play-lh.googleusercontent.com/EGemoI2NTXmTsBVtJqk8jxF9rh8ApRWfsIMQSt2uE4OcpQqbFu7f7NbTK05lx80nuSijCz7sc3a277R67g,very good for Muslim,4,0,7.7,2025-03-29 01:00:40,,,7.7
1bc60dd2-f66d-4cec-a5f4-26a4f62a603e,A Google user,https://play-lh.googleusercontent.com/EGemoI2NTXmTsBVtJqk8jxF9rh8ApRWfsIMQSt2uE4OcpQqbFu7f7NbTK05lx80nuSijCz7sc3a277R67g,very easy for beginners,5,2,7.7,2025-03-28 01:46:47,,,7.7
127d531b-deec-4fbb-b9bf-b3128d9d48d1,A Google user,https://play-lh.googleusercontent.com/EGemoI2NTXmTsBVtJqk8jxF9rh8ApRWfsIMQSt2uE4OcpQqbFu7f7NbTK05lx80nuSijCz7sc3a277R67g,very good,5,0,7.7,2025-03-27 09:06:21,,,7.7
53c488de-57bd-45e7-8635-d5db64e0837d,A Google user,https://play-lh.googleusercontent.com/EGemoI2NTXmTsBVtJqk8jxF9rh8ApRWfsIMQSt2uE4OcpQqbFu7f7NbTK05lx80nuSijCz7sc3a277R67g,excellent 👍,4,0,7.7,2025-03-25 05:35:36,,,7.7
3132d92b-21cd-4560-8864-eb46091098c7,A Google user,https://play-lh.googleusercontent.com/EGemoI2NTXmTsBVtJqk8jxF9rh8ApRWfsIMQSt2uE4OcpQqbFu7f7NbTK05lx80nuSijCz7sc3a277R67g,Bravo to all those who worked to make this successful!,5,2,7.7,2025-03-24 19:51:46,,,7.7
5704a342-2506-4860-9e5c-3dc3ec8572f5,A Google user,https://play-lh.googleusercontent.com/EGemoI2NTXmTsBVtJqk8jxF9rh8ApRWfsIMQSt2uE4OcpQqbFu7f7NbTK05lx80nuSijCz7sc3a277R67g,"the app is so good, you can learn Arabic from the start ( Alif)",5,0,7.7,2025-03-24 17:49:03,,,7.7
28c8c4b0-1141-4d61-90d0-476b9bb1ae74,A Google user,https://play-lh.googleusercontent.com/EGemoI2NTXmTsBVtJqk8jxF9rh8ApRWfsIMQSt2uE4OcpQqbFu7f7NbTK05lx80nuSijCz7sc3a277R67g,mashallah nice,5,0,7.7,2025-03-24 12:32:00,,,7.7
05bfe3d0-0e6e-4dd5-999d-f0fc59b70fed,A Google user,https://play-lh.googleusercontent.com/EGemoI2NTXmTsBVtJqk8jxF9rh8ApRWfsIMQSt2uE4OcpQqbFu7f7NbTK05lx80nuSijCz7sc3a277R67g,good👍,5,0,7.7,2025-03-24 03:12:06,,,7.7
06b7d88c-3cc0-4e02-a033-e63e9d82bb85,A Google user,https://play-lh.googleusercontent.com/EGemoI2NTXmTsBVtJqk8jxF9rh8ApRWfsIMQSt2uE4OcpQqbFu7f7NbTK05lx80nuSijCz7sc3a277R67g,Best application for me.,5,1,7.7,2025-03-23 01:13:36,,,7.7
4e105a27-d19c-45a7-b9e3-325d4f0c15da,A Google user,https://play-lh.googleusercontent.com/EGemoI2NTXmTsBVtJqk8jxF9rh8ApRWfsIMQSt2uE4OcpQqbFu7f7NbTK05lx80nuSijCz7sc3a277R67g,Masha Allah nice 👍 app thanks 🙏 👍,4,0,7.7,2025-03-22 23:04:22,,,7.7
3bcd2692-4e9e-4ba2-b477-9f990192c82a,A Google user,https://play-lh.googleusercontent.com/EGemoI2NTXmTsBVtJqk8jxF9rh8ApRWfsIMQSt2uE4OcpQqbFu7f7NbTK05lx80nuSijCz7sc3a277R67g,very nice 👍 app,5,0,7.7,2025-03-22 21:01:43,,,7.7
607de3d5-82ce-412f-ad10-2d1226e93939,A Google user,https://play-lh.googleusercontent.com/EGemoI2NTXmTsBVtJqk8jxF9rh8ApRWfsIMQSt2uE4OcpQqbFu7f7NbTK05lx80nuSijCz7sc3a277R67g,nice app for prayer time,2,0,,2025-03-22 20:42:35,,,
bbb13561-9f23-4a1e-87cc-b45290e120de,A Google user,https://play-lh.googleusercontent.com/EGemoI2NTXmTsBVtJqk8jxF9rh8ApRWfsIMQSt2uE4OcpQqbFu7f7NbTK05lx80nuSijCz7sc3a277R67g,Very good,5,0,7.7,2025-03-22 08:41:58,,,7.7
ee31ed41-d6d7-46b0-a4b0-ca3463f44392,A Google user,https://play-lh.googleusercontent.com/EGemoI2NTXmTsBVtJqk8jxF9rh8ApRWfsIMQSt2uE4OcpQqbFu7f7NbTK05lx80nuSijCz7sc3a277R67g,5 stars,5,0,7.7,2025-03-21 19:56:03,,,7.7
dee5d0b5-8024-434e-b62b-b9a2296d87cd,A Google user,https://play-lh.googleusercontent.com/EGemoI2NTXmTsBVtJqk8jxF9rh8ApRWfsIMQSt2uE4OcpQqbFu7f7NbTK05lx80nuSijCz7sc3a277R67g,too many ads,1,1,7.7,2025-03-20 21:35:55,,,7.7
2d9e97b9-b304-4a58-bfdd-5e1f9907c956,A Google user,https://play-lh.googleusercontent.com/EGemoI2NTXmTsBVtJqk8jxF9rh8ApRWfsIMQSt2uE4OcpQqbFu7f7NbTK05lx80nuSijCz7sc3a277R67g,very helpfulk,5,0,7.7,2025-03-20 11:04:12,,,7.7
c2e701a8-6f47-43cb-a2c6-9545d28acfea,A Google user,https://play-lh.googleusercontent.com/EGemoI2NTXmTsBVtJqk8jxF9rh8ApRWfsIMQSt2uE4OcpQqbFu7f7NbTK05lx80nuSijCz7sc3a277R67g,the up is good,5,0,7.7,2025-03-19 16:19:17,,,7.7
447c3ae6-51af-42a3-b033-5969a946e72b,A Google user,https://play-lh.googleusercontent.com/EGemoI2NTXmTsBVtJqk8jxF9rh8ApRWfsIMQSt2uE4OcpQqbFu7f7NbTK05lx80nuSijCz7sc3a277R67g,good,5,0,7.7,2025-03-19 13:02:20,,,7.7
2705d480-2c8d-4a2f-a5b6-d831ed2953a7,A Google user,https://play-lh.googleusercontent.com/EGemoI2NTXmTsBVtJqk8jxF9rh8ApRWfsIMQSt2uE4OcpQqbFu7f7NbTK05lx80nuSijCz7sc3a277R67g,🙏🙏🙏,5,0,7.7,2025-03-18 08:52:37,,,7.7
00a91a56-3527-4a22-afaa-ad211728f5f6,A Google user,https://play-lh.googleusercontent.com/EGemoI2NTXmTsBVtJqk8jxF9rh8ApRWfsIMQSt2uE4OcpQqbFu7f7NbTK05lx80nuSijCz7sc3a277R67g,"There are some grammar mistakes that might be some typing mistakes like the word is minn, but here are mention mann or rabikum mentioned as rabakum in many places kindly correct them.",5,67,7.7,2025-03-18 07:45:43,,,7.7
494c0364-6544-4470-83f8-1fc2aea6efcc,A Google user,https://play-lh.googleusercontent.com/EGemoI2NTXmTsBVtJqk8jxF9rh8ApRWfsIMQSt2uE4OcpQqbFu7f7NbTK05lx80nuSijCz7sc3a277R67g,I'm not able to understand most of it but I'm learning and I'm very happy I found this app,5,3,7.7,2025-03-17 20:25:57,,,7.7
e3e1dc13-d72c-44ea-98fd-d78d720c8c03,A Google user,https://play-lh.googleusercontent.com/EGemoI2NTXmTsBVtJqk8jxF9rh8ApRWfsIMQSt2uE4OcpQqbFu7f7NbTK05lx80nuSijCz7sc3a277R67g,islamic app but its alot of ads for dating!!! i have to remove it so poor,1,1,,2025-03-17 14:24:47,,,
a6a0e4a6-2ada-4ab3-8067-18102ce20341,A Google user,https://play-lh.googleusercontent.com/EGemoI2NTXmTsBVtJqk8jxF9rh8ApRWfsIMQSt2uE4OcpQqbFu7f7NbTK05lx80nuSijCz7sc3a277R67g,Masha allah,5,0,7.7,2025-03-17 13:15:21,,,7.7
74b4755b-0885-430b-a9db-d007080053d9,A Google user,https://play-lh.googleusercontent.com/EGemoI2NTXmTsBVtJqk8jxF9rh8ApRWfsIMQSt2uE4OcpQqbFu7f7NbTK05lx80nuSijCz7sc3a277R67g,Fairly good! Barakallahu fiikum!,4,0,7.7,2025-03-16 17:08:13,,,7.7
a9ca6014-2f3a-4a7c-810b-13f06986b741,A Google user,https://play-lh.googleusercontent.com/EGemoI2NTXmTsBVtJqk8jxF9rh8ApRWfsIMQSt2uE4OcpQqbFu7f7NbTK05lx80nuSijCz7sc3a277R67g,Nice app❤❤,5,0,,2025-03-16 11:26:17,,,
eafadc61-849d-4801-abef-89462e035f76,A Google user,https://play-lh.googleusercontent.com/EGemoI2NTXmTsBVtJqk8jxF9rh8ApRWfsIMQSt2uE4OcpQqbFu7f7NbTK05lx80nuSijCz7sc3a277R67g,Masha Allah,5,0,7.7,2025-03-16 04:59:04,,,7.7
47efeae7-5352-422d-a3a2-628e8823df0b,A Google user,https://play-lh.googleusercontent.com/EGemoI2NTXmTsBVtJqk8jxF9rh8ApRWfsIMQSt2uE4OcpQqbFu7f7NbTK05lx80nuSijCz7sc3a277R67g,really good to every Muslim in the world,5,1,7.7,2025-03-16 04:25:55,,,7.7
8ac70f6c-ea96-4780-b6eb-6159e743acac,A Google user,https://play-lh.googleusercontent.com/EGemoI2NTXmTsBVtJqk8jxF9rh8ApRWfsIMQSt2uE4OcpQqbFu7f7NbTK05lx80nuSijCz7sc3a277R67g,Para sakin ay gusto ko ito para maka tung sakin bilang isang Muslim na nakapag asawa ng isang Christian,5,0,7.7,2025-03-15 09:17:35,,,7.7
b02b9e79-aea1-474f-94a0-96340a737d16,A Google user,https://play-lh.googleusercontent.com/EGemoI2NTXmTsBVtJqk8jxF9rh8ApRWfsIMQSt2uE4OcpQqbFu7f7NbTK05lx80nuSijCz7sc3a277R67g,"Asalam aleikum warahmatullah wabarakatu dear brothers and sisters in Islam. The app has performed to expectations,so far. No complaints. Would appreciate if we could change the Dua/adhkar from Turkiye translation to English or any preferred language of choice. That's all. Wabillahi tawfiq. Saum makbul fellow Muslims.",5,219,7.7,2025-03-14 19:41:10,,,7.7
664f6f27-f0ce-4b87-95de-a843339c5590,A Google user,https://play-lh.googleusercontent.com/EGemoI2NTXmTsBVtJqk8jxF9rh8ApRWfsIMQSt2uE4OcpQqbFu7f7NbTK05lx80nuSijCz7sc3a277R67g,Sooo cool,5,0,7.7,2025-03-14 19:09:10,,,7.7
149f4219-4d48-44ba-9f05-fdcd8f85a01c,A Google user,https://play-lh.googleusercontent.com/EGemoI2NTXmTsBVtJqk8jxF9rh8ApRWfsIMQSt2uE4OcpQqbFu7f7NbTK05lx80nuSijCz7sc3a277R67g,Nice,5,0,7.7,2025-03-14 10:15:30,,,7.7
1b8d7bd7-431f-406c-b88e-363d22a327fa,A Google user,https://play-lh.googleusercontent.com/EGemoI2NTXmTsBVtJqk8jxF9rh8ApRWfsIMQSt2uE4OcpQqbFu7f7NbTK05lx80nuSijCz7sc3a277R67g,Very good one and easy to understand,5,4,7.7,2025-03-14 08:27:39,,,7.7
cfdda8e6-76ea-4d93-abd5-64c3256c5287,A Google user,https://play-lh.googleusercontent.com/EGemoI2NTXmTsBVtJqk8jxF9rh8ApRWfsIMQSt2uE4OcpQqbFu7f7NbTK05lx80nuSijCz7sc3a277R67g,Awesome,5,0,7.7,2025-03-13 21:25:06,,,7.7
f484867a-dbed-474e-b51a-f9047891691c,A Google user,https://play-lh.googleusercontent.com/EGemoI2NTXmTsBVtJqk8jxF9rh8ApRWfsIMQSt2uE4OcpQqbFu7f7NbTK05lx80nuSijCz7sc3a277R67g,Very nice good app,1,0,7.1,2025-03-13 00:28:13,,,7.1
e3976b24-eb32-424e-bdd7-81a236919067,A Google user,https://play-lh.googleusercontent.com/EGemoI2NTXmTsBVtJqk8jxF9rh8ApRWfsIMQSt2uE4OcpQqbFu7f7NbTK05lx80nuSijCz7sc3a277R67g,Alhamdullah,5,0,7.7,2025-03-12 16:01:45,,,7.7
9b1659ca-2607-4933-8cf1-ca78954abfbe,A Google user,https://play-lh.googleusercontent.com/EGemoI2NTXmTsBVtJqk8jxF9rh8ApRWfsIMQSt2uE4OcpQqbFu7f7NbTK05lx80nuSijCz7sc3a277R67g,Very helpful 👌,1,0,7.1,2025-03-12 05:17:17,,,7.1
cbf4faaa-91be-4c32-84b6-01b601565bdf,A Google user,https://play-lh.googleusercontent.com/EGemoI2NTXmTsBVtJqk8jxF9rh8ApRWfsIMQSt2uE4OcpQqbFu7f7NbTK05lx80nuSijCz7sc3a277R67g,Am always like this app . Especially Muslim prayers Time and Al Qibla direction .,5,19,7.7,2025-03-11 11:06:37,,,7.7
4979f84d-d90e-44d4-8839-4d65992e2f60,A Google user,https://play-lh.googleusercontent.com/EGemoI2NTXmTsBVtJqk8jxF9rh8ApRWfsIMQSt2uE4OcpQqbFu7f7NbTK05lx80nuSijCz7sc3a277R67g,Macha allahu,5,0,7.7,2025-03-10 14:05:19,,,7.7
b89b5b5e-76be-4a83-95f5-02528a326a14,A Google user,https://play-lh.googleusercontent.com/EGemoI2NTXmTsBVtJqk8jxF9rh8ApRWfsIMQSt2uE4OcpQqbFu7f7NbTK05lx80nuSijCz7sc3a277R67g,Alhamdulillah,5,0,7.1,2025-03-09 23:56:53,,,7.1
dde3026a-36d8-4fe4-8bd3-27321ed85ffc,A Google user,https://play-lh.googleusercontent.com/EGemoI2NTXmTsBVtJqk8jxF9rh8ApRWfsIMQSt2uE4OcpQqbFu7f7NbTK05lx80nuSijCz7sc3a277R67g,Alhamdulilahi 🙏,5,0,7.1,2025-03-09 20:01:58,,,7.1
774846fe-90ba-46c0-a5fb-7806fc870bf9,A Google user,https://play-lh.googleusercontent.com/EGemoI2NTXmTsBVtJqk8jxF9rh8ApRWfsIMQSt2uE4OcpQqbFu7f7NbTK05lx80nuSijCz7sc3a277R67g,great,5,0,7.1,2025-03-09 19:46:51,,,7.1
4e8ad71c-325c-442b-9bed-4f2cadc11b01,A Google user,https://play-lh.googleusercontent.com/EGemoI2NTXmTsBVtJqk8jxF9rh8ApRWfsIMQSt2uE4OcpQqbFu7f7NbTK05lx80nuSijCz7sc3a277R67g,Good,5,0,7.7,2025-03-09 08:08:36,,,7.7
364c6da5-fb4a-4f59-bbaf-729bd5ce6370,A Google user,https://play-lh.googleusercontent.com/EGemoI2NTXmTsBVtJqk8jxF9rh8ApRWfsIMQSt2uE4OcpQqbFu7f7NbTK05lx80nuSijCz7sc3a277R67g,Masha allah,5,0,7.7,2025-03-09 01:10:44,,,7.7
bf3bb8d9-b2c9-4cb1-b686-dfb77ebf929e,A Google user,https://play-lh.googleusercontent.com/EGemoI2NTXmTsBVtJqk8jxF9rh8ApRWfsIMQSt2uE4OcpQqbFu7f7NbTK05lx80nuSijCz7sc3a277R67g,Very cool,5,0,7.1,2025-03-09 01:00:04,,,7.1
1e1c63e6-4625-4f73-ab8b-5ee9302fdbc8,A Google user,https://play-lh.googleusercontent.com/EGemoI2NTXmTsBVtJqk8jxF9rh8ApRWfsIMQSt2uE4OcpQqbFu7f7NbTK05lx80nuSijCz7sc3a277R67g,Very helpful an easy to use thank you 🙏,5,0,7.1,2025-03-08 21:25:06,,,7.1
16ab4d03-2b25-4bb5-a9dd-1b89afabfb8e,A Google user,https://play-lh.googleusercontent.com/EGemoI2NTXmTsBVtJqk8jxF9rh8ApRWfsIMQSt2uE4OcpQqbFu7f7NbTK05lx80nuSijCz7sc3a277R67g,MashâAllah. May Allah bless the developers but the only thing bordering me is that compass is not available,3,0,7.1,2025-03-08 18:06:02,,,7.1
ef48480c-572d-4962-80bf-9a8a74ceebaf,A Google user,https://play-lh.googleusercontent.com/EGemoI2NTXmTsBVtJqk8jxF9rh8ApRWfsIMQSt2uE4OcpQqbFu7f7NbTK05lx80nuSijCz7sc3a277R67g,This is very nice app,5,0,7.1,2025-03-08 06:32:08,,,7.1
faffe89b-299e-4d0f-9f88-f308765f03d3,A Google user,https://play-lh.googleusercontent.com/EGemoI2NTXmTsBVtJqk8jxF9rh8ApRWfsIMQSt2uE4OcpQqbFu7f7NbTK05lx80nuSijCz7sc3a277R67g,Thank u keep.me.prayer on time,5,0,,2025-03-08 01:51:33,,,
29421349-8892-437d-ba41-9b25d0db100a,A Google user,https://play-lh.googleusercontent.com/EGemoI2NTXmTsBVtJqk8jxF9rh8ApRWfsIMQSt2uE4OcpQqbFu7f7NbTK05lx80nuSijCz7sc3a277R67g,Masha Allah,5,0,7.1,2025-03-07 10:50:14,,,7.1
7ab0d45c-c7a8-42e2-8bf4-c57c0fa6ec84,A Google user,https://play-lh.googleusercontent.com/EGemoI2NTXmTsBVtJqk8jxF9rh8ApRWfsIMQSt2uE4OcpQqbFu7f7NbTK05lx80nuSijCz7sc3a277R67g,It is sooo gooddd,5,0,7.1,2025-03-06 22:02:00,,,7.1
d50d8773-ad15-4100-be76-9068844d8595,A Google user,https://play-lh.googleusercontent.com/EGemoI2NTXmTsBVtJqk8jxF9rh8ApRWfsIMQSt2uE4OcpQqbFu7f7NbTK05lx80nuSijCz7sc3a277R67g,Good apps,5,0,7.1,2025-03-06 19:43:48,,,7.1
73ca85aa-f7ed-45d9-a490-b99c806fee13,A Google user,https://play-lh.googleusercontent.com/EGemoI2NTXmTsBVtJqk8jxF9rh8ApRWfsIMQSt2uE4OcpQqbFu7f7NbTK05lx80nuSijCz7sc3a277R67g,A very helpful app. I like this very much,5,0,7.1,2025-03-06 18:20:40,,,7.1
b4c01dfe-479b-4328-98df-7f41ab1aa0e8,A Google user,https://play-lh.googleusercontent.com/EGemoI2NTXmTsBVtJqk8jxF9rh8ApRWfsIMQSt2uE4OcpQqbFu7f7NbTK05lx80nuSijCz7sc3a277R67g,Love,4,0,7.1,2025-03-06 17:43:37,,,7.1
d141e07e-cd4f-4c50-b060-d0c69a9ac807,A Google user,https://play-lh.googleusercontent.com/EGemoI2NTXmTsBVtJqk8jxF9rh8ApRWfsIMQSt2uE4OcpQqbFu7f7NbTK05lx80nuSijCz7sc3a277R67g,Mashallah its a good app in Ramadan,5,0,,2025-03-06 13:24:21,,,
d2b432d1-e706-4e6c-900a-cde3ced612d8,A Google user,https://play-lh.googleusercontent.com/EGemoI2NTXmTsBVtJqk8jxF9rh8ApRWfsIMQSt2uE4OcpQqbFu7f7NbTK05lx80nuSijCz7sc3a277R67g,I love it 💓💓💓😍,5,0,7.1,2025-03-06 02:47:07,,,7.1
03718cfa-db16-452e-9292-145b2ece4168,A Google user,https://play-lh.googleusercontent.com/EGemoI2NTXmTsBVtJqk8jxF9rh8ApRWfsIMQSt2uE4OcpQqbFu7f7NbTK05lx80nuSijCz7sc3a277R67g,Best app,4,0,7.1,2025-03-05 19:03:03,,,7.1
621c6a02-8d45-4792-be3a-84e3199e5992,A Google user,https://play-lh.googleusercontent.com/EGemoI2NTXmTsBVtJqk8jxF9rh8ApRWfsIMQSt2uE4OcpQqbFu7f7NbTK05lx80nuSijCz7sc3a277R67g,Great App,4,0,7.1,2025-03-05 15:34:19,,,7.1
4f9e778e-d88f-405d-9f01-30e829d4ed43,A Google user,https://play-lh.googleusercontent.com/EGemoI2NTXmTsBVtJqk8jxF9rh8ApRWfsIMQSt2uE4OcpQqbFu7f7NbTK05lx80nuSijCz7sc3a277R67g,Excellent,4,0,7.1,2025-03-05 10:00:40,,,7.1
19b58741-d7bf-48fd-b74c-68d1634e6c0c,A Google user,https://play-lh.googleusercontent.com/EGemoI2NTXmTsBVtJqk8jxF9rh8ApRWfsIMQSt2uE4OcpQqbFu7f7NbTK05lx80nuSijCz7sc3a277R67g,It's good 👍👍👍 Alhamdulillah,4,0,7.1,2025-03-04 17:52:22,,,7.1
e7000363-1a20-47b6-a412-9e21c3d5a54d,A Google user,https://play-lh.googleusercontent.com/EGemoI2NTXmTsBVtJqk8jxF9rh8ApRWfsIMQSt2uE4OcpQqbFu7f7NbTK05lx80nuSijCz7sc3a277R67g,Very nice,5,0,7.1,2025-03-04 13:35:50,,,7.1
627c1674-ab9e-4141-91db-39f014385b74,A Google user,https://play-lh.googleusercontent.com/EGemoI2NTXmTsBVtJqk8jxF9rh8ApRWfsIMQSt2uE4OcpQqbFu7f7NbTK05lx80nuSijCz7sc3a277R67g,I like it,5,0,7.1,2025-03-04 10:32:29,,,7.1
fea76175-67d6-40c8-a2a5-5d96620a1b19,A Google user,https://play-lh.googleusercontent.com/EGemoI2NTXmTsBVtJqk8jxF9rh8ApRWfsIMQSt2uE4OcpQqbFu7f7NbTK05lx80nuSijCz7sc3a277R67g,Nice,5,0,7.1,2025-03-04 10:22:23,,,7.1
0cc23821-a323-49f3-a651-3a597b19c318,A Google user,https://play-lh.googleusercontent.com/EGemoI2NTXmTsBVtJqk8jxF9rh8ApRWfsIMQSt2uE4OcpQqbFu7f7NbTK05lx80nuSijCz7sc3a277R67g,Alhamdulilah Masha y,5,0,7.1,2025-03-04 02:40:19,,,7.1
8a54dafb-d407-4662-a0b3-af45af95e338,A Google user,https://play-lh.googleusercontent.com/EGemoI2NTXmTsBVtJqk8jxF9rh8ApRWfsIMQSt2uE4OcpQqbFu7f7NbTK05lx80nuSijCz7sc3a277R67g,"Lovely, Alhamdulillah !",5,0,7.1,2025-03-03 22:12:48,,,7.1
847142fe-98e2-4bab-8043-990b01843080,A Google user,https://play-lh.googleusercontent.com/EGemoI2NTXmTsBVtJqk8jxF9rh8ApRWfsIMQSt2uE4OcpQqbFu7f7NbTK05lx80nuSijCz7sc3a277R67g,l love the app for sake of Allah the Almighty.... Ramadan Mubarak......,5,0,7.1,2025-03-03 21:23:55,,,7.1
d382025b-f04c-4b8a-bd64-269d7bec5f53,A Google user,https://play-lh.googleusercontent.com/EGemoI2NTXmTsBVtJqk8jxF9rh8ApRWfsIMQSt2uE4OcpQqbFu7f7NbTK05lx80nuSijCz7sc3a277R67g,Azan,5,0,,2025-03-03 13:01:44,,,
925d29da-b2a6-4561-b5fb-3f08776df326,A Google user,https://play-lh.googleusercontent.com/EGemoI2NTXmTsBVtJqk8jxF9rh8ApRWfsIMQSt2uE4OcpQqbFu7f7NbTK05lx80nuSijCz7sc3a277R67g,Good bless this very good for Muslim,5,0,7.1,2025-03-03 12:35:36,,,7.1
7164bf7f-dbf8-4921-95ce-c4485de4d7ff,A Google user,https://play-lh.googleusercontent.com/EGemoI2NTXmTsBVtJqk8jxF9rh8ApRWfsIMQSt2uE4OcpQqbFu7f7NbTK05lx80nuSijCz7sc3a277R67g,Good,5,0,7.1,2025-03-03 06:07:32,,,7.1
545d151e-7a90-41db-a912-7974aae0ea41,A Google user,https://play-lh.googleusercontent.com/EGemoI2NTXmTsBVtJqk8jxF9rh8ApRWfsIMQSt2uE4OcpQqbFu7f7NbTK05lx80nuSijCz7sc3a277R67g,Good,5,0,,2025-03-03 05:02:07,,,
98f58f04-716a-4d7a-bf6f-1b668e3b221e,A Google user,https://play-lh.googleusercontent.com/EGemoI2NTXmTsBVtJqk8jxF9rh8ApRWfsIMQSt2uE4OcpQqbFu7f7NbTK05lx80nuSijCz7sc3a277R67g,Nice,5,0,7.1,2025-03-03 03:54:06,,,7.1
9bc2cea4-76f1-465b-a442-1b4eb4b6e6ed,A Google user,https://play-lh.googleusercontent.com/EGemoI2NTXmTsBVtJqk8jxF9rh8ApRWfsIMQSt2uE4OcpQqbFu7f7NbTK05lx80nuSijCz7sc3a277R67g,Very good,3,0,7.1,2025-03-03 02:13:45,,,7.1
9abbcdff-8ff7-47cf-876d-3b1d05e1cf6d,A Google user,https://play-lh.googleusercontent.com/EGemoI2NTXmTsBVtJqk8jxF9rh8ApRWfsIMQSt2uE4OcpQqbFu7f7NbTK05lx80nuSijCz7sc3a277R67g,Nice,5,0,7.1,2025-03-02 23:17:17,,,7.1
d3e66098-ef23-48da-8d57-bfef9a6dfdc1,A Google user,https://play-lh.googleusercontent.com/EGemoI2NTXmTsBVtJqk8jxF9rh8ApRWfsIMQSt2uE4OcpQqbFu7f7NbTK05lx80nuSijCz7sc3a277R67g,Nice app,5,0,7.1,2025-03-02 09:31:47,,,7.1
ff5b4598-de73-4f18-9599-3db55c105074,A Google user,https://play-lh.googleusercontent.com/EGemoI2NTXmTsBVtJqk8jxF9rh8ApRWfsIMQSt2uE4OcpQqbFu7f7NbTK05lx80nuSijCz7sc3a277R67g,Very good,5,0,7.1,2025-03-02 07:46:17,,,7.1
b06ea68d-a014-4bef-be5d-1e3caa77ae27,A Google user,https://play-lh.googleusercontent.com/EGemoI2NTXmTsBVtJqk8jxF9rh8ApRWfsIMQSt2uE4OcpQqbFu7f7NbTK05lx80nuSijCz7sc3a277R67g,Good,4,0,7.1,2025-03-02 04:43:35,,,7.1
ebea1929-d01d-4de1-9012-ee47819e302b,A Google user,https://play-lh.googleusercontent.com/EGemoI2NTXmTsBVtJqk8jxF9rh8ApRWfsIMQSt2uE4OcpQqbFu7f7NbTK05lx80nuSijCz7sc3a277R67g,So good app,5,0,,2025-03-02 03:38:42,,,
aaee86ff-d44b-4790-b549-feef81a98852,A Google user,https://play-lh.googleusercontent.com/EGemoI2NTXmTsBVtJqk8jxF9rh8ApRWfsIMQSt2uE4OcpQqbFu7f7NbTK05lx80nuSijCz7sc3a277R67g,❤️❤️❤️,5,0,7.1,2025-03-02 03:08:38,,,7.1
60ed2711-3b80-4f07-991e-1726075b84e6,A Google user,https://play-lh.googleusercontent.com/EGemoI2NTXmTsBVtJqk8jxF9rh8ApRWfsIMQSt2uE4OcpQqbFu7f7NbTK05lx80nuSijCz7sc3a277R67g,Good apps,5,0,7.1,2025-03-02 02:18:14,,,7.1
7f8e1089-a87f-4c17-90f6-2744bb1269e3,A Google user,https://play-lh.googleusercontent.com/EGemoI2NTXmTsBVtJqk8jxF9rh8ApRWfsIMQSt2uE4OcpQqbFu7f7NbTK05lx80nuSijCz7sc3a277R67g,Very good apps...,5,0,7.1,2025-03-02 02:17:24,,,7.1
335c181d-e513-4dcc-9d0f-ce225cd5e949,A Google user,https://play-lh.googleusercontent.com/EGemoI2NTXmTsBVtJqk8jxF9rh8ApRWfsIMQSt2uE4OcpQqbFu7f7NbTK05lx80nuSijCz7sc3a277R67g,Masallah ❤️,5,0,7.1,2025-03-02 01:43:39,,,7.1
5c0813f5-334c-4a21-b55a-82f89ba3291e,A Google user,https://play-lh.googleusercontent.com/EGemoI2NTXmTsBVtJqk8jxF9rh8ApRWfsIMQSt2uE4OcpQqbFu7f7NbTK05lx80nuSijCz7sc3a277R67g,Lovely,5,0,7.1,2025-03-02 00:37:43,,,7.1
f04d26fc-5234-4d5e-bdb0-511106f65254,A Google user,https://play-lh.googleusercontent.com/EGemoI2NTXmTsBVtJqk8jxF9rh8ApRWfsIMQSt2uE4OcpQqbFu7f7NbTK05lx80nuSijCz7sc3a277R67g,This app is the best ✨💫,5,0,6.0,2025-03-01 18:16:32,,,6.0
30372aea-9d78-40ae-9c77-13f35abc683f,A Google user,https://play-lh.googleusercontent.com/EGemoI2NTXmTsBVtJqk8jxF9rh8ApRWfsIMQSt2uE4OcpQqbFu7f7NbTK05lx80nuSijCz7sc3a277R67g,Very Good app,5,0,7.1,2025-03-01 15:25:02,,,7.1
0c554685-4251-4795-8d90-8fba5256d568,A Google user,https://play-lh.googleusercontent.com/EGemoI2NTXmTsBVtJqk8jxF9rh8ApRWfsIMQSt2uE4OcpQqbFu7f7NbTK05lx80nuSijCz7sc3a277R67g,Mashallah very useful,5,0,7.1,2025-03-01 11:05:09,,,7.1
7a02ba7e-4bee-44e6-bf4b-760c4b33b83b,A Google user,https://play-lh.googleusercontent.com/EGemoI2NTXmTsBVtJqk8jxF9rh8ApRWfsIMQSt2uE4OcpQqbFu7f7NbTK05lx80nuSijCz7sc3a277R67g,Masha Allah,5,0,7.1,2025-03-01 10:13:12,,,7.1
299bc4f5-0915-449a-8bf0-6e53280ece18,A Google user,https://play-lh.googleusercontent.com/EGemoI2NTXmTsBVtJqk8jxF9rh8ApRWfsIMQSt2uE4OcpQqbFu7f7NbTK05lx80nuSijCz7sc3a277R67g,"Too many ads, each time I press something an add appears",1,1,7.1,2025-03-01 06:11:35,,,7.1
77620006-d39e-42d3-b2c3-0f0e0e419740,A Google user,https://play-lh.googleusercontent.com/EGemoI2NTXmTsBVtJqk8jxF9rh8ApRWfsIMQSt2uE4OcpQqbFu7f7NbTK05lx80nuSijCz7sc3a277R67g,OK,5,0,7.1,2025-03-01 00:16:42,,,7.1
3c514c8b-e8ef-442e-89d5-7b9e03c839dc,A Google user,https://play-lh.googleusercontent.com/EGemoI2NTXmTsBVtJqk8jxF9rh8ApRWfsIMQSt2uE4OcpQqbFu7f7NbTK05lx80nuSijCz7sc3a277R67g,Good,5,0,,2025-02-28 14:55:47,,,
3af437ee-e3eb-4dd4-9658-383ace56a7f1,A Google user,https://play-lh.googleusercontent.com/EGemoI2NTXmTsBVtJqk8jxF9rh8ApRWfsIMQSt2uE4OcpQqbFu7f7NbTK05lx80nuSijCz7sc3a277R67g,❤️❤️❤️,5,0,,2025-02-28 11:33:31,,,
b89b8b8a-57bb-45c9-844a-4d8e9893f700,A Google user,https://play-lh.googleusercontent.com/EGemoI2NTXmTsBVtJqk8jxF9rh8ApRWfsIMQSt2uE4OcpQqbFu7f7NbTK05lx80nuSijCz7sc3a277R67g,I want the app of vmuslim the best Islamic app I failure to get,1,0,7.1,2025-02-28 05:49:11,,,7.1
10030b39-5b9b-40e2-8304-9ddbc08b494b,A Google user,https://play-lh.googleusercontent.com/EGemoI2NTXmTsBVtJqk8jxF9rh8ApRWfsIMQSt2uE4OcpQqbFu7f7NbTK05lx80nuSijCz7sc3a277R67g,Allah is grater,5,0,7.1,2025-02-28 05:01:29,,,7.1
899c2404-7142-490c-8985-a72c1032cf71,A Google user,https://play-lh.googleusercontent.com/EGemoI2NTXmTsBVtJqk8jxF9rh8ApRWfsIMQSt2uE4OcpQqbFu7f7NbTK05lx80nuSijCz7sc3a277R67g,Love it easy and keep me on track💯,5,0,7.1,2025-02-28 00:43:58,,,7.1
5a51e331-3f03-4770-ae8b-21e7cf2799b5,A Google user,https://play-lh.googleusercontent.com/EGemoI2NTXmTsBVtJqk8jxF9rh8ApRWfsIMQSt2uE4OcpQqbFu7f7NbTK05lx80nuSijCz7sc3a277R67g,"I don't know developers make Islamic apps to earn money or for Muslims. They want money to unlock all features, and a lot of ads are in the app. If you are making for Muslims please stop ads and subscriptions",1,3,7.1,2025-02-27 13:26:23,,,7.1
861a5a20-f1ee-40de-af60-2ffe0ac029a9,A Google user,https://play-lh.googleusercontent.com/EGemoI2NTXmTsBVtJqk8jxF9rh8ApRWfsIMQSt2uE4OcpQqbFu7f7NbTK05lx80nuSijCz7sc3a277R67g,It's good,5,0,7.1,2025-02-27 03:53:08,,,7.1
51ce832c-c955-4dd2-89b0-0ca42c47284f,A Google user,https://play-lh.googleusercontent.com/EGemoI2NTXmTsBVtJqk8jxF9rh8ApRWfsIMQSt2uE4OcpQqbFu7f7NbTK05lx80nuSijCz7sc3a277R67g,Good,5,0,,2025-02-25 14:40:05,,,
26bb5e82-a544-413f-8ead-836cb88fa7f8,A Google user,https://play-lh.googleusercontent.com/EGemoI2NTXmTsBVtJqk8jxF9rh8ApRWfsIMQSt2uE4OcpQqbFu7f7NbTK05lx80nuSijCz7sc3a277R67g,Very good,5,0,7.1,2025-02-24 17:42:46,,,7.1
e49389c8-b718-475b-9d9f-936c43d7b3e7,A Google user,https://play-lh.googleusercontent.com/EGemoI2NTXmTsBVtJqk8jxF9rh8ApRWfsIMQSt2uE4OcpQqbFu7f7NbTK05lx80nuSijCz7sc3a277R67g,Excellent App💯👌,5,0,,2025-02-24 02:25:13,,,
28659423-c105-4fa6-b0cc-9def459edfa1,A Google user,https://play-lh.googleusercontent.com/EGemoI2NTXmTsBVtJqk8jxF9rh8ApRWfsIMQSt2uE4OcpQqbFu7f7NbTK05lx80nuSijCz7sc3a277R67g,Very good 💯💯💯😊 try this,5,0,7.1,2025-02-24 01:53:30,,,7.1
c2019da7-e8f8-41c2-a0e6-03076889628b,A Google user,https://play-lh.googleusercontent.com/EGemoI2NTXmTsBVtJqk8jxF9rh8ApRWfsIMQSt2uE4OcpQqbFu7f7NbTK05lx80nuSijCz7sc3a277R67g,Like it...,5,0,7.1,2025-02-23 03:37:38,,,7.1
55b9f71d-dc85-4d81-8ec5-e0d6a4c84e44,A Google user,https://play-lh.googleusercontent.com/EGemoI2NTXmTsBVtJqk8jxF9rh8ApRWfsIMQSt2uE4OcpQqbFu7f7NbTK05lx80nuSijCz7sc3a277R67g,I love it,5,0,7.1,2025-02-22 01:08:10,,,7.1
a0ab425a-a7b2-4f0c-b2bf-9b2781491810,A Google user,https://play-lh.googleusercontent.com/EGemoI2NTXmTsBVtJqk8jxF9rh8ApRWfsIMQSt2uE4OcpQqbFu7f7NbTK05lx80nuSijCz7sc3a277R67g,Very Enlightened,5,0,,2025-02-21 18:10:32,,,
823415c9-978b-4c25-bcea-73d80390a3dc,A Google user,https://play-lh.googleusercontent.com/EGemoI2NTXmTsBVtJqk8jxF9rh8ApRWfsIMQSt2uE4OcpQqbFu7f7NbTK05lx80nuSijCz7sc3a277R67g,Amazing this app im so happey,5,0,7.1,2025-02-21 08:57:19,,,7.1
34661087-5dad-46b8-b329-71960a130d73,A Google user,https://play-lh.googleusercontent.com/EGemoI2NTXmTsBVtJqk8jxF9rh8ApRWfsIMQSt2uE4OcpQqbFu7f7NbTK05lx80nuSijCz7sc3a277R67g,Good,5,0,7.1,2025-02-20 17:54:30,,,7.1
5fb97194-56c5-48b1-bcbc-27b65a2be401,A Google user,https://play-lh.googleusercontent.com/EGemoI2NTXmTsBVtJqk8jxF9rh8ApRWfsIMQSt2uE4OcpQqbFu7f7NbTK05lx80nuSijCz7sc3a277R67g,I really enjoy this app,5,0,7.1,2025-02-20 00:12:39,,,7.1
68ec3bed-5ae9-43fc-8bef-2106975d4b5d,A Google user,https://play-lh.googleusercontent.com/EGemoI2NTXmTsBVtJqk8jxF9rh8ApRWfsIMQSt2uE4OcpQqbFu7f7NbTK05lx80nuSijCz7sc3a277R67g,Mashallah allahu ta'ala reward you good things to this Dunia and to Akhir In sha Allah,5,0,7.1,2025-02-19 01:34:04,,,7.1
f247755b-162c-4908-bf86-8f31fe721f6b,A Google user,https://play-lh.googleusercontent.com/EGemoI2NTXmTsBVtJqk8jxF9rh8ApRWfsIMQSt2uE4OcpQqbFu7f7NbTK05lx80nuSijCz7sc3a277R67g,🫶🫶🥰🥰,5,0,7.1,2025-02-18 16:01:18,,,7.1
c6425d49-5405-497b-8ee3-8f1a0a2cbe2b,A Google user,https://play-lh.googleusercontent.com/EGemoI2NTXmTsBVtJqk8jxF9rh8ApRWfsIMQSt2uE4OcpQqbFu7f7NbTK05lx80nuSijCz7sc3a277R67g,Good,5,0,7.1,2025-02-18 10:09:10,,,7.1
c837d48d-8db2-4e95-8297-17db3342a8d8,A Google user,https://play-lh.googleusercontent.com/EGemoI2NTXmTsBVtJqk8jxF9rh8ApRWfsIMQSt2uE4OcpQqbFu7f7NbTK05lx80nuSijCz7sc3a277R67g,Good App very Good Service,5,0,7.1,2025-02-18 02:02:47,,,7.1
835ab77e-f83e-4011-aeac-ec4f254e8d7b,A Google user,https://play-lh.googleusercontent.com/EGemoI2NTXmTsBVtJqk8jxF9rh8ApRWfsIMQSt2uE4OcpQqbFu7f7NbTK05lx80nuSijCz7sc3a277R67g,Azan call for prayer is not working for me. What could be the issue?,2,0,7.1,2025-02-17 02:04:26,,,7.1
61581def-ffc9-4675-96cd-986f56c9b404,A Google user,https://play-lh.googleusercontent.com/EGemoI2NTXmTsBVtJqk8jxF9rh8ApRWfsIMQSt2uE4OcpQqbFu7f7NbTK05lx80nuSijCz7sc3a277R67g,I get experience,5,0,7.1,2025-02-15 15:19:42,,,7.1
f503a8fe-defd-4a4c-b659-14439afe5c7d,A Google user,https://play-lh.googleusercontent.com/EGemoI2NTXmTsBVtJqk8jxF9rh8ApRWfsIMQSt2uE4OcpQqbFu7f7NbTK05lx80nuSijCz7sc3a277R67g,maashaa allah thanks for this app,5,0,7.1,2025-02-15 06:51:49,,,7.1
35f9062e-1dc7-400c-bd03-5fb1fa006242,A Google user,https://play-lh.googleusercontent.com/EGemoI2NTXmTsBVtJqk8jxF9rh8ApRWfsIMQSt2uE4OcpQqbFu7f7NbTK05lx80nuSijCz7sc3a277R67g,Good,5,0,7.1,2025-02-15 04:04:09,,,7.1
6b1046e0-546b-4acd-915c-69b7dd7cd031,A Google user,https://play-lh.googleusercontent.com/EGemoI2NTXmTsBVtJqk8jxF9rh8ApRWfsIMQSt2uE4OcpQqbFu7f7NbTK05lx80nuSijCz7sc3a277R67g,Perfect,5,0,7.1,2025-02-14 22:44:28,,,7.1
ed361e28-20a2-4090-bf74-23cb36fe003b,A Google user,https://play-lh.googleusercontent.com/EGemoI2NTXmTsBVtJqk8jxF9rh8ApRWfsIMQSt2uE4OcpQqbFu7f7NbTK05lx80nuSijCz7sc3a277R67g,Fantastic,5,0,7.1,2025-02-14 05:36:00,,,7.1
7b447692-0863-476c-946c-b08f9581988d,A Google user,https://play-lh.googleusercontent.com/EGemoI2NTXmTsBVtJqk8jxF9rh8ApRWfsIMQSt2uE4OcpQqbFu7f7NbTK05lx80nuSijCz7sc3a277R67g,Good,5,0,7.1,2025-02-13 18:03:51,,,7.1
56781487-75b7-4386-ba74-b565ec2da617,A Google user,https://play-lh.googleusercontent.com/EGemoI2NTXmTsBVtJqk8jxF9rh8ApRWfsIMQSt2uE4OcpQqbFu7f7NbTK05lx80nuSijCz7sc3a277R67g,Muslim Mashaallah shukran ishaallah alhamdulillahi,5,0,7.1,2025-02-13 14:35:41,,,7.1
a23e7ae0-7dab-4970-9838-b76480efa101,A Google user,https://play-lh.googleusercontent.com/EGemoI2NTXmTsBVtJqk8jxF9rh8ApRWfsIMQSt2uE4OcpQqbFu7f7NbTK05lx80nuSijCz7sc3a277R67g,Superb app... Finally a good app... I sm amazed and shocked to see abandoned of knowledge in only 1 app...,5,3,7.1,2025-02-13 04:21:51,,,7.1
b50e6e0c-b990-449b-bb41-a8d8d55e7c68,A Google user,https://play-lh.googleusercontent.com/EGemoI2NTXmTsBVtJqk8jxF9rh8ApRWfsIMQSt2uE4OcpQqbFu7f7NbTK05lx80nuSijCz7sc3a277R67g,🫰🫰,5,0,7.1,2025-02-11 22:36:26,,,7.1
9a0c4ca5-6ecf-481c-ae66-fa59ea58fb49,A Google user,https://play-lh.googleusercontent.com/EGemoI2NTXmTsBVtJqk8jxF9rh8ApRWfsIMQSt2uE4OcpQqbFu7f7NbTK05lx80nuSijCz7sc3a277R67g,"very nice app for Muslim brothers and sisters, we are prouding that we are ready for Islam.",5,0,,2025-02-11 09:56:33,,,
cd0b2fb4-3ed9-4987-af80-2c669a200e55,A Google user,https://play-lh.googleusercontent.com/EGemoI2NTXmTsBVtJqk8jxF9rh8ApRWfsIMQSt2uE4OcpQqbFu7f7NbTK05lx80nuSijCz7sc3a277R67g,Jadhakallahu Khair,5,0,7.1,2025-02-11 03:33:23,,,7.1
3e01db54-0988-4761-8acb-f1634f9c7a00,A Google user,https://play-lh.googleusercontent.com/EGemoI2NTXmTsBVtJqk8jxF9rh8ApRWfsIMQSt2uE4OcpQqbFu7f7NbTK05lx80nuSijCz7sc3a277R67g,excelent,5,0,7.1,2025-02-10 17:14:04,,,7.1
f7b24328-20fa-46b9-8ae1-ef822557dad6,A Google user,https://play-lh.googleusercontent.com/EGemoI2NTXmTsBVtJqk8jxF9rh8ApRWfsIMQSt2uE4OcpQqbFu7f7NbTK05lx80nuSijCz7sc3a277R67g,Good as pp,5,0,7.1,2025-02-10 09:41:08,,,7.1
677d563d-e5d0-499e-903f-24bea64b1ab1,A Google user,https://play-lh.googleusercontent.com/EGemoI2NTXmTsBVtJqk8jxF9rh8ApRWfsIMQSt2uE4OcpQqbFu7f7NbTK05lx80nuSijCz7sc3a277R67g,Good,4,0,7.1,2025-02-10 02:37:08,,,7.1
59877e9f-db68-487e-88c0-beb057b260ee,A Google user,https://play-lh.googleusercontent.com/EGemoI2NTXmTsBVtJqk8jxF9rh8ApRWfsIMQSt2uE4OcpQqbFu7f7NbTK05lx80nuSijCz7sc3a277R67g,Nice,5,0,7.1,2025-02-09 20:13:24,,,7.1
8fa0cfe1-be8f-48bb-9db5-4c467c3b9762,A Google user,https://play-lh.googleusercontent.com/EGemoI2NTXmTsBVtJqk8jxF9rh8ApRWfsIMQSt2uE4OcpQqbFu7f7NbTK05lx80nuSijCz7sc3a277R67g,It's useful for notifying me for prayer time,5,0,7.1,2025-02-08 18:55:21,,,7.1
6a6d3440-4432-4d3f-8986-aa861bab2f00,A Google user,https://play-lh.googleusercontent.com/EGemoI2NTXmTsBVtJqk8jxF9rh8ApRWfsIMQSt2uE4OcpQqbFu7f7NbTK05lx80nuSijCz7sc3a277R67g,Lots of ads,1,0,,2025-02-08 16:09:13,,,
98bdfc71-ba72-4bcc-b5b8-fba5405047e1,A Google user,https://play-lh.googleusercontent.com/EGemoI2NTXmTsBVtJqk8jxF9rh8ApRWfsIMQSt2uE4OcpQqbFu7f7NbTK05lx80nuSijCz7sc3a277R67g,Good one,5,0,7.1,2025-02-08 04:59:30,,,7.1
b7d6bdc1-e837-40a0-a202-ccd11b61071f,A Google user,https://play-lh.googleusercontent.com/EGemoI2NTXmTsBVtJqk8jxF9rh8ApRWfsIMQSt2uE4OcpQqbFu7f7NbTK05lx80nuSijCz7sc3a277R67g,"Excellent app, I'm really glad ❤️❤️❤️☝🏼👳🏼‍♂️",5,0,7.1,2025-02-07 07:34:15,,,7.1
139178bf-470c-4e43-8faa-a1a7ff0a4030,A Google user,https://play-lh.googleusercontent.com/EGemoI2NTXmTsBVtJqk8jxF9rh8ApRWfsIMQSt2uE4OcpQqbFu7f7NbTK05lx80nuSijCz7sc3a277R67g,Nice,5,0,,2025-02-07 00:31:59,,,
c8f3fe99-9104-471a-b362-bb6b3a7f451b,A Google user,https://play-lh.googleusercontent.com/EGemoI2NTXmTsBVtJqk8jxF9rh8ApRWfsIMQSt2uE4OcpQqbFu7f7NbTK05lx80nuSijCz7sc3a277R67g,I really appreciate this app because I learned a lot,5,0,7.1,2025-02-06 22:39:18,,,7.1
5f4a5bcb-de10-467d-8504-3087fddc8fa3,A Google user,https://play-lh.googleusercontent.com/EGemoI2NTXmTsBVtJqk8jxF9rh8ApRWfsIMQSt2uE4OcpQqbFu7f7NbTK05lx80nuSijCz7sc3a277R67g,Very good,5,0,7.1,2025-02-06 19:13:01,,,7.1
9e4f6638-728a-4c1a-82bb-206337d17714,A Google user,https://play-lh.googleusercontent.com/EGemoI2NTXmTsBVtJqk8jxF9rh8ApRWfsIMQSt2uE4OcpQqbFu7f7NbTK05lx80nuSijCz7sc3a277R67g,Ok,5,0,7.1,2025-02-06 00:13:57,,,7.1
b8687882-944e-4d96-b0c6-06630e77f28c,A Google user,https://play-lh.googleusercontent.com/EGemoI2NTXmTsBVtJqk8jxF9rh8ApRWfsIMQSt2uE4OcpQqbFu7f7NbTK05lx80nuSijCz7sc3a277R67g,Amezone app,5,0,,2025-02-06 00:06:01,,,
bb3fe875-26eb-498a-8a86-d9f3197afb84,A Google user,https://play-lh.googleusercontent.com/EGemoI2NTXmTsBVtJqk8jxF9rh8ApRWfsIMQSt2uE4OcpQqbFu7f7NbTK05lx80nuSijCz7sc3a277R67g,Cool,5,0,7.1,2025-02-05 11:14:19,,,7.1
9f9bb835-3fb6-44e7-98c9-b8959af99af2,A Google user,https://play-lh.googleusercontent.com/EGemoI2NTXmTsBVtJqk8jxF9rh8ApRWfsIMQSt2uE4OcpQqbFu7f7NbTK05lx80nuSijCz7sc3a277R67g,Very good for beginners,3,0,7.1,2025-02-04 11:32:34,,,7.1
11f6306c-1a1c-4c92-9f1c-9cbcab79e815,A Google user,https://play-lh.googleusercontent.com/EGemoI2NTXmTsBVtJqk8jxF9rh8ApRWfsIMQSt2uE4OcpQqbFu7f7NbTK05lx80nuSijCz7sc3a277R67g,Excellent 👌👌👌,5,0,7.1,2025-02-02 22:37:00,,,7.1
f56dc8be-29d2-4d71-9afd-9787db677ccd,A Google user,https://play-lh.googleusercontent.com/EGemoI2NTXmTsBVtJqk8jxF9rh8ApRWfsIMQSt2uE4OcpQqbFu7f7NbTK05lx80nuSijCz7sc3a277R67g,Alhamdu Lelaahi Rabllalamin Hasbiya Laahu wanieman wakiil,5,0,7.1,2025-02-02 13:23:21,,,7.1
710d5119-4c8b-416d-85d1-91073e906521,A Google user,https://play-lh.googleusercontent.com/EGemoI2NTXmTsBVtJqk8jxF9rh8ApRWfsIMQSt2uE4OcpQqbFu7f7NbTK05lx80nuSijCz7sc3a277R67g,Nice,5,0,7.1,2025-02-02 08:12:13,,,7.1
a284e936-f6c2-4fc9-b8ac-e16de4e275e7,A Google user,https://play-lh.googleusercontent.com/EGemoI2NTXmTsBVtJqk8jxF9rh8ApRWfsIMQSt2uE4OcpQqbFu7f7NbTK05lx80nuSijCz7sc3a277R67g,Good 😊,5,0,7.1,2025-02-01 12:31:41,,,7.1
70a997fb-4902-40c9-bb6b-181478de29e1,A Google user,https://play-lh.googleusercontent.com/EGemoI2NTXmTsBVtJqk8jxF9rh8ApRWfsIMQSt2uE4OcpQqbFu7f7NbTK05lx80nuSijCz7sc3a277R67g,So nice 👍,5,0,7.1,2025-02-01 11:36:12,,,7.1
cc16e0ba-5c92-4e89-bdcc-72fca68f029f,A Google user,https://play-lh.googleusercontent.com/EGemoI2NTXmTsBVtJqk8jxF9rh8ApRWfsIMQSt2uE4OcpQqbFu7f7NbTK05lx80nuSijCz7sc3a277R67g,Mashallah subhanallah,5,0,,2025-02-01 08:50:58,,,
e4445d55-14c6-40e0-a8c5-70531f930407,A Google user,https://play-lh.googleusercontent.com/EGemoI2NTXmTsBVtJqk8jxF9rh8ApRWfsIMQSt2uE4OcpQqbFu7f7NbTK05lx80nuSijCz7sc3a277R67g,👍👍👍👍,5,0,7.1,2025-01-31 20:48:47,,,7.1
90fb71be-c872-4b35-bc44-0d44153b76de,A Google user,https://play-lh.googleusercontent.com/EGemoI2NTXmTsBVtJqk8jxF9rh8ApRWfsIMQSt2uE4OcpQqbFu7f7NbTK05lx80nuSijCz7sc3a277R67g,It's loaded with stupid ads,1,0,7.1,2025-01-28 23:23:18,,,7.1
77ec19a9-04c9-4e78-9797-870200baca60,A Google user,https://play-lh.googleusercontent.com/EGemoI2NTXmTsBVtJqk8jxF9rh8ApRWfsIMQSt2uE4OcpQqbFu7f7NbTK05lx80nuSijCz7sc3a277R67g,"This app is amazing,for everything I want to see it in one app kudos",5,0,7.1,2025-01-28 19:36:40,,,7.1
40fb434f-ef06-4b1e-b24b-acd8fe35398e,A Google user,https://play-lh.googleusercontent.com/EGemoI2NTXmTsBVtJqk8jxF9rh8ApRWfsIMQSt2uE4OcpQqbFu7f7NbTK05lx80nuSijCz7sc3a277R67g,Fantastic,5,0,7.1,2025-01-28 09:53:48,,,7.1
01b5a0af-b323-45b5-a9fe-d646194ef4ea,A Google user,https://play-lh.googleusercontent.com/EGemoI2NTXmTsBVtJqk8jxF9rh8ApRWfsIMQSt2uE4OcpQqbFu7f7NbTK05lx80nuSijCz7sc3a277R67g,Mashallah,5,0,7.1,2025-01-28 05:33:41,,,7.1
3ea38866-8d16-4230-8a63-69e9159b6c26,A Google user,https://play-lh.googleusercontent.com/EGemoI2NTXmTsBVtJqk8jxF9rh8ApRWfsIMQSt2uE4OcpQqbFu7f7NbTK05lx80nuSijCz7sc3a277R67g,Good,4,0,7.1,2025-01-26 23:26:32,,,7.1
470a8076-66b5-4178-a428-9f955c88eca8,A Google user,https://play-lh.googleusercontent.com/EGemoI2NTXmTsBVtJqk8jxF9rh8ApRWfsIMQSt2uE4OcpQqbFu7f7NbTK05lx80nuSijCz7sc3a277R67g,Nice app,5,0,7.1,2025-01-26 16:34:47,,,7.1
335aa847-3e9e-4d31-9c71-aeb6821b3cfa,A Google user,https://play-lh.googleusercontent.com/EGemoI2NTXmTsBVtJqk8jxF9rh8ApRWfsIMQSt2uE4OcpQqbFu7f7NbTK05lx80nuSijCz7sc3a277R67g,To manay ads come through each option or columns ..... Mind totally gone in wrong way and disturbed... can't.,1,7,7.1,2025-01-26 11:30:14,,,7.1
feb53d57-3378-41bc-91e6-6cdb7bb99742,A Google user,https://play-lh.googleusercontent.com/EGemoI2NTXmTsBVtJqk8jxF9rh8ApRWfsIMQSt2uE4OcpQqbFu7f7NbTK05lx80nuSijCz7sc3a277R67g,Very good app,5,0,,2025-01-25 18:11:38,,,
07b70d52-21b1-4c12-91a9-31666a225f91,A Google user,https://play-lh.googleusercontent.com/EGemoI2NTXmTsBVtJqk8jxF9rh8ApRWfsIMQSt2uE4OcpQqbFu7f7NbTK05lx80nuSijCz7sc3a277R67g,Very good. Mashallah,5,0,,2025-01-24 14:09:59,,,
2420a75b-0157-4183-a7ea-bf5d35f787c8,A Google user,https://play-lh.googleusercontent.com/EGemoI2NTXmTsBVtJqk8jxF9rh8ApRWfsIMQSt2uE4OcpQqbFu7f7NbTK05lx80nuSijCz7sc3a277R67g,mashaallah,5,0,7.1,2025-01-23 17:34:40,,,7.1
7df8aea9-b223-4c7a-97a8-b39c5062f151,A Google user,https://play-lh.googleusercontent.com/EGemoI2NTXmTsBVtJqk8jxF9rh8ApRWfsIMQSt2uE4OcpQqbFu7f7NbTK05lx80nuSijCz7sc3a277R67g,Am saying MASHALLAH,5,0,7.1,2025-01-22 08:02:58,,,7.1
6d0c1bb3-b5e9-4c54-b74c-5bdcaf40149f,A Google user,https://play-lh.googleusercontent.com/EGemoI2NTXmTsBVtJqk8jxF9rh8ApRWfsIMQSt2uE4OcpQqbFu7f7NbTK05lx80nuSijCz7sc3a277R67g,Nzuri sanaaa,4,0,7.1,2025-01-22 03:07:45,,,7.1
3ed32d12-70ba-451a-94c4-7f9c43ab1d1a,A Google user,https://play-lh.googleusercontent.com/EGemoI2NTXmTsBVtJqk8jxF9rh8ApRWfsIMQSt2uE4OcpQqbFu7f7NbTK05lx80nuSijCz7sc3a277R67g,Nice,5,0,7.1,2025-01-21 21:32:43,,,7.1
55ae8506-c66e-48d5-80e7-2d9017fe84c5,A Google user,https://play-lh.googleusercontent.com/EGemoI2NTXmTsBVtJqk8jxF9rh8ApRWfsIMQSt2uE4OcpQqbFu7f7NbTK05lx80nuSijCz7sc3a277R67g,I love Allah,5,0,7.1,2025-01-20 14:54:20,,,7.1
cdaf72ed-5cac-49d8-acbf-2cd4ff581111,A Google user,https://play-lh.googleusercontent.com/EGemoI2NTXmTsBVtJqk8jxF9rh8ApRWfsIMQSt2uE4OcpQqbFu7f7NbTK05lx80nuSijCz7sc3a277R67g,💗,5,0,7.1,2025-01-20 07:44:42,,,7.1
84aa23fb-af0a-4fd4-84a6-e24dddbd0c32,A Google user,https://play-lh.googleusercontent.com/EGemoI2NTXmTsBVtJqk8jxF9rh8ApRWfsIMQSt2uE4OcpQqbFu7f7NbTK05lx80nuSijCz7sc3a277R67g,Nice,4,0,7.1,2025-01-20 00:17:15,,,7.1
8621952a-ed25-4cc9-9544-e25ae6bcd05c,A Google user,https://play-lh.googleusercontent.com/EGemoI2NTXmTsBVtJqk8jxF9rh8ApRWfsIMQSt2uE4OcpQqbFu7f7NbTK05lx80nuSijCz7sc3a277R67g,So good 👍,5,0,7.1,2025-01-19 23:03:46,,,7.1
d88f8085-3de6-476b-801f-4150b476e011,A Google user,https://play-lh.googleusercontent.com/EGemoI2NTXmTsBVtJqk8jxF9rh8ApRWfsIMQSt2uE4OcpQqbFu7f7NbTK05lx80nuSijCz7sc3a277R67g,Alabama,5,0,7.1,2025-01-19 03:43:13,,,7.1
1df30248-e423-4cc2-ac3f-7dcd3644ee27,A Google user,https://play-lh.googleusercontent.com/EGemoI2NTXmTsBVtJqk8jxF9rh8ApRWfsIMQSt2uE4OcpQqbFu7f7NbTK05lx80nuSijCz7sc3a277R67g,Most beautiful app this app is amazing,5,0,7.1,2025-01-18 21:23:33,,,7.1
3957f0d1-b26e-4a9e-9979-3ab5b705513d,A Google user,https://play-lh.googleusercontent.com/EGemoI2NTXmTsBVtJqk8jxF9rh8ApRWfsIMQSt2uE4OcpQqbFu7f7NbTK05lx80nuSijCz7sc3a277R67g,good,5,0,7.1,2025-01-18 13:21:00,,,7.1
eec25c14-8e6c-44de-96dd-f3872342ff2f,A Google user,https://play-lh.googleusercontent.com/EGemoI2NTXmTsBVtJqk8jxF9rh8ApRWfsIMQSt2uE4OcpQqbFu7f7NbTK05lx80nuSijCz7sc3a277R67g,very good,5,0,7.1,2025-01-18 02:18:43,,,7.1
7468afff-2568-48b0-80f2-3ceeeeaca199,A Google user,https://play-lh.googleusercontent.com/EGemoI2NTXmTsBVtJqk8jxF9rh8ApRWfsIMQSt2uE4OcpQqbFu7f7NbTK05lx80nuSijCz7sc3a277R67g,Good,5,0,7.1,2025-01-18 00:23:25,,,7.1
5cdab629-3c7f-44c4-9a52-a8d46200daa1,A Google user,https://play-lh.googleusercontent.com/EGemoI2NTXmTsBVtJqk8jxF9rh8ApRWfsIMQSt2uE4OcpQqbFu7f7NbTK05lx80nuSijCz7sc3a277R67g,I am enjoing it,4,0,7.1,2025-01-17 23:04:18,,,7.1
ca8275e2-4e67-47ae-94c4-680618942e2e,A Google user,https://play-lh.googleusercontent.com/EGemoI2NTXmTsBVtJqk8jxF9rh8ApRWfsIMQSt2uE4OcpQqbFu7f7NbTK05lx80nuSijCz7sc3a277R67g,diadji gueye,5,0,7.1,2025-01-17 20:41:17,,,7.1
078512e0-24b5-48ae-b7fc-847de6153db9,A Google user,https://play-lh.googleusercontent.com/EGemoI2NTXmTsBVtJqk8jxF9rh8ApRWfsIMQSt2uE4OcpQqbFu7f7NbTK05lx80nuSijCz7sc3a277R67g,আলহামদুলিল্লাহ,5,0,7.1,2025-01-16 20:06:15,,,7.1
271fd811-7339-49c5-8256-5379dd2f29a7,A Google user,https://play-lh.googleusercontent.com/EGemoI2NTXmTsBVtJqk8jxF9rh8ApRWfsIMQSt2uE4OcpQqbFu7f7NbTK05lx80nuSijCz7sc3a277R67g,I likes this pray time to remember the time when reach time pray,5,0,7.1,2025-01-16 17:19:58,,,7.1
f0ceeb06-542d-4f1c-8419-3a3965a224cb,A Google user,https://play-lh.googleusercontent.com/EGemoI2NTXmTsBVtJqk8jxF9rh8ApRWfsIMQSt2uE4OcpQqbFu7f7NbTK05lx80nuSijCz7sc3a277R67g,Very Excellent and wonderful App,5,0,,2025-01-16 14:51:48,,,
9a9e112f-952d-40b3-8adf-6505ccaba213,A Google user,https://play-lh.googleusercontent.com/EGemoI2NTXmTsBVtJqk8jxF9rh8ApRWfsIMQSt2uE4OcpQqbFu7f7NbTK05lx80nuSijCz7sc3a277R67g,Ok,5,0,7.1,2025-01-16 05:09:32,,,7.1
6f0377cb-b136-43ec-a96a-fcec35333b80,A Google user,https://play-lh.googleusercontent.com/EGemoI2NTXmTsBVtJqk8jxF9rh8ApRWfsIMQSt2uE4OcpQqbFu7f7NbTK05lx80nuSijCz7sc3a277R67g,Mashallah amin,5,0,7.1,2025-01-16 04:57:15,,,7.1
e2714414-4688-47a4-bf6b-ec76d92de6a1,A Google user,https://play-lh.googleusercontent.com/EGemoI2NTXmTsBVtJqk8jxF9rh8ApRWfsIMQSt2uE4OcpQqbFu7f7NbTK05lx80nuSijCz7sc3a277R67g,Mashallah.,5,0,7.1,2025-01-15 23:52:56,,,7.1
14bc376f-a1af-4853-bb6c-ae2fb08bbca2,A Google user,https://play-lh.googleusercontent.com/EGemoI2NTXmTsBVtJqk8jxF9rh8ApRWfsIMQSt2uE4OcpQqbFu7f7NbTK05lx80nuSijCz7sc3a277R67g,Masha allah👌,5,0,7.1,2025-01-15 16:44:33,,,7.1
b315ed05-dd7c-4f03-b191-0c199e0aa618,A Google user,https://play-lh.googleusercontent.com/EGemoI2NTXmTsBVtJqk8jxF9rh8ApRWfsIMQSt2uE4OcpQqbFu7f7NbTK05lx80nuSijCz7sc3a277R67g,Nice app but now a days there is no full azan sound on this app i dt know what happens i update but till no,5,0,7.1,2025-01-15 01:46:18,"We're delighted to know that our app met your expectations. Should you have any further suggestions or queries, don't hesitate to write to us at zugarmobility@gmail.com.",2024-12-30 14:47:12,7.1
d21b3838-5db7-45b4-897d-9461b4850d94,A Google user,https://play-lh.googleusercontent.com/EGemoI2NTXmTsBVtJqk8jxF9rh8ApRWfsIMQSt2uE4OcpQqbFu7f7NbTK05lx80nuSijCz7sc3a277R67g,fantastic,5,0,7.1,2025-01-14 23:49:24,,,7.1
14287547-38fe-4aab-a582-76d5e7734a5a,A Google user,https://play-lh.googleusercontent.com/EGemoI2NTXmTsBVtJqk8jxF9rh8ApRWfsIMQSt2uE4OcpQqbFu7f7NbTK05lx80nuSijCz7sc3a277R67g,تبارك الرحمن ما شاء الله very good,5,0,7.1,2025-01-14 20:11:48,,,7.1
b82e8c6e-a4ee-40d1-8d83-3936042f9593,A Google user,https://play-lh.googleusercontent.com/EGemoI2NTXmTsBVtJqk8jxF9rh8ApRWfsIMQSt2uE4OcpQqbFu7f7NbTK05lx80nuSijCz7sc3a277R67g,Wonderful APP must have for all Muslims around the world 🌎,5,1,7.1,2025-01-14 19:42:25,,,7.1
092c1c49-ab15-476e-8b51-54529e741e7e,A Google user,https://play-lh.googleusercontent.com/EGemoI2NTXmTsBVtJqk8jxF9rh8ApRWfsIMQSt2uE4OcpQqbFu7f7NbTK05lx80nuSijCz7sc3a277R67g,Big star,5,0,7.1,2025-01-14 10:21:28,,,7.1
5c7c22e1-1ef0-4699-b84a-52f5859e1a28,A Google user,https://play-lh.googleusercontent.com/EGemoI2NTXmTsBVtJqk8jxF9rh8ApRWfsIMQSt2uE4OcpQqbFu7f7NbTK05lx80nuSijCz7sc3a277R67g,Hey this app is great,5,0,,2025-01-14 03:41:35,,,
be0e7e81-ef05-4492-abe2-2c46e2ff9045,A Google user,https://play-lh.googleusercontent.com/EGemoI2NTXmTsBVtJqk8jxF9rh8ApRWfsIMQSt2uE4OcpQqbFu7f7NbTK05lx80nuSijCz7sc3a277R67g,V.good,5,0,,2025-01-13 22:48:45,,,
aa8f8484-94f0-4da3-b009-e45cc5157613,A Google user,https://play-lh.googleusercontent.com/EGemoI2NTXmTsBVtJqk8jxF9rh8ApRWfsIMQSt2uE4OcpQqbFu7f7NbTK05lx80nuSijCz7sc3a277R67g,This app is awesome,5,0,7.1,2025-01-13 21:53:31,,,7.1
49aa6167-074e-4af2-9453-0db4f32feeb8,A Google user,https://play-lh.googleusercontent.com/EGemoI2NTXmTsBVtJqk8jxF9rh8ApRWfsIMQSt2uE4OcpQqbFu7f7NbTK05lx80nuSijCz7sc3a277R67g,🫰🫰🫰,5,0,,2025-01-13 14:07:33,,,
d13e709d-9155-4f84-8cd5-40732abc2e80,A Google user,https://play-lh.googleusercontent.com/EGemoI2NTXmTsBVtJqk8jxF9rh8ApRWfsIMQSt2uE4OcpQqbFu7f7NbTK05lx80nuSijCz7sc3a277R67g,WOW that's awesome amesen app,5,0,7.1,2025-01-13 00:40:47,,,7.1
9dcc0bb8-f382-4df4-af7b-dfa4e929e0e6,A Google user,https://play-lh.googleusercontent.com/EGemoI2NTXmTsBVtJqk8jxF9rh8ApRWfsIMQSt2uE4OcpQqbFu7f7NbTK05lx80nuSijCz7sc3a277R67g,ডরর,5,0,7.1,2025-01-12 17:50:56,,,7.1
a723966b-a2cf-48af-84b0-9d7ecb1248ad,A Google user,https://play-lh.googleusercontent.com/EGemoI2NTXmTsBVtJqk8jxF9rh8ApRWfsIMQSt2uE4OcpQqbFu7f7NbTK05lx80nuSijCz7sc3a277R67g,The just of Arabic recitation and English other side. I love that it will help indeed,5,223,7.1,2025-01-12 13:06:43,,,7.1
b9583503-b635-432e-991e-d8b6bfbcc052,A Google user,https://play-lh.googleusercontent.com/EGemoI2NTXmTsBVtJqk8jxF9rh8ApRWfsIMQSt2uE4OcpQqbFu7f7NbTK05lx80nuSijCz7sc3a277R67g,Alhamdulillah this app is educating is one of the best Islamic apps,5,0,7.1,2025-01-12 02:35:32,,,7.1
e849f73d-d178-41aa-9813-e506effba275,A Google user,https://play-lh.googleusercontent.com/EGemoI2NTXmTsBVtJqk8jxF9rh8ApRWfsIMQSt2uE4OcpQqbFu7f7NbTK05lx80nuSijCz7sc3a277R67g,Nayem,5,0,7.1,2025-01-11 18:50:46,,,7.1
8bf7ca40-eb31-4e44-8718-368b939f75cb,A Google user,https://play-lh.googleusercontent.com/EGemoI2NTXmTsBVtJqk8jxF9rh8ApRWfsIMQSt2uE4OcpQqbFu7f7NbTK05lx80nuSijCz7sc3a277R67g,Ok,5,0,,2025-01-10 07:33:37,,,
c1d3bc58-19d5-46a4-bd14-c6c6ba8ed337,A Google user,https://play-lh.googleusercontent.com/EGemoI2NTXmTsBVtJqk8jxF9rh8ApRWfsIMQSt2uE4OcpQqbFu7f7NbTK05lx80nuSijCz7sc3a277R67g,This is very interested app that i have't see before because it very highly relaible loveable and also it very meaningful to me as muslim who does't know the perfect time for solat and period for islamic month before,1,6,,2025-01-09 20:45:13,,,
1dc0ef30-1fbe-4cc5-aaef-c7803dec20e7,A Google user,https://play-lh.googleusercontent.com/EGemoI2NTXmTsBVtJqk8jxF9rh8ApRWfsIMQSt2uE4OcpQqbFu7f7NbTK05lx80nuSijCz7sc3a277R67g,Islamic,5,0,7.1,2025-01-09 20:28:30,,,7.1
c0565e3f-72ed-49ac-9941-caed61fc9a7b,A Google user,https://play-lh.googleusercontent.com/EGemoI2NTXmTsBVtJqk8jxF9rh8ApRWfsIMQSt2uE4OcpQqbFu7f7NbTK05lx80nuSijCz7sc3a277R67g,Les,5,0,7.1,2025-01-09 17:58:57,,,7.1
a4b33c11-fe3b-4663-aac6-31f4b7aa2e15,A Google user,https://play-lh.googleusercontent.com/EGemoI2NTXmTsBVtJqk8jxF9rh8ApRWfsIMQSt2uE4OcpQqbFu7f7NbTK05lx80nuSijCz7sc3a277R67g,Masaallah,5,0,7.1,2025-01-09 03:49:20,,,7.1
2a524118-e6c9-4b78-898a-9e338b440be9,A Google user,https://play-lh.googleusercontent.com/EGemoI2NTXmTsBVtJqk8jxF9rh8ApRWfsIMQSt2uE4OcpQqbFu7f7NbTK05lx80nuSijCz7sc3a277R67g,This app has been very helpful. I have shared it with many reverts like myself.,5,14,7.1,2025-01-08 17:33:07,"We're delighted to know that our app met your expectations. Should you have any further suggestions or queries, don't hesitate to write to us at zugarmobility@gmail.com.",2025-01-08 19:37:12,7.1
f8e07b57-98d7-4935-911a-f4e4917dea4d,A Google user,https://play-lh.googleusercontent.com/EGemoI2NTXmTsBVtJqk8jxF9rh8ApRWfsIMQSt2uE4OcpQqbFu7f7NbTK05lx80nuSijCz7sc3a277R67g,Useful,5,0,,2025-01-08 17:09:47,,,
bcf6cd80-2077-41d1-8de7-740a43293da4,A Google user,https://play-lh.googleusercontent.com/EGemoI2NTXmTsBVtJqk8jxF9rh8ApRWfsIMQSt2uE4OcpQqbFu7f7NbTK05lx80nuSijCz7sc3a277R67g,Ilove this ap,5,0,7.1,2025-01-07 23:42:40,"We're delighted to know that our app met your expectations. Should you have any further suggestions or queries, don't hesitate to write to us at zugarmobility@gmail.com.",2025-01-08 00:52:42,7.1
1a5668a8-4500-44b6-b1d3-9358e4a27c53,A Google user,https://play-lh.googleusercontent.com/EGemoI2NTXmTsBVtJqk8jxF9rh8ApRWfsIMQSt2uE4OcpQqbFu7f7NbTK05lx80nuSijCz7sc3a277R67g,Good 👍🏻,5,0,7.1,2025-01-07 19:01:07,"We're delighted to know that our app met your expectations. Should you have any further suggestions or queries, don't hesitate to write to us at zugarmobility@gmail.com.",2025-01-07 20:42:13,7.1
96c74f0b-6633-428a-9288-bede9b7cab65,A Google user,https://play-lh.googleusercontent.com/EGemoI2NTXmTsBVtJqk8jxF9rh8ApRWfsIMQSt2uE4OcpQqbFu7f7NbTK05lx80nuSijCz7sc3a277R67g,"I have just downloaded the app, mashaAllah it looks so practical. I am so excited to use it. Allahuma bareek",5,0,7.1,2025-01-07 13:01:23,,,7.1
ed041d38-0ce2-4a8c-bc73-6a91413e6614,A Google user,https://play-lh.googleusercontent.com/EGemoI2NTXmTsBVtJqk8jxF9rh8ApRWfsIMQSt2uE4OcpQqbFu7f7NbTK05lx80nuSijCz7sc3a277R67g,No option to change city... I mean to give current location,1,0,7.1,2025-01-07 06:01:04,,,7.1
5bd38d08-96f9-4901-bd7a-fc1496b6bec9,A Google user,https://play-lh.googleusercontent.com/EGemoI2NTXmTsBVtJqk8jxF9rh8ApRWfsIMQSt2uE4OcpQqbFu7f7NbTK05lx80nuSijCz7sc3a277R67g,Goooood,5,0,7.1,2025-01-06 19:57:25,,,7.1
6d917bc3-c32d-4470-a05c-90b2cd7b5394,A Google user,https://play-lh.googleusercontent.com/EGemoI2NTXmTsBVtJqk8jxF9rh8ApRWfsIMQSt2uE4OcpQqbFu7f7NbTK05lx80nuSijCz7sc3a277R67g,This is very nice 🙂 app because I never seen application that contain all what you need as a Muslim than this one. Am so grateful 🙏,5,79,7.1,2025-01-06 12:52:15,"We're delighted to know that our app met your expectations. Should you have any further suggestions or queries, don't hesitate to write to us at zugarmobility@gmail.com.",2025-01-06 17:37:12,7.1
0c535fec-594c-4722-b739-37990295c849,A Google user,https://play-lh.googleusercontent.com/EGemoI2NTXmTsBVtJqk8jxF9rh8ApRWfsIMQSt2uE4OcpQqbFu7f7NbTK05lx80nuSijCz7sc3a277R67g,Teacher In both English and Arabic,5,0,7.1,2025-01-06 03:38:59,,,7.1
0cf4a1f6-a4eb-4bca-b609-9bb7e1911e0e,A Google user,https://play-lh.googleusercontent.com/EGemoI2NTXmTsBVtJqk8jxF9rh8ApRWfsIMQSt2uE4OcpQqbFu7f7NbTK05lx80nuSijCz7sc3a277R67g,The app is really good,4,0,7.1,2025-01-05 00:19:52,Happy to know you're liking our app. We strive for excellence and your 5-star rating will boost our spirits!,2025-01-05 04:07:11,7.1
7f6def6c-a2fb-4150-b8f0-d797e23e8745,A Google user,https://play-lh.googleusercontent.com/EGemoI2NTXmTsBVtJqk8jxF9rh8ApRWfsIMQSt2uE4OcpQqbFu7f7NbTK05lx80nuSijCz7sc3a277R67g,World best aap,5,0,7.1,2025-01-04 22:11:05,"We're delighted to know that our app met your expectations. Should you have any further suggestions or queries, don't hesitate to write to us at zugarmobility@gmail.com.",2025-01-05 04:07:13,7.1
44084d91-7586-40bc-85a2-f9e2f91e91bc,A Google user,https://play-lh.googleusercontent.com/EGemoI2NTXmTsBVtJqk8jxF9rh8ApRWfsIMQSt2uE4OcpQqbFu7f7NbTK05lx80nuSijCz7sc3a277R67g,দারুন,5,0,7.1,2025-01-04 22:03:49,"We're delighted to know that our app met your expectations. Should you have any further suggestions or queries, don't hesitate to write to us at zugarmobility@gmail.com.",2025-01-05 04:07:14,7.1
63dd4322-cf8a-4b3b-aed1-f93126db0de2,A Google user,https://play-lh.googleusercontent.com/EGemoI2NTXmTsBVtJqk8jxF9rh8ApRWfsIMQSt2uE4OcpQqbFu7f7NbTK05lx80nuSijCz7sc3a277R67g,Nice,5,0,7.1,2025-01-04 11:10:57,"We're delighted to know that our app met your expectations. Should you have any further suggestions or queries, don't hesitate to write to us at zugarmobility@gmail.com.",2025-01-04 15:37:12,7.1
88e88316-d29e-4a4e-94a9-ba7b498a9314,A Google user,https://play-lh.googleusercontent.com/EGemoI2NTXmTsBVtJqk8jxF9rh8ApRWfsIMQSt2uE4OcpQqbFu7f7NbTK05lx80nuSijCz7sc3a277R67g,Shume i mire nga allau,5,0,7.1,2025-01-04 04:28:42,"We're delighted to know that our app met your expectations. Should you have any further suggestions or queries, don't hesitate to write to us at zugarmobility@gmail.com.",2025-01-04 05:12:16,7.1
2c0f3f20-5044-4142-8714-95bc006487ff,A Google user,https://play-lh.googleusercontent.com/EGemoI2NTXmTsBVtJqk8jxF9rh8ApRWfsIMQSt2uE4OcpQqbFu7f7NbTK05lx80nuSijCz7sc3a277R67g,Good,4,0,7.1,2025-01-03 11:47:40,Happy to know you're liking our app. We strive for excellence and your 5-star rating will boost our spirits!,2025-01-03 14:37:12,7.1
41b54076-e413-4ff2-9b1f-5b6a13acf0bd,A Google user,https://play-lh.googleusercontent.com/EGemoI2NTXmTsBVtJqk8jxF9rh8ApRWfsIMQSt2uE4OcpQqbFu7f7NbTK05lx80nuSijCz7sc3a277R67g,Alhamdulilah! Beautiful app that has everything you need and the premium version is affordable. Takes some time to navigate but once you know how it's super easy. Hope you add a daily journal to it as well. Insha-Allah I would love to give it a 5 star rating butthe app is still very glitchy. I've subscribed for the premium version. Yet every time I go into the app I have to restore it because it doesn't recognise my subscription. And my reminders do not come up.,4,245,7.1,2025-01-03 08:06:57,Happy to know you're liking our app. We strive for excellence and your 5-star rating will boost our spirits!,2025-01-02 21:57:12,7.1
f88e4966-0e39-41f1-a070-b2ca9fe51aac,A Google user,https://play-lh.googleusercontent.com/EGemoI2NTXmTsBVtJqk8jxF9rh8ApRWfsIMQSt2uE4OcpQqbFu7f7NbTK05lx80nuSijCz7sc3a277R67g,Alhamdulillah I'm using this application it's nice easy going,5,0,7.1,2025-01-02 23:05:06,"We're delighted to know that our app met your expectations. Should you have any further suggestions or queries, don't hesitate to write to us at zugarmobility@gmail.com.",2025-01-03 02:07:16,7.1
93be91ef-a6b9-4650-8756-bf9838d5096d,A Google user,https://play-lh.googleusercontent.com/EGemoI2NTXmTsBVtJqk8jxF9rh8ApRWfsIMQSt2uE4OcpQqbFu7f7NbTK05lx80nuSijCz7sc3a277R67g,🙏❤️❤️❤️❤️ 🥰🥰🥰,5,0,7.1,2025-01-02 11:58:31,,,7.1
ae5d1fb9-c6e0-4611-9ffc-538305790b75,A Google user,https://play-lh.googleusercontent.com/EGemoI2NTXmTsBVtJqk8jxF9rh8ApRWfsIMQSt2uE4OcpQqbFu7f7NbTK05lx80nuSijCz7sc3a277R67g,Very nice ❤️🫰,5,0,7.1,2025-01-01 17:37:27,"We're delighted to know that our app met your expectations. Should you have any further suggestions or queries, don't hesitate to write to us at zugarmobility@gmail.com.",2025-01-01 18:52:34,7.1
3b6ad21a-7b80-44bb-944d-4a46f7aace79,A Google user,https://play-lh.googleusercontent.com/EGemoI2NTXmTsBVtJqk8jxF9rh8ApRWfsIMQSt2uE4OcpQqbFu7f7NbTK05lx80nuSijCz7sc3a277R67g,Assalamualaikum,5,0,,2025-01-01 01:18:14,,,
78f803f4-84b9-4273-be35-81aea68d9caa,A Google user,https://play-lh.googleusercontent.com/EGemoI2NTXmTsBVtJqk8jxF9rh8ApRWfsIMQSt2uE4OcpQqbFu7f7NbTK05lx80nuSijCz7sc3a277R67g,Fayazkhan,5,0,7.1,2024-12-31 12:59:53,,,7.1
e2b76732-e8c7-477b-bfc2-ac5165b324d1,A Google user,https://play-lh.googleusercontent.com/EGemoI2NTXmTsBVtJqk8jxF9rh8ApRWfsIMQSt2uE4OcpQqbFu7f7NbTK05lx80nuSijCz7sc3a277R67g,Very satisfying,5,0,,2024-12-30 20:11:00,"We're delighted to know that our app met your expectations. Should you have any further suggestions or queries, don't hesitate to write to us at zugarmobility@gmail.com.",2024-12-30 21:02:15,
3b77e5b3-a34b-4ea1-bc01-34143b1b4883,A Google user,https://play-lh.googleusercontent.com/EGemoI2NTXmTsBVtJqk8jxF9rh8ApRWfsIMQSt2uE4OcpQqbFu7f7NbTK05lx80nuSijCz7sc3a277R67g,Masha allah jazakallah kheyr,5,0,7.1,2024-12-30 00:54:04,,,7.1
a2b2f5a4-91e5-413c-acb1-83f5e7627c96,A Google user,https://play-lh.googleusercontent.com/EGemoI2NTXmTsBVtJqk8jxF9rh8ApRWfsIMQSt2uE4OcpQqbFu7f7NbTK05lx80nuSijCz7sc3a277R67g,Mashallah,5,0,7.1,2024-12-29 10:48:06,,,7.1
fd29497a-4993-4f37-bdc9-34d13d7adb58,A Google user,https://play-lh.googleusercontent.com/EGemoI2NTXmTsBVtJqk8jxF9rh8ApRWfsIMQSt2uE4OcpQqbFu7f7NbTK05lx80nuSijCz7sc3a277R67g,awelsema,5,0,7.1,2024-12-29 02:55:08,,,7.1
6e7f995a-5328-4173-ab2b-931365863443,A Google user,https://play-lh.googleusercontent.com/EGemoI2NTXmTsBVtJqk8jxF9rh8ApRWfsIMQSt2uE4OcpQqbFu7f7NbTK05lx80nuSijCz7sc3a277R67g,I like every much,5,0,7.1,2024-12-28 23:59:32,"We're delighted to know that our app met your expectations. Should you have any further suggestions or queries, don't hesitate to write to us at zugarmobility@gmail.com.",2024-12-29 01:17:14,7.1
f4aa71e9-7dab-49b5-b15e-8cb51b33f464,A Google user,https://play-lh.googleusercontent.com/EGemoI2NTXmTsBVtJqk8jxF9rh8ApRWfsIMQSt2uE4OcpQqbFu7f7NbTK05lx80nuSijCz7sc3a277R67g,123aaa,5,0,7.1,2024-12-28 23:51:07,,,7.1
68b50f56-16dd-4e2a-8585-912bf6349d5a,A Google user,https://play-lh.googleusercontent.com/EGemoI2NTXmTsBVtJqk8jxF9rh8ApRWfsIMQSt2uE4OcpQqbFu7f7NbTK05lx80nuSijCz7sc3a277R67g,I love,5,0,7.1,2024-12-28 09:21:01,"We're delighted to know that our app met your expectations. Should you have any further suggestions or queries, don't hesitate to write to us at zugarmobility@gmail.com.",2024-12-28 10:42:13,7.1
f78cfa20-674d-4450-995e-837eab79c28e,A Google user,https://play-lh.googleusercontent.com/EGemoI2NTXmTsBVtJqk8jxF9rh8ApRWfsIMQSt2uE4OcpQqbFu7f7NbTK05lx80nuSijCz7sc3a277R67g,good prayes,5,0,7.1,2024-12-28 09:03:38,"We're delighted to know that our app met your expectations. Should you have any further suggestions or queries, don't hesitate to write to us at zugarmobility@gmail.com.",2024-12-28 10:42:14,7.1
f413e960-7ecd-4e39-b186-73f8f30f8f0f,A Google user,https://play-lh.googleusercontent.com/EGemoI2NTXmTsBVtJqk8jxF9rh8ApRWfsIMQSt2uE4OcpQqbFu7f7NbTK05lx80nuSijCz7sc3a277R67g,Alhumdulillah,5,0,7.1,2024-12-28 03:49:49,,,7.1
7c674912-938f-4ba6-82cd-02bcdf43d8c0,A Google user,https://play-lh.googleusercontent.com/EGemoI2NTXmTsBVtJqk8jxF9rh8ApRWfsIMQSt2uE4OcpQqbFu7f7NbTK05lx80nuSijCz7sc3a277R67g,Good,5,0,7.1,2024-12-27 21:23:30,"We're delighted to know that our app met your expectations. Should you have any further suggestions or queries, don't hesitate to write to us at zugarmobility@gmail.com.",2024-12-27 22:12:16,7.1
efc6f2f8-ecb1-406f-9db1-61852458e3d8,A Google user,https://play-lh.googleusercontent.com/EGemoI2NTXmTsBVtJqk8jxF9rh8ApRWfsIMQSt2uE4OcpQqbFu7f7NbTK05lx80nuSijCz7sc3a277R67g,Very good,5,0,,2024-12-27 17:25:42,"We're delighted to know that our app met your expectations. Should you have any further suggestions or queries, don't hesitate to write to us at zugarmobility@gmail.com.",2024-12-27 18:02:13,
ea60e159-7be6-4b48-8e8f-efa3c3439877,A Google user,https://play-lh.googleusercontent.com/EGemoI2NTXmTsBVtJqk8jxF9rh8ApRWfsIMQSt2uE4OcpQqbFu7f7NbTK05lx80nuSijCz7sc3a277R67g,Good,3,0,7.1,2024-12-27 01:42:47,Happy to know you're liking our app. We strive for excellence and your 5-star rating will boost our spirits!,2024-12-27 05:32:16,7.1
56cf65a1-7b1c-4d54-be20-0849a7715662,A Google user,https://play-lh.googleusercontent.com/EGemoI2NTXmTsBVtJqk8jxF9rh8ApRWfsIMQSt2uE4OcpQqbFu7f7NbTK05lx80nuSijCz7sc3a277R67g,Serius' this's app not very good 👎👎,1,0,7.1,2024-12-26 14:33:56,"We understand your disappointment and are eager to make things right. Help us improve by sharing your suggestions via email at zugarmobility@gmail.com. Rest assured, we're committed to creating a more satisfying experience.",2024-12-26 17:02:14,7.1
91a908a4-3030-4440-9da4-5532dc013cfa,A Google user,https://play-lh.googleusercontent.com/EGemoI2NTXmTsBVtJqk8jxF9rh8ApRWfsIMQSt2uE4OcpQqbFu7f7NbTK05lx80nuSijCz7sc3a277R67g,So far using this app gd even when I go overseas.. Juz need to chge the location n it's done!,5,24,7.1,2024-12-26 08:10:36,,,7.1
d582c54b-ccb4-4d3f-a841-d12d7ed2b1f2,A Google user,https://play-lh.googleusercontent.com/EGemoI2NTXmTsBVtJqk8jxF9rh8ApRWfsIMQSt2uE4OcpQqbFu7f7NbTK05lx80nuSijCz7sc3a277R67g,Ok,5,0,7.1,2024-12-26 05:46:14,,,7.1
89719e31-9295-4972-b7fa-3c11a31a74ee,A Google user,https://play-lh.googleusercontent.com/EGemoI2NTXmTsBVtJqk8jxF9rh8ApRWfsIMQSt2uE4OcpQqbFu7f7NbTK05lx80nuSijCz7sc3a277R67g,I am muslim,5,0,,2024-12-26 05:05:28,,,
f137d839-4dce-4de4-b9a0-e95d683b390d,A Google user,https://play-lh.googleusercontent.com/EGemoI2NTXmTsBVtJqk8jxF9rh8ApRWfsIMQSt2uE4OcpQqbFu7f7NbTK05lx80nuSijCz7sc3a277R67g,Goood,5,0,7.1,2024-12-26 01:44:02,"We're delighted to know that our app met your expectations. Should you have any further suggestions or queries, don't hesitate to write to us at zugarmobility@gmail.com.",2024-12-26 06:37:15,7.1
616b2d54-44f1-4f1a-87a4-cb64444c14dd,A Google user,https://play-lh.googleusercontent.com/EGemoI2NTXmTsBVtJqk8jxF9rh8ApRWfsIMQSt2uE4OcpQqbFu7f7NbTK05lx80nuSijCz7sc3a277R67g,it's good,5,0,7.1,2024-12-25 23:15:07,"We're delighted to know that our app met your expectations. Should you have any further suggestions or queries, don't hesitate to write to us at zugarmobility@gmail.com.",2024-12-26 00:22:12,7.1
39eeefe7-ed20-40d6-9c7d-9b34a77dc4e8,A Google user,https://play-lh.googleusercontent.com/EGemoI2NTXmTsBVtJqk8jxF9rh8ApRWfsIMQSt2uE4OcpQqbFu7f7NbTK05lx80nuSijCz7sc3a277R67g,Excellent,5,0,7.1,2024-12-25 22:51:38,"We're delighted to know that our app met your expectations. Should you have any further suggestions or queries, don't hesitate to write to us at zugarmobility@gmail.com.",2024-12-26 00:22:13,7.1
51f3d291-ced2-4332-a46e-3c90211803c3,A Google user,https://play-lh.googleusercontent.com/EGemoI2NTXmTsBVtJqk8jxF9rh8ApRWfsIMQSt2uE4OcpQqbFu7f7NbTK05lx80nuSijCz7sc3a277R67g,عالی,3,0,,2024-12-25 20:46:09,Happy to know you're liking our app. We strive for excellence and your 5-star rating will boost our spirits!,2024-12-26 00:22:16,
142c56e5-0f26-4b6b-b779-9bd842cacfe1,A Google user,https://play-lh.googleusercontent.com/EGemoI2NTXmTsBVtJqk8jxF9rh8ApRWfsIMQSt2uE4OcpQqbFu7f7NbTK05lx80nuSijCz7sc3a277R67g,Very good,5,0,7.1,2024-12-25 11:21:56,"We're delighted to know that our app met your expectations. Should you have any further suggestions or queries, don't hesitate to write to us at zugarmobility@gmail.com.",2024-12-25 16:02:15,7.1
00315891-5d84-4140-93c3-0e2b967a70a0,A Google user,https://play-lh.googleusercontent.com/EGemoI2NTXmTsBVtJqk8jxF9rh8ApRWfsIMQSt2uE4OcpQqbFu7f7NbTK05lx80nuSijCz7sc3a277R67g,MashaAllah,5,0,7.1,2024-12-25 09:00:09,,,7.1
7dcc8ec9-847e-48e1-9766-6bf2bf0d74c4,A Google user,https://play-lh.googleusercontent.com/EGemoI2NTXmTsBVtJqk8jxF9rh8ApRWfsIMQSt2uE4OcpQqbFu7f7NbTK05lx80nuSijCz7sc3a277R67g,Ok,5,0,7.1,2024-12-24 23:33:28,,,7.1
d1e0915d-ba50-42b1-a569-36f5e8179ffb,A Google user,https://play-lh.googleusercontent.com/EGemoI2NTXmTsBVtJqk8jxF9rh8ApRWfsIMQSt2uE4OcpQqbFu7f7NbTK05lx80nuSijCz7sc3a277R67g,يعجبني,5,0,7.1,2024-12-24 01:07:19,"We're delighted to know that our app met your expectations. Should you have any further suggestions or queries, don't hesitate to write to us at zugarmobility@gmail.com.",2024-12-24 04:37:13,7.1
c0dc8bbb-be22-4eff-aa4c-24614e224573,A Google user,https://play-lh.googleusercontent.com/EGemoI2NTXmTsBVtJqk8jxF9rh8ApRWfsIMQSt2uE4OcpQqbFu7f7NbTK05lx80nuSijCz7sc3a277R67g,Goodgood,5,0,7.1,2024-12-24 01:05:10,"We're delighted to know that our app met your expectations. Should you have any further suggestions or queries, don't hesitate to write to us at zugarmobility@gmail.com.",2024-12-24 04:37:14,7.1
4503fafe-cd03-488c-a9e9-2657974b1f4a,A Google user,https://play-lh.googleusercontent.com/EGemoI2NTXmTsBVtJqk8jxF9rh8ApRWfsIMQSt2uE4OcpQqbFu7f7NbTK05lx80nuSijCz7sc3a277R67g,I love this app ... if you are Muslim you will need this app ✨️❤️,5,0,7.1,2024-12-23 15:34:24,"We're delighted to know that our app met your expectations. Should you have any further suggestions or queries, don't hesitate to write to us at zugarmobility@gmail.com.",2024-12-23 16:07:12,7.1
d56f8ddc-1a86-4497-8566-51197eb8228f,A Google user,https://play-lh.googleusercontent.com/EGemoI2NTXmTsBVtJqk8jxF9rh8ApRWfsIMQSt2uE4OcpQqbFu7f7NbTK05lx80nuSijCz7sc3a277R67g,The best app ever,5,0,7.1,2024-12-23 11:15:31,"We're delighted to know that our app met your expectations. Should you have any further suggestions or queries, don't hesitate to write to us at zugarmobility@gmail.com.",2024-12-23 11:57:11,7.1
fa30cbc0-7108-4096-b84a-4b93af0a6da3,A Google user,https://play-lh.googleusercontent.com/EGemoI2NTXmTsBVtJqk8jxF9rh8ApRWfsIMQSt2uE4OcpQqbFu7f7NbTK05lx80nuSijCz7sc3a277R67g,his very ok,5,0,7.1,2024-12-23 08:48:18,,,7.1
c832b792-6deb-4c7a-91f6-3b4e45ed612b,A Google user,https://play-lh.googleusercontent.com/EGemoI2NTXmTsBVtJqk8jxF9rh8ApRWfsIMQSt2uE4OcpQqbFu7f7NbTK05lx80nuSijCz7sc3a277R67g,Alhamdullah for having this app,5,0,7.1,2024-12-22 10:22:54,,,7.1
41e515ca-36e6-4a2d-988e-ac4726d806c9,A Google user,https://play-lh.googleusercontent.com/EGemoI2NTXmTsBVtJqk8jxF9rh8ApRWfsIMQSt2uE4OcpQqbFu7f7NbTK05lx80nuSijCz7sc3a277R67g,Masha'Allah nice app,5,0,7.1,2024-12-21 16:52:18,"We're delighted to know that our app met your expectations. Should you have any further suggestions or queries, don't hesitate to write to us at zugarmobility@gmail.com.",2024-12-21 20:22:13,7.1
4a56b820-6c90-48f1-bf9c-d4d30d0deb19,A Google user,https://play-lh.googleusercontent.com/EGemoI2NTXmTsBVtJqk8jxF9rh8ApRWfsIMQSt2uE4OcpQqbFu7f7NbTK05lx80nuSijCz7sc3a277R67g,I am proud to be a muslim because there is truth.,5,0,7.1,2024-12-20 04:47:22,,,7.1
f26f62b5-6ac5-4a89-994d-c38c2d3834d9,A Google user,https://play-lh.googleusercontent.com/EGemoI2NTXmTsBVtJqk8jxF9rh8ApRWfsIMQSt2uE4OcpQqbFu7f7NbTK05lx80nuSijCz7sc3a277R67g,Gd app,5,0,7.1,2024-12-20 01:05:06,,,7.1
db7fc9e0-e909-4fbe-be9f-8a17d7f6484b,A Google user,https://play-lh.googleusercontent.com/EGemoI2NTXmTsBVtJqk8jxF9rh8ApRWfsIMQSt2uE4OcpQqbFu7f7NbTK05lx80nuSijCz7sc3a277R67g,Mashallah,5,0,7.1,2024-12-18 13:14:46,,,7.1
1120cd83-9f07-41e7-9ae1-e61009ce616c,A Google user,https://play-lh.googleusercontent.com/EGemoI2NTXmTsBVtJqk8jxF9rh8ApRWfsIMQSt2uE4OcpQqbFu7f7NbTK05lx80nuSijCz7sc3a277R67g,Very beautiful app,5,0,7.1,2024-12-18 09:43:47,"We're delighted to know that our app met your expectations. Should you have any further suggestions or queries, don't hesitate to write to us at zugarmobility@gmail.com.",2024-12-18 11:07:12,7.1
bcea597d-cd4c-4835-9f36-4975446bea6c,A Google user,https://play-lh.googleusercontent.com/EGemoI2NTXmTsBVtJqk8jxF9rh8ApRWfsIMQSt2uE4OcpQqbFu7f7NbTK05lx80nuSijCz7sc3a277R67g,Muhammad Ayub,5,0,7.1,2024-12-16 13:59:51,,,7.1
0c3a34b5-a34b-4bd4-869d-9841de13e126,A Google user,https://play-lh.googleusercontent.com/EGemoI2NTXmTsBVtJqk8jxF9rh8ApRWfsIMQSt2uE4OcpQqbFu7f7NbTK05lx80nuSijCz7sc3a277R67g,Nace app,5,0,7.1,2024-12-15 14:30:20,,,7.1
449c7b35-fe13-41b7-8ac5-0e312197fc4e,A Google user,https://play-lh.googleusercontent.com/EGemoI2NTXmTsBVtJqk8jxF9rh8ApRWfsIMQSt2uE4OcpQqbFu7f7NbTK05lx80nuSijCz7sc3a277R67g,Alhamdulillah,5,0,7.1,2024-12-15 10:14:30,,,7.1
7e0ebbce-a0ab-44e9-93cf-ca56cc442f91,A Google user,https://play-lh.googleusercontent.com/EGemoI2NTXmTsBVtJqk8jxF9rh8ApRWfsIMQSt2uE4OcpQqbFu7f7NbTK05lx80nuSijCz7sc3a277R67g,"Its an amazing experience, if youre trying or want to know how to recite very well i recommend this app",5,169,7.1,2024-12-14 16:05:52,"We're delighted to know that our app met your expectations. Should you have any further suggestions or queries, don't hesitate to write to us at zugarmobility@gmail.com.",2024-12-14 17:32:15,7.1
3ba953f7-11a0-4cb0-860c-397ddd642c21,A Google user,https://play-lh.googleusercontent.com/EGemoI2NTXmTsBVtJqk8jxF9rh8ApRWfsIMQSt2uE4OcpQqbFu7f7NbTK05lx80nuSijCz7sc3a277R67g,Good,5,0,7.1,2024-12-13 01:26:41,"We're delighted to know that our app met your expectations. Should you have any further suggestions or queries, don't hesitate to write to us at zugarmobility@gmail.com.",2024-12-13 01:57:11,7.1
36a45551-ac0f-4761-bbb7-c866f52eeff9,A Google user,https://play-lh.googleusercontent.com/EGemoI2NTXmTsBVtJqk8jxF9rh8ApRWfsIMQSt2uE4OcpQqbFu7f7NbTK05lx80nuSijCz7sc3a277R67g,Very good prayer,5,0,7.1,2024-12-12 13:47:35,"We're delighted to know that our app met your expectations. Should you have any further suggestions or queries, don't hesitate to write to us at zugarmobility@gmail.com.",2024-12-12 15:32:16,7.1
847dec7b-f542-4029-8b36-806f208e3837,A Google user,https://play-lh.googleusercontent.com/EGemoI2NTXmTsBVtJqk8jxF9rh8ApRWfsIMQSt2uE4OcpQqbFu7f7NbTK05lx80nuSijCz7sc3a277R67g,Very nice app. I love it.,5,1,7.1,2024-12-12 04:39:20,"We're delighted to know that our app met your expectations. Should you have any further suggestions or queries, don't hesitate to write to us at zugarmobility@gmail.com.",2024-12-12 05:07:11,7.1
52e7ee78-71f6-46f5-b2d7-96cde2c4cf6b,A Google user,https://play-lh.googleusercontent.com/EGemoI2NTXmTsBVtJqk8jxF9rh8ApRWfsIMQSt2uE4OcpQqbFu7f7NbTK05lx80nuSijCz7sc3a277R67g,♥️♥️♥️♥️♥️,5,0,7.1,2024-12-11 18:46:23,,,7.1
58da3bc8-f8d2-4449-a237-d607c2bdae04,A Google user,https://play-lh.googleusercontent.com/EGemoI2NTXmTsBVtJqk8jxF9rh8ApRWfsIMQSt2uE4OcpQqbFu7f7NbTK05lx80nuSijCz7sc3a277R67g,Mashaallah,5,0,7.1,2024-12-10 22:27:53,,,7.1
d73b6a24-7155-4e63-b835-c5913dcbc318,A Google user,https://play-lh.googleusercontent.com/EGemoI2NTXmTsBVtJqk8jxF9rh8ApRWfsIMQSt2uE4OcpQqbFu7f7NbTK05lx80nuSijCz7sc3a277R67g,Thank you so much,5,0,7.1,2024-12-10 13:27:48,"We're delighted to know that our app met your expectations. Should you have any further suggestions or queries, don't hesitate to write to us at zugarmobility@gmail.com.",2024-12-10 13:32:17,7.1
477380bc-c728-4bcd-a2e4-99824ab4852a,A Google user,https://play-lh.googleusercontent.com/EGemoI2NTXmTsBVtJqk8jxF9rh8ApRWfsIMQSt2uE4OcpQqbFu7f7NbTK05lx80nuSijCz7sc3a277R67g,Nice,5,0,7.1,2024-12-09 12:30:41,"We're delighted to know that our app met your expectations. Should you have any further suggestions or queries, don't hesitate to write to us at zugarmobility@gmail.com.",2024-12-09 14:37:17,7.1
71cfa77d-025b-49f5-806b-49fbbb6b3fda,A Google user,https://play-lh.googleusercontent.com/EGemoI2NTXmTsBVtJqk8jxF9rh8ApRWfsIMQSt2uE4OcpQqbFu7f7NbTK05lx80nuSijCz7sc3a277R67g,ডিলেট,5,0,7.1,2024-12-09 09:15:13,,,7.1
6e534fce-378d-47b2-b9d5-10e0cc373a9c,A Google user,https://play-lh.googleusercontent.com/EGemoI2NTXmTsBVtJqk8jxF9rh8ApRWfsIMQSt2uE4OcpQqbFu7f7NbTK05lx80nuSijCz7sc3a277R67g,جزاكم الله خير كل خير,5,0,7.1,2024-12-08 04:12:50,"We're delighted to know that our app met your expectations. Should you have any further suggestions or queries, don't hesitate to write to us at zugarmobility@gmail.com.",2024-12-08 05:17:12,7.1
fe7aa75a-f2c4-4868-9d11-ee5eef4630fc,A Google user,https://play-lh.googleusercontent.com/EGemoI2NTXmTsBVtJqk8jxF9rh8ApRWfsIMQSt2uE4OcpQqbFu7f7NbTK05lx80nuSijCz7sc3a277R67g,Very ok🤗,5,0,,2024-12-07 14:04:35,,,
260f399c-cf04-4b8f-81af-4f41d370d546,A Google user,https://play-lh.googleusercontent.com/EGemoI2NTXmTsBVtJqk8jxF9rh8ApRWfsIMQSt2uE4OcpQqbFu7f7NbTK05lx80nuSijCz7sc3a277R67g,GOOD,5,0,7.1,2024-12-06 22:05:56,"We're delighted to know that our app met your expectations. Should you have any further suggestions or queries, don't hesitate to write to us at zugarmobility@gmail.com.",2024-12-07 00:07:15,7.1
ccc7af46-988b-46d8-b459-7b4089d5e339,A Google user,https://play-lh.googleusercontent.com/EGemoI2NTXmTsBVtJqk8jxF9rh8ApRWfsIMQSt2uE4OcpQqbFu7f7NbTK05lx80nuSijCz7sc3a277R67g,🤲🤲🙏,5,0,6.7,2024-12-06 05:56:36,,,6.7
56211aed-747c-4797-a0b5-1a9bd1e8e627,A Google user,https://play-lh.googleusercontent.com/EGemoI2NTXmTsBVtJqk8jxF9rh8ApRWfsIMQSt2uE4OcpQqbFu7f7NbTK05lx80nuSijCz7sc3a277R67g,"Misspelling is common and too much ads, not recommended at all",1,2,7.1,2024-12-05 19:16:20,We regret any inconvenience. Ads are essential to sustain our work. Your understanding is truly appreciated.,2024-12-05 21:02:22,7.1
a8173bf8-1b40-420d-b4b5-895c6733758f,A Google user,https://play-lh.googleusercontent.com/EGemoI2NTXmTsBVtJqk8jxF9rh8ApRWfsIMQSt2uE4OcpQqbFu7f7NbTK05lx80nuSijCz7sc3a277R67g,"Masha Allah! To my surprise, I love the audio 99 names of Allah. Now I've got the chance to memorise it.",5,9,7.1,2024-12-05 03:56:28,"We're delighted to know that our app met your expectations. Should you have any further suggestions or queries, don't hesitate to write to us at zugarmobility@gmail.com.",2024-12-05 08:32:18,7.1
3d6ca906-d9ca-487e-8177-d888d822e36d,A Google user,https://play-lh.googleusercontent.com/EGemoI2NTXmTsBVtJqk8jxF9rh8ApRWfsIMQSt2uE4OcpQqbFu7f7NbTK05lx80nuSijCz7sc3a277R67g,Masha Allah beautiful,1,0,7.1,2024-12-04 06:10:47,Happy to know you're liking our app. We strive for excellence and your 5-star rating will boost our spirits!,2024-12-04 07:32:15,7.1
57a94018-404e-4a3e-b717-044dd6ffa326,A Google user,https://play-lh.googleusercontent.com/EGemoI2NTXmTsBVtJqk8jxF9rh8ApRWfsIMQSt2uE4OcpQqbFu7f7NbTK05lx80nuSijCz7sc3a277R67g,Alhamdulillah everything is here,5,0,7.1,2024-12-04 00:34:19,,,7.1
6c9997a0-57c6-49f7-b958-91fe5004e587,A Google user,https://play-lh.googleusercontent.com/EGemoI2NTXmTsBVtJqk8jxF9rh8ApRWfsIMQSt2uE4OcpQqbFu7f7NbTK05lx80nuSijCz7sc3a277R67g,മാഷല്ലഹ് 100🔥%,5,0,7.1,2024-12-03 12:24:27,,,7.1
059b72f6-e4e5-4749-8f7b-65a67cfdb177,A Google user,https://play-lh.googleusercontent.com/EGemoI2NTXmTsBVtJqk8jxF9rh8ApRWfsIMQSt2uE4OcpQqbFu7f7NbTK05lx80nuSijCz7sc3a277R67g,الحمد لله,5,0,,2024-12-01 18:07:36,,,
a1d280af-ec45-4385-b3ba-22c66a5e74aa,A Google user,https://play-lh.googleusercontent.com/EGemoI2NTXmTsBVtJqk8jxF9rh8ApRWfsIMQSt2uE4OcpQqbFu7f7NbTK05lx80nuSijCz7sc3a277R67g,Good,4,0,7.1,2024-12-01 08:39:00,Happy to know you're liking our app. We strive for excellence and your 5-star rating will boost our spirits!,2024-12-01 17:02:19,7.1
1ff744e4-dfe4-4b51-b5fa-98d1f222ef12,A Google user,https://play-lh.googleusercontent.com/EGemoI2NTXmTsBVtJqk8jxF9rh8ApRWfsIMQSt2uE4OcpQqbFu7f7NbTK05lx80nuSijCz7sc3a277R67g,Mashallah 🤲,5,0,,2024-11-30 19:26:42,,,
0cb75a3b-a418-47fc-ba01-c4d7b8c19835,A Google user,https://play-lh.googleusercontent.com/EGemoI2NTXmTsBVtJqk8jxF9rh8ApRWfsIMQSt2uE4OcpQqbFu7f7NbTK05lx80nuSijCz7sc3a277R67g,Good,5,0,7.1,2024-11-30 10:08:55,"We're delighted to know that our app met your expectations. Should you have any further suggestions or queries, don't hesitate to write to us at zugarmobility@gmail.com.",2024-11-30 18:07:13,7.1
c16c7726-85ce-45e9-bb35-190896424ba6,A Google user,https://play-lh.googleusercontent.com/EGemoI2NTXmTsBVtJqk8jxF9rh8ApRWfsIMQSt2uE4OcpQqbFu7f7NbTK05lx80nuSijCz7sc3a277R67g,very good app I appreciate,4,0,7.1,2024-11-30 03:48:57,Happy to know you're liking our app. We strive for excellence and your 5-star rating will boost our spirits!,2024-11-30 05:37:15,7.1
8841352d-fcbc-44f7-9aa0-4206b03fc4e6,A Google user,https://play-lh.googleusercontent.com/EGemoI2NTXmTsBVtJqk8jxF9rh8ApRWfsIMQSt2uE4OcpQqbFu7f7NbTK05lx80nuSijCz7sc3a277R67g,Nice app,5,0,7.1,2024-11-30 02:06:30,"We're delighted to know that our app met your expectations. Should you have any further suggestions or queries, don't hesitate to write to us at zugarmobility@gmail.com.",2024-11-30 03:32:16,7.1
01308449-bbfd-44a5-ae1d-9b7fa5360ea0,A Google user,https://play-lh.googleusercontent.com/EGemoI2NTXmTsBVtJqk8jxF9rh8ApRWfsIMQSt2uE4OcpQqbFu7f7NbTK05lx80nuSijCz7sc3a277R67g,Mran,5,0,7.1,2024-11-29 18:49:40,,,7.1
26036a6d-8cca-4e50-9c01-316f7332ac1f,A Google user,https://play-lh.googleusercontent.com/EGemoI2NTXmTsBVtJqk8jxF9rh8ApRWfsIMQSt2uE4OcpQqbFu7f7NbTK05lx80nuSijCz7sc3a277R67g,Mashallah,5,0,7.1,2024-11-29 05:38:30,,,7.1
e1b3a7ac-8cc9-4ac2-9a28-09cd6b843de5,A Google user,https://play-lh.googleusercontent.com/EGemoI2NTXmTsBVtJqk8jxF9rh8ApRWfsIMQSt2uE4OcpQqbFu7f7NbTK05lx80nuSijCz7sc3a277R67g,Good,5,0,7.1,2024-11-28 23:38:34,"We're delighted to know that our app met your expectations. Should you have any further suggestions or queries, don't hesitate to write to us at zugarmobility@gmail.com.",2024-11-29 02:32:18,7.1
a907ed7f-9031-432f-aa53-a42c5db6180b,A Google user,https://play-lh.googleusercontent.com/EGemoI2NTXmTsBVtJqk8jxF9rh8ApRWfsIMQSt2uE4OcpQqbFu7f7NbTK05lx80nuSijCz7sc3a277R67g,So much useful as a Muslim brothers and sisters we appreciate you much,5,0,7.1,2024-11-28 18:09:26,,,7.1
0a33412f-b829-4df2-b645-6bfc5fce67da,A Google user,https://play-lh.googleusercontent.com/EGemoI2NTXmTsBVtJqk8jxF9rh8ApRWfsIMQSt2uE4OcpQqbFu7f7NbTK05lx80nuSijCz7sc3a277R67g,I really like the app because it's helpful,5,0,7.1,2024-11-28 05:42:34,"We're delighted to know that our app met your expectations. Should you have any further suggestions or queries, don't hesitate to write to us at zugarmobility@gmail.com.",2024-11-28 09:52:23,7.1
e5fb10f2-a120-49ad-a60e-bca544fdcc4e,A Google user,https://play-lh.googleusercontent.com/EGemoI2NTXmTsBVtJqk8jxF9rh8ApRWfsIMQSt2uE4OcpQqbFu7f7NbTK05lx80nuSijCz7sc3a277R67g,nice,5,0,7.1,2024-11-27 22:34:32,"We're delighted to know that our app met your expectations. Should you have any further suggestions or queries, don't hesitate to write to us at zugarmobility@gmail.com.",2024-11-28 03:37:14,7.1
197fcb68-dc17-42ee-8eab-13dcd69e9a98,A Google user,https://play-lh.googleusercontent.com/EGemoI2NTXmTsBVtJqk8jxF9rh8ApRWfsIMQSt2uE4OcpQqbFu7f7NbTK05lx80nuSijCz7sc3a277R67g,I like this app it help as to pray at time,5,0,7.1,2024-11-27 21:49:04,"We're delighted to know that our app met your expectations. Should you have any further suggestions or queries, don't hesitate to write to us at zugarmobility@gmail.com.",2024-11-28 03:37:15,7.1
48f3b718-bfad-4b84-96ea-82f4e0bdc5e1,A Google user,https://play-lh.googleusercontent.com/EGemoI2NTXmTsBVtJqk8jxF9rh8ApRWfsIMQSt2uE4OcpQqbFu7f7NbTK05lx80nuSijCz7sc3a277R67g,Excelent,5,0,7.1,2024-11-27 02:08:22,"We're delighted to know that our app met your expectations. Should you have any further suggestions or queries, don't hesitate to write to us at zugarmobility@gmail.com.",2024-11-27 02:37:12,7.1
ed244f55-c88c-4eab-adf8-25d366f0a3c9,A Google user,https://play-lh.googleusercontent.com/EGemoI2NTXmTsBVtJqk8jxF9rh8ApRWfsIMQSt2uE4OcpQqbFu7f7NbTK05lx80nuSijCz7sc3a277R67g,Update,5,0,7.1,2024-11-27 01:16:28,,,7.1
506aa61e-318f-4295-afe8-abb09155231a,A Google user,https://play-lh.googleusercontent.com/EGemoI2NTXmTsBVtJqk8jxF9rh8ApRWfsIMQSt2uE4OcpQqbFu7f7NbTK05lx80nuSijCz7sc3a277R67g,Mashaallah,5,0,7.1,2024-11-26 15:41:10,,,7.1
ce4a192e-b02f-4b7c-89b2-5dbfebb05d3e,A Google user,https://play-lh.googleusercontent.com/EGemoI2NTXmTsBVtJqk8jxF9rh8ApRWfsIMQSt2uE4OcpQqbFu7f7NbTK05lx80nuSijCz7sc3a277R67g,👍👍,5,0,7.1,2024-11-26 11:37:50,,,7.1
8eb696d4-0613-4c0f-9a2e-172f108d23e2,A Google user,https://play-lh.googleusercontent.com/EGemoI2NTXmTsBVtJqk8jxF9rh8ApRWfsIMQSt2uE4OcpQqbFu7f7NbTK05lx80nuSijCz7sc3a277R67g,Perfect,4,0,7.1,2024-11-26 08:33:18,Happy to know you're liking our app. We strive for excellence and your 5-star rating will boost our spirits!,2024-11-26 14:07:16,7.1
b7ca6522-8a82-4397-bc1f-e5228411eef0,A Google user,https://play-lh.googleusercontent.com/EGemoI2NTXmTsBVtJqk8jxF9rh8ApRWfsIMQSt2uE4OcpQqbFu7f7NbTK05lx80nuSijCz7sc3a277R67g,عليكم بتصحيح الحروف,4,0,,2024-11-26 07:21:41,,,
18b63f16-f25a-4b0a-9e3b-4451470e0b53,A Google user,https://play-lh.googleusercontent.com/EGemoI2NTXmTsBVtJqk8jxF9rh8ApRWfsIMQSt2uE4OcpQqbFu7f7NbTK05lx80nuSijCz7sc3a277R67g,Alhamdulilah,5,0,7.1,2024-11-26 07:02:13,,,7.1
e128028f-27f5-4a2d-8edf-df1b9cb3f2d8,A Google user,https://play-lh.googleusercontent.com/EGemoI2NTXmTsBVtJqk8jxF9rh8ApRWfsIMQSt2uE4OcpQqbFu7f7NbTK05lx80nuSijCz7sc3a277R67g,good,5,0,7.1,2024-11-25 22:10:01,"We're delighted to know that our app met your expectations. Should you have any further suggestions or queries, don't hesitate to write to us at zugarmobility@gmail.com.",2024-11-26 01:37:14,7.1
a3d6a0dd-338f-416f-b1b7-28480e19afc1,A Google user,https://play-lh.googleusercontent.com/EGemoI2NTXmTsBVtJqk8jxF9rh8ApRWfsIMQSt2uE4OcpQqbFu7f7NbTK05lx80nuSijCz7sc3a277R67g,Kalla. 👍👍,5,0,7.1,2024-11-25 04:45:12,,,7.1
723ae59a-430d-4d92-b5c5-ed6a403371ae,A Google user,https://play-lh.googleusercontent.com/EGemoI2NTXmTsBVtJqk8jxF9rh8ApRWfsIMQSt2uE4OcpQqbFu7f7NbTK05lx80nuSijCz7sc3a277R67g,Only the direction of Qaba it doesn't show me,3,0,7.1,2024-11-24 11:52:48,,,7.1
34ed22b5-d3d3-4f79-82b4-a61a2ae0c5b7,A Google user,https://play-lh.googleusercontent.com/EGemoI2NTXmTsBVtJqk8jxF9rh8ApRWfsIMQSt2uE4OcpQqbFu7f7NbTK05lx80nuSijCz7sc3a277R67g,The apps good,5,0,7.1,2024-11-24 08:59:41,"We're delighted to know that our app met your expectations. Should you have any further suggestions or queries, don't hesitate to write to us at zugarmobility@gmail.com.",2024-11-24 12:07:13,7.1
765b2b81-b02d-4792-87e8-015c4e58355b,A Google user,https://play-lh.googleusercontent.com/EGemoI2NTXmTsBVtJqk8jxF9rh8ApRWfsIMQSt2uE4OcpQqbFu7f7NbTK05lx80nuSijCz7sc3a277R67g,Mashaallah,5,0,7.1,2024-11-24 02:04:15,,,7.1
784b6c87-e767-4713-b8dc-ae1d38f1a266,A Google user,https://play-lh.googleusercontent.com/EGemoI2NTXmTsBVtJqk8jxF9rh8ApRWfsIMQSt2uE4OcpQqbFu7f7NbTK05lx80nuSijCz7sc3a277R67g,ALHAMDOLILLAH ALHAMDOLILLAH ALHAMDOLILLAH VERY VERY VERY NICE APPLICATION,5,0,7.1,2024-11-23 23:55:26,"We're delighted to know that our app met your expectations. Should you have any further suggestions or queries, don't hesitate to write to us at zugarmobility@gmail.com.",2024-11-24 01:42:14,7.1
ac1793a6-f456-44da-bf29-d07ae0a5c230,A Google user,https://play-lh.googleusercontent.com/EGemoI2NTXmTsBVtJqk8jxF9rh8ApRWfsIMQSt2uE4OcpQqbFu7f7NbTK05lx80nuSijCz7sc3a277R67g,Very nice,5,0,7.1,2024-11-21 23:55:23,"We're delighted to know that our app met your expectations. Should you have any further suggestions or queries, don't hesitate to write to us at zugarmobility@gmail.com.",2024-11-22 01:47:11,7.1
05f30e39-f67f-4ae8-b680-c12b6cb3d831,A Google user,https://play-lh.googleusercontent.com/EGemoI2NTXmTsBVtJqk8jxF9rh8ApRWfsIMQSt2uE4OcpQqbFu7f7NbTK05lx80nuSijCz7sc3a277R67g,👳‍♂️🫂🩵,5,0,7.1,2024-11-19 22:20:38,,,7.1
d8c90468-16c5-4bde-9d37-e2cb978cecea,A Google user,https://play-lh.googleusercontent.com/EGemoI2NTXmTsBVtJqk8jxF9rh8ApRWfsIMQSt2uE4OcpQqbFu7f7NbTK05lx80nuSijCz7sc3a277R67g,JGurup,5,0,,2024-11-19 21:22:55,,,
4ebdcdfc-5a4d-430b-a0b8-e22720a888b0,A Google user,https://play-lh.googleusercontent.com/EGemoI2NTXmTsBVtJqk8jxF9rh8ApRWfsIMQSt2uE4OcpQqbFu7f7NbTK05lx80nuSijCz7sc3a277R67g,به اخطاء في المحف برجاء عدم تحميله,1,0,,2024-11-19 15:43:47,"We understand your disappointment and are eager to make things right. Help us improve by sharing your suggestions via email at zugarmobility@gmail.com. Rest assured, we're committed to creating a more satisfying experience.",2024-11-19 17:32:16,
803a11f3-0e09-4669-8b1e-85c52c1d0779,A Google user,https://play-lh.googleusercontent.com/EGemoI2NTXmTsBVtJqk8jxF9rh8ApRWfsIMQSt2uE4OcpQqbFu7f7NbTK05lx80nuSijCz7sc3a277R67g,Nice mashallah 👌,4,0,7.1,2024-11-18 20:33:52,Happy to know you're liking our app. We strive for excellence and your 5-star rating will boost our spirits!,2024-11-18 20:42:13,7.1
adff6b51-c634-4646-9272-fae2f511ad74,A Google user,https://play-lh.googleusercontent.com/EGemoI2NTXmTsBVtJqk8jxF9rh8ApRWfsIMQSt2uE4OcpQqbFu7f7NbTK05lx80nuSijCz7sc3a277R67g,I like this apps.. alhamdullilah,4,0,7.1,2024-11-17 12:01:45,Happy to know you're liking our app. We strive for excellence and your 5-star rating will boost our spirits!,2024-11-17 13:27:13,7.1
4a3008bf-9f53-4bf7-9a9a-9d11260fbe08,A Google user,https://play-lh.googleusercontent.com/EGemoI2NTXmTsBVtJqk8jxF9rh8ApRWfsIMQSt2uE4OcpQqbFu7f7NbTK05lx80nuSijCz7sc3a277R67g,Best app,5,0,,2024-11-16 00:33:26,"We're delighted to know that our app met your expectations. Should you have any further suggestions or queries, don't hesitate to write to us at zugarmobility@gmail.com.",2024-11-16 10:22:14,
dc27ea69-62d7-4905-88d7-9c6d866db3bd,A Google user,https://play-lh.googleusercontent.com/EGemoI2NTXmTsBVtJqk8jxF9rh8ApRWfsIMQSt2uE4OcpQqbFu7f7NbTK05lx80nuSijCz7sc3a277R67g,It is a very nice app,5,0,,2024-11-15 12:49:50,"We're delighted to know that our app met your expectations. Should you have any further suggestions or queries, don't hesitate to write to us at zugarmobility@gmail.com.",2024-11-15 15:37:12,
da807b2d-45c8-4d02-a3d4-c4f662e24b7b,A Google user,https://play-lh.googleusercontent.com/EGemoI2NTXmTsBVtJqk8jxF9rh8ApRWfsIMQSt2uE4OcpQqbFu7f7NbTK05lx80nuSijCz7sc3a277R67g,Sk khaja,5,0,7.1,2024-11-13 18:50:25,,,7.1
e0104505-e542-47ad-9ed3-1b8101e16078,A Google user,https://play-lh.googleusercontent.com/EGemoI2NTXmTsBVtJqk8jxF9rh8ApRWfsIMQSt2uE4OcpQqbFu7f7NbTK05lx80nuSijCz7sc3a277R67g,This app has been so helpful and accurate. I started using is since May this year around the time i Reverted. Alhamdulillah. It has made it easy for me and really gets me working on my Salahs and learning more about Al-Islam.,4,11,7.1,2024-11-12 20:39:57,Happy to know you're liking our app. We strive for excellence and your 5-star rating will boost our spirits!,2024-11-12 20:57:13,7.1
9c3358f9-b6ba-4f44-8d9c-addf43423c77,A Google user,https://play-lh.googleusercontent.com/EGemoI2NTXmTsBVtJqk8jxF9rh8ApRWfsIMQSt2uE4OcpQqbFu7f7NbTK05lx80nuSijCz7sc3a277R67g,Mashallah nice app,5,0,,2024-11-12 13:17:29,"We're delighted to know that our app met your expectations. Should you have any further suggestions or queries, don't hesitate to write to us at zugarmobility@gmail.com.",2024-11-12 14:42:15,
97c29201-414e-4f79-87a8-4628b7f94a12,A Google user,https://play-lh.googleusercontent.com/EGemoI2NTXmTsBVtJqk8jxF9rh8ApRWfsIMQSt2uE4OcpQqbFu7f7NbTK05lx80nuSijCz7sc3a277R67g,Very good,5,0,,2024-11-12 03:39:33,"We're delighted to know that our app met your expectations. Should you have any further suggestions or queries, don't hesitate to write to us at zugarmobility@gmail.com.",2024-11-12 04:17:13,
8ea5a3dd-0b0f-4050-adf3-bee0e1e6437d,A Google user,https://play-lh.googleusercontent.com/EGemoI2NTXmTsBVtJqk8jxF9rh8ApRWfsIMQSt2uE4OcpQqbFu7f7NbTK05lx80nuSijCz7sc3a277R67g,MD mannan,1,0,7.1,2024-11-11 01:23:29,,,7.1
3f1ebab5-0795-4337-a5ca-2ae9a07c451d,A Google user,https://play-lh.googleusercontent.com/EGemoI2NTXmTsBVtJqk8jxF9rh8ApRWfsIMQSt2uE4OcpQqbFu7f7NbTK05lx80nuSijCz7sc3a277R67g,Alhamdullah,5,0,,2024-11-09 22:47:33,,,
37f9581a-d775-4a23-8fe7-550ae9d3ce9e,A Google user,https://play-lh.googleusercontent.com/EGemoI2NTXmTsBVtJqk8jxF9rh8ApRWfsIMQSt2uE4OcpQqbFu7f7NbTK05lx80nuSijCz7sc3a277R67g,very nice,5,0,,2024-11-09 16:52:41,"We're delighted to know that our app met your expectations. Should you have any further suggestions or queries, don't hesitate to write to us at zugarmobility@gmail.com.",2024-11-09 17:57:12,
355f0a78-ab13-4cd4-b768-af24040e777a,A Google user,https://play-lh.googleusercontent.com/EGemoI2NTXmTsBVtJqk8jxF9rh8ApRWfsIMQSt2uE4OcpQqbFu7f7NbTK05lx80nuSijCz7sc3a277R67g,This is the way to learn more things and get more people interact with them,5,5,7.1,2024-11-09 16:21:27,,,7.1
7a65234e-3baa-44f4-a5ad-99af847b98e0,A Google user,https://play-lh.googleusercontent.com/EGemoI2NTXmTsBVtJqk8jxF9rh8ApRWfsIMQSt2uE4OcpQqbFu7f7NbTK05lx80nuSijCz7sc3a277R67g,Masha Allah,5,0,7.1,2024-11-08 13:04:52,,,7.1
b16f78d0-eaf5-4c5e-b985-90842436fc02,A Google user,https://play-lh.googleusercontent.com/EGemoI2NTXmTsBVtJqk8jxF9rh8ApRWfsIMQSt2uE4OcpQqbFu7f7NbTK05lx80nuSijCz7sc3a277R67g,I like,5,0,7.1,2024-11-08 12:39:28,"We're delighted to know that our app met your expectations. Should you have any further suggestions or queries, don't hesitate to write to us at zugarmobility@gmail.com.",2024-11-08 12:47:12,7.1
0fe81529-edb6-42fb-abf7-1d645439de73,A Google user,https://play-lh.googleusercontent.com/EGemoI2NTXmTsBVtJqk8jxF9rh8ApRWfsIMQSt2uE4OcpQqbFu7f7NbTK05lx80nuSijCz7sc3a277R67g,Alhamdulilah Rabilalamin,5,0,7.1,2024-11-07 05:43:58,,,7.1
9f9d7812-4c92-4a08-bb24-cc13a2ff300f,A Google user,https://play-lh.googleusercontent.com/EGemoI2NTXmTsBVtJqk8jxF9rh8ApRWfsIMQSt2uE4OcpQqbFu7f7NbTK05lx80nuSijCz7sc3a277R67g,Very beautiful aap,5,0,7.1,2024-11-06 03:41:12,"We're delighted to know that our app met your expectations. Should you have any further suggestions or queries, don't hesitate to write to us at zugarmobility@gmail.com.",2024-11-06 08:42:14,7.1
5df2fb14-963a-4db4-9ee7-d22455d61af2,A Google user,https://play-lh.googleusercontent.com/EGemoI2NTXmTsBVtJqk8jxF9rh8ApRWfsIMQSt2uE4OcpQqbFu7f7NbTK05lx80nuSijCz7sc3a277R67g,Useful app,4,0,7.1,2024-11-05 15:46:17,,,7.1
2076ca33-562b-465e-93df-c3e506e5b753,A Google user,https://play-lh.googleusercontent.com/EGemoI2NTXmTsBVtJqk8jxF9rh8ApRWfsIMQSt2uE4OcpQqbFu7f7NbTK05lx80nuSijCz7sc3a277R67g,Nice,5,0,7.1,2024-11-05 08:40:07,"We're delighted to know that our app met your expectations. Should you have any further suggestions or queries, don't hesitate to write to us at zugarmobility@gmail.com.",2024-11-05 16:02:15,7.1
3d1eed81-2fd7-4560-a479-bda3330a773f,A Google user,https://play-lh.googleusercontent.com/EGemoI2NTXmTsBVtJqk8jxF9rh8ApRWfsIMQSt2uE4OcpQqbFu7f7NbTK05lx80nuSijCz7sc3a277R67g,Good Apps,5,0,7.1,2024-11-05 05:01:25,"We're delighted to know that our app met your expectations. Should you have any further suggestions or queries, don't hesitate to write to us at zugarmobility@gmail.com.",2024-11-05 05:37:15,7.1
33b9aee2-15ed-414c-ab13-3684642c3220,A Google user,https://play-lh.googleusercontent.com/EGemoI2NTXmTsBVtJqk8jxF9rh8ApRWfsIMQSt2uE4OcpQqbFu7f7NbTK05lx80nuSijCz7sc3a277R67g,Good,5,0,7.1,2024-11-04 13:45:57,"We're delighted to know that our app met your expectations. Should you have any further suggestions or queries, don't hesitate to write to us at zugarmobility@gmail.com.",2024-11-04 15:02:14,7.1
f262eea4-f5ef-49ca-b984-8946045c8ace,A Google user,https://play-lh.googleusercontent.com/EGemoI2NTXmTsBVtJqk8jxF9rh8ApRWfsIMQSt2uE4OcpQqbFu7f7NbTK05lx80nuSijCz7sc3a277R67g,Beautiful,5,0,7.1,2024-11-04 08:17:13,"We're delighted to know that our app met your expectations. Should you have any further suggestions or queries, don't hesitate to write to us at zugarmobility@gmail.com.",2024-11-04 08:47:12,7.1
2613e6d9-0b15-4480-b983-68d2d9f37d99,A Google user,https://play-lh.googleusercontent.com/EGemoI2NTXmTsBVtJqk8jxF9rh8ApRWfsIMQSt2uE4OcpQqbFu7f7NbTK05lx80nuSijCz7sc3a277R67g,Good,5,0,7.1,2024-11-04 07:35:41,"We're delighted to know that our app met your expectations. Should you have any further suggestions or queries, don't hesitate to write to us at zugarmobility@gmail.com.",2024-11-04 08:47:13,7.1
72ab9553-e049-4abd-adb2-3490d0d53ea6,A Google user,https://play-lh.googleusercontent.com/EGemoI2NTXmTsBVtJqk8jxF9rh8ApRWfsIMQSt2uE4OcpQqbFu7f7NbTK05lx80nuSijCz7sc3a277R67g,Thank you very much love it....,5,0,7.1,2024-11-03 11:26:19,"We're delighted to know that our app met your expectations. Should you have any further suggestions or queries, don't hesitate to write to us at zugarmobility@gmail.com.",2024-11-03 14:02:14,7.1
1577f7df-cabf-400e-9291-5f9c70ba024e,A Google user,https://play-lh.googleusercontent.com/EGemoI2NTXmTsBVtJqk8jxF9rh8ApRWfsIMQSt2uE4OcpQqbFu7f7NbTK05lx80nuSijCz7sc3a277R67g,It was nice,4,0,7.1,2024-11-02 15:23:42,Happy to know you're liking our app. We strive for excellence and your 5-star rating will boost our spirits!,2024-11-02 21:22:14,7.1
966b0aed-e5e5-476d-b563-8a2718cd3269,A Google user,https://play-lh.googleusercontent.com/EGemoI2NTXmTsBVtJqk8jxF9rh8ApRWfsIMQSt2uE4OcpQqbFu7f7NbTK05lx80nuSijCz7sc3a277R67g,Nice 👍,5,0,7.1,2024-11-02 10:36:56,"We're delighted to know that our app met your expectations. Should you have any further suggestions or queries, don't hesitate to write to us at zugarmobility@gmail.com.",2024-11-02 13:02:13,7.1
e48f878e-6807-4514-82ae-c37a1fe3d736,A Google user,https://play-lh.googleusercontent.com/EGemoI2NTXmTsBVtJqk8jxF9rh8ApRWfsIMQSt2uE4OcpQqbFu7f7NbTK05lx80nuSijCz7sc3a277R67g,Mashallah,5,0,7.1,2024-11-01 22:45:24,,,7.1
11850110-5ed9-4475-a038-c21219600afe,A Google user,https://play-lh.googleusercontent.com/EGemoI2NTXmTsBVtJqk8jxF9rh8ApRWfsIMQSt2uE4OcpQqbFu7f7NbTK05lx80nuSijCz7sc3a277R67g,Excellent,5,0,7.1,2024-11-01 22:11:10,"We're delighted to know that our app met your expectations. Should you have any further suggestions or queries, don't hesitate to write to us at zugarmobility@gmail.com.",2024-11-02 02:37:15,7.1
a9e45939-885e-4507-88bf-af65aa73a207,A Google user,https://play-lh.googleusercontent.com/EGemoI2NTXmTsBVtJqk8jxF9rh8ApRWfsIMQSt2uE4OcpQqbFu7f7NbTK05lx80nuSijCz7sc3a277R67g,Good,5,0,7.1,2024-11-01 21:41:21,"We're delighted to know that our app met your expectations. Should you have any further suggestions or queries, don't hesitate to write to us at zugarmobility@gmail.com.",2024-11-02 02:37:16,7.1
1ca57a7d-6697-41c5-ad89-374cd37507db,A Google user,https://play-lh.googleusercontent.com/EGemoI2NTXmTsBVtJqk8jxF9rh8ApRWfsIMQSt2uE4OcpQqbFu7f7NbTK05lx80nuSijCz7sc3a277R67g,Good,5,0,7.1,2024-11-01 10:44:58,"We're delighted to know that our app met your expectations. Should you have any further suggestions or queries, don't hesitate to write to us at zugarmobility@gmail.com.",2024-11-01 20:22:17,7.1
f9549cde-f967-49c8-97bd-46182c8b0a1c,A Google user,https://play-lh.googleusercontent.com/EGemoI2NTXmTsBVtJqk8jxF9rh8ApRWfsIMQSt2uE4OcpQqbFu7f7NbTK05lx80nuSijCz7sc3a277R67g,ও শরযযদ,5,0,7.1,2024-11-01 00:03:35,,,7.1
28cac528-7fcf-4b94-9010-8c9322d17cc2,A Google user,https://play-lh.googleusercontent.com/EGemoI2NTXmTsBVtJqk8jxF9rh8ApRWfsIMQSt2uE4OcpQqbFu7f7NbTK05lx80nuSijCz7sc3a277R67g,Thank God,5,1,7.1,2024-10-31 08:26:46,,,7.1
d425770f-ba92-4357-b18b-99de1ac91cdd,A Google user,https://play-lh.googleusercontent.com/EGemoI2NTXmTsBVtJqk8jxF9rh8ApRWfsIMQSt2uE4OcpQqbFu7f7NbTK05lx80nuSijCz7sc3a277R67g,Great,5,0,,2024-10-31 04:48:09,"We're delighted to know that our app met your expectations. Should you have any further suggestions or queries, don't hesitate to write to us at zugarmobility@gmail.com.",2024-10-31 06:52:23,
72001983-2341-43bc-b968-6f673bd962aa,A Google user,https://play-lh.googleusercontent.com/EGemoI2NTXmTsBVtJqk8jxF9rh8ApRWfsIMQSt2uE4OcpQqbFu7f7NbTK05lx80nuSijCz7sc3a277R67g,♥️♥️♥️👍🏻🤲🏻👌🏻,5,0,6.3,2024-10-30 23:22:52,,,6.3
f6e7a910-b4c7-4d87-88d6-93462a9bf007,A Google user,https://play-lh.googleusercontent.com/EGemoI2NTXmTsBVtJqk8jxF9rh8ApRWfsIMQSt2uE4OcpQqbFu7f7NbTK05lx80nuSijCz7sc3a277R67g,mashallah,4,0,7.1,2024-10-30 14:41:20,,,7.1
d6b1100c-3f0c-4876-a36d-f72c721ac72d,A Google user,https://play-lh.googleusercontent.com/EGemoI2NTXmTsBVtJqk8jxF9rh8ApRWfsIMQSt2uE4OcpQqbFu7f7NbTK05lx80nuSijCz7sc3a277R67g,Murtala Muhammad,5,0,7.1,2024-10-29 18:10:33,,,7.1
93668f2b-3b3e-4fb7-92d0-9c60a59d441b,A Google user,https://play-lh.googleusercontent.com/EGemoI2NTXmTsBVtJqk8jxF9rh8ApRWfsIMQSt2uE4OcpQqbFu7f7NbTK05lx80nuSijCz7sc3a277R67g,excellent,5,0,7.1,2024-10-29 17:48:51,"We're delighted to know that our app met your expectations. Should you have any further suggestions or queries, don't hesitate to write to us at zugarmobility@gmail.com.",2024-10-29 21:32:17,7.1
dd198c7c-b79b-4fc7-9d2a-a5bd1f8efd6d,A Google user,https://play-lh.googleusercontent.com/EGemoI2NTXmTsBVtJqk8jxF9rh8ApRWfsIMQSt2uE4OcpQqbFu7f7NbTK05lx80nuSijCz7sc3a277R67g,Its Great application thankyou for this App Alhamdulillah,5,0,7.1,2024-10-29 03:05:58,"We're delighted to know that our app met your expectations. Should you have any further suggestions or queries, don't hesitate to write to us at zugarmobility@gmail.com.",2024-10-29 04:52:52,7.1
9e7c100d-856d-4d58-9d97-f68b8f79ccec,A Google user,https://play-lh.googleusercontent.com/EGemoI2NTXmTsBVtJqk8jxF9rh8ApRWfsIMQSt2uE4OcpQqbFu7f7NbTK05lx80nuSijCz7sc3a277R67g,I like it too much,4,0,7.1,2024-10-29 00:29:33,Happy to know you're liking our app. We strive for excellence and your 5-star rating will boost our spirits!,2024-10-29 00:42:15,7.1
9979d70f-fb0a-4669-9653-e748e6fa81f3,A Google user,https://play-lh.googleusercontent.com/EGemoI2NTXmTsBVtJqk8jxF9rh8ApRWfsIMQSt2uE4OcpQqbFu7f7NbTK05lx80nuSijCz7sc3a277R67g,Best,5,0,7.1,2024-10-28 20:41:56,"We're delighted to know that our app met your expectations. Should you have any further suggestions or queries, don't hesitate to write to us at zugarmobility@gmail.com.",2024-10-28 22:37:12,7.1
9f18335c-b1c0-4c87-b769-6559ec9d9bb9,A Google user,https://play-lh.googleusercontent.com/EGemoI2NTXmTsBVtJqk8jxF9rh8ApRWfsIMQSt2uE4OcpQqbFu7f7NbTK05lx80nuSijCz7sc3a277R67g,Alhamdulillah vlo,5,0,7.1,2024-10-28 17:33:05,,,7.1
dee9f091-3de7-4b81-bf5b-fd5cc409e4eb,A Google user,https://play-lh.googleusercontent.com/EGemoI2NTXmTsBVtJqk8jxF9rh8ApRWfsIMQSt2uE4OcpQqbFu7f7NbTK05lx80nuSijCz7sc3a277R67g,"To much ads , very slow",1,0,,2024-10-28 04:37:46,We regret any inconvenience. Ads are essential to sustain our work. Your understanding is truly appreciated.,2024-10-28 05:57:12,
ac8b9bc2-80c2-47c0-a76f-317ace7713ab,A Google user,https://play-lh.googleusercontent.com/EGemoI2NTXmTsBVtJqk8jxF9rh8ApRWfsIMQSt2uE4OcpQqbFu7f7NbTK05lx80nuSijCz7sc3a277R67g,Learn my Islamic religion,5,0,7.1,2024-10-27 01:37:52,,,7.1
4bb5ec32-e737-47c4-bd6e-ff133c20a574,A Google user,https://play-lh.googleusercontent.com/EGemoI2NTXmTsBVtJqk8jxF9rh8ApRWfsIMQSt2uE4OcpQqbFu7f7NbTK05lx80nuSijCz7sc3a277R67g,سبحان االلہ,5,0,7.1,2024-10-26 09:23:35,,,7.1
f42b20a1-9ce2-4030-8747-a5ba4eaf2981,A Google user,https://play-lh.googleusercontent.com/EGemoI2NTXmTsBVtJqk8jxF9rh8ApRWfsIMQSt2uE4OcpQqbFu7f7NbTK05lx80nuSijCz7sc3a277R67g,Assalamu alaikum Subhanallah mashallah,5,0,7.1,2024-10-26 01:17:44,,,7.1
82d968a2-02fe-4c03-8e87-7eb3fc7ca3e1,A Google user,https://play-lh.googleusercontent.com/EGemoI2NTXmTsBVtJqk8jxF9rh8ApRWfsIMQSt2uE4OcpQqbFu7f7NbTK05lx80nuSijCz7sc3a277R67g,ماشاء الله,5,0,7.1,2024-10-25 21:47:00,,,7.1
8591ef04-1407-477e-95ae-f23e979a7dec,A Google user,https://play-lh.googleusercontent.com/EGemoI2NTXmTsBVtJqk8jxF9rh8ApRWfsIMQSt2uE4OcpQqbFu7f7NbTK05lx80nuSijCz7sc3a277R67g,Liked,5,0,7.1,2024-10-25 09:29:38,,,7.1
8f1c4b85-edb8-4de6-954d-d83d6df7e32f,A Google user,https://play-lh.googleusercontent.com/EGemoI2NTXmTsBVtJqk8jxF9rh8ApRWfsIMQSt2uE4OcpQqbFu7f7NbTK05lx80nuSijCz7sc3a277R67g,ما شاء الله,5,0,7.1,2024-10-25 05:13:41,,,7.1
48c51f55-b90c-41da-a32a-98734a8bad6f,A Google user,https://play-lh.googleusercontent.com/EGemoI2NTXmTsBVtJqk8jxF9rh8ApRWfsIMQSt2uE4OcpQqbFu7f7NbTK05lx80nuSijCz7sc3a277R67g,Cabdidaauud,5,0,,2024-10-24 11:52:54,,,
793f8e16-2d7e-4ed2-9493-e4e22e62f488,A Google user,https://play-lh.googleusercontent.com/EGemoI2NTXmTsBVtJqk8jxF9rh8ApRWfsIMQSt2uE4OcpQqbFu7f7NbTK05lx80nuSijCz7sc3a277R67g,Oh it just what I'm looking for,5,0,7.1,2024-10-23 01:05:05,,,7.1
3668d6b5-74bf-4ce5-a7ae-2e23934e6faf,A Google user,https://play-lh.googleusercontent.com/EGemoI2NTXmTsBVtJqk8jxF9rh8ApRWfsIMQSt2uE4OcpQqbFu7f7NbTK05lx80nuSijCz7sc3a277R67g,Very good,4,0,7.1,2024-10-22 19:34:44,Happy to know you're liking our app. We strive for excellence and your 5-star rating will boost our spirits!,2024-10-22 20:47:12,7.1
f4510994-3bc6-406d-a0f1-f24fb1561e1c,A Google user,https://play-lh.googleusercontent.com/EGemoI2NTXmTsBVtJqk8jxF9rh8ApRWfsIMQSt2uE4OcpQqbFu7f7NbTK05lx80nuSijCz7sc3a277R67g,Good to all Muslim Ummah,5,0,7.1,2024-10-22 18:54:58,"We're delighted to know that our app met your expectations. Should you have any further suggestions or queries, don't hesitate to write to us at zugarmobility@gmail.com.",2024-10-22 20:47:13,7.1
4227bb56-a322-4a78-9d47-366175b0c142,A Google user,https://play-lh.googleusercontent.com/EGemoI2NTXmTsBVtJqk8jxF9rh8ApRWfsIMQSt2uE4OcpQqbFu7f7NbTK05lx80nuSijCz7sc3a277R67g,Good,5,0,7.1,2024-10-22 12:46:11,"We're delighted to know that our app met your expectations. Should you have any further suggestions or queries, don't hesitate to write to us at zugarmobility@gmail.com.",2024-10-22 14:32:16,7.1
bd9c9489-782b-41e5-8f23-922053e529af,A Google user,https://play-lh.googleusercontent.com/EGemoI2NTXmTsBVtJqk8jxF9rh8ApRWfsIMQSt2uE4OcpQqbFu7f7NbTK05lx80nuSijCz7sc3a277R67g,Thanks for the owner of this app I really Appreciate,5,0,7.1,2024-10-22 08:44:00,"We're delighted to know that our app met your expectations. Should you have any further suggestions or queries, don't hesitate to write to us at zugarmobility@gmail.com.",2024-10-22 12:27:12,7.1
fe50279e-4de9-4094-b965-6ce5a3b59701,A Google user,https://play-lh.googleusercontent.com/EGemoI2NTXmTsBVtJqk8jxF9rh8ApRWfsIMQSt2uE4OcpQqbFu7f7NbTK05lx80nuSijCz7sc3a277R67g,It's good application and easy to use Jazzakumullahu khayr,5,0,7.1,2024-10-22 08:20:48,"We're delighted to know that our app met your expectations. Should you have any further suggestions or queries, don't hesitate to write to us at zugarmobility@gmail.com.",2024-10-22 12:27:13,7.1
dd5a706e-5b06-48bd-be35-760ea3376fd5,A Google user,https://play-lh.googleusercontent.com/EGemoI2NTXmTsBVtJqk8jxF9rh8ApRWfsIMQSt2uE4OcpQqbFu7f7NbTK05lx80nuSijCz7sc3a277R67g,MAY ALMIGHTY ALLAH'S NAMES BE PRAISE AND BE BLESSED FOREVER AAMEEEN KUNFAYAKUM...,5,0,7.1,2024-10-21 01:33:26,,,7.1
f30cb765-df7c-4c53-b743-65370d5ed145,A Google user,https://play-lh.googleusercontent.com/EGemoI2NTXmTsBVtJqk8jxF9rh8ApRWfsIMQSt2uE4OcpQqbFu7f7NbTK05lx80nuSijCz7sc3a277R67g,❤👍💐,5,0,7.1,2024-10-20 18:18:28,,,7.1
42c83c87-1f58-4f73-8565-786ffdaa3cd4,A Google user,https://play-lh.googleusercontent.com/EGemoI2NTXmTsBVtJqk8jxF9rh8ApRWfsIMQSt2uE4OcpQqbFu7f7NbTK05lx80nuSijCz7sc3a277R67g,Like it well,5,0,7.1,2024-10-20 06:00:47,"We're delighted to know that our app met your expectations. Should you have any further suggestions or queries, don't hesitate to write to us at zugarmobility@gmail.com.",2024-10-20 08:22:14,7.1
d75f445b-37dc-41c9-87b7-f2655b44609a,A Google user,https://play-lh.googleusercontent.com/EGemoI2NTXmTsBVtJqk8jxF9rh8ApRWfsIMQSt2uE4OcpQqbFu7f7NbTK05lx80nuSijCz7sc3a277R67g,Very good,5,0,7.1,2024-10-19 16:21:06,"We're delighted to know that our app met your expectations. Should you have any further suggestions or queries, don't hesitate to write to us at zugarmobility@gmail.com.",2024-10-19 17:47:10,7.1
f77455bf-1fb6-48b6-8844-018e8060f35f,A Google user,https://play-lh.googleusercontent.com/EGemoI2NTXmTsBVtJqk8jxF9rh8ApRWfsIMQSt2uE4OcpQqbFu7f7NbTK05lx80nuSijCz7sc3a277R67g,Great,5,0,7.1,2024-10-19 13:45:18,"We're delighted to know that our app met your expectations. Should you have any further suggestions or queries, don't hesitate to write to us at zugarmobility@gmail.com.",2024-10-19 15:42:14,7.1
157f3da1-efcc-4b35-a477-559909624ba5,A Google user,https://play-lh.googleusercontent.com/EGemoI2NTXmTsBVtJqk8jxF9rh8ApRWfsIMQSt2uE4OcpQqbFu7f7NbTK05lx80nuSijCz7sc3a277R67g,Mashllah,5,0,7.1,2024-10-19 12:13:31,,,7.1
9ed1bc6c-e8a5-43f7-ab13-aa63988d24a3,A Google user,https://play-lh.googleusercontent.com/EGemoI2NTXmTsBVtJqk8jxF9rh8ApRWfsIMQSt2uE4OcpQqbFu7f7NbTK05lx80nuSijCz7sc3a277R67g,Nice,5,0,7.1,2024-10-19 01:47:15,"We're delighted to know that our app met your expectations. Should you have any further suggestions or queries, don't hesitate to write to us at zugarmobility@gmail.com.",2024-10-19 03:12:14,7.1
82168519-0dd4-4422-8492-dbf712b12509,A Google user,https://play-lh.googleusercontent.com/EGemoI2NTXmTsBVtJqk8jxF9rh8ApRWfsIMQSt2uE4OcpQqbFu7f7NbTK05lx80nuSijCz7sc3a277R67g,Wow this best app in the muslims,5,0,7.1,2024-10-18 23:20:56,"We're delighted to know that our app met your expectations. Should you have any further suggestions or queries, don't hesitate to write to us at zugarmobility@gmail.com.",2024-10-19 01:07:12,7.1
35be593f-4bee-4fa9-9059-8e390ec8d9b8,A Google user,https://play-lh.googleusercontent.com/EGemoI2NTXmTsBVtJqk8jxF9rh8ApRWfsIMQSt2uE4OcpQqbFu7f7NbTK05lx80nuSijCz7sc3a277R67g,Good,3,0,7.1,2024-10-18 19:21:09,Happy to know you're liking our app. We strive for excellence and your 5-star rating will boost our spirits!,2024-10-18 20:57:12,7.1
ba2c1ee0-896c-4e03-b8be-11c2bfcd5db0,A Google user,https://play-lh.googleusercontent.com/EGemoI2NTXmTsBVtJqk8jxF9rh8ApRWfsIMQSt2uE4OcpQqbFu7f7NbTK05lx80nuSijCz7sc3a277R67g,It's a great app,5,0,7.1,2024-10-18 17:52:21,"We're delighted to know that our app met your expectations. Should you have any further suggestions or queries, don't hesitate to write to us at zugarmobility@gmail.com.",2024-10-18 20:57:14,7.1
441444a5-94f3-4993-a231-64b9ab056a83,A Google user,https://play-lh.googleusercontent.com/EGemoI2NTXmTsBVtJqk8jxF9rh8ApRWfsIMQSt2uE4OcpQqbFu7f7NbTK05lx80nuSijCz7sc3a277R67g,❤️,5,0,,2024-10-18 01:20:39,,,
43efc9e5-4abd-4673-8f6f-4cfca9f97008,A Google user,https://play-lh.googleusercontent.com/EGemoI2NTXmTsBVtJqk8jxF9rh8ApRWfsIMQSt2uE4OcpQqbFu7f7NbTK05lx80nuSijCz7sc3a277R67g,Useful app,5,0,7.1,2024-10-17 15:57:51,,,7.1
b873b631-0d6e-47fd-b053-4084f66a698d,A Google user,https://play-lh.googleusercontent.com/EGemoI2NTXmTsBVtJqk8jxF9rh8ApRWfsIMQSt2uE4OcpQqbFu7f7NbTK05lx80nuSijCz7sc3a277R67g,It's really interesting I really like it thats the fact,4,1,7.1,2024-10-17 00:13:23,,,7.1
7f67d91d-3e84-47a3-9ba7-f01e3e6668ad,A Google user,https://play-lh.googleusercontent.com/EGemoI2NTXmTsBVtJqk8jxF9rh8ApRWfsIMQSt2uE4OcpQqbFu7f7NbTK05lx80nuSijCz7sc3a277R67g,Good,5,0,7.1,2024-10-16 11:40:36,"We're delighted to know that our app met your expectations. Should you have any further suggestions or queries, don't hesitate to write to us at zugarmobility@gmail.com.",2024-10-16 14:47:13,7.1
df773ba6-d6e7-44a5-9b45-4558e85209fa,A Google user,https://play-lh.googleusercontent.com/EGemoI2NTXmTsBVtJqk8jxF9rh8ApRWfsIMQSt2uE4OcpQqbFu7f7NbTK05lx80nuSijCz7sc3a277R67g,I have to delete the app due to so many adds. Also i wll give it two star being it islamic app,2,3,7.1,2024-10-15 21:35:57,We regret any inconvenience. Ads are essential to sustain our work. Your understanding is truly appreciated.,2024-10-15 22:07:14,7.1
1a47929a-6e8e-47d1-803e-e759025322fe,A Google user,https://play-lh.googleusercontent.com/EGemoI2NTXmTsBVtJqk8jxF9rh8ApRWfsIMQSt2uE4OcpQqbFu7f7NbTK05lx80nuSijCz7sc3a277R67g,Getting better everytime.,5,0,7.1,2024-10-15 14:08:56,,,7.1
bc2a0445-8375-4155-92e4-5983a90627c9,A Google user,https://play-lh.googleusercontent.com/EGemoI2NTXmTsBVtJqk8jxF9rh8ApRWfsIMQSt2uE4OcpQqbFu7f7NbTK05lx80nuSijCz7sc3a277R67g,Very pleasing and nice,5,0,7.1,2024-10-15 08:35:17,"We're delighted to know that our app met your expectations. Should you have any further suggestions or queries, don't hesitate to write to us at zugarmobility@gmail.com.",2024-10-15 09:37:16,7.1
51f38221-9de7-4c5e-a879-e38198649c75,A Google user,https://play-lh.googleusercontent.com/EGemoI2NTXmTsBVtJqk8jxF9rh8ApRWfsIMQSt2uE4OcpQqbFu7f7NbTK05lx80nuSijCz7sc3a277R67g,আমিন,5,0,7.1,2024-10-15 02:14:59,,,7.1
99ea487a-f373-4321-a4c7-e3c05ba1fefc,A Google user,https://play-lh.googleusercontent.com/EGemoI2NTXmTsBVtJqk8jxF9rh8ApRWfsIMQSt2uE4OcpQqbFu7f7NbTK05lx80nuSijCz7sc3a277R67g,Absolutely beautiful,5,1,7.1,2024-10-14 15:48:59,"We're delighted to know that our app met your expectations. Should you have any further suggestions or queries, don't hesitate to write to us at zugarmobility@gmail.com.",2024-10-14 16:57:12,7.1
7cd023b0-31ce-4c8a-9dd0-dc8f526c6a42,A Google user,https://play-lh.googleusercontent.com/EGemoI2NTXmTsBVtJqk8jxF9rh8ApRWfsIMQSt2uE4OcpQqbFu7f7NbTK05lx80nuSijCz7sc3a277R67g,Good app,5,0,7.1,2024-10-14 14:57:39,"We're delighted to know that our app met your expectations. Should you have any further suggestions or queries, don't hesitate to write to us at zugarmobility@gmail.com.",2024-10-14 16:57:14,7.1
77ede16b-06cc-4610-9e09-0e7d1ff030af,A Google user,https://play-lh.googleusercontent.com/EGemoI2NTXmTsBVtJqk8jxF9rh8ApRWfsIMQSt2uE4OcpQqbFu7f7NbTK05lx80nuSijCz7sc3a277R67g,Good 👍👍,5,0,7.1,2024-10-14 11:51:52,"We're delighted to know that our app met your expectations. Should you have any further suggestions or queries, don't hesitate to write to us at zugarmobility@gmail.com.",2024-10-14 12:47:12,7.1
806dbe56-ad23-4cac-8f28-d472da51fea8,A Google user,https://play-lh.googleusercontent.com/EGemoI2NTXmTsBVtJqk8jxF9rh8ApRWfsIMQSt2uE4OcpQqbFu7f7NbTK05lx80nuSijCz7sc3a277R67g,I like it.it always remind me what l have to do 😊,5,1,7.1,2024-10-13 13:29:09,"We're delighted to know that our app met your expectations. Should you have any further suggestions or queries, don't hesitate to write to us at zugarmobility@gmail.com.",2024-10-13 13:53:01,7.1
c4c067dd-a19f-4b96-85d1-e938b2e2d316,A Google user,https://play-lh.googleusercontent.com/EGemoI2NTXmTsBVtJqk8jxF9rh8ApRWfsIMQSt2uE4OcpQqbFu7f7NbTK05lx80nuSijCz7sc3a277R67g,Very good,5,0,7.1,2024-10-13 08:19:14,"We're delighted to know that our app met your expectations. Should you have any further suggestions or queries, don't hesitate to write to us at zugarmobility@gmail.com.",2024-10-13 09:42:12,7.1
06dde3c3-ab9d-465c-b3f3-869ad431b965,A Google user,https://play-lh.googleusercontent.com/EGemoI2NTXmTsBVtJqk8jxF9rh8ApRWfsIMQSt2uE4OcpQqbFu7f7NbTK05lx80nuSijCz7sc3a277R67g,Alahuakber,4,0,7.1,2024-10-12 22:22:56,,,7.1
5e4dc9bd-795d-457e-9e2c-00308d20b9ce,A Google user,https://play-lh.googleusercontent.com/EGemoI2NTXmTsBVtJqk8jxF9rh8ApRWfsIMQSt2uE4OcpQqbFu7f7NbTK05lx80nuSijCz7sc3a277R67g,Nice,5,0,7.1,2024-10-12 19:30:06,"We're delighted to know that our app met your expectations. Should you have any further suggestions or queries, don't hesitate to write to us at zugarmobility@gmail.com.",2024-10-12 23:17:12,7.1
32fbe424-bcf3-44f4-850b-1e426a9df209,A Google user,https://play-lh.googleusercontent.com/EGemoI2NTXmTsBVtJqk8jxF9rh8ApRWfsIMQSt2uE4OcpQqbFu7f7NbTK05lx80nuSijCz7sc3a277R67g,I love the app,4,9,7.1,2024-10-12 12:23:19,Happy to know you're liking our app. We strive for excellence and your 5-star rating will boost our spirits!,2024-10-12 14:57:13,7.1
ac5de6ab-60b5-44a2-bf0a-72cfdf3fc875,A Google user,https://play-lh.googleusercontent.com/EGemoI2NTXmTsBVtJqk8jxF9rh8ApRWfsIMQSt2uE4OcpQqbFu7f7NbTK05lx80nuSijCz7sc3a277R67g,Mas allhua,5,0,7.1,2024-10-12 03:49:35,,,7.1
ce164ffb-5fe0-4a33-90aa-ae01d581e865,A Google user,https://play-lh.googleusercontent.com/EGemoI2NTXmTsBVtJqk8jxF9rh8ApRWfsIMQSt2uE4OcpQqbFu7f7NbTK05lx80nuSijCz7sc3a277R67g,Ilove,5,0,7.1,2024-10-11 16:19:59,"We're delighted to know that our app met your expectations. Should you have any further suggestions or queries, don't hesitate to write to us at zugarmobility@gmail.com.",2024-10-11 20:12:17,7.1
44d0879c-b0c3-4c78-840d-afa2b4fb2bef,A Google user,https://play-lh.googleusercontent.com/EGemoI2NTXmTsBVtJqk8jxF9rh8ApRWfsIMQSt2uE4OcpQqbFu7f7NbTK05lx80nuSijCz7sc3a277R67g,Best book of all,1,0,7.1,2024-10-11 13:07:24,Happy to know you're liking our app. We strive for excellence and your 5-star rating will boost our spirits!,2024-10-11 16:02:14,7.1
a1f8750e-d4a8-4795-b3d4-0f40f019cbc1,A Google user,https://play-lh.googleusercontent.com/EGemoI2NTXmTsBVtJqk8jxF9rh8ApRWfsIMQSt2uE4OcpQqbFu7f7NbTK05lx80nuSijCz7sc3a277R67g,Good,5,0,,2024-10-11 07:22:39,"We're delighted to know that our app met your expectations. Should you have any further suggestions or queries, don't hesitate to write to us at zugarmobility@gmail.com.",2024-10-11 07:42:14,
a6c1e12e-600e-40b2-b771-9074019e1a9e,A Google user,https://play-lh.googleusercontent.com/EGemoI2NTXmTsBVtJqk8jxF9rh8ApRWfsIMQSt2uE4OcpQqbFu7f7NbTK05lx80nuSijCz7sc3a277R67g,Nice app Am enjoying it,5,0,7.1,2024-10-10 16:53:51,"We're delighted to know that our app met your expectations. Should you have any further suggestions or queries, don't hesitate to write to us at zugarmobility@gmail.com.",2024-10-10 17:07:13,7.1
29b745c1-ee9e-428f-b00d-3243f12d3261,A Google user,https://play-lh.googleusercontent.com/EGemoI2NTXmTsBVtJqk8jxF9rh8ApRWfsIMQSt2uE4OcpQqbFu7f7NbTK05lx80nuSijCz7sc3a277R67g,احسن برنامج,5,0,7.1,2024-10-10 10:24:58,"We're delighted to know that our app met your expectations. Should you have any further suggestions or queries, don't hesitate to write to us at zugarmobility@gmail.com.",2024-10-10 10:52:35,7.1
8aee11f0-fbdb-4d57-b4f4-846e26dfe0f8,A Google user,https://play-lh.googleusercontent.com/EGemoI2NTXmTsBVtJqk8jxF9rh8ApRWfsIMQSt2uE4OcpQqbFu7f7NbTK05lx80nuSijCz7sc3a277R67g,I get more info about Muslim,4,0,7.1,2024-10-09 18:32:05,,,7.1
3b5d26bb-3afd-442d-b05f-4810f55e9498,A Google user,https://play-lh.googleusercontent.com/EGemoI2NTXmTsBVtJqk8jxF9rh8ApRWfsIMQSt2uE4OcpQqbFu7f7NbTK05lx80nuSijCz7sc3a277R67g,Very good app,5,0,6.7,2024-10-09 14:18:51,"We're delighted to know that our app met your expectations. Should you have any further suggestions or queries, don't hesitate to write to us at zugarmobility@gmail.com.",2024-10-09 16:07:14,6.7
3cf72755-1f1e-4c42-a4ee-70fef2af6bc2,A Google user,https://play-lh.googleusercontent.com/EGemoI2NTXmTsBVtJqk8jxF9rh8ApRWfsIMQSt2uE4OcpQqbFu7f7NbTK05lx80nuSijCz7sc3a277R67g,Good luck great job,5,0,,2024-10-09 14:14:33,"We're delighted to know that our app met your expectations. Should you have any further suggestions or queries, don't hesitate to write to us at zugarmobility@gmail.com.",2024-10-09 16:07:15,
6600ec66-b1d8-4096-90d7-eb635ad76456,A Google user,https://play-lh.googleusercontent.com/EGemoI2NTXmTsBVtJqk8jxF9rh8ApRWfsIMQSt2uE4OcpQqbFu7f7NbTK05lx80nuSijCz7sc3a277R67g,Very nice,5,0,7.1,2024-10-08 20:28:11,"We're delighted to know that our app met your expectations. Should you have any further suggestions or queries, don't hesitate to write to us at zugarmobility@gmail.com.",2024-10-08 21:22:16,7.1
e269ad91-07e2-4511-8a46-625d8ff9d09a,A Google user,https://play-lh.googleusercontent.com/EGemoI2NTXmTsBVtJqk8jxF9rh8ApRWfsIMQSt2uE4OcpQqbFu7f7NbTK05lx80nuSijCz7sc3a277R67g,Waaaw,5,0,7.1,2024-10-08 19:19:46,,,7.1
6e16b823-c084-476a-b912-884207ea4222,A Google user,https://play-lh.googleusercontent.com/EGemoI2NTXmTsBVtJqk8jxF9rh8ApRWfsIMQSt2uE4OcpQqbFu7f7NbTK05lx80nuSijCz7sc3a277R67g,Good and reliable,5,0,7.1,2024-10-08 05:26:37,"We're delighted to know that our app met your expectations. Should you have any further suggestions or queries, don't hesitate to write to us at zugarmobility@gmail.com.",2024-10-08 06:47:11,7.1
df180466-fb31-488d-99d2-f5e6b017ca44,A Google user,https://play-lh.googleusercontent.com/EGemoI2NTXmTsBVtJqk8jxF9rh8ApRWfsIMQSt2uE4OcpQqbFu7f7NbTK05lx80nuSijCz7sc3a277R67g,Super 👌,5,0,7.1,2024-10-07 22:55:48,"We're delighted to know that our app met your expectations. Should you have any further suggestions or queries, don't hesitate to write to us at zugarmobility@gmail.com.",2024-10-08 06:47:15,7.1
a415c755-33bd-4da9-9470-2fe4d19ed803,A Google user,https://play-lh.googleusercontent.com/EGemoI2NTXmTsBVtJqk8jxF9rh8ApRWfsIMQSt2uE4OcpQqbFu7f7NbTK05lx80nuSijCz7sc3a277R67g,That is so good 👍,5,0,7.1,2024-10-07 05:37:10,"We're delighted to know that our app met your expectations. Should you have any further suggestions or queries, don't hesitate to write to us at zugarmobility@gmail.com.",2024-10-07 05:47:12,7.1
6c113432-2c6d-4190-919b-f78bb7574514,A Google user,https://play-lh.googleusercontent.com/EGemoI2NTXmTsBVtJqk8jxF9rh8ApRWfsIMQSt2uE4OcpQqbFu7f7NbTK05lx80nuSijCz7sc3a277R67g,Very good app for a Muslim to have,5,0,7.1,2024-10-06 15:04:01,"We're delighted to know that our app met your expectations. Should you have any further suggestions or queries, don't hesitate to write to us at zugarmobility@gmail.com.",2024-10-06 19:22:13,7.1
55a180cf-990f-4e91-9f15-9b2f85221b21,A Google user,https://play-lh.googleusercontent.com/EGemoI2NTXmTsBVtJqk8jxF9rh8ApRWfsIMQSt2uE4OcpQqbFu7f7NbTK05lx80nuSijCz7sc3a277R67g,I love this app very good 💯,5,0,7.1,2024-10-06 09:52:14,"We're delighted to know that our app met your expectations. Should you have any further suggestions or queries, don't hesitate to write to us at zugarmobility@gmail.com.",2024-10-06 11:02:14,7.1
c358343d-3785-42c4-b697-4ebf1fd899a4,A Google user,https://play-lh.googleusercontent.com/EGemoI2NTXmTsBVtJqk8jxF9rh8ApRWfsIMQSt2uE4OcpQqbFu7f7NbTK05lx80nuSijCz7sc3a277R67g,Very nice,5,0,7.1,2024-10-05 23:36:00,"We're delighted to know that our app met your expectations. Should you have any further suggestions or queries, don't hesitate to write to us at zugarmobility@gmail.com.",2024-10-06 00:37:14,7.1
11fc4d36-f275-4b19-b3a8-00dc9be0ca50,A Google user,https://play-lh.googleusercontent.com/EGemoI2NTXmTsBVtJqk8jxF9rh8ApRWfsIMQSt2uE4OcpQqbFu7f7NbTK05lx80nuSijCz7sc3a277R67g,Excellent 👍,5,0,7.1,2024-10-05 18:10:42,"We're delighted to know that our app met your expectations. Should you have any further suggestions or queries, don't hesitate to write to us at zugarmobility@gmail.com.",2024-10-05 18:22:15,7.1
c81f3385-d92f-4ba3-bd5b-149302dea8b5,A Google user,https://play-lh.googleusercontent.com/EGemoI2NTXmTsBVtJqk8jxF9rh8ApRWfsIMQSt2uE4OcpQqbFu7f7NbTK05lx80nuSijCz7sc3a277R67g,আমার কুরআন পড়ার তৌফিক দাও,5,0,,2024-10-04 21:28:51,,,
89b43879-8654-4a85-b5a3-f1d699add80a,A Google user,https://play-lh.googleusercontent.com/EGemoI2NTXmTsBVtJqk8jxF9rh8ApRWfsIMQSt2uE4OcpQqbFu7f7NbTK05lx80nuSijCz7sc3a277R67g,I like this app it's good application,5,0,7.1,2024-10-04 18:32:39,"We're delighted to know that our app met your expectations. Should you have any further suggestions or queries, don't hesitate to write to us at zugarmobility@gmail.com.",2024-10-04 19:27:14,7.1
4200d815-c2e7-45a1-95df-d17054a7627b,A Google user,https://play-lh.googleusercontent.com/EGemoI2NTXmTsBVtJqk8jxF9rh8ApRWfsIMQSt2uE4OcpQqbFu7f7NbTK05lx80nuSijCz7sc3a277R67g,Khoob Bhalo Ek Te Islamic app,5,0,7.1,2024-10-04 04:45:17,,,7.1
76a6ef3b-97ef-4b01-abf2-3b16ddf3186e,A Google user,https://play-lh.googleusercontent.com/EGemoI2NTXmTsBVtJqk8jxF9rh8ApRWfsIMQSt2uE4OcpQqbFu7f7NbTK05lx80nuSijCz7sc3a277R67g,Excellent,5,0,7.1,2024-10-04 02:45:27,"We're delighted to know that our app met your expectations. Should you have any further suggestions or queries, don't hesitate to write to us at zugarmobility@gmail.com.",2024-10-04 04:52:17,7.1
9cca2473-9ab3-4783-8b15-3f7c97e42e0a,A Google user,https://play-lh.googleusercontent.com/EGemoI2NTXmTsBVtJqk8jxF9rh8ApRWfsIMQSt2uE4OcpQqbFu7f7NbTK05lx80nuSijCz7sc3a277R67g,very useful alhamudullilah thanks to the creators of the app may almighty Allah bless them abundantly,5,2,7.1,2024-10-03 10:16:08,"We're delighted to know that our app met your expectations. Should you have any further suggestions or queries, don't hesitate to write to us at zugarmobility@gmail.com.",2024-10-03 14:17:13,7.1
8a86111f-257f-4de3-a1d4-7c152b9c391e,A Google user,https://play-lh.googleusercontent.com/EGemoI2NTXmTsBVtJqk8jxF9rh8ApRWfsIMQSt2uE4OcpQqbFu7f7NbTK05lx80nuSijCz7sc3a277R67g,Cool 😎,5,0,7.1,2024-10-03 09:47:36,"We're delighted to know that our app met your expectations. Should you have any further suggestions or queries, don't hesitate to write to us at zugarmobility@gmail.com.",2024-10-03 10:07:14,7.1
0921cb6d-0bfa-416e-bf1b-42d6df5b322e,A Google user,https://play-lh.googleusercontent.com/EGemoI2NTXmTsBVtJqk8jxF9rh8ApRWfsIMQSt2uE4OcpQqbFu7f7NbTK05lx80nuSijCz7sc3a277R67g,Good,5,0,,2024-10-02 23:58:39,"We're delighted to know that our app met your expectations. Should you have any further suggestions or queries, don't hesitate to write to us at zugarmobility@gmail.com.",2024-10-03 01:47:12,
c84a6b17-afa4-4a71-b45f-c5d8de1ab3c1,A Google user,https://play-lh.googleusercontent.com/EGemoI2NTXmTsBVtJqk8jxF9rh8ApRWfsIMQSt2uE4OcpQqbFu7f7NbTK05lx80nuSijCz7sc3a277R67g,nice application,4,0,7.1,2024-10-02 22:11:44,Happy to know you're liking our app. We strive for excellence and your 5-star rating will boost our spirits!,2024-10-03 01:47:14,7.1
0dc2131c-e549-458d-913f-347ec6facf3c,A Google user,https://play-lh.googleusercontent.com/EGemoI2NTXmTsBVtJqk8jxF9rh8ApRWfsIMQSt2uE4OcpQqbFu7f7NbTK05lx80nuSijCz7sc3a277R67g,Very good and every Muslim should try and install it,5,0,7.1,2024-10-02 13:03:13,"We're delighted to know that our app met your expectations. Should you have any further suggestions or queries, don't hesitate to write to us at zugarmobility@gmail.com.",2024-10-02 13:17:12,7.1
2786d6e8-fd35-4cc7-9221-9afdd99de037,A Google user,https://play-lh.googleusercontent.com/EGemoI2NTXmTsBVtJqk8jxF9rh8ApRWfsIMQSt2uE4OcpQqbFu7f7NbTK05lx80nuSijCz7sc3a277R67g,ىلا,5,0,7.1,2024-10-02 05:34:55,,,7.1
1dc2d090-1d82-43db-87ed-2f88b07506ff,A Google user,https://play-lh.googleusercontent.com/EGemoI2NTXmTsBVtJqk8jxF9rh8ApRWfsIMQSt2uE4OcpQqbFu7f7NbTK05lx80nuSijCz7sc3a277R67g,Nice,5,0,7.1,2024-10-01 23:03:37,"We're delighted to know that our app met your expectations. Should you have any further suggestions or queries, don't hesitate to write to us at zugarmobility@gmail.com.",2024-10-02 02:52:16,7.1
58bd0b3e-8e92-48be-9d9b-6d0fb8659594,A Google user,https://play-lh.googleusercontent.com/EGemoI2NTXmTsBVtJqk8jxF9rh8ApRWfsIMQSt2uE4OcpQqbFu7f7NbTK05lx80nuSijCz7sc3a277R67g,the best in my life this apps,5,0,7.1,2024-10-01 15:39:05,"We're delighted to know that our app met your expectations. Should you have any further suggestions or queries, don't hesitate to write to us at zugarmobility@gmail.com.",2024-10-01 18:32:15,7.1
e278386b-ab94-446c-89d9-e37692bd12fd,A Google user,https://play-lh.googleusercontent.com/EGemoI2NTXmTsBVtJqk8jxF9rh8ApRWfsIMQSt2uE4OcpQqbFu7f7NbTK05lx80nuSijCz7sc3a277R67g,Maasha Allah! Very useful App. I recommennd every Muslim to install and use the App!,5,24,7.1,2024-09-30 10:31:16,,,7.1
b89e7a60-e1e6-4f50-900b-48717ed54641,A Google user,https://play-lh.googleusercontent.com/EGemoI2NTXmTsBVtJqk8jxF9rh8ApRWfsIMQSt2uE4OcpQqbFu7f7NbTK05lx80nuSijCz7sc3a277R67g,Alhamdulillah beshaq I am writing for your reply sir,5,0,,2024-09-30 07:26:38,,,
42e88606-1c32-4738-9060-e95fb41730ec,A Google user,https://play-lh.googleusercontent.com/EGemoI2NTXmTsBVtJqk8jxF9rh8ApRWfsIMQSt2uE4OcpQqbFu7f7NbTK05lx80nuSijCz7sc3a277R67g,Good,5,0,7.1,2024-09-29 00:36:52,"We're delighted to know that our app met your expectations. Should you have any further suggestions or queries, don't hesitate to write to us at zugarmobility@gmail.com.",2024-09-29 06:07:17,7.1
c0fb7d76-5aef-42f1-b0d3-28ac5ecd2075,A Google user,https://play-lh.googleusercontent.com/EGemoI2NTXmTsBVtJqk8jxF9rh8ApRWfsIMQSt2uE4OcpQqbFu7f7NbTK05lx80nuSijCz7sc3a277R67g,Good,5,0,7.1,2024-09-28 17:11:02,"We're delighted to know that our app met your expectations. Should you have any further suggestions or queries, don't hesitate to write to us at zugarmobility@gmail.com.",2024-09-28 17:37:13,7.1
37d37d3e-1121-43e8-8b46-f89e1c7bf304,A Google user,https://play-lh.googleusercontent.com/EGemoI2NTXmTsBVtJqk8jxF9rh8ApRWfsIMQSt2uE4OcpQqbFu7f7NbTK05lx80nuSijCz7sc3a277R67g,Excellent app,4,0,7.1,2024-09-27 00:37:09,Happy to know you're liking our app. We strive for excellence and your 5-star rating will boost our spirits!,2024-09-27 04:07:13,7.1
bb5af7d5-8c06-4d76-9832-913238c3291d,A Google user,https://play-lh.googleusercontent.com/EGemoI2NTXmTsBVtJqk8jxF9rh8ApRWfsIMQSt2uE4OcpQqbFu7f7NbTK05lx80nuSijCz7sc3a277R67g,I love this app!,5,0,7.1,2024-09-25 17:53:04,"We're delighted to know that our app met your expectations. Should you have any further suggestions or queries, don't hesitate to write to us at zugarmobility@gmail.com.",2024-09-26 01:02:14,7.1
da1ec7b2-5d01-441d-8dae-63919b35014d,A Google user,https://play-lh.googleusercontent.com/EGemoI2NTXmTsBVtJqk8jxF9rh8ApRWfsIMQSt2uE4OcpQqbFu7f7NbTK05lx80nuSijCz7sc3a277R67g,Amazing apps,5,0,7.1,2024-09-25 00:27:51,"We're delighted to know that our app met your expectations. Should you have any further suggestions or queries, don't hesitate to write to us at zugarmobility@gmail.com.",2024-09-25 02:07:15,7.1
e15a13f2-d63d-4b98-9e73-71172915550f,A Google user,https://play-lh.googleusercontent.com/EGemoI2NTXmTsBVtJqk8jxF9rh8ApRWfsIMQSt2uE4OcpQqbFu7f7NbTK05lx80nuSijCz7sc3a277R67g,I like this app,5,0,7.1,2024-09-24 23:05:14,"We're delighted to know that our app met your expectations. Should you have any further suggestions or queries, don't hesitate to write to us at zugarmobility@gmail.com.",2024-09-25 00:02:17,7.1
b18c55b1-8d15-4089-b8b0-b5070a8093e3,A Google user,https://play-lh.googleusercontent.com/EGemoI2NTXmTsBVtJqk8jxF9rh8ApRWfsIMQSt2uE4OcpQqbFu7f7NbTK05lx80nuSijCz7sc3a277R67g,Nlce,5,0,7.1,2024-09-24 22:04:13,,,7.1
d68a679d-47dc-4508-9894-44c6b9fb6d96,A Google user,https://play-lh.googleusercontent.com/EGemoI2NTXmTsBVtJqk8jxF9rh8ApRWfsIMQSt2uE4OcpQqbFu7f7NbTK05lx80nuSijCz7sc3a277R67g,Ashikui,5,0,,2024-09-23 14:10:16,,,
c756c6fd-6a8c-4e05-8b7c-eaa84f39cffa,A Google user,https://play-lh.googleusercontent.com/EGemoI2NTXmTsBVtJqk8jxF9rh8ApRWfsIMQSt2uE4OcpQqbFu7f7NbTK05lx80nuSijCz7sc3a277R67g,"The app itself is good but there is one huge problem. It opens up unbelievably slow. It take more than a minute just to open up. I am using Samsung S23 Ultra and it's this slow, I can't even imagine how slow it would open in other phones.",4,107,7.1,2024-09-22 19:35:04,Happy to know you're liking our app. We strive for excellence and your 5-star rating will boost our spirits!,2024-09-23 00:07:16,7.1
b9ab9753-81e5-46ea-871d-c913aba1b15e,A Google user,https://play-lh.googleusercontent.com/EGemoI2NTXmTsBVtJqk8jxF9rh8ApRWfsIMQSt2uE4OcpQqbFu7f7NbTK05lx80nuSijCz7sc3a277R67g,Good,5,0,7.1,2024-09-22 03:31:16,"We're delighted to know that our app met your expectations. Should you have any further suggestions or queries, don't hesitate to write to us at zugarmobility@gmail.com.",2024-09-22 05:22:15,7.1
eaf816d3-799c-4458-83f6-445a1290ba52,A Google user,https://play-lh.googleusercontent.com/EGemoI2NTXmTsBVtJqk8jxF9rh8ApRWfsIMQSt2uE4OcpQqbFu7f7NbTK05lx80nuSijCz7sc3a277R67g,Light chandigarh,5,0,7.1,2024-09-20 23:23:14,,,7.1
0f803a79-f6fa-47ff-9e81-33c2c1048484,A Google user,https://play-lh.googleusercontent.com/EGemoI2NTXmTsBVtJqk8jxF9rh8ApRWfsIMQSt2uE4OcpQqbFu7f7NbTK05lx80nuSijCz7sc3a277R67g,I finds it so exciting and helpful,5,1,7.1,2024-09-20 17:05:10,"We're delighted to know that our app met your expectations. Should you have any further suggestions or queries, don't hesitate to write to us at zugarmobility@gmail.com.",2024-09-20 22:07:13,7.1
049d07cc-03fe-428c-9186-4740f12a2581,A Google user,https://play-lh.googleusercontent.com/EGemoI2NTXmTsBVtJqk8jxF9rh8ApRWfsIMQSt2uE4OcpQqbFu7f7NbTK05lx80nuSijCz7sc3a277R67g,❤️❤️❤️,4,0,7.1,2024-09-20 03:46:00,,,7.1
cae7b442-e01e-4a42-928c-38235ec0d8b4,A Google user,https://play-lh.googleusercontent.com/EGemoI2NTXmTsBVtJqk8jxF9rh8ApRWfsIMQSt2uE4OcpQqbFu7f7NbTK05lx80nuSijCz7sc3a277R67g,Masha Allah 👍🏾🙏🏾👌🏾,5,0,7.1,2024-09-19 14:32:25,,,7.1
b14c9235-77d1-4216-a517-b96aa5819839,A Google user,https://play-lh.googleusercontent.com/EGemoI2NTXmTsBVtJqk8jxF9rh8ApRWfsIMQSt2uE4OcpQqbFu7f7NbTK05lx80nuSijCz7sc3a277R67g,Sajeed Ansari,5,0,7.1,2024-09-18 09:53:17,,,7.1
72e87494-c907-4b65-a82b-2ab785d6a70f,A Google user,https://play-lh.googleusercontent.com/EGemoI2NTXmTsBVtJqk8jxF9rh8ApRWfsIMQSt2uE4OcpQqbFu7f7NbTK05lx80nuSijCz7sc3a277R67g,Only add.,1,0,6.7,2024-09-16 20:46:06,We regret any inconvenience. Ads are essential to sustain our work. Your understanding is truly appreciated.,2024-09-16 22:17:13,6.7
a03ff33d-3b64-45a7-bd2c-e20e7f46c53d,A Google user,https://play-lh.googleusercontent.com/EGemoI2NTXmTsBVtJqk8jxF9rh8ApRWfsIMQSt2uE4OcpQqbFu7f7NbTK05lx80nuSijCz7sc3a277R67g,It is good keep it ap,5,4,7.1,2024-09-14 22:41:21,"We're delighted to know that our app met your expectations. Should you have any further suggestions or queries, don't hesitate to write to us at zugarmobility@gmail.com.",2024-09-15 00:27:12,7.1
bd9b638f-66e4-4520-a899-9a8cab7ebb72,A Google user,https://play-lh.googleusercontent.com/EGemoI2NTXmTsBVtJqk8jxF9rh8ApRWfsIMQSt2uE4OcpQqbFu7f7NbTK05lx80nuSijCz7sc3a277R67g,I love this app,5,0,7.1,2024-09-14 17:09:54,"We're delighted to know that our app met your expectations. Should you have any further suggestions or queries, don't hesitate to write to us at zugarmobility@gmail.com.",2024-09-14 20:17:14,7.1
048ba8f3-cf56-4e46-a8f9-1c5b618e56bb,A Google user,https://play-lh.googleusercontent.com/EGemoI2NTXmTsBVtJqk8jxF9rh8ApRWfsIMQSt2uE4OcpQqbFu7f7NbTK05lx80nuSijCz7sc3a277R67g,Good.app,5,0,7.1,2024-09-13 20:01:59,"We're delighted to know that our app met your expectations. Should you have any further suggestions or queries, don't hesitate to write to us at zugarmobility@gmail.com.",2024-09-13 23:27:11,7.1
4aac1e8e-c457-477d-be85-225645393d7c,A Google user,https://play-lh.googleusercontent.com/EGemoI2NTXmTsBVtJqk8jxF9rh8ApRWfsIMQSt2uE4OcpQqbFu7f7NbTK05lx80nuSijCz7sc3a277R67g,It very helpful,5,0,7.1,2024-09-13 12:07:13,"We're delighted to know that our app met your expectations. Should you have any further suggestions or queries, don't hesitate to write to us at zugarmobility@gmail.com.",2024-09-13 15:07:16,7.1
a027432f-2c19-4d23-bb35-088b7b43e5dc,A Google user,https://play-lh.googleusercontent.com/EGemoI2NTXmTsBVtJqk8jxF9rh8ApRWfsIMQSt2uE4OcpQqbFu7f7NbTK05lx80nuSijCz7sc3a277R67g,Gud mashallah,5,0,7.1,2024-09-13 04:50:25,,,7.1
66394e16-86d1-47f0-95df-cc18336623e7,A Google user,https://play-lh.googleusercontent.com/EGemoI2NTXmTsBVtJqk8jxF9rh8ApRWfsIMQSt2uE4OcpQqbFu7f7NbTK05lx80nuSijCz7sc3a277R67g,I cant see the pray times for the next day,4,0,7.1,2024-09-13 01:51:40,,,7.1
4ca25a0e-d494-4b4a-976c-ef07c30574cf,A Google user,https://play-lh.googleusercontent.com/EGemoI2NTXmTsBVtJqk8jxF9rh8ApRWfsIMQSt2uE4OcpQqbFu7f7NbTK05lx80nuSijCz7sc3a277R67g,"It is a good app for a muslim ,must have",4,0,7.1,2024-09-13 01:41:54,Happy to know you're liking our app. We strive for excellence and your 5-star rating will boost our spirits!,2024-09-13 02:37:12,7.1
94b53b7a-2eef-405f-8a46-a5497a17a627,A Google user,https://play-lh.googleusercontent.com/EGemoI2NTXmTsBVtJqk8jxF9rh8ApRWfsIMQSt2uE4OcpQqbFu7f7NbTK05lx80nuSijCz7sc3a277R67g,Mashaallah one of my favorite app❤️❤️❤️ my allah bless you and your family,5,0,7.1,2024-09-12 17:09:41,,,7.1
69f7202d-beae-4d31-a2ff-5ced6bd98626,A Google user,https://play-lh.googleusercontent.com/EGemoI2NTXmTsBVtJqk8jxF9rh8ApRWfsIMQSt2uE4OcpQqbFu7f7NbTK05lx80nuSijCz7sc3a277R67g,ماشاءاللہ 💓,5,0,7.1,2024-09-12 00:14:14,,,7.1
c0c94ca2-b365-4e92-aa75-783b823af50f,A Google user,https://play-lh.googleusercontent.com/EGemoI2NTXmTsBVtJqk8jxF9rh8ApRWfsIMQSt2uE4OcpQqbFu7f7NbTK05lx80nuSijCz7sc3a277R67g,Masha Allah,5,0,7.1,2024-09-11 18:36:27,,,7.1
da90cd3b-f9be-4321-8ac0-11592c00a079,A Google user,https://play-lh.googleusercontent.com/EGemoI2NTXmTsBVtJqk8jxF9rh8ApRWfsIMQSt2uE4OcpQqbFu7f7NbTK05lx80nuSijCz7sc3a277R67g,Subhanallah,5,0,7.1,2024-09-11 18:02:04,,,7.1
2df521df-f345-49fb-9e1c-ef628edd4c82,A Google user,https://play-lh.googleusercontent.com/EGemoI2NTXmTsBVtJqk8jxF9rh8ApRWfsIMQSt2uE4OcpQqbFu7f7NbTK05lx80nuSijCz7sc3a277R67g,Good,4,0,7.1,2024-09-09 16:32:24,Happy to know you're liking our app. We strive for excellence and your 5-star rating will boost our spirits!,2024-09-09 19:27:16,7.1
d9f2ee2e-b2e6-42a3-8281-2fcc92775d7c,A Google user,https://play-lh.googleusercontent.com/EGemoI2NTXmTsBVtJqk8jxF9rh8ApRWfsIMQSt2uE4OcpQqbFu7f7NbTK05lx80nuSijCz7sc3a277R67g,👌🏻,5,0,7.1,2024-09-09 00:55:34,,,7.1
38ac286c-86bf-4d76-a675-55ef168713c4,A Google user,https://play-lh.googleusercontent.com/EGemoI2NTXmTsBVtJqk8jxF9rh8ApRWfsIMQSt2uE4OcpQqbFu7f7NbTK05lx80nuSijCz7sc3a277R67g,Mohamed dadon,5,0,7.1,2024-09-09 00:49:26,,,7.1
b69ae90b-5b68-4e28-b774-edebf138fc6b,A Google user,https://play-lh.googleusercontent.com/EGemoI2NTXmTsBVtJqk8jxF9rh8ApRWfsIMQSt2uE4OcpQqbFu7f7NbTK05lx80nuSijCz7sc3a277R67g,I like very much,5,0,6.7,2024-09-08 23:14:41,"We're delighted to know that our app met your expectations. Should you have any further suggestions or queries, don't hesitate to write to us at zugarmobility@gmail.com.",2024-09-09 00:42:15,6.7
a80ef2bb-dd3e-4000-827b-77bf9ba46f1f,A Google user,https://play-lh.googleusercontent.com/EGemoI2NTXmTsBVtJqk8jxF9rh8ApRWfsIMQSt2uE4OcpQqbFu7f7NbTK05lx80nuSijCz7sc3a277R67g,Bast app,2,0,7.1,2024-09-08 15:54:20,,,7.1
681dc4cb-d3a6-43a4-b9d0-299d3f0529c5,A Google user,https://play-lh.googleusercontent.com/EGemoI2NTXmTsBVtJqk8jxF9rh8ApRWfsIMQSt2uE4OcpQqbFu7f7NbTK05lx80nuSijCz7sc3a277R67g,Good,5,0,,2024-09-08 01:33:21,"We're delighted to know that our app met your expectations. Should you have any further suggestions or queries, don't hesitate to write to us at zugarmobility@gmail.com.",2024-09-08 03:52:27,
a84b0d13-11d8-46e3-9d9b-f36b9b329ee3,A Google user,https://play-lh.googleusercontent.com/EGemoI2NTXmTsBVtJqk8jxF9rh8ApRWfsIMQSt2uE4OcpQqbFu7f7NbTK05lx80nuSijCz7sc3a277R67g,Great,5,0,7.1,2024-09-07 11:39:07,"We're delighted to know that our app met your expectations. Should you have any further suggestions or queries, don't hesitate to write to us at zugarmobility@gmail.com.",2024-09-07 15:22:13,7.1
345cc811-a3bb-4e42-9d99-725aef59bd7a,A Google user,https://play-lh.googleusercontent.com/EGemoI2NTXmTsBVtJqk8jxF9rh8ApRWfsIMQSt2uE4OcpQqbFu7f7NbTK05lx80nuSijCz7sc3a277R67g,Nice,5,0,7.0,2024-09-05 19:19:17,"We're delighted to know that our app met your expectations. Should you have any further suggestions or queries, don't hesitate to write to us at zugarmobility@gmail.com.",2024-09-05 19:37:14,7.0
f43bf4be-50bd-4b09-9b88-853e93acd59b,A Google user,https://play-lh.googleusercontent.com/EGemoI2NTXmTsBVtJqk8jxF9rh8ApRWfsIMQSt2uE4OcpQqbFu7f7NbTK05lx80nuSijCz7sc3a277R67g,Reliable and very much educative,5,0,7.1,2024-09-05 16:03:35,,,7.1
bcf0896e-46a3-40e6-bf9a-722406cedd4a,A Google user,https://play-lh.googleusercontent.com/EGemoI2NTXmTsBVtJqk8jxF9rh8ApRWfsIMQSt2uE4OcpQqbFu7f7NbTK05lx80nuSijCz7sc3a277R67g,Mahboobpasha,5,0,6.8,2024-09-04 16:09:07,,,6.8
be53efe0-7fa2-4f63-8306-05bd5a97c957,A Google user,https://play-lh.googleusercontent.com/EGemoI2NTXmTsBVtJqk8jxF9rh8ApRWfsIMQSt2uE4OcpQqbFu7f7NbTK05lx80nuSijCz7sc3a277R67g,Masha Allah,5,0,7.0,2024-09-04 08:25:33,,,7.0
2b13b518-8692-4938-8020-491db57f893c,A Google user,https://play-lh.googleusercontent.com/EGemoI2NTXmTsBVtJqk8jxF9rh8ApRWfsIMQSt2uE4OcpQqbFu7f7NbTK05lx80nuSijCz7sc3a277R67g,I need allah in my life ❤🙏,5,0,7.1,2024-09-04 01:37:03,,,7.1
c84e9f26-4bc2-4668-a5a6-d6815de9b9bb,A Google user,https://play-lh.googleusercontent.com/EGemoI2NTXmTsBVtJqk8jxF9rh8ApRWfsIMQSt2uE4OcpQqbFu7f7NbTK05lx80nuSijCz7sc3a277R67g,Very nice,5,0,7.1,2024-09-03 23:28:09,"We're delighted to know that our app met your expectations. Should you have any further suggestions or queries, don't hesitate to write to us at zugarmobility@gmail.com.",2024-09-03 23:53:19,7.1
2aab2159-1f2f-4c95-8496-06c7217496a5,A Google user,https://play-lh.googleusercontent.com/EGemoI2NTXmTsBVtJqk8jxF9rh8ApRWfsIMQSt2uE4OcpQqbFu7f7NbTK05lx80nuSijCz7sc3a277R67g,Lalsk,1,0,,2024-09-02 12:49:03,,,
3d0d6b46-b613-4bff-9cb6-0dc453e6f06e,A Google user,https://play-lh.googleusercontent.com/EGemoI2NTXmTsBVtJqk8jxF9rh8ApRWfsIMQSt2uE4OcpQqbFu7f7NbTK05lx80nuSijCz7sc3a277R67g,মোবাইল পাসওয়ার্ড,5,0,,2024-09-02 11:52:39,,,
a6e203c1-8077-4972-8c9c-8c114e55de5c,A Google user,https://play-lh.googleusercontent.com/EGemoI2NTXmTsBVtJqk8jxF9rh8ApRWfsIMQSt2uE4OcpQqbFu7f7NbTK05lx80nuSijCz7sc3a277R67g,good,4,0,7.0,2024-09-01 20:58:57,Happy to know you're liking our app. We strive for excellence and your 5-star rating will boost our spirits!,2024-09-01 23:57:14,7.0
b1302e41-0aae-4226-aec2-73f4d109c584,A Google user,https://play-lh.googleusercontent.com/EGemoI2NTXmTsBVtJqk8jxF9rh8ApRWfsIMQSt2uE4OcpQqbFu7f7NbTK05lx80nuSijCz7sc3a277R67g,Its a good apps its remember me the time of azkar both the morning and evening remembrance may almighty allah bless you all,5,0,,2024-09-01 12:48:39,"We're delighted to know that our app met your expectations. Should you have any further suggestions or queries, don't hesitate to write to us at zugarmobility@gmail.com.",2024-09-01 15:37:13,
820926f7-7a72-4128-9730-01b115794612,A Google user,https://play-lh.googleusercontent.com/EGemoI2NTXmTsBVtJqk8jxF9rh8ApRWfsIMQSt2uE4OcpQqbFu7f7NbTK05lx80nuSijCz7sc3a277R67g,Adorable and loving,4,1,7.1,2024-09-01 01:38:38,,,7.1
cd3c02ce-5c51-4946-a790-552c1494635b,A Google user,https://play-lh.googleusercontent.com/EGemoI2NTXmTsBVtJqk8jxF9rh8ApRWfsIMQSt2uE4OcpQqbFu7f7NbTK05lx80nuSijCz7sc3a277R67g,Masha Allah 👍,5,0,6.7,2024-08-31 19:52:23,,,6.7
0933dda9-a300-444d-b897-5916d0f16363,A Google user,https://play-lh.googleusercontent.com/EGemoI2NTXmTsBVtJqk8jxF9rh8ApRWfsIMQSt2uE4OcpQqbFu7f7NbTK05lx80nuSijCz7sc3a277R67g,Update,5,0,7.1,2024-08-30 01:42:30,,,7.1
bf2725eb-f6a3-45d7-bbd2-5d5aa5d0ec1f,A Google user,https://play-lh.googleusercontent.com/EGemoI2NTXmTsBVtJqk8jxF9rh8ApRWfsIMQSt2uE4OcpQqbFu7f7NbTK05lx80nuSijCz7sc3a277R67g,Nice,5,0,7.0,2024-08-29 17:57:57,"We're delighted to know that our app met your expectations. Should you have any further suggestions or queries, don't hesitate to write to us at zugarmobility@gmail.com.",2024-08-29 18:52:21,7.0
86779e26-446a-43f9-9db9-48bd8bf86585,A Google user,https://play-lh.googleusercontent.com/EGemoI2NTXmTsBVtJqk8jxF9rh8ApRWfsIMQSt2uE4OcpQqbFu7f7NbTK05lx80nuSijCz7sc3a277R67g,This app is very useful to my prayers thank you,5,2,6.8,2024-08-28 16:45:06,"We're delighted to know that our app met your expectations. Should you have any further suggestions or queries, don't hesitate to write to us at zugarmobility@gmail.com.",2024-08-29 06:22:21,6.8
5fb56ee7-ee0d-45e3-baaa-3a85f0347434,A Google user,https://play-lh.googleusercontent.com/EGemoI2NTXmTsBVtJqk8jxF9rh8ApRWfsIMQSt2uE4OcpQqbFu7f7NbTK05lx80nuSijCz7sc3a277R67g,ماشاء الله,5,0,7.0,2024-08-28 16:03:13,,,7.0
27bb3b41-ac0f-4b91-8fd4-f68be982a479,A Google user,https://play-lh.googleusercontent.com/EGemoI2NTXmTsBVtJqk8jxF9rh8ApRWfsIMQSt2uE4OcpQqbFu7f7NbTK05lx80nuSijCz7sc3a277R67g,Something went wrong in suratul anaam Aya 70 وحاجه قومه قال اتحاجوني في الله وقد هداني you wrote بداني corect it ely.,1,0,7.0,2024-08-28 13:04:24,"We understand your disappointment and are eager to make things right. Help us improve by sharing your suggestions via email at zugarmobility@gmail.com. Rest assured, we're committed to creating a more satisfying experience.",2024-08-28 13:42:17,7.0
4a5882f0-baf8-4e8a-91c0-1d959c35c4ca,A Google user,https://play-lh.googleusercontent.com/EGemoI2NTXmTsBVtJqk8jxF9rh8ApRWfsIMQSt2uE4OcpQqbFu7f7NbTK05lx80nuSijCz7sc3a277R67g,Assalamualaikum 🤲,5,0,7.1,2024-08-27 10:41:24,,,7.1
dc5ec194-6b5b-41a9-a02d-be6d5dcf923e,A Google user,https://play-lh.googleusercontent.com/EGemoI2NTXmTsBVtJqk8jxF9rh8ApRWfsIMQSt2uE4OcpQqbFu7f7NbTK05lx80nuSijCz7sc3a277R67g,Excellent,5,0,6.7,2024-08-26 23:54:26,"We're delighted to know that our app met your expectations. Should you have any further suggestions or queries, don't hesitate to write to us at zugarmobility@gmail.com.",2024-08-27 00:12:15,6.7
c7df3b06-2c0d-4281-a9f6-523a7b90b06d,A Google user,https://play-lh.googleusercontent.com/EGemoI2NTXmTsBVtJqk8jxF9rh8ApRWfsIMQSt2uE4OcpQqbFu7f7NbTK05lx80nuSijCz7sc3a277R67g,Delet,5,0,,2024-08-25 07:21:22,,,
2c53f5c2-8ed5-40b0-b5c8-448be74a31e1,A Google user,https://play-lh.googleusercontent.com/EGemoI2NTXmTsBVtJqk8jxF9rh8ApRWfsIMQSt2uE4OcpQqbFu7f7NbTK05lx80nuSijCz7sc3a277R67g,আমার কাছে আজানের কন্ঠসর খুবই ভালো লেগেছে এর সাউন্ড অনেক সুন্দর। কমপোস্ট টি আমরা আরো ভালো লেগেছে। ভিতরে ঘেঁটে দেখলাম এর সব দিক গুলোই ভালো। মূলত যারা ইসলামকে ভালোবাসে তাদের সকলের জন্য অ্যাপসটি ফোনে রাখা প্রয়োজন আমি মনে করি। ❤️❤️❤️👍,5,0,7.1,2024-08-24 22:00:32,"We're delighted to know that our app met your expectations. Should you have any further suggestions or queries, don't hesitate to write to us at zugarmobility@gmail.com.",2024-08-25 00:17:11,7.1
8ac290c0-ec1f-417b-8b66-1a6cb5ca14fa,A Google user,https://play-lh.googleusercontent.com/EGemoI2NTXmTsBVtJqk8jxF9rh8ApRWfsIMQSt2uE4OcpQqbFu7f7NbTK05lx80nuSijCz7sc3a277R67g,There are a lot of misteks in the typing of verses like you write( بُو)instead of (هُو ) check verse 7 in surah alMojadalah for example,2,2,7.1,2024-08-24 08:18:15,,,7.1
53c0706d-c730-4259-b51f-a9e997816339,A Google user,https://play-lh.googleusercontent.com/EGemoI2NTXmTsBVtJqk8jxF9rh8ApRWfsIMQSt2uE4OcpQqbFu7f7NbTK05lx80nuSijCz7sc3a277R67g,App is so good . Only show araabs (zaer zabar etc) on duas.,5,58,7.0,2024-08-24 06:54:50,"We're delighted to know that our app met your expectations. Should you have any further suggestions or queries, don't hesitate to write to us at zugarmobility@gmail.com.",2024-08-24 07:37:13,7.0
83c33943-81c8-4ca8-bb4d-ede6c7662c76,A Google user,https://play-lh.googleusercontent.com/EGemoI2NTXmTsBVtJqk8jxF9rh8ApRWfsIMQSt2uE4OcpQqbFu7f7NbTK05lx80nuSijCz7sc3a277R67g,Fardein,5,0,7.0,2024-08-24 00:07:28,,,7.0
4a43af56-ddf4-44e5-ae41-6b776e6719d1,A Google user,https://play-lh.googleusercontent.com/EGemoI2NTXmTsBVtJqk8jxF9rh8ApRWfsIMQSt2uE4OcpQqbFu7f7NbTK05lx80nuSijCz7sc3a277R67g,good,5,0,7.1,2024-08-23 18:13:29,"We're delighted to know that our app met your expectations. Should you have any further suggestions or queries, don't hesitate to write to us at zugarmobility@gmail.com.",2024-08-23 19:07:15,7.1
8214ac8d-b7ce-4dab-8697-dec946c4ed6e,A Google user,https://play-lh.googleusercontent.com/EGemoI2NTXmTsBVtJqk8jxF9rh8ApRWfsIMQSt2uE4OcpQqbFu7f7NbTK05lx80nuSijCz7sc3a277R67g,I it would make my prayer demand....,5,0,7.1,2024-08-23 07:09:36,,,7.1
95408bd7-4ddc-4ef1-a2da-ba034c984979,A Google user,https://play-lh.googleusercontent.com/EGemoI2NTXmTsBVtJqk8jxF9rh8ApRWfsIMQSt2uE4OcpQqbFu7f7NbTK05lx80nuSijCz7sc3a277R67g,Mashallah,5,0,7.1,2024-08-23 02:29:17,,,7.1
27b3d122-de44-4182-bf28-e3ab034227c6,A Google user,https://play-lh.googleusercontent.com/EGemoI2NTXmTsBVtJqk8jxF9rh8ApRWfsIMQSt2uE4OcpQqbFu7f7NbTK05lx80nuSijCz7sc3a277R67g,Everywhere to elaborate direction qiblaha nice ap,4,0,,2024-08-23 01:27:10,Happy to know you're liking our app. We strive for excellence and your 5-star rating will boost our spirits!,2024-08-23 06:37:14,
8aa0e21b-6918-43ba-97b1-83115fa5d30d,A Google user,https://play-lh.googleusercontent.com/EGemoI2NTXmTsBVtJqk8jxF9rh8ApRWfsIMQSt2uE4OcpQqbFu7f7NbTK05lx80nuSijCz7sc3a277R67g,Very intresting,5,0,7.0,2024-08-22 15:09:24,,,7.0
4b2233d5-51b6-410b-9180-d24a9387bff2,A Google user,https://play-lh.googleusercontent.com/EGemoI2NTXmTsBVtJqk8jxF9rh8ApRWfsIMQSt2uE4OcpQqbFu7f7NbTK05lx80nuSijCz7sc3a277R67g,so good,5,0,7.1,2024-08-22 02:48:57,"We're delighted to know that our app met your expectations. Should you have any further suggestions or queries, don't hesitate to write to us at zugarmobility@gmail.com.",2024-08-22 03:32:16,7.1
ddc296e1-829f-4392-85ca-db22e83affac,A Google user,https://play-lh.googleusercontent.com/EGemoI2NTXmTsBVtJqk8jxF9rh8ApRWfsIMQSt2uE4OcpQqbFu7f7NbTK05lx80nuSijCz7sc3a277R67g,Nice,5,0,,2024-08-20 23:38:54,"We're delighted to know that our app met your expectations. Should you have any further suggestions or queries, don't hesitate to write to us at zugarmobility@gmail.com.",2024-08-21 00:27:11,
6a6d6827-2555-4e6e-b1f0-77b9037cbd0c,A Google user,https://play-lh.googleusercontent.com/EGemoI2NTXmTsBVtJqk8jxF9rh8ApRWfsIMQSt2uE4OcpQqbFu7f7NbTK05lx80nuSijCz7sc3a277R67g,"Thanks 😊, it is helpfull",5,0,7.1,2024-08-20 14:09:41,"We're delighted to know that our app met your expectations. Should you have any further suggestions or queries, don't hesitate to write to us at zugarmobility@gmail.com.",2024-08-20 16:07:13,7.1
fd9e3599-63eb-434f-a2de-f3eb072a8aba,A Google user,https://play-lh.googleusercontent.com/EGemoI2NTXmTsBVtJqk8jxF9rh8ApRWfsIMQSt2uE4OcpQqbFu7f7NbTK05lx80nuSijCz7sc3a277R67g,Nice,4,0,7.0,2024-08-20 05:43:19,Happy to know you're liking our app. We strive for excellence and your 5-star rating will boost our spirits!,2024-08-20 09:52:53,7.0
c14ef93a-ec55-49bd-9d27-1ed8e3052609,A Google user,https://play-lh.googleusercontent.com/EGemoI2NTXmTsBVtJqk8jxF9rh8ApRWfsIMQSt2uE4OcpQqbFu7f7NbTK05lx80nuSijCz7sc3a277R67g,Add notifications to the app and make them come through offline and also make countdown times for namaz times on lockscreen,3,2,,2024-08-19 01:19:03,We regret any inconvenience. Ads are essential to sustain our work. Your understanding is truly appreciated.,2024-08-19 02:37:13,
a2815434-51d7-471b-8432-3dc4da44ad95,A Google user,https://play-lh.googleusercontent.com/EGemoI2NTXmTsBVtJqk8jxF9rh8ApRWfsIMQSt2uE4OcpQqbFu7f7NbTK05lx80nuSijCz7sc3a277R67g,Beautiful,5,0,7.1,2024-08-18 21:40:20,"We're delighted to know that our app met your expectations. Should you have any further suggestions or queries, don't hesitate to write to us at zugarmobility@gmail.com.",2024-08-18 22:27:13,7.1
8c935267-f099-4ebf-80f4-1b28e906b2b0,A Google user,https://play-lh.googleusercontent.com/EGemoI2NTXmTsBVtJqk8jxF9rh8ApRWfsIMQSt2uE4OcpQqbFu7f7NbTK05lx80nuSijCz7sc3a277R67g,Nice,4,0,,2024-08-18 00:06:08,Happy to know you're liking our app. We strive for excellence and your 5-star rating will boost our spirits!,2024-08-18 01:37:14,
75a07b07-4828-400c-a57c-0555e129af44,A Google user,https://play-lh.googleusercontent.com/EGemoI2NTXmTsBVtJqk8jxF9rh8ApRWfsIMQSt2uE4OcpQqbFu7f7NbTK05lx80nuSijCz7sc3a277R67g,Is really nice and lovely,5,0,7.1,2024-08-15 15:59:39,"We're delighted to know that our app met your expectations. Should you have any further suggestions or queries, don't hesitate to write to us at zugarmobility@gmail.com.",2024-08-15 17:22:15,7.1
41c16e3c-d5fd-4a0b-8a8a-91583a348887,A Google user,https://play-lh.googleusercontent.com/EGemoI2NTXmTsBVtJqk8jxF9rh8ApRWfsIMQSt2uE4OcpQqbFu7f7NbTK05lx80nuSijCz7sc3a277R67g,Good aap,5,0,7.0,2024-08-15 00:35:02,"We're delighted to know that our app met your expectations. Should you have any further suggestions or queries, don't hesitate to write to us at zugarmobility@gmail.com.",2024-08-15 04:52:31,7.0
c9d35798-ae40-4f13-a427-1a57050b7c16,A Google user,https://play-lh.googleusercontent.com/EGemoI2NTXmTsBVtJqk8jxF9rh8ApRWfsIMQSt2uE4OcpQqbFu7f7NbTK05lx80nuSijCz7sc3a277R67g,Very good,5,0,7.0,2024-08-14 05:34:24,"We're delighted to know that our app met your expectations. Should you have any further suggestions or queries, don't hesitate to write to us at zugarmobility@gmail.com.",2024-08-14 10:07:13,7.0
54be7a82-58a9-474a-9d9a-f6c63fe9de35,A Google user,https://play-lh.googleusercontent.com/EGemoI2NTXmTsBVtJqk8jxF9rh8ApRWfsIMQSt2uE4OcpQqbFu7f7NbTK05lx80nuSijCz7sc3a277R67g,mdnasim,5,0,6.7,2024-08-13 02:16:24,,,6.7
68537ba1-d9d2-4638-be46-b2468fac106d,A Google user,https://play-lh.googleusercontent.com/EGemoI2NTXmTsBVtJqk8jxF9rh8ApRWfsIMQSt2uE4OcpQqbFu7f7NbTK05lx80nuSijCz7sc3a277R67g,Subhaanallah,5,0,,2024-08-12 23:13:16,,,
384fb594-fe35-4e71-aeee-9e004c954070,A Google user,https://play-lh.googleusercontent.com/EGemoI2NTXmTsBVtJqk8jxF9rh8ApRWfsIMQSt2uE4OcpQqbFu7f7NbTK05lx80nuSijCz7sc3a277R67g,7 years.,5,0,,2024-08-12 09:12:50,,,
644a180b-7ba6-42f5-83c2-5527a53bc9a9,A Google user,https://play-lh.googleusercontent.com/EGemoI2NTXmTsBVtJqk8jxF9rh8ApRWfsIMQSt2uE4OcpQqbFu7f7NbTK05lx80nuSijCz7sc3a277R67g,Good apps,1,0,7.0,2024-08-11 08:06:24,Happy to know you're liking our app. We strive for excellence and your 5-star rating will boost our spirits!,2024-08-11 11:17:13,7.0
b12311df-b5f5-4e8a-8867-14b34ac277c5,A Google user,https://play-lh.googleusercontent.com/EGemoI2NTXmTsBVtJqk8jxF9rh8ApRWfsIMQSt2uE4OcpQqbFu7f7NbTK05lx80nuSijCz7sc3a277R67g,Very good 😊,5,0,7.0,2024-08-11 06:56:25,"We're delighted to know that our app met your expectations. Should you have any further suggestions or queries, don't hesitate to write to us at zugarmobility@gmail.com.",2024-08-11 07:07:13,7.0
26c9ce0c-cc9d-4fa4-a61d-14794bd7ffa6,A Google user,https://play-lh.googleusercontent.com/EGemoI2NTXmTsBVtJqk8jxF9rh8ApRWfsIMQSt2uE4OcpQqbFu7f7NbTK05lx80nuSijCz7sc3a277R67g,It very good,4,0,6.7,2024-08-10 18:22:21,Happy to know you're liking our app. We strive for excellence and your 5-star rating will boost our spirits!,2024-08-10 18:37:12,6.7
86f2853a-2422-4b4b-841c-1ca50f2a0c34,A Google user,https://play-lh.googleusercontent.com/EGemoI2NTXmTsBVtJqk8jxF9rh8ApRWfsIMQSt2uE4OcpQqbFu7f7NbTK05lx80nuSijCz7sc3a277R67g,Kiazad,5,0,7.1,2024-08-10 17:10:54,,,7.1
1f39b36e-498d-432a-bfe0-c4732948a5e8,A Google user,https://play-lh.googleusercontent.com/EGemoI2NTXmTsBVtJqk8jxF9rh8ApRWfsIMQSt2uE4OcpQqbFu7f7NbTK05lx80nuSijCz7sc3a277R67g,BEST APPLICATION,5,0,5.8,2024-08-10 16:57:14,"We're delighted to know that our app met your expectations. Should you have any further suggestions or queries, don't hesitate to write to us at zugarmobility@gmail.com.",2024-08-10 18:37:13,5.8
1d4e0df1-d87f-4b91-985f-7db548563446,A Google user,https://play-lh.googleusercontent.com/EGemoI2NTXmTsBVtJqk8jxF9rh8ApRWfsIMQSt2uE4OcpQqbFu7f7NbTK05lx80nuSijCz7sc3a277R67g,Correct,5,0,7.0,2024-08-10 05:51:56,,,7.0
6368ad53-0d2d-4efa-b6b3-f1b0864f0d93,A Google user,https://play-lh.googleusercontent.com/EGemoI2NTXmTsBVtJqk8jxF9rh8ApRWfsIMQSt2uE4OcpQqbFu7f7NbTK05lx80nuSijCz7sc3a277R67g,I am very much grateful to you all becausr of this software.,5,2,7.0,2024-08-10 04:19:25,,,7.0
6403106e-c5fa-4860-a1a9-92f08639ac57,A Google user,https://play-lh.googleusercontent.com/EGemoI2NTXmTsBVtJqk8jxF9rh8ApRWfsIMQSt2uE4OcpQqbFu7f7NbTK05lx80nuSijCz7sc3a277R67g,Prayer timing set is wrong Prayer time not setting prayer wrong timing City,1,2,7.0,2024-08-08 14:07:03,"We understand your disappointment and are eager to make things right. Help us improve by sharing your suggestions via email at zugarmobility@gmail.com. Rest assured, we're committed to creating a more satisfying experience.",2024-08-08 16:37:14,7.0
afb09afc-1b82-4561-bc52-13d0bdfc0309,A Google user,https://play-lh.googleusercontent.com/EGemoI2NTXmTsBVtJqk8jxF9rh8ApRWfsIMQSt2uE4OcpQqbFu7f7NbTK05lx80nuSijCz7sc3a277R67g,Good,5,0,7.1,2024-08-08 13:20:07,"We're delighted to know that our app met your expectations. Should you have any further suggestions or queries, don't hesitate to write to us at zugarmobility@gmail.com.",2024-08-08 16:37:15,7.1
183698f4-621e-4e2d-a582-74aac626d6a5,A Google user,https://play-lh.googleusercontent.com/EGemoI2NTXmTsBVtJqk8jxF9rh8ApRWfsIMQSt2uE4OcpQqbFu7f7NbTK05lx80nuSijCz7sc3a277R67g,Ok,5,0,,2024-08-08 12:02:55,,,
ce7d9dba-85d2-4120-8384-584289008e29,A Google user,https://play-lh.googleusercontent.com/EGemoI2NTXmTsBVtJqk8jxF9rh8ApRWfsIMQSt2uE4OcpQqbFu7f7NbTK05lx80nuSijCz7sc3a277R67g,Nice,5,0,7.1,2024-08-07 13:49:49,"We're delighted to know that our app met your expectations. Should you have any further suggestions or queries, don't hesitate to write to us at zugarmobility@gmail.com.",2024-08-07 15:37:13,7.1
ddf4480b-22dc-48e0-8b65-b4bf783a2baa,A Google user,https://play-lh.googleusercontent.com/EGemoI2NTXmTsBVtJqk8jxF9rh8ApRWfsIMQSt2uE4OcpQqbFu7f7NbTK05lx80nuSijCz7sc3a277R67g,It is a great experience and a very unique one and may Allah SWT continue to guide you and bestowed you with more knowledge,5,197,7.0,2024-08-07 12:58:08,"We're delighted to know that our app met your expectations. Should you have any further suggestions or queries, don't hesitate to write to us at zugarmobility@gmail.com.",2024-08-07 15:37:14,7.0
f144d94d-e733-4125-90ad-077a24a44f51,A Google user,https://play-lh.googleusercontent.com/EGemoI2NTXmTsBVtJqk8jxF9rh8ApRWfsIMQSt2uE4OcpQqbFu7f7NbTK05lx80nuSijCz7sc3a277R67g,"Very friendly app, I like it",5,0,6.7,2024-08-07 03:33:57,"We're delighted to know that our app met your expectations. Should you have any further suggestions or queries, don't hesitate to write to us at zugarmobility@gmail.com.",2024-08-07 07:17:13,6.7
61834f00-6f4a-48f9-b62f-d706d550db17,A Google user,https://play-lh.googleusercontent.com/EGemoI2NTXmTsBVtJqk8jxF9rh8ApRWfsIMQSt2uE4OcpQqbFu7f7NbTK05lx80nuSijCz7sc3a277R67g,"Its good experience to use this app,",4,1,7.1,2024-08-07 03:29:51,Happy to know you're liking our app. We strive for excellence and your 5-star rating will boost our spirits!,2024-08-07 07:17:15,7.1
423cf372-3c86-4788-8b0f-4de9ad55d211,A Google user,https://play-lh.googleusercontent.com/EGemoI2NTXmTsBVtJqk8jxF9rh8ApRWfsIMQSt2uE4OcpQqbFu7f7NbTK05lx80nuSijCz7sc3a277R67g,Israr Anmad,5,0,7.0,2024-08-07 01:02:09,,,7.0
9cb0b311-cae3-4579-9915-80a0c43b5b39,A Google user,https://play-lh.googleusercontent.com/EGemoI2NTXmTsBVtJqk8jxF9rh8ApRWfsIMQSt2uE4OcpQqbFu7f7NbTK05lx80nuSijCz7sc3a277R67g,Exceptional ♥️,5,0,7.1,2024-08-07 00:23:48,,,7.1
a5af1b20-938b-42c2-a9d3-6cd5cc433f72,A Google user,https://play-lh.googleusercontent.com/EGemoI2NTXmTsBVtJqk8jxF9rh8ApRWfsIMQSt2uE4OcpQqbFu7f7NbTK05lx80nuSijCz7sc3a277R67g,Amazing apps🥰,5,0,7.0,2024-08-06 09:31:02,"We're delighted to know that our app met your expectations. Should you have any further suggestions or queries, don't hesitate to write to us at zugarmobility@gmail.com.",2024-08-06 10:27:13,7.0
0a004632-c152-46b5-9a32-44e164dd4605,A Google user,https://play-lh.googleusercontent.com/EGemoI2NTXmTsBVtJqk8jxF9rh8ApRWfsIMQSt2uE4OcpQqbFu7f7NbTK05lx80nuSijCz7sc3a277R67g,Good,5,0,7.0,2024-08-06 01:36:15,"We're delighted to know that our app met your expectations. Should you have any further suggestions or queries, don't hesitate to write to us at zugarmobility@gmail.com.",2024-08-06 02:07:13,7.0
d96735ae-1d4d-47f0-b180-4a9a8d6e2dca,A Google user,https://play-lh.googleusercontent.com/EGemoI2NTXmTsBVtJqk8jxF9rh8ApRWfsIMQSt2uE4OcpQqbFu7f7NbTK05lx80nuSijCz7sc3a277R67g,good,5,0,7.1,2024-08-05 23:07:44,"We're delighted to know that our app met your expectations. Should you have any further suggestions or queries, don't hesitate to write to us at zugarmobility@gmail.com.",2024-08-06 02:07:15,7.1
bcf62606-12b5-48a3-81c5-95e8f3b4f944,A Google user,https://play-lh.googleusercontent.com/EGemoI2NTXmTsBVtJqk8jxF9rh8ApRWfsIMQSt2uE4OcpQqbFu7f7NbTK05lx80nuSijCz7sc3a277R67g,Iam happy,5,0,,2024-08-04 21:29:57,,,
afe44d26-6fb9-40da-8b26-580c8865b2e4,A Google user,https://play-lh.googleusercontent.com/EGemoI2NTXmTsBVtJqk8jxF9rh8ApRWfsIMQSt2uE4OcpQqbFu7f7NbTK05lx80nuSijCz7sc3a277R67g,i like the way,5,0,7.1,2024-08-04 05:29:00,"We're delighted to know that our app met your expectations. Should you have any further suggestions or queries, don't hesitate to write to us at zugarmobility@gmail.com.",2024-08-04 06:22:12,7.1
ec026edd-b632-4fc9-b90a-afc2cd530abd,A Google user,https://play-lh.googleusercontent.com/EGemoI2NTXmTsBVtJqk8jxF9rh8ApRWfsIMQSt2uE4OcpQqbFu7f7NbTK05lx80nuSijCz7sc3a277R67g,Love you,5,0,,2024-08-03 23:13:36,"We're delighted to know that our app met your expectations. Should you have any further suggestions or queries, don't hesitate to write to us at zugarmobility@gmail.com.",2024-08-04 00:07:14,
41503899-ca7e-42e3-b1ec-636ee97e83a0,A Google user,https://play-lh.googleusercontent.com/EGemoI2NTXmTsBVtJqk8jxF9rh8ApRWfsIMQSt2uE4OcpQqbFu7f7NbTK05lx80nuSijCz7sc3a277R67g,The app is useful and very great but too much of Ads,1,6,7.1,2024-08-03 07:25:23,We regret any inconvenience. Ads are essential to sustain our work. Your understanding is truly appreciated.,2024-08-03 07:27:13,7.1
a0d3fa5a-79d3-43d3-8675-3ce9e29e4480,A Google user,https://play-lh.googleusercontent.com/EGemoI2NTXmTsBVtJqk8jxF9rh8ApRWfsIMQSt2uE4OcpQqbFu7f7NbTK05lx80nuSijCz7sc3a277R67g,New update arbic font not recognised Plz give pervois font I need previous arbic font please tell me how can I update this font in my app.. I can't read this arbic font properly I'll give 5 rating but new arbic font I give 3 rating,3,4,6.8,2024-08-01 14:37:47,,,6.8
d58a1a9d-663c-42c8-b61f-10c1e1d7d362,A Google user,https://play-lh.googleusercontent.com/EGemoI2NTXmTsBVtJqk8jxF9rh8ApRWfsIMQSt2uE4OcpQqbFu7f7NbTK05lx80nuSijCz7sc3a277R67g,Good app,5,0,6.8,2024-08-01 08:24:33,"We're delighted to know that our app met your expectations. Should you have any further suggestions or queries, don't hesitate to write to us at zugarmobility@gmail.com.",2024-08-01 09:37:14,6.8
5ca2e1dc-a169-4c16-9a2e-8bd0ac326a21,A Google user,https://play-lh.googleusercontent.com/EGemoI2NTXmTsBVtJqk8jxF9rh8ApRWfsIMQSt2uE4OcpQqbFu7f7NbTK05lx80nuSijCz7sc3a277R67g,It's fairly okay,4,0,6.8,2024-07-31 18:12:59,,,6.8
18ffb8a3-013b-4ffd-bf6a-1f2786345b02,A Google user,https://play-lh.googleusercontent.com/EGemoI2NTXmTsBVtJqk8jxF9rh8ApRWfsIMQSt2uE4OcpQqbFu7f7NbTK05lx80nuSijCz7sc3a277R67g,Very useful UI l application although it lacks some essentials,4,54,6.8,2024-07-31 10:50:47,,,6.8
e9dbe531-ff26-4be7-b370-7a73ce071917,A Google user,https://play-lh.googleusercontent.com/EGemoI2NTXmTsBVtJqk8jxF9rh8ApRWfsIMQSt2uE4OcpQqbFu7f7NbTK05lx80nuSijCz7sc3a277R67g,Alhamdulillah,5,0,6.8,2024-07-31 05:18:54,,,6.8
faa7b358-ea59-4c28-b22e-5b66a1906416,A Google user,https://play-lh.googleusercontent.com/EGemoI2NTXmTsBVtJqk8jxF9rh8ApRWfsIMQSt2uE4OcpQqbFu7f7NbTK05lx80nuSijCz7sc3a277R67g,Is possible?,5,0,6.8,2024-07-30 16:01:18,,,6.8
c4162bcb-dea5-49c1-b08a-1cd673d3e4dc,A Google user,https://play-lh.googleusercontent.com/EGemoI2NTXmTsBVtJqk8jxF9rh8ApRWfsIMQSt2uE4OcpQqbFu7f7NbTK05lx80nuSijCz7sc3a277R67g,Beautiful App All Muslim Download In App,5,0,,2024-07-30 10:04:48,"We're delighted to know that our app met your expectations. Should you have any further suggestions or queries, don't hesitate to write to us at zugarmobility@gmail.com.",2024-07-30 13:52:43,
22f36e22-29cf-4a48-ae67-77bb2afef239,A Google user,https://play-lh.googleusercontent.com/EGemoI2NTXmTsBVtJqk8jxF9rh8ApRWfsIMQSt2uE4OcpQqbFu7f7NbTK05lx80nuSijCz7sc3a277R67g,Acha hai ❤️,5,0,6.8,2024-07-29 15:10:37,,,6.8
519a2329-e6f7-42c5-9d91-80881e445abd,A Google user,https://play-lh.googleusercontent.com/EGemoI2NTXmTsBVtJqk8jxF9rh8ApRWfsIMQSt2uE4OcpQqbFu7f7NbTK05lx80nuSijCz7sc3a277R67g,Masaahll,5,0,6.8,2024-07-29 00:10:08,,,6.8
4cadd76e-5b21-404e-bfa8-65bad820867f,A Google user,https://play-lh.googleusercontent.com/EGemoI2NTXmTsBVtJqk8jxF9rh8ApRWfsIMQSt2uE4OcpQqbFu7f7NbTK05lx80nuSijCz7sc3a277R67g,Super,5,0,6.7,2024-07-28 22:25:46,"We're delighted to know that our app met your expectations. Should you have any further suggestions or queries, don't hesitate to write to us at zugarmobility@gmail.com.",2024-07-29 00:22:13,6.7
e144e355-d53d-4228-8850-61eb37b659b6,A Google user,https://play-lh.googleusercontent.com/EGemoI2NTXmTsBVtJqk8jxF9rh8ApRWfsIMQSt2uE4OcpQqbFu7f7NbTK05lx80nuSijCz7sc3a277R67g,Bhot acha h azhan ki time aakhe khul jate h very nice,5,0,6.8,2024-07-28 16:06:13,"We're delighted to know that our app met your expectations. Should you have any further suggestions or queries, don't hesitate to write to us at zugarmobility@gmail.com.",2024-07-28 18:07:14,6.8
033c6739-528d-4955-af84-06876402dab5,A Google user,https://play-lh.googleusercontent.com/EGemoI2NTXmTsBVtJqk8jxF9rh8ApRWfsIMQSt2uE4OcpQqbFu7f7NbTK05lx80nuSijCz7sc3a277R67g,Good evening my love,5,0,,2024-07-28 03:50:52,"We're delighted to know that our app met your expectations. Should you have any further suggestions or queries, don't hesitate to write to us at zugarmobility@gmail.com.",2024-07-28 05:37:14,
7d62fbed-6d2c-4a27-aa97-747e18f41d2e,A Google user,https://play-lh.googleusercontent.com/EGemoI2NTXmTsBVtJqk8jxF9rh8ApRWfsIMQSt2uE4OcpQqbFu7f7NbTK05lx80nuSijCz7sc3a277R67g,"I'm looking for the best, because I love the Qur'an, so i like this for now",5,3,6.7,2024-07-27 18:06:09,"We're delighted to know that our app met your expectations. Should you have any further suggestions or queries, don't hesitate to write to us at zugarmobility@gmail.com.",2024-07-27 23:22:15,6.7
a9a6ae13-896d-4d2a-9069-4dab8cb8d19f,A Google user,https://play-lh.googleusercontent.com/EGemoI2NTXmTsBVtJqk8jxF9rh8ApRWfsIMQSt2uE4OcpQqbFu7f7NbTK05lx80nuSijCz7sc3a277R67g,Nicely done,5,0,6.7,2024-07-27 15:39:53,"We're delighted to know that our app met your expectations. Should you have any further suggestions or queries, don't hesitate to write to us at zugarmobility@gmail.com.",2024-07-27 17:07:12,6.7
206b239c-8106-493f-b863-7558093c0cdf,A Google user,https://play-lh.googleusercontent.com/EGemoI2NTXmTsBVtJqk8jxF9rh8ApRWfsIMQSt2uE4OcpQqbFu7f7NbTK05lx80nuSijCz7sc3a277R67g,Keep it up for us,5,0,6.7,2024-07-27 13:51:42,,,6.7
4f7d86b5-0276-469c-8f27-55959357a89f,A Google user,https://play-lh.googleusercontent.com/EGemoI2NTXmTsBVtJqk8jxF9rh8ApRWfsIMQSt2uE4OcpQqbFu7f7NbTK05lx80nuSijCz7sc3a277R67g,Maybe,5,0,6.7,2024-07-27 12:34:08,,,6.7
a3f02e7e-fc4c-4ed6-a6be-1dfe819d9d62,A Google user,https://play-lh.googleusercontent.com/EGemoI2NTXmTsBVtJqk8jxF9rh8ApRWfsIMQSt2uE4OcpQqbFu7f7NbTK05lx80nuSijCz7sc3a277R67g,I like app,4,0,6.7,2024-07-27 09:29:38,Happy to know you're liking our app. We strive for excellence and your 5-star rating will boost our spirits!,2024-07-27 10:52:38,6.7
1a1b3aab-47c8-436a-a26a-704acdc2256d,A Google user,https://play-lh.googleusercontent.com/EGemoI2NTXmTsBVtJqk8jxF9rh8ApRWfsIMQSt2uE4OcpQqbFu7f7NbTK05lx80nuSijCz7sc3a277R67g,Mashalaa like 👍 👌 😍 ♥️,5,0,,2024-07-27 03:58:15,,,
50f0f670-5548-46e8-b436-7a54b634f31b,A Google user,https://play-lh.googleusercontent.com/EGemoI2NTXmTsBVtJqk8jxF9rh8ApRWfsIMQSt2uE4OcpQqbFu7f7NbTK05lx80nuSijCz7sc3a277R67g,💗,5,0,,2024-07-26 21:14:54,,,
7b82fc79-e3f3-4823-9fbf-17206d0c0935,A Google user,https://play-lh.googleusercontent.com/EGemoI2NTXmTsBVtJqk8jxF9rh8ApRWfsIMQSt2uE4OcpQqbFu7f7NbTK05lx80nuSijCz7sc3a277R67g,"It is a good app alhamdulillah,may allah bless you all the workers",5,1,6.7,2024-07-26 17:41:25,"We're delighted to know that our app met your expectations. Should you have any further suggestions or queries, don't hesitate to write to us at zugarmobility@gmail.com.",2024-07-26 18:12:15,6.7
187fb3f2-d6c0-47ab-8eca-2ac98753587e,A Google user,https://play-lh.googleusercontent.com/EGemoI2NTXmTsBVtJqk8jxF9rh8ApRWfsIMQSt2uE4OcpQqbFu7f7NbTK05lx80nuSijCz7sc3a277R67g,Superb,5,0,6.7,2024-07-26 13:05:07,"We're delighted to know that our app met your expectations. Should you have any further suggestions or queries, don't hesitate to write to us at zugarmobility@gmail.com.",2024-07-26 14:02:15,6.7
595cf193-5859-4b3e-a21c-6ebd6f1cec72,A Google user,https://play-lh.googleusercontent.com/EGemoI2NTXmTsBVtJqk8jxF9rh8ApRWfsIMQSt2uE4OcpQqbFu7f7NbTK05lx80nuSijCz7sc3a277R67g,🇸🇦🇸🇦🇸🇦,5,0,6.7,2024-07-26 08:25:23,,,6.7
dc330304-4d98-406c-814f-804dbaa4e8b0,A Google user,https://play-lh.googleusercontent.com/EGemoI2NTXmTsBVtJqk8jxF9rh8ApRWfsIMQSt2uE4OcpQqbFu7f7NbTK05lx80nuSijCz7sc3a277R67g,Alhamdulillah for this app,5,0,6.7,2024-07-24 21:58:06,,,6.7
9e43c4d1-b3e4-4df1-b5d0-3be120b43291,A Google user,https://play-lh.googleusercontent.com/EGemoI2NTXmTsBVtJqk8jxF9rh8ApRWfsIMQSt2uE4OcpQqbFu7f7NbTK05lx80nuSijCz7sc3a277R67g,👍,5,0,6.7,2024-07-24 11:33:42,,,6.7
46a1ff1e-96b1-4e91-adba-5e679e991805,A Google user,https://play-lh.googleusercontent.com/EGemoI2NTXmTsBVtJqk8jxF9rh8ApRWfsIMQSt2uE4OcpQqbFu7f7NbTK05lx80nuSijCz7sc3a277R67g,Superb,5,0,6.7,2024-07-24 07:10:53,"We're delighted to know that our app met your expectations. Should you have any further suggestions or queries, don't hesitate to write to us at zugarmobility@gmail.com.",2024-07-24 09:57:16,6.7
f71c379a-3165-4457-82a0-1e58594a88e1,A Google user,https://play-lh.googleusercontent.com/EGemoI2NTXmTsBVtJqk8jxF9rh8ApRWfsIMQSt2uE4OcpQqbFu7f7NbTK05lx80nuSijCz7sc3a277R67g,Very good app,5,0,6.7,2024-07-24 06:34:02,"We're delighted to know that our app met your expectations. Should you have any further suggestions or queries, don't hesitate to write to us at zugarmobility@gmail.com.",2024-07-24 09:57:17,6.7
88b2377a-4f50-4485-a6fc-af02b42a5b26,A Google user,https://play-lh.googleusercontent.com/EGemoI2NTXmTsBVtJqk8jxF9rh8ApRWfsIMQSt2uE4OcpQqbFu7f7NbTK05lx80nuSijCz7sc3a277R67g,All good,5,0,6.7,2024-07-24 02:20:25,"We're delighted to know that our app met your expectations. Should you have any further suggestions or queries, don't hesitate to write to us at zugarmobility@gmail.com.",2024-07-24 09:57:20,6.7
0d948ece-d643-46d9-9951-03f0730454bd,A Google user,https://play-lh.googleusercontent.com/EGemoI2NTXmTsBVtJqk8jxF9rh8ApRWfsIMQSt2uE4OcpQqbFu7f7NbTK05lx80nuSijCz7sc3a277R67g,Good apps,5,0,6.7,2024-07-23 18:23:22,"We're delighted to know that our app met your expectations. Should you have any further suggestions or queries, don't hesitate to write to us at zugarmobility@gmail.com.",2024-07-23 21:27:14,6.7
9f5134af-5fd1-4286-9922-97a6ce0d1a7e,A Google user,https://play-lh.googleusercontent.com/EGemoI2NTXmTsBVtJqk8jxF9rh8ApRWfsIMQSt2uE4OcpQqbFu7f7NbTK05lx80nuSijCz7sc3a277R67g,Alhamdulillah,5,0,6.7,2024-07-23 13:27:26,,,6.7
4046fa43-4305-465e-9a3a-e9040c185f8d,A Google user,https://play-lh.googleusercontent.com/EGemoI2NTXmTsBVtJqk8jxF9rh8ApRWfsIMQSt2uE4OcpQqbFu7f7NbTK05lx80nuSijCz7sc3a277R67g,A good app for people who want to start yasarna,5,1,6.7,2024-07-23 12:53:34,"We're delighted to know that our app met your expectations. Should you have any further suggestions or queries, don't hesitate to write to us at zugarmobility@gmail.com.",2024-07-23 13:07:12,6.7
b56d9d38-db09-4620-b5da-e3f4c7ff0533,A Google user,https://play-lh.googleusercontent.com/EGemoI2NTXmTsBVtJqk8jxF9rh8ApRWfsIMQSt2uE4OcpQqbFu7f7NbTK05lx80nuSijCz7sc3a277R67g,Very interested in all islam,5,1,6.7,2024-07-23 10:37:21,,,6.7
bb8c68f0-e8d4-455e-afff-58713d18d969,A Google user,https://play-lh.googleusercontent.com/EGemoI2NTXmTsBVtJqk8jxF9rh8ApRWfsIMQSt2uE4OcpQqbFu7f7NbTK05lx80nuSijCz7sc3a277R67g,Alhamdulillah Masha Allah,5,0,6.7,2024-07-23 09:10:03,,,6.7
fdfe5bd7-834c-4009-a6d1-91f4f4e7c91f,A Google user,https://play-lh.googleusercontent.com/EGemoI2NTXmTsBVtJqk8jxF9rh8ApRWfsIMQSt2uE4OcpQqbFu7f7NbTK05lx80nuSijCz7sc3a277R67g,very nice application alhamdulillah,5,1,6.7,2024-07-22 21:30:19,"We're delighted to know that our app met your expectations. Should you have any further suggestions or queries, don't hesitate to write to us at zugarmobility@gmail.com.",2024-07-22 22:32:16,6.7
9e87ad34-8200-4be8-88dc-dabc5a383ee1,A Google user,https://play-lh.googleusercontent.com/EGemoI2NTXmTsBVtJqk8jxF9rh8ApRWfsIMQSt2uE4OcpQqbFu7f7NbTK05lx80nuSijCz7sc3a277R67g,MAA SHAH ALLAH,5,0,6.7,2024-07-22 20:26:35,,,6.7
6e544d5f-c204-4cda-9611-5522011ceb9a,A Google user,https://play-lh.googleusercontent.com/EGemoI2NTXmTsBVtJqk8jxF9rh8ApRWfsIMQSt2uE4OcpQqbFu7f7NbTK05lx80nuSijCz7sc3a277R67g,Nice,5,0,6.7,2024-07-22 20:14:21,"We're delighted to know that our app met your expectations. Should you have any further suggestions or queries, don't hesitate to write to us at zugarmobility@gmail.com.",2024-07-22 22:32:18,6.7
065bb94d-abc6-4b19-82be-6091af2303b6,A Google user,https://play-lh.googleusercontent.com/EGemoI2NTXmTsBVtJqk8jxF9rh8ApRWfsIMQSt2uE4OcpQqbFu7f7NbTK05lx80nuSijCz7sc3a277R67g,Good,5,0,6.7,2024-07-22 05:06:37,"We're delighted to know that our app met your expectations. Should you have any further suggestions or queries, don't hesitate to write to us at zugarmobility@gmail.com.",2024-07-22 05:53:09,6.7
710f8757-04a4-4377-9730-65a3a4381f23,A Google user,https://play-lh.googleusercontent.com/EGemoI2NTXmTsBVtJqk8jxF9rh8ApRWfsIMQSt2uE4OcpQqbFu7f7NbTK05lx80nuSijCz7sc3a277R67g,Masha Allah,5,0,6.7,2024-07-21 23:34:48,,,6.7
5dd0fc05-2f83-407f-88a7-d835101ee17f,A Google user,https://play-lh.googleusercontent.com/EGemoI2NTXmTsBVtJqk8jxF9rh8ApRWfsIMQSt2uE4OcpQqbFu7f7NbTK05lx80nuSijCz7sc3a277R67g,Veri good,5,0,6.7,2024-07-21 21:02:07,"We're delighted to know that our app met your expectations. Should you have any further suggestions or queries, don't hesitate to write to us at zugarmobility@gmail.com.",2024-07-21 21:32:20,6.7
a955853a-599e-4532-b4fa-4702c70731bb,A Google user,https://play-lh.googleusercontent.com/EGemoI2NTXmTsBVtJqk8jxF9rh8ApRWfsIMQSt2uE4OcpQqbFu7f7NbTK05lx80nuSijCz7sc3a277R67g,Masha Allah tabarakallah,5,0,6.7,2024-07-21 12:22:08,,,6.7
97007dd6-f39a-4ed9-9ecf-e919003976f9,A Google user,https://play-lh.googleusercontent.com/EGemoI2NTXmTsBVtJqk8jxF9rh8ApRWfsIMQSt2uE4OcpQqbFu7f7NbTK05lx80nuSijCz7sc3a277R67g,love,5,0,6.7,2024-07-21 09:19:53,"We're delighted to know that our app met your expectations. Should you have any further suggestions or queries, don't hesitate to write to us at zugarmobility@gmail.com.",2024-07-21 11:07:14,6.7
47d1ed4d-a30e-4ed5-b5c2-37eeed2fe464,A Google user,https://play-lh.googleusercontent.com/EGemoI2NTXmTsBVtJqk8jxF9rh8ApRWfsIMQSt2uE4OcpQqbFu7f7NbTK05lx80nuSijCz7sc3a277R67g,Good apps,5,0,6.7,2024-07-21 08:59:31,"We're delighted to know that our app met your expectations. Should you have any further suggestions or queries, don't hesitate to write to us at zugarmobility@gmail.com.",2024-07-21 09:02:16,6.7
9afcdc70-9864-4a86-bc84-09b2e931ea46,A Google user,https://play-lh.googleusercontent.com/EGemoI2NTXmTsBVtJqk8jxF9rh8ApRWfsIMQSt2uE4OcpQqbFu7f7NbTK05lx80nuSijCz7sc3a277R67g,Good,5,0,,2024-07-21 08:55:10,"We're delighted to know that our app met your expectations. Should you have any further suggestions or queries, don't hesitate to write to us at zugarmobility@gmail.com.",2024-07-21 09:02:17,
f648a13e-9a83-4869-911c-009f228bc8ef,A Google user,https://play-lh.googleusercontent.com/EGemoI2NTXmTsBVtJqk8jxF9rh8ApRWfsIMQSt2uE4OcpQqbFu7f7NbTK05lx80nuSijCz7sc3a277R67g,الحمدلله,5,0,6.7,2024-07-20 14:20:52,,,6.7
1404f25e-561e-4ceb-af5e-adc3b6951de4,A Google user,https://play-lh.googleusercontent.com/EGemoI2NTXmTsBVtJqk8jxF9rh8ApRWfsIMQSt2uE4OcpQqbFu7f7NbTK05lx80nuSijCz7sc3a277R67g,Good,2,0,6.7,2024-07-20 07:38:12,Happy to know you're liking our app. We strive for excellence and your 5-star rating will boost our spirits!,2024-07-20 08:02:13,6.7
2ab47c39-2e7c-4357-b778-b861bb33ce91,A Google user,https://play-lh.googleusercontent.com/EGemoI2NTXmTsBVtJqk8jxF9rh8ApRWfsIMQSt2uE4OcpQqbFu7f7NbTK05lx80nuSijCz7sc3a277R67g,Mashallah ❤️,5,0,6.7,2024-07-20 05:44:08,,,6.7
d1cf36b8-69c1-4371-bd64-4ab9937fae76,A Google user,https://play-lh.googleusercontent.com/EGemoI2NTXmTsBVtJqk8jxF9rh8ApRWfsIMQSt2uE4OcpQqbFu7f7NbTK05lx80nuSijCz7sc3a277R67g,beautiful setup,4,0,6.7,2024-07-19 15:59:12,Happy to know you're liking our app. We strive for excellence and your 5-star rating will boost our spirits!,2024-07-19 21:37:12,6.7
91e01521-25b7-4796-85ad-b672474fea2d,A Google user,https://play-lh.googleusercontent.com/EGemoI2NTXmTsBVtJqk8jxF9rh8ApRWfsIMQSt2uE4OcpQqbFu7f7NbTK05lx80nuSijCz7sc3a277R67g,ñrj,5,0,6.3,2024-07-19 12:54:20,,,6.3
69ee20da-860c-4a9e-b7a1-74fb74bae21e,A Google user,https://play-lh.googleusercontent.com/EGemoI2NTXmTsBVtJqk8jxF9rh8ApRWfsIMQSt2uE4OcpQqbFu7f7NbTK05lx80nuSijCz7sc3a277R67g,Nice performance,5,0,6.7,2024-07-19 09:07:42,"We're delighted to know that our app met your expectations. Should you have any further suggestions or queries, don't hesitate to write to us at zugarmobility@gmail.com.",2024-07-19 15:22:16,6.7
518564aa-7e44-4fca-a91d-a2a7dbdb34bc,A Google user,https://play-lh.googleusercontent.com/EGemoI2NTXmTsBVtJqk8jxF9rh8ApRWfsIMQSt2uE4OcpQqbFu7f7NbTK05lx80nuSijCz7sc3a277R67g,Alhamdulillah...very hopefully,5,0,,2024-07-18 22:56:17,,,
eae30d89-f1ed-4a1e-a3ff-6ffbd6f9ae5e,A Google user,https://play-lh.googleusercontent.com/EGemoI2NTXmTsBVtJqk8jxF9rh8ApRWfsIMQSt2uE4OcpQqbFu7f7NbTK05lx80nuSijCz7sc3a277R67g,Mashaallah,5,0,,2024-07-18 12:25:16,,,
51545837-8f48-4e64-8a92-a46bee7a8d37,A Google user,https://play-lh.googleusercontent.com/EGemoI2NTXmTsBVtJqk8jxF9rh8ApRWfsIMQSt2uE4OcpQqbFu7f7NbTK05lx80nuSijCz7sc3a277R67g,Excellent,5,0,6.7,2024-07-18 11:16:12,"We're delighted to know that our app met your expectations. Should you have any further suggestions or queries, don't hesitate to write to us at zugarmobility@gmail.com.",2024-07-18 14:22:14,6.7
88fd7306-4c30-4820-80b8-912f809985f7,A Google user,https://play-lh.googleusercontent.com/EGemoI2NTXmTsBVtJqk8jxF9rh8ApRWfsIMQSt2uE4OcpQqbFu7f7NbTK05lx80nuSijCz7sc3a277R67g,So cute appa,5,0,6.7,2024-07-17 16:33:00,,,6.7
7be2487b-ab4c-4952-ac28-24787b3d1598,A Google user,https://play-lh.googleusercontent.com/EGemoI2NTXmTsBVtJqk8jxF9rh8ApRWfsIMQSt2uE4OcpQqbFu7f7NbTK05lx80nuSijCz7sc3a277R67g,Very good,5,0,6.7,2024-07-17 09:02:51,"We're delighted to know that our app met your expectations. Should you have any further suggestions or queries, don't hesitate to write to us at zugarmobility@gmail.com.",2024-07-17 13:22:14,6.7
40897349-f97e-4cc7-806d-f0d6d6e87bfc,A Google user,https://play-lh.googleusercontent.com/EGemoI2NTXmTsBVtJqk8jxF9rh8ApRWfsIMQSt2uE4OcpQqbFu7f7NbTK05lx80nuSijCz7sc3a277R67g,masa Allah,5,0,6.7,2024-07-17 08:55:28,,,6.7
53f7cc60-9f08-4bf8-b65e-11b3852e939b,A Google user,https://play-lh.googleusercontent.com/EGemoI2NTXmTsBVtJqk8jxF9rh8ApRWfsIMQSt2uE4OcpQqbFu7f7NbTK05lx80nuSijCz7sc3a277R67g,Nice 👍 app,4,0,6.7,2024-07-15 23:51:04,Happy to know you're liking our app. We strive for excellence and your 5-star rating will boost our spirits!,2024-07-16 06:07:13,6.7
e74eaf49-56b5-4b59-9986-4b04c00f611a,A Google user,https://play-lh.googleusercontent.com/EGemoI2NTXmTsBVtJqk8jxF9rh8ApRWfsIMQSt2uE4OcpQqbFu7f7NbTK05lx80nuSijCz7sc3a277R67g,This is my first time of using the app.,4,0,6.7,2024-07-15 23:41:32,,,6.7
e3704a62-159c-42b0-88d4-f2ce63386522,A Google user,https://play-lh.googleusercontent.com/EGemoI2NTXmTsBVtJqk8jxF9rh8ApRWfsIMQSt2uE4OcpQqbFu7f7NbTK05lx80nuSijCz7sc3a277R67g,Nice App.,5,0,6.7,2024-07-15 02:30:00,"We're delighted to know that our app met your expectations. Should you have any further suggestions or queries, don't hesitate to write to us at zugarmobility@gmail.com.",2024-07-15 03:02:14,6.7
bdeb911e-d763-4065-a416-79d6c2a00414,A Google user,https://play-lh.googleusercontent.com/EGemoI2NTXmTsBVtJqk8jxF9rh8ApRWfsIMQSt2uE4OcpQqbFu7f7NbTK05lx80nuSijCz7sc3a277R67g,The app is good but I don't see Islamic calander and notable date in islam,5,1,6.7,2024-07-15 01:21:20,"We're delighted to know that our app met your expectations. Should you have any further suggestions or queries, don't hesitate to write to us at zugarmobility@gmail.com.",2024-07-15 03:02:16,6.7
94cd1cb8-9d4c-4160-a590-15e8ffa6e1bb,A Google user,https://play-lh.googleusercontent.com/EGemoI2NTXmTsBVtJqk8jxF9rh8ApRWfsIMQSt2uE4OcpQqbFu7f7NbTK05lx80nuSijCz7sc3a277R67g,Good app,5,0,6.7,2024-07-14 15:53:59,"We're delighted to know that our app met your expectations. Should you have any further suggestions or queries, don't hesitate to write to us at zugarmobility@gmail.com.",2024-07-14 16:37:15,6.7
e1b8b0ce-1493-4ce9-9db3-617e85811d4a,A Google user,https://play-lh.googleusercontent.com/EGemoI2NTXmTsBVtJqk8jxF9rh8ApRWfsIMQSt2uE4OcpQqbFu7f7NbTK05lx80nuSijCz7sc3a277R67g,Good,5,0,6.7,2024-07-14 11:11:52,"We're delighted to know that our app met your expectations. Should you have any further suggestions or queries, don't hesitate to write to us at zugarmobility@gmail.com.",2024-07-14 16:37:19,6.7
7a5193e8-e161-48e6-904e-b59d3d3f4453,A Google user,https://play-lh.googleusercontent.com/EGemoI2NTXmTsBVtJqk8jxF9rh8ApRWfsIMQSt2uE4OcpQqbFu7f7NbTK05lx80nuSijCz7sc3a277R67g,Very nice and perfect app,5,1,6.7,2024-07-13 05:40:03,"We're delighted to know that our app met your expectations. Should you have any further suggestions or queries, don't hesitate to write to us at zugarmobility@gmail.com.",2024-07-13 07:17:12,6.7
15a83f06-887a-4b87-9ddc-bef432c95ac8,A Google user,https://play-lh.googleusercontent.com/EGemoI2NTXmTsBVtJqk8jxF9rh8ApRWfsIMQSt2uE4OcpQqbFu7f7NbTK05lx80nuSijCz7sc3a277R67g,Maashaa ALLAH. Best app ever I would rate to five stars but the app has a little bit problem about the QIBLA . Please fix that up ?,4,2,,2024-07-12 08:08:37,Happy to know you're liking our app. We strive for excellence and your 5-star rating will boost our spirits!,2024-07-12 08:22:14,
58bd3bb2-c723-4ed5-95e4-f0619c7b93f2,A Google user,https://play-lh.googleusercontent.com/EGemoI2NTXmTsBVtJqk8jxF9rh8ApRWfsIMQSt2uE4OcpQqbFu7f7NbTK05lx80nuSijCz7sc3a277R67g,Nice 🤲🤲🤲🤲🤲,5,0,6.7,2024-07-11 14:11:51,"We're delighted to know that our app met your expectations. Should you have any further suggestions or queries, don't hesitate to write to us at zugarmobility@gmail.com.",2024-07-11 15:42:15,6.7
97fc9404-9a91-45c5-a31f-bf4f04adc70d,A Google user,https://play-lh.googleusercontent.com/EGemoI2NTXmTsBVtJqk8jxF9rh8ApRWfsIMQSt2uE4OcpQqbFu7f7NbTK05lx80nuSijCz7sc3a277R67g,رائع وأنصح بإضافة قرآء آخرين,5,0,6.7,2024-07-11 04:38:15,"We're delighted to know that our app met your expectations. Should you have any further suggestions or queries, don't hesitate to write to us at zugarmobility@gmail.com.",2024-07-11 07:22:13,6.7
9aa9cdde-4f65-41c7-8801-fe4bb250b6c9,A Google user,https://play-lh.googleusercontent.com/EGemoI2NTXmTsBVtJqk8jxF9rh8ApRWfsIMQSt2uE4OcpQqbFu7f7NbTK05lx80nuSijCz7sc3a277R67g,ما شاء الله,5,0,6.7,2024-07-11 01:08:39,,,6.7
163b7f0a-958e-4fdd-9d37-e7d065b6582a,A Google user,https://play-lh.googleusercontent.com/EGemoI2NTXmTsBVtJqk8jxF9rh8ApRWfsIMQSt2uE4OcpQqbFu7f7NbTK05lx80nuSijCz7sc3a277R67g,Nice,5,0,6.7,2024-07-10 23:26:30,"We're delighted to know that our app met your expectations. Should you have any further suggestions or queries, don't hesitate to write to us at zugarmobility@gmail.com.",2024-07-11 01:07:14,6.7
92ff9841-a32c-4242-8b94-ec743919e5d3,A Google user,https://play-lh.googleusercontent.com/EGemoI2NTXmTsBVtJqk8jxF9rh8ApRWfsIMQSt2uE4OcpQqbFu7f7NbTK05lx80nuSijCz7sc3a277R67g,Mashallah Good,5,0,6.7,2024-07-10 17:43:12,"We're delighted to know that our app met your expectations. Should you have any further suggestions or queries, don't hesitate to write to us at zugarmobility@gmail.com.",2024-07-10 20:57:13,6.7
8e791b12-99a2-46b5-963c-297332611ee3,A Google user,https://play-lh.googleusercontent.com/EGemoI2NTXmTsBVtJqk8jxF9rh8ApRWfsIMQSt2uE4OcpQqbFu7f7NbTK05lx80nuSijCz7sc3a277R67g,Super 😍,5,0,6.7,2024-07-09 23:31:52,"We're delighted to know that our app met your expectations. Should you have any further suggestions or queries, don't hesitate to write to us at zugarmobility@gmail.com.",2024-07-10 00:07:14,6.7
47bfcc83-be60-4f70-af43-4e689bf093b1,A Google user,https://play-lh.googleusercontent.com/EGemoI2NTXmTsBVtJqk8jxF9rh8ApRWfsIMQSt2uE4OcpQqbFu7f7NbTK05lx80nuSijCz7sc3a277R67g,Impressive 🙏,4,0,6.7,2024-07-08 14:00:58,,,6.7
c246d390-01cc-467a-b972-efc3ff20ea20,A Google user,https://play-lh.googleusercontent.com/EGemoI2NTXmTsBVtJqk8jxF9rh8ApRWfsIMQSt2uE4OcpQqbFu7f7NbTK05lx80nuSijCz7sc3a277R67g,best app,5,0,6.7,2024-07-08 05:43:02,"We're delighted to know that our app met your expectations. Should you have any further suggestions or queries, don't hesitate to write to us at zugarmobility@gmail.com.",2024-07-08 06:27:13,6.7
ebec12df-55f6-476c-a2d3-903822c582d7,A Google user,https://play-lh.googleusercontent.com/EGemoI2NTXmTsBVtJqk8jxF9rh8ApRWfsIMQSt2uE4OcpQqbFu7f7NbTK05lx80nuSijCz7sc3a277R67g,Nice alhamdulillah,5,0,6.7,2024-07-07 16:23:23,"We're delighted to know that our app met your expectations. Should you have any further suggestions or queries, don't hesitate to write to us at zugarmobility@gmail.com.",2024-07-07 17:57:12,6.7
95b5b24b-6eb2-4fba-ab6d-99e84be2f352,A Google user,https://play-lh.googleusercontent.com/EGemoI2NTXmTsBVtJqk8jxF9rh8ApRWfsIMQSt2uE4OcpQqbFu7f7NbTK05lx80nuSijCz7sc3a277R67g,Absolutely 💯 awesome,5,0,6.7,2024-07-07 05:23:00,"We're delighted to know that our app met your expectations. Should you have any further suggestions or queries, don't hesitate to write to us at zugarmobility@gmail.com.",2024-07-07 05:27:11,6.7
7472f975-9b54-460e-8486-a9c9693ee2ac,A Google user,https://play-lh.googleusercontent.com/EGemoI2NTXmTsBVtJqk8jxF9rh8ApRWfsIMQSt2uE4OcpQqbFu7f7NbTK05lx80nuSijCz7sc3a277R67g,Nice,5,0,6.7,2024-07-06 23:46:57,"We're delighted to know that our app met your expectations. Should you have any further suggestions or queries, don't hesitate to write to us at zugarmobility@gmail.com.",2024-07-07 01:17:12,6.7
a753f17a-5622-4db2-a49c-3193d183ce09,A Google user,https://play-lh.googleusercontent.com/EGemoI2NTXmTsBVtJqk8jxF9rh8ApRWfsIMQSt2uE4OcpQqbFu7f7NbTK05lx80nuSijCz7sc3a277R67g,Ma sha allah 🥰,5,0,6.7,2024-07-06 21:52:18,,,6.7
a8432736-3e1f-4d20-ae4b-988682975a43,A Google user,https://play-lh.googleusercontent.com/EGemoI2NTXmTsBVtJqk8jxF9rh8ApRWfsIMQSt2uE4OcpQqbFu7f7NbTK05lx80nuSijCz7sc3a277R67g,good app,5,0,6.7,2024-07-05 21:53:32,"We're delighted to know that our app met your expectations. Should you have any further suggestions or queries, don't hesitate to write to us at zugarmobility@gmail.com.",2024-07-05 22:12:17,6.7
de17ed35-1bcf-46d1-ac77-d47e8024fad9,A Google user,https://play-lh.googleusercontent.com/EGemoI2NTXmTsBVtJqk8jxF9rh8ApRWfsIMQSt2uE4OcpQqbFu7f7NbTK05lx80nuSijCz7sc3a277R67g,Nadir sk,5,0,6.7,2024-07-05 20:57:08,,,6.7
e1458e2c-a736-4517-8595-ec280dc1f00b,A Google user,https://play-lh.googleusercontent.com/EGemoI2NTXmTsBVtJqk8jxF9rh8ApRWfsIMQSt2uE4OcpQqbFu7f7NbTK05lx80nuSijCz7sc3a277R67g,Good,5,0,6.7,2024-07-05 20:04:31,"We're delighted to know that our app met your expectations. Should you have any further suggestions or queries, don't hesitate to write to us at zugarmobility@gmail.com.",2024-07-05 20:07:12,6.7
a09daf14-bafa-4c75-8591-85f0747e0fb2,A Google user,https://play-lh.googleusercontent.com/EGemoI2NTXmTsBVtJqk8jxF9rh8ApRWfsIMQSt2uE4OcpQqbFu7f7NbTK05lx80nuSijCz7sc3a277R67g,Nic,4,0,6.7,2024-07-05 17:56:57,,,6.7
c53bd503-2e33-4aff-889d-8e61941c20e0,A Google user,https://play-lh.googleusercontent.com/EGemoI2NTXmTsBVtJqk8jxF9rh8ApRWfsIMQSt2uE4OcpQqbFu7f7NbTK05lx80nuSijCz7sc3a277R67g,Is Good application don't waste time to down load it,5,2,6.7,2024-07-05 02:49:51,"We're delighted to know that our app met your expectations. Should you have any further suggestions or queries, don't hesitate to write to us at zugarmobility@gmail.com.",2024-07-05 03:27:12,6.7
5756ba44-8503-4ae9-8b35-9277ac79adb7,A Google user,https://play-lh.googleusercontent.com/EGemoI2NTXmTsBVtJqk8jxF9rh8ApRWfsIMQSt2uE4OcpQqbFu7f7NbTK05lx80nuSijCz7sc3a277R67g,Beautiful mashaallah,5,0,6.7,2024-07-05 01:51:30,"We're delighted to know that our app met your expectations. Should you have any further suggestions or queries, don't hesitate to write to us at zugarmobility@gmail.com.",2024-07-05 03:27:13,6.7
33fc6e96-7aaf-4784-96cb-f0ec8ff106e9,A Google user,https://play-lh.googleusercontent.com/EGemoI2NTXmTsBVtJqk8jxF9rh8ApRWfsIMQSt2uE4OcpQqbFu7f7NbTK05lx80nuSijCz7sc3a277R67g,Mashallah nice app,5,0,6.7,2024-07-04 22:18:23,"We're delighted to know that our app met your expectations. Should you have any further suggestions or queries, don't hesitate to write to us at zugarmobility@gmail.com.",2024-07-04 23:17:14,6.7
abf25d1a-ef04-4a63-885b-d79663b8af3a,A Google user,https://play-lh.googleusercontent.com/EGemoI2NTXmTsBVtJqk8jxF9rh8ApRWfsIMQSt2uE4OcpQqbFu7f7NbTK05lx80nuSijCz7sc3a277R67g,So awesome and comprehensive.,5,1,6.7,2024-07-04 13:30:15,"We're delighted to know that our app met your expectations. Should you have any further suggestions or queries, don't hesitate to write to us at zugarmobility@gmail.com.",2024-07-04 14:57:13,6.7
5db15127-6363-4e8a-b342-21617bd69955,A Google user,https://play-lh.googleusercontent.com/EGemoI2NTXmTsBVtJqk8jxF9rh8ApRWfsIMQSt2uE4OcpQqbFu7f7NbTK05lx80nuSijCz7sc3a277R67g,Like it and it will help me too much too,5,1,6.7,2024-07-04 11:08:10,,,6.7
75b8e4a6-8174-4e95-91cf-3b6fd5715f67,A Google user,https://play-lh.googleusercontent.com/EGemoI2NTXmTsBVtJqk8jxF9rh8ApRWfsIMQSt2uE4OcpQqbFu7f7NbTK05lx80nuSijCz7sc3a277R67g,Rejuanali momin,5,0,6.7,2024-07-03 18:55:49,,,6.7
25aab820-2b86-4a8f-8356-565724cc9ff9,A Google user,https://play-lh.googleusercontent.com/EGemoI2NTXmTsBVtJqk8jxF9rh8ApRWfsIMQSt2uE4OcpQqbFu7f7NbTK05lx80nuSijCz7sc3a277R67g,ফবাহদ,5,0,6.7,2024-07-03 14:27:28,,,6.7
75500a82-72dd-4b4b-8117-4b14db3d8885,A Google user,https://play-lh.googleusercontent.com/EGemoI2NTXmTsBVtJqk8jxF9rh8ApRWfsIMQSt2uE4OcpQqbFu7f7NbTK05lx80nuSijCz7sc3a277R67g,Execellent good,5,0,6.7,2024-07-03 12:20:25,"We're delighted to know that our app met your expectations. Should you have any further suggestions or queries, don't hesitate to write to us at zugarmobility@gmail.com.",2024-07-03 13:57:12,6.7
67e24b2a-9168-479e-b4e5-92a33949f6a1,A Google user,https://play-lh.googleusercontent.com/EGemoI2NTXmTsBVtJqk8jxF9rh8ApRWfsIMQSt2uE4OcpQqbFu7f7NbTK05lx80nuSijCz7sc3a277R67g,Nice,4,0,6.7,2024-07-03 08:53:23,Happy to know you're liking our app. We strive for excellence and your 5-star rating will boost our spirits!,2024-07-03 09:47:12,6.7
ae73b1d0-9bcd-46a7-99b5-20ef48d2d354,A Google user,https://play-lh.googleusercontent.com/EGemoI2NTXmTsBVtJqk8jxF9rh8ApRWfsIMQSt2uE4OcpQqbFu7f7NbTK05lx80nuSijCz7sc3a277R67g,It's the best to me learning through.,5,1,6.7,2024-07-01 10:07:15,"We're delighted to know that our app met your expectations. Should you have any further suggestions or queries, don't hesitate to write to us at zugarmobility@gmail.com.",2024-07-01 11:57:14,6.7
876cb744-4bf5-426f-953f-0169bdf23942,A Google user,https://play-lh.googleusercontent.com/EGemoI2NTXmTsBVtJqk8jxF9rh8ApRWfsIMQSt2uE4OcpQqbFu7f7NbTK05lx80nuSijCz7sc3a277R67g,Perfect 👌,5,0,6.7,2024-07-01 01:18:07,"We're delighted to know that our app met your expectations. Should you have any further suggestions or queries, don't hesitate to write to us at zugarmobility@gmail.com.",2024-07-01 01:32:15,6.7
8decd7b5-c27a-42ea-9869-ba733bf3cb38,A Google user,https://play-lh.googleusercontent.com/EGemoI2NTXmTsBVtJqk8jxF9rh8ApRWfsIMQSt2uE4OcpQqbFu7f7NbTK05lx80nuSijCz7sc3a277R67g,Thanks for the app,3,0,,2024-06-30 02:58:04,Happy to know you're liking our app. We strive for excellence and your 5-star rating will boost our spirits!,2024-06-30 04:42:14,
b85e134f-87d2-4604-ad96-cb5f4af71bd7,A Google user,https://play-lh.googleusercontent.com/EGemoI2NTXmTsBVtJqk8jxF9rh8ApRWfsIMQSt2uE4OcpQqbFu7f7NbTK05lx80nuSijCz7sc3a277R67g,Allah ysamudace,5,0,6.7,2024-06-29 08:43:41,,,6.7
874f0bc3-7da3-4215-8dd3-3ad99317c3c4,A Google user,https://play-lh.googleusercontent.com/EGemoI2NTXmTsBVtJqk8jxF9rh8ApRWfsIMQSt2uE4OcpQqbFu7f7NbTK05lx80nuSijCz7sc3a277R67g,Alhmdulilla 😍😍😍😍,5,0,,2024-06-29 06:47:05,,,
47fe1f32-b8b9-4d89-bf39-c6138da2a01a,A Google user,https://play-lh.googleusercontent.com/EGemoI2NTXmTsBVtJqk8jxF9rh8ApRWfsIMQSt2uE4OcpQqbFu7f7NbTK05lx80nuSijCz7sc3a277R67g,"I just would like to let you know about something wrong in the letter ط ظ د ذ. In your app, the sound of ط is the sound of د and the sound of ظ is the the sound of ذ and vice versa for both. So please make sure to correct them in the next deployment if you do not mind? I am still new to use it and I am trying to explore it more. It is really amazing app.",5,600,6.7,2024-06-29 02:25:33,"We're delighted to know that our app met your expectations. Should you have any further suggestions or queries, don't hesitate to write to us at zugarmobility@gmail.com.",2024-06-29 03:42:15,6.7
c9a1ff81-41a8-4fbf-8955-ceec8546e670,A Google user,https://play-lh.googleusercontent.com/EGemoI2NTXmTsBVtJqk8jxF9rh8ApRWfsIMQSt2uE4OcpQqbFu7f7NbTK05lx80nuSijCz7sc3a277R67g,The worst app in the world islamic app is this one please no one download this app horrible app horrible horrible horrible👎,2,1,5.6,2024-06-27 21:17:47,"We understand your disappointment and are eager to make things right. Help us improve by sharing your suggestions via email at zugarmobility@gmail.com. Rest assured, we're committed to creating a more satisfying experience.",2024-06-27 20:27:14,5.6
ada2a35a-8c7f-498d-a8b7-0a2df603c62a,A Google user,https://play-lh.googleusercontent.com/EGemoI2NTXmTsBVtJqk8jxF9rh8ApRWfsIMQSt2uE4OcpQqbFu7f7NbTK05lx80nuSijCz7sc3a277R67g,"Alhamdulillah,,syukran",5,0,6.7,2024-06-26 07:06:00,"We're delighted to know that our app met your expectations. Should you have any further suggestions or queries, don't hesitate to write to us at zugarmobility@gmail.com.",2024-06-26 09:02:14,6.7
ef041ad7-d026-44ff-88a0-7daf06f277ec,A Google user,https://play-lh.googleusercontent.com/EGemoI2NTXmTsBVtJqk8jxF9rh8ApRWfsIMQSt2uE4OcpQqbFu7f7NbTK05lx80nuSijCz7sc3a277R67g,good,5,0,6.7,2024-06-26 01:53:55,"We're delighted to know that our app met your expectations. Should you have any further suggestions or queries, don't hesitate to write to us at zugarmobility@gmail.com.",2024-06-26 02:47:14,6.7
e060cd3a-2b01-494b-b980-77e4194f7095,A Google user,https://play-lh.googleusercontent.com/EGemoI2NTXmTsBVtJqk8jxF9rh8ApRWfsIMQSt2uE4OcpQqbFu7f7NbTK05lx80nuSijCz7sc3a277R67g,Masha Allah,5,0,6.7,2024-06-25 13:37:39,,,6.7
a8d21033-3833-4e82-83d7-66be0ed57439,A Google user,https://play-lh.googleusercontent.com/EGemoI2NTXmTsBVtJqk8jxF9rh8ApRWfsIMQSt2uE4OcpQqbFu7f7NbTK05lx80nuSijCz7sc3a277R67g,Very Useful for Muslims,5,0,6.7,2024-06-25 07:25:59,,,6.7
151b4511-10b6-4dea-be67-516d07f096de,A Google user,https://play-lh.googleusercontent.com/EGemoI2NTXmTsBVtJqk8jxF9rh8ApRWfsIMQSt2uE4OcpQqbFu7f7NbTK05lx80nuSijCz7sc3a277R67g,Massive,5,0,6.7,2024-06-25 06:04:28,,,6.7
f1d3aebe-d2c4-4e2a-bfe8-a41f8e643718,A Google user,https://play-lh.googleusercontent.com/EGemoI2NTXmTsBVtJqk8jxF9rh8ApRWfsIMQSt2uE4OcpQqbFu7f7NbTK05lx80nuSijCz7sc3a277R67g,One of the best app for muslims brother and sister,5,1,6.7,2024-06-24 18:29:56,"We're delighted to know that our app met your expectations. Should you have any further suggestions or queries, don't hesitate to write to us at zugarmobility@gmail.com.",2024-06-24 19:32:16,6.7
9ce0ae5c-5683-4221-97ec-d0db5e617cdc,A Google user,https://play-lh.googleusercontent.com/EGemoI2NTXmTsBVtJqk8jxF9rh8ApRWfsIMQSt2uE4OcpQqbFu7f7NbTK05lx80nuSijCz7sc3a277R67g,Very educative app so I recommend you to download it.,5,2,6.7,2024-06-24 11:08:20,,,6.7
99146afd-3800-4459-a603-3b958092ac52,A Google user,https://play-lh.googleusercontent.com/EGemoI2NTXmTsBVtJqk8jxF9rh8ApRWfsIMQSt2uE4OcpQqbFu7f7NbTK05lx80nuSijCz7sc3a277R67g,Sukran,5,0,6.7,2024-06-23 13:10:33,,,6.7
c5a0b5ef-c627-4908-9329-b89651bb606e,A Google user,https://play-lh.googleusercontent.com/EGemoI2NTXmTsBVtJqk8jxF9rh8ApRWfsIMQSt2uE4OcpQqbFu7f7NbTK05lx80nuSijCz7sc3a277R67g,very very good Alhamdulillah,5,1,6.7,2024-06-23 08:20:20,"We're delighted to know that our app met your expectations. Should you have any further suggestions or queries, don't hesitate to write to us at zugarmobility@gmail.com.",2024-06-23 10:12:18,6.7
d08099d0-d887-4f44-9a92-65681f6f0fca,A Google user,https://play-lh.googleusercontent.com/EGemoI2NTXmTsBVtJqk8jxF9rh8ApRWfsIMQSt2uE4OcpQqbFu7f7NbTK05lx80nuSijCz7sc3a277R67g,Nice,5,0,6.3,2024-06-22 22:40:33,"We're delighted to know that our app met your expectations. Should you have any further suggestions or queries, don't hesitate to write to us at zugarmobility@gmail.com.",2024-06-22 23:47:14,6.3
a1be3fc1-e238-46a3-8c28-81eafc795765,A Google user,https://play-lh.googleusercontent.com/EGemoI2NTXmTsBVtJqk8jxF9rh8ApRWfsIMQSt2uE4OcpQqbFu7f7NbTK05lx80nuSijCz7sc3a277R67g,wow Nice,5,0,6.7,2024-06-22 18:11:36,"We're delighted to know that our app met your expectations. Should you have any further suggestions or queries, don't hesitate to write to us at zugarmobility@gmail.com.",2024-06-22 19:37:15,6.7
c5a28b5f-e0b2-45b7-81f0-aa705d2c1000,A Google user,https://play-lh.googleusercontent.com/EGemoI2NTXmTsBVtJqk8jxF9rh8ApRWfsIMQSt2uE4OcpQqbFu7f7NbTK05lx80nuSijCz7sc3a277R67g,I love this app,5,1,6.7,2024-06-22 13:42:42,"We're delighted to know that our app met your expectations. Should you have any further suggestions or queries, don't hesitate to write to us at zugarmobility@gmail.com.",2024-06-22 15:27:12,6.7
c51e6470-f1ec-45b6-a59a-b5bcd4423f86,A Google user,https://play-lh.googleusercontent.com/EGemoI2NTXmTsBVtJqk8jxF9rh8ApRWfsIMQSt2uE4OcpQqbFu7f7NbTK05lx80nuSijCz7sc3a277R67g,Good aps,5,0,6.7,2024-06-22 13:21:21,"We're delighted to know that our app met your expectations. Should you have any further suggestions or queries, don't hesitate to write to us at zugarmobility@gmail.com.",2024-06-22 13:22:13,6.7
45df5186-c310-4102-99d8-a5e1a9b86d44,A Google user,https://play-lh.googleusercontent.com/EGemoI2NTXmTsBVtJqk8jxF9rh8ApRWfsIMQSt2uE4OcpQqbFu7f7NbTK05lx80nuSijCz7sc3a277R67g,Excellent,5,0,6.7,2024-06-21 15:30:20,"We're delighted to know that our app met your expectations. Should you have any further suggestions or queries, don't hesitate to write to us at zugarmobility@gmail.com.",2024-06-21 16:32:16,6.7
52a5ee35-41e2-49bd-b9ae-0b1d569461c1,A Google user,https://play-lh.googleusercontent.com/EGemoI2NTXmTsBVtJqk8jxF9rh8ApRWfsIMQSt2uE4OcpQqbFu7f7NbTK05lx80nuSijCz7sc3a277R67g,This is a very good app,5,0,6.7,2024-06-20 11:13:36,"We're delighted to know that our app met your expectations. Should you have any further suggestions or queries, don't hesitate to write to us at zugarmobility@gmail.com.",2024-06-20 11:22:13,6.7
7cb03d82-0d2d-4fa8-b1cc-77d683048fd8,A Google user,https://play-lh.googleusercontent.com/EGemoI2NTXmTsBVtJqk8jxF9rh8ApRWfsIMQSt2uE4OcpQqbFu7f7NbTK05lx80nuSijCz7sc3a277R67g,Great!,5,0,,2024-06-20 10:35:38,"We're delighted to know that our app met your expectations. Should you have any further suggestions or queries, don't hesitate to write to us at zugarmobility@gmail.com.",2024-06-20 11:22:14,
67c9df5c-bdaa-4e07-a109-6263197cf2df,A Google user,https://play-lh.googleusercontent.com/EGemoI2NTXmTsBVtJqk8jxF9rh8ApRWfsIMQSt2uE4OcpQqbFu7f7NbTK05lx80nuSijCz7sc3a277R67g,Good 👍👍👍👍,5,0,6.7,2024-06-20 00:46:05,"We're delighted to know that our app met your expectations. Should you have any further suggestions or queries, don't hesitate to write to us at zugarmobility@gmail.com.",2024-06-20 00:57:12,6.7
08e1f974-90aa-4cf6-937f-55d0a019ac8e,A Google user,https://play-lh.googleusercontent.com/EGemoI2NTXmTsBVtJqk8jxF9rh8ApRWfsIMQSt2uE4OcpQqbFu7f7NbTK05lx80nuSijCz7sc3a277R67g,"Mashaullah, THANKU SOOO MUCH Alhamdullah RabbelUalamin.",4,0,6.7,2024-06-19 01:52:38,,,6.7
4a440d32-2df6-42f0-bc71-3338b8a9d7a2,A Google user,https://play-lh.googleusercontent.com/EGemoI2NTXmTsBVtJqk8jxF9rh8ApRWfsIMQSt2uE4OcpQqbFu7f7NbTK05lx80nuSijCz7sc3a277R67g,Muslims,3,0,,2024-06-19 00:14:08,,,
50d44ca8-1530-4253-96da-5bdd4976bce2,A Google user,https://play-lh.googleusercontent.com/EGemoI2NTXmTsBVtJqk8jxF9rh8ApRWfsIMQSt2uE4OcpQqbFu7f7NbTK05lx80nuSijCz7sc3a277R67g,Wonderful app and useful and helpful,5,1,6.7,2024-06-18 23:53:02,"We're delighted to know that our app met your expectations. Should you have any further suggestions or queries, don't hesitate to write to us at zugarmobility@gmail.com.",2024-06-18 23:57:13,6.7
1e72bb84-d28b-4710-b7fb-96a37ea6cf88,A Google user,https://play-lh.googleusercontent.com/EGemoI2NTXmTsBVtJqk8jxF9rh8ApRWfsIMQSt2uE4OcpQqbFu7f7NbTK05lx80nuSijCz7sc3a277R67g,Good,5,0,6.7,2024-06-18 23:09:52,"We're delighted to know that our app met your expectations. Should you have any further suggestions or queries, don't hesitate to write to us at zugarmobility@gmail.com.",2024-06-18 23:57:14,6.7
e685f2fb-ea12-4cf9-bd41-96bdcc63c0f1,A Google user,https://play-lh.googleusercontent.com/EGemoI2NTXmTsBVtJqk8jxF9rh8ApRWfsIMQSt2uE4OcpQqbFu7f7NbTK05lx80nuSijCz7sc3a277R67g,Just want to not...plz do mention adhan timing status in appropriate sequence... Number were not proper to set time.,4,24,6.7,2024-06-18 19:18:22,,,6.7
208bac85-399b-4efd-8a75-2acdbd1dd93d,A Google user,https://play-lh.googleusercontent.com/EGemoI2NTXmTsBVtJqk8jxF9rh8ApRWfsIMQSt2uE4OcpQqbFu7f7NbTK05lx80nuSijCz7sc3a277R67g,Awesome,5,0,6.7,2024-06-18 14:48:02,"We're delighted to know that our app met your expectations. Should you have any further suggestions or queries, don't hesitate to write to us at zugarmobility@gmail.com.",2024-06-18 15:37:12,6.7
ff6237c0-8b7c-49d8-ac4c-ad487b97e8a8,A Google user,https://play-lh.googleusercontent.com/EGemoI2NTXmTsBVtJqk8jxF9rh8ApRWfsIMQSt2uE4OcpQqbFu7f7NbTK05lx80nuSijCz7sc3a277R67g,😍😍😍,5,0,6.7,2024-06-18 14:40:20,,,6.7
aac09f15-5ce0-43bf-b7ce-0c7cc09c9095,A Google user,https://play-lh.googleusercontent.com/EGemoI2NTXmTsBVtJqk8jxF9rh8ApRWfsIMQSt2uE4OcpQqbFu7f7NbTK05lx80nuSijCz7sc3a277R67g,Good,4,0,6.7,2024-06-18 14:35:57,Happy to know you're liking our app. We strive for excellence and your 5-star rating will boost our spirits!,2024-06-18 15:37:13,6.7
38367dbd-9ec1-4381-86ea-ccc7f6ed9f44,A Google user,https://play-lh.googleusercontent.com/EGemoI2NTXmTsBVtJqk8jxF9rh8ApRWfsIMQSt2uE4OcpQqbFu7f7NbTK05lx80nuSijCz7sc3a277R67g,Everything in this app is very good 👍👍,4,1,6.7,2024-06-18 07:06:49,Happy to know you're liking our app. We strive for excellence and your 5-star rating will boost our spirits!,2024-06-18 07:17:12,6.7
738a1a45-e77e-41d2-b4dc-dc7f8f18ed78,A Google user,https://play-lh.googleusercontent.com/EGemoI2NTXmTsBVtJqk8jxF9rh8ApRWfsIMQSt2uE4OcpQqbFu7f7NbTK05lx80nuSijCz7sc3a277R67g,ماشاه الله,5,0,6.7,2024-06-18 00:22:38,,,6.7
da0d8f43-ec75-4ceb-ac30-430ed6db8dd4,A Google user,https://play-lh.googleusercontent.com/EGemoI2NTXmTsBVtJqk8jxF9rh8ApRWfsIMQSt2uE4OcpQqbFu7f7NbTK05lx80nuSijCz7sc3a277R67g,Very good application it is my first time using this apps,5,1,6.7,2024-06-17 19:11:29,"We're delighted to know that our app met your expectations. Should you have any further suggestions or queries, don't hesitate to write to us at zugarmobility@gmail.com.",2024-06-17 20:52:27,6.7
657d5e0f-4b78-4547-964e-ed6855315ca5,A Google user,https://play-lh.googleusercontent.com/EGemoI2NTXmTsBVtJqk8jxF9rh8ApRWfsIMQSt2uE4OcpQqbFu7f7NbTK05lx80nuSijCz7sc3a277R67g,Good,5,0,6.7,2024-06-17 18:11:19,"We're delighted to know that our app met your expectations. Should you have any further suggestions or queries, don't hesitate to write to us at zugarmobility@gmail.com.",2024-06-17 18:47:15,6.7
5d1c6e06-a25c-4723-a6c8-fbb49f69ec0b,A Google user,https://play-lh.googleusercontent.com/EGemoI2NTXmTsBVtJqk8jxF9rh8ApRWfsIMQSt2uE4OcpQqbFu7f7NbTK05lx80nuSijCz7sc3a277R67g,This is a very good app to read quran and lots of other helpful features.,5,110,6.7,2024-06-17 17:28:03,"It's heartening to hear that you've had a better experience with our app. We understand the ads can be disruptive, and we apologize for any inconvenience. Your understanding is deeply valued.",2024-06-17 16:42:19,6.7
b83ec0b2-0c17-426a-928c-9119b050f840,A Google user,https://play-lh.googleusercontent.com/EGemoI2NTXmTsBVtJqk8jxF9rh8ApRWfsIMQSt2uE4OcpQqbFu7f7NbTK05lx80nuSijCz7sc3a277R67g,Mashaallah,5,0,6.7,2024-06-17 06:56:50,,,6.7
6a846aba-c2b9-469e-ad66-e0dcbc81f8f4,A Google user,https://play-lh.googleusercontent.com/EGemoI2NTXmTsBVtJqk8jxF9rh8ApRWfsIMQSt2uE4OcpQqbFu7f7NbTK05lx80nuSijCz7sc3a277R67g,Outstanding app Superb,5,1,6.7,2024-06-16 00:23:15,"We're delighted to know that our app met your expectations. Should you have any further suggestions or queries, don't hesitate to write to us at zugarmobility@gmail.com.",2024-06-16 03:12:19,6.7
aec261eb-ef8f-4b32-a84f-4de821d26302,A Google user,https://play-lh.googleusercontent.com/EGemoI2NTXmTsBVtJqk8jxF9rh8ApRWfsIMQSt2uE4OcpQqbFu7f7NbTK05lx80nuSijCz7sc3a277R67g,Excellent,5,0,6.7,2024-06-15 10:15:04,"We're delighted to know that our app met your expectations. Should you have any further suggestions or queries, don't hesitate to write to us at zugarmobility@gmail.com.",2024-06-15 10:32:17,6.7
dd547169-1403-40fc-aff6-2c692eb0c9ab,A Google user,https://play-lh.googleusercontent.com/EGemoI2NTXmTsBVtJqk8jxF9rh8ApRWfsIMQSt2uE4OcpQqbFu7f7NbTK05lx80nuSijCz7sc3a277R67g,Good,5,0,6.7,2024-06-15 05:39:39,"We're delighted to know that our app met your expectations. Should you have any further suggestions or queries, don't hesitate to write to us at zugarmobility@gmail.com.",2024-06-15 06:22:13,6.7
44b8bd43-8a70-416e-a89a-9e2d0bea3a07,A Google user,https://play-lh.googleusercontent.com/EGemoI2NTXmTsBVtJqk8jxF9rh8ApRWfsIMQSt2uE4OcpQqbFu7f7NbTK05lx80nuSijCz7sc3a277R67g,Nais,5,0,6.7,2024-06-15 02:26:28,,,6.7
accd2798-34b4-4535-bd9e-528588f07b7f,A Google user,https://play-lh.googleusercontent.com/EGemoI2NTXmTsBVtJqk8jxF9rh8ApRWfsIMQSt2uE4OcpQqbFu7f7NbTK05lx80nuSijCz7sc3a277R67g,Thanks so much,5,0,,2024-06-15 00:47:29,"We're delighted to know that our app met your expectations. Should you have any further suggestions or queries, don't hesitate to write to us at zugarmobility@gmail.com.",2024-06-15 02:12:16,
7f1cf58a-603f-471a-8262-852812c01805,A Google user,https://play-lh.googleusercontent.com/EGemoI2NTXmTsBVtJqk8jxF9rh8ApRWfsIMQSt2uE4OcpQqbFu7f7NbTK05lx80nuSijCz7sc3a277R67g,I l❤️ve this app,5,0,6.7,2024-06-14 23:35:35,,,6.7
dd69262e-c26b-474b-b577-4dbc84317628,A Google user,https://play-lh.googleusercontent.com/EGemoI2NTXmTsBVtJqk8jxF9rh8ApRWfsIMQSt2uE4OcpQqbFu7f7NbTK05lx80nuSijCz7sc3a277R67g,Go,5,0,6.7,2024-06-14 23:17:11,,,6.7
5f5868d0-07c2-48ef-888e-108d04478ba2,A Google user,https://play-lh.googleusercontent.com/EGemoI2NTXmTsBVtJqk8jxF9rh8ApRWfsIMQSt2uE4OcpQqbFu7f7NbTK05lx80nuSijCz7sc3a277R67g,Good,5,0,6.7,2024-06-14 22:55:48,"We're delighted to know that our app met your expectations. Should you have any further suggestions or queries, don't hesitate to write to us at zugarmobility@gmail.com.",2024-06-15 00:07:15,6.7
509ea105-a96c-44c9-a785-282b73df5262,A Google user,https://play-lh.googleusercontent.com/EGemoI2NTXmTsBVtJqk8jxF9rh8ApRWfsIMQSt2uE4OcpQqbFu7f7NbTK05lx80nuSijCz7sc3a277R67g,Masha Allah good app,5,0,6.7,2024-06-14 22:46:30,"We're delighted to know that our app met your expectations. Should you have any further suggestions or queries, don't hesitate to write to us at zugarmobility@gmail.com.",2024-06-15 00:07:16,6.7
edced803-32a4-437f-b7bb-d731fda782f4,A Google user,https://play-lh.googleusercontent.com/EGemoI2NTXmTsBVtJqk8jxF9rh8ApRWfsIMQSt2uE4OcpQqbFu7f7NbTK05lx80nuSijCz7sc3a277R67g,Thank you for your application and information,5,2,6.7,2024-06-14 15:02:32,"We're delighted to know that our app met your expectations. Should you have any further suggestions or queries, don't hesitate to write to us at zugarmobility@gmail.com.",2024-06-14 15:47:12,6.7
d2ea4cb7-9692-4be1-befd-b3df134605e1,A Google user,https://play-lh.googleusercontent.com/EGemoI2NTXmTsBVtJqk8jxF9rh8ApRWfsIMQSt2uE4OcpQqbFu7f7NbTK05lx80nuSijCz7sc3a277R67g,Love,5,0,6.7,2024-06-14 08:49:47,"We're delighted to know that our app met your expectations. Should you have any further suggestions or queries, don't hesitate to write to us at zugarmobility@gmail.com.",2024-06-14 09:32:18,6.7
7d09b916-1bab-4272-9616-65ff2e5bda7f,A Google user,https://play-lh.googleusercontent.com/EGemoI2NTXmTsBVtJqk8jxF9rh8ApRWfsIMQSt2uE4OcpQqbFu7f7NbTK05lx80nuSijCz7sc3a277R67g,Maś Allah,5,0,6.7,2024-06-13 17:45:16,,,6.7
761ee6d5-9982-427e-99cf-746ccb4e65da,A Google user,https://play-lh.googleusercontent.com/EGemoI2NTXmTsBVtJqk8jxF9rh8ApRWfsIMQSt2uE4OcpQqbFu7f7NbTK05lx80nuSijCz7sc3a277R67g,Good but notification note comes regularly.,4,4,6.7,2024-06-13 16:16:37,Happy to know you're liking our app. We strive for excellence and your 5-star rating will boost our spirits!,2024-06-13 18:57:12,6.7
78c2a6e9-519a-4faa-b0c5-21c03ab0918b,A Google user,https://play-lh.googleusercontent.com/EGemoI2NTXmTsBVtJqk8jxF9rh8ApRWfsIMQSt2uE4OcpQqbFu7f7NbTK05lx80nuSijCz7sc3a277R67g,Really like the app,5,1,6.7,2024-06-11 14:59:35,,,6.7
afd13702-784e-4602-aeb2-aa6110015a06,A Google user,https://play-lh.googleusercontent.com/EGemoI2NTXmTsBVtJqk8jxF9rh8ApRWfsIMQSt2uE4OcpQqbFu7f7NbTK05lx80nuSijCz7sc3a277R67g,التطبيق لا يدعم الاحداثيات الصحيه للقبله والا يوجد توقيت محلي يحدد المساجد الاخرى غير الموجوده في القائمه ولا يدعم لغات اخرى تطبيق جيد لكن تم ازالته لكثر الاعلانات ولا اريد ان اشتري النسخه المطوره شكرا وجزاكم الله خير,5,0,6.7,2024-06-11 10:45:10,"We're delighted to know that our app met your expectations. Should you have any further suggestions or queries, don't hesitate to write to us at zugarmobility@gmail.com.",2024-06-11 12:47:13,6.7
bde1cf5a-2598-443d-a1ad-1e21d66f993b,A Google user,https://play-lh.googleusercontent.com/EGemoI2NTXmTsBVtJqk8jxF9rh8ApRWfsIMQSt2uE4OcpQqbFu7f7NbTK05lx80nuSijCz7sc3a277R67g,Quran is the only thing that calms my soul,5,0,6.7,2024-06-11 04:53:08,,,6.7
fe8d458c-6227-4b7c-b62d-7ef2c015c08a,A Google user,https://play-lh.googleusercontent.com/EGemoI2NTXmTsBVtJqk8jxF9rh8ApRWfsIMQSt2uE4OcpQqbFu7f7NbTK05lx80nuSijCz7sc3a277R67g,Good,4,0,6.7,2024-06-11 03:05:24,Happy to know you're liking our app. We strive for excellence and your 5-star rating will boost our spirits!,2024-06-11 04:27:14,6.7
f362380e-ec64-41c0-b2f9-6e76db08a963,A Google user,https://play-lh.googleusercontent.com/EGemoI2NTXmTsBVtJqk8jxF9rh8ApRWfsIMQSt2uE4OcpQqbFu7f7NbTK05lx80nuSijCz7sc3a277R67g,Good,5,0,6.7,2024-06-10 23:33:53,"We're delighted to know that our app met your expectations. Should you have any further suggestions or queries, don't hesitate to write to us at zugarmobility@gmail.com.",2024-06-11 00:17:13,6.7
98114c72-fd79-4728-9e9f-a1aa74dea735,A Google user,https://play-lh.googleusercontent.com/EGemoI2NTXmTsBVtJqk8jxF9rh8ApRWfsIMQSt2uE4OcpQqbFu7f7NbTK05lx80nuSijCz7sc3a277R67g,ماشاءاللہ,5,0,6.7,2024-06-10 03:30:00,,,6.7
7d2c244a-4029-4a5a-91e7-63f97a350ab9,A Google user,https://play-lh.googleusercontent.com/EGemoI2NTXmTsBVtJqk8jxF9rh8ApRWfsIMQSt2uE4OcpQqbFu7f7NbTK05lx80nuSijCz7sc3a277R67g,Best,5,0,6.7,2024-06-10 02:47:48,"We're delighted to know that our app met your expectations. Should you have any further suggestions or queries, don't hesitate to write to us at zugarmobility@gmail.com.",2024-06-10 03:27:12,6.7
60a19856-4d64-4d93-ba98-46dcd4a940a5,A Google user,https://play-lh.googleusercontent.com/EGemoI2NTXmTsBVtJqk8jxF9rh8ApRWfsIMQSt2uE4OcpQqbFu7f7NbTK05lx80nuSijCz7sc3a277R67g,Right one,5,0,,2024-06-09 03:23:19,,,
5e13e32a-6b29-4fdc-8d3b-728ebb273c95,A Google user,https://play-lh.googleusercontent.com/EGemoI2NTXmTsBVtJqk8jxF9rh8ApRWfsIMQSt2uE4OcpQqbFu7f7NbTK05lx80nuSijCz7sc3a277R67g,Alhamdulillah,5,0,,2024-06-09 01:30:24,,,
bc50f238-87b6-4b81-b78e-9c1294187df9,A Google user,https://play-lh.googleusercontent.com/EGemoI2NTXmTsBVtJqk8jxF9rh8ApRWfsIMQSt2uE4OcpQqbFu7f7NbTK05lx80nuSijCz7sc3a277R67g,Mashaa Allah 🖤 it's really easy to use. Shukran kateer !!!,5,0,6.7,2024-06-08 22:04:46,,,6.7
5239d19c-9572-4d3b-8506-dd0ddbf7647d,A Google user,https://play-lh.googleusercontent.com/EGemoI2NTXmTsBVtJqk8jxF9rh8ApRWfsIMQSt2uE4OcpQqbFu7f7NbTK05lx80nuSijCz7sc3a277R67g,Mashallah bhut khubsurat lagra humko,5,0,6.3,2024-06-08 17:49:28,"We're delighted to know that our app met your expectations. Should you have any further suggestions or queries, don't hesitate to write to us at zugarmobility@gmail.com.",2024-06-08 20:12:22,6.3
2d4b2fb8-98cc-495f-af91-f60eae53576b,A Google user,https://play-lh.googleusercontent.com/EGemoI2NTXmTsBVtJqk8jxF9rh8ApRWfsIMQSt2uE4OcpQqbFu7f7NbTK05lx80nuSijCz7sc3a277R67g,"alhamdulillah, ilove this app.",5,0,6.7,2024-06-08 15:07:52,"We're delighted to know that our app met your expectations. Should you have any further suggestions or queries, don't hesitate to write to us at zugarmobility@gmail.com.",2024-06-08 16:02:19,6.7
05ed7ce9-c821-447f-ba14-9f5bcdb8b52c,A Google user,https://play-lh.googleusercontent.com/EGemoI2NTXmTsBVtJqk8jxF9rh8ApRWfsIMQSt2uE4OcpQqbFu7f7NbTK05lx80nuSijCz7sc3a277R67g,Nice one,5,0,6.7,2024-06-07 19:47:21,"We're delighted to know that our app met your expectations. Should you have any further suggestions or queries, don't hesitate to write to us at zugarmobility@gmail.com.",2024-06-07 21:17:14,6.7
7d8e9d90-f839-48e5-a858-87402ad98c09,A Google user,https://play-lh.googleusercontent.com/EGemoI2NTXmTsBVtJqk8jxF9rh8ApRWfsIMQSt2uE4OcpQqbFu7f7NbTK05lx80nuSijCz7sc3a277R67g,Alhamdulillah,5,0,6.7,2024-06-07 14:09:33,,,6.7
ea0efec6-4e2b-4118-97ed-b40f65f48a07,A Google user,https://play-lh.googleusercontent.com/EGemoI2NTXmTsBVtJqk8jxF9rh8ApRWfsIMQSt2uE4OcpQqbFu7f7NbTK05lx80nuSijCz7sc3a277R67g,Good,5,0,6.7,2024-06-06 21:01:20,"We're delighted to know that our app met your expectations. Should you have any further suggestions or queries, don't hesitate to write to us at zugarmobility@gmail.com.",2024-06-07 00:27:17,6.7
931efb52-6e6d-4bc3-8b98-cdbb06250735,A Google user,https://play-lh.googleusercontent.com/EGemoI2NTXmTsBVtJqk8jxF9rh8ApRWfsIMQSt2uE4OcpQqbFu7f7NbTK05lx80nuSijCz7sc3a277R67g,Alhamdulillahi Rabbil Alaamiin,5,0,6.7,2024-06-05 14:33:27,,,6.7
94422dac-fa72-46b1-8990-c6924de0de07,A Google user,https://play-lh.googleusercontent.com/EGemoI2NTXmTsBVtJqk8jxF9rh8ApRWfsIMQSt2uE4OcpQqbFu7f7NbTK05lx80nuSijCz7sc3a277R67g,❤️,5,0,6.7,2024-06-04 23:50:05,,,6.7
52f744c5-d97b-4cb1-a861-d30ec913877c,A Google user,https://play-lh.googleusercontent.com/EGemoI2NTXmTsBVtJqk8jxF9rh8ApRWfsIMQSt2uE4OcpQqbFu7f7NbTK05lx80nuSijCz7sc3a277R67g,Arif Khan swat,5,0,6.7,2024-06-03 21:48:48,,,6.7
70083617-d58f-4706-b3f0-5abd33527d51,A Google user,https://play-lh.googleusercontent.com/EGemoI2NTXmTsBVtJqk8jxF9rh8ApRWfsIMQSt2uE4OcpQqbFu7f7NbTK05lx80nuSijCz7sc3a277R67g,Subhanallah,5,0,6.7,2024-06-03 21:22:20,,,6.7
84e89f6f-0de8-43de-99af-3939caf38133,A Google user,https://play-lh.googleusercontent.com/EGemoI2NTXmTsBVtJqk8jxF9rh8ApRWfsIMQSt2uE4OcpQqbFu7f7NbTK05lx80nuSijCz7sc3a277R67g,👍👍,5,0,6.7,2024-06-03 16:52:10,,,6.7
ea47cb2d-2311-4110-81b7-822d6be4ab2c,A Google user,https://play-lh.googleusercontent.com/EGemoI2NTXmTsBVtJqk8jxF9rh8ApRWfsIMQSt2uE4OcpQqbFu7f7NbTK05lx80nuSijCz7sc3a277R67g,Best Apps in the world,5,1,6.7,2024-06-03 10:19:31,"We're delighted to know that our app met your expectations. Should you have any further suggestions or queries, don't hesitate to write to us at zugarmobility@gmail.com.",2024-06-03 11:02:14,6.7
b73d2955-7da4-4570-9a75-d8f12c6655c3,A Google user,https://play-lh.googleusercontent.com/EGemoI2NTXmTsBVtJqk8jxF9rh8ApRWfsIMQSt2uE4OcpQqbFu7f7NbTK05lx80nuSijCz7sc3a277R67g,Ok,3,0,6.7,2024-06-03 07:11:36,,,6.7
fbcfc93a-d3cf-4246-a249-626995cd53c2,A Google user,https://play-lh.googleusercontent.com/EGemoI2NTXmTsBVtJqk8jxF9rh8ApRWfsIMQSt2uE4OcpQqbFu7f7NbTK05lx80nuSijCz7sc3a277R67g,Quran seskne ka laya bhouth aasan hai sabi loog use Kara is aap ko I like 5star,5,0,6.7,2024-06-02 19:11:54,"We're delighted to know that our app met your expectations. Should you have any further suggestions or queries, don't hesitate to write to us at zugarmobility@gmail.com.",2024-06-02 20:27:13,6.7
d56ad363-55cc-429d-bab3-8ebfd119f631,A Google user,https://play-lh.googleusercontent.com/EGemoI2NTXmTsBVtJqk8jxF9rh8ApRWfsIMQSt2uE4OcpQqbFu7f7NbTK05lx80nuSijCz7sc3a277R67g,হুদ,5,0,6.7,2024-06-02 15:02:51,,,6.7
fcbf78b1-e011-40c3-bfe7-56857a459727,A Google user,https://play-lh.googleusercontent.com/EGemoI2NTXmTsBVtJqk8jxF9rh8ApRWfsIMQSt2uE4OcpQqbFu7f7NbTK05lx80nuSijCz7sc3a277R67g,so so so so so much good for Muslim,5,0,6.3,2024-06-01 10:40:15,"We're delighted to know that our app met your expectations. Should you have any further suggestions or queries, don't hesitate to write to us at zugarmobility@gmail.com.",2024-06-01 11:07:16,6.3
742716e6-49dc-46a3-a6d3-7c7b185dbfba,A Google user,https://play-lh.googleusercontent.com/EGemoI2NTXmTsBVtJqk8jxF9rh8ApRWfsIMQSt2uE4OcpQqbFu7f7NbTK05lx80nuSijCz7sc3a277R67g,Its helps me a lot,5,1,6.7,2024-06-01 03:21:25,,,6.7
0ff2e348-7fdc-442a-93cd-a65d0b9a3f1f,A Google user,https://play-lh.googleusercontent.com/EGemoI2NTXmTsBVtJqk8jxF9rh8ApRWfsIMQSt2uE4OcpQqbFu7f7NbTK05lx80nuSijCz7sc3a277R67g,"It good app, jezakumullah",4,0,6.7,2024-05-31 23:53:19,Happy to know you're liking our app. We strive for excellence and your 5-star rating will boost our spirits!,2024-06-01 02:47:14,6.7
ddd3041b-b5f4-49eb-9c34-8db3c77675f6,A Google user,https://play-lh.googleusercontent.com/EGemoI2NTXmTsBVtJqk8jxF9rh8ApRWfsIMQSt2uE4OcpQqbFu7f7NbTK05lx80nuSijCz7sc3a277R67g,Very nice,5,0,6.7,2024-05-31 21:46:13,"We're delighted to know that our app met your expectations. Should you have any further suggestions or queries, don't hesitate to write to us at zugarmobility@gmail.com.",2024-05-31 22:37:15,6.7
61075ae8-8afc-45af-8031-32a9e2b4bf48,A Google user,https://play-lh.googleusercontent.com/EGemoI2NTXmTsBVtJqk8jxF9rh8ApRWfsIMQSt2uE4OcpQqbFu7f7NbTK05lx80nuSijCz7sc3a277R67g,Perfect,5,0,6.7,2024-05-30 12:04:32,"We're delighted to know that our app met your expectations. Should you have any further suggestions or queries, don't hesitate to write to us at zugarmobility@gmail.com.",2024-05-30 17:27:15,6.7
28ca3422-3cf6-4040-ab1d-9150d1bba1e2,A Google user,https://play-lh.googleusercontent.com/EGemoI2NTXmTsBVtJqk8jxF9rh8ApRWfsIMQSt2uE4OcpQqbFu7f7NbTK05lx80nuSijCz7sc3a277R67g,Good app,5,0,6.7,2024-05-29 19:12:19,"We're delighted to know that our app met your expectations. Should you have any further suggestions or queries, don't hesitate to write to us at zugarmobility@gmail.com.",2024-05-29 22:42:17,6.7
82cfb88b-e3a3-456b-b26d-a41a7783ffea,A Google user,https://play-lh.googleusercontent.com/EGemoI2NTXmTsBVtJqk8jxF9rh8ApRWfsIMQSt2uE4OcpQqbFu7f7NbTK05lx80nuSijCz7sc3a277R67g,Mashallah achchha app hai,5,0,6.7,2024-05-29 16:32:15,"We're delighted to know that our app met your expectations. Should you have any further suggestions or queries, don't hesitate to write to us at zugarmobility@gmail.com.",2024-05-29 18:32:21,6.7
3b468aa8-4433-41e5-bbac-a620e4f216c2,A Google user,https://play-lh.googleusercontent.com/EGemoI2NTXmTsBVtJqk8jxF9rh8ApRWfsIMQSt2uE4OcpQqbFu7f7NbTK05lx80nuSijCz7sc3a277R67g,So many adds,1,1,6.7,2024-05-28 23:31:10,We regret any inconvenience. Ads are essential to sustain our work. Your understanding is truly appreciated.,2024-05-28 23:47:15,6.7
7b89a129-bfbd-4c4e-9549-3600da1e0855,A Google user,https://play-lh.googleusercontent.com/EGemoI2NTXmTsBVtJqk8jxF9rh8ApRWfsIMQSt2uE4OcpQqbFu7f7NbTK05lx80nuSijCz7sc3a277R67g,The best of all,5,0,6.3,2024-05-28 10:54:14,"We're delighted to know that our app met your expectations. Should you have any further suggestions or queries, don't hesitate to write to us at zugarmobility@gmail.com.",2024-05-28 11:17:13,6.3
152ba11d-9d4f-4921-a817-2b5861ab35a4,A Google user,https://play-lh.googleusercontent.com/EGemoI2NTXmTsBVtJqk8jxF9rh8ApRWfsIMQSt2uE4OcpQqbFu7f7NbTK05lx80nuSijCz7sc3a277R67g,I'm Happy,5,0,6.3,2024-05-27 10:27:24,,,6.3
c80c1522-fe34-4a7b-87aa-5b224baee909,A Google user,https://play-lh.googleusercontent.com/EGemoI2NTXmTsBVtJqk8jxF9rh8ApRWfsIMQSt2uE4OcpQqbFu7f7NbTK05lx80nuSijCz7sc3a277R67g,It doesn't have the right time for prayer and doesn't have different selections for of prayer caller only has 1 sound,1,6,6.3,2024-05-27 07:11:50,,,6.3
a7056e4c-9de3-4c67-9e91-095948418e13,A Google user,https://play-lh.googleusercontent.com/EGemoI2NTXmTsBVtJqk8jxF9rh8ApRWfsIMQSt2uE4OcpQqbFu7f7NbTK05lx80nuSijCz7sc3a277R67g,Very good,5,0,6.7,2024-05-27 02:01:58,"We're delighted to know that our app met your expectations. Should you have any further suggestions or queries, don't hesitate to write to us at zugarmobility@gmail.com.",2024-05-27 04:02:18,6.7
e9b310a8-6feb-4bba-a1e9-b5efbcf3a688,A Google user,https://play-lh.googleusercontent.com/EGemoI2NTXmTsBVtJqk8jxF9rh8ApRWfsIMQSt2uE4OcpQqbFu7f7NbTK05lx80nuSijCz7sc3a277R67g,Full fil option,5,0,6.3,2024-05-26 23:49:09,,,6.3
79fca46a-b9bd-46b7-aa33-ec721d631974,A Google user,https://play-lh.googleusercontent.com/EGemoI2NTXmTsBVtJqk8jxF9rh8ApRWfsIMQSt2uE4OcpQqbFu7f7NbTK05lx80nuSijCz7sc3a277R67g,Kahjil@,5,0,6.7,2024-05-26 11:24:26,,,6.7
b3f6fe49-fa41-4aef-95a9-c5f8c904cc10,A Google user,https://play-lh.googleusercontent.com/EGemoI2NTXmTsBVtJqk8jxF9rh8ApRWfsIMQSt2uE4OcpQqbFu7f7NbTK05lx80nuSijCz7sc3a277R67g,Mashaallah tabarakallaah,5,0,6.7,2024-05-24 03:41:32,,,6.7
857f6ee9-fa09-4d97-8d19-9901391a9b88,A Google user,https://play-lh.googleusercontent.com/EGemoI2NTXmTsBVtJqk8jxF9rh8ApRWfsIMQSt2uE4OcpQqbFu7f7NbTK05lx80nuSijCz7sc3a277R67g,Very nice....,5,0,6.7,2024-05-24 00:12:12,"We're delighted to know that our app met your expectations. Should you have any further suggestions or queries, don't hesitate to write to us at zugarmobility@gmail.com.",2024-05-24 01:02:17,6.7
d545fe21-83ed-4e51-842c-be263f36c7c0,A Google user,https://play-lh.googleusercontent.com/EGemoI2NTXmTsBVtJqk8jxF9rh8ApRWfsIMQSt2uE4OcpQqbFu7f7NbTK05lx80nuSijCz7sc3a277R67g,Mashallah,5,0,6.3,2024-05-23 21:30:15,,,6.3
3fb2b300-6e4b-497f-80fc-951c7118edc8,A Google user,https://play-lh.googleusercontent.com/EGemoI2NTXmTsBVtJqk8jxF9rh8ApRWfsIMQSt2uE4OcpQqbFu7f7NbTK05lx80nuSijCz7sc3a277R67g,This pp is sooo smart,4,0,6.3,2024-05-23 20:29:54,Happy to know you're liking our app. We strive for excellence and your 5-star rating will boost our spirits!,2024-05-21 14:42:15,6.3
a62fc302-efed-4c9b-a366-7840340e2eef,A Google user,https://play-lh.googleusercontent.com/EGemoI2NTXmTsBVtJqk8jxF9rh8ApRWfsIMQSt2uE4OcpQqbFu7f7NbTK05lx80nuSijCz7sc3a277R67g,This apps is so nice all you need is here 🥰,5,0,6.3,2024-05-23 16:01:41,"We're delighted to know that our app met your expectations. Should you have any further suggestions or queries, don't hesitate to write to us at zugarmobility@gmail.com.",2024-05-23 18:47:14,6.3
359fcc96-db48-40d1-bcd0-f530eeb0cc57,A Google user,https://play-lh.googleusercontent.com/EGemoI2NTXmTsBVtJqk8jxF9rh8ApRWfsIMQSt2uE4OcpQqbFu7f7NbTK05lx80nuSijCz7sc3a277R67g,Wo nderful,5,0,6.3,2024-05-23 02:48:51,,,6.3
526d3a7e-7e9f-4700-84fc-8775ef14a9f6,A Google user,https://play-lh.googleusercontent.com/EGemoI2NTXmTsBVtJqk8jxF9rh8ApRWfsIMQSt2uE4OcpQqbFu7f7NbTK05lx80nuSijCz7sc3a277R67g,Good app,5,0,6.3,2024-05-22 22:46:54,"We're delighted to know that our app met your expectations. Should you have any further suggestions or queries, don't hesitate to write to us at zugarmobility@gmail.com.",2024-05-23 00:02:17,6.3
a1df3eb5-e0c3-4b7b-b930-447a35c853aa,A Google user,https://play-lh.googleusercontent.com/EGemoI2NTXmTsBVtJqk8jxF9rh8ApRWfsIMQSt2uE4OcpQqbFu7f7NbTK05lx80nuSijCz7sc3a277R67g,Masha Allah very nice,5,0,6.3,2024-05-22 05:01:03,"We're delighted to know that our app met your expectations. Should you have any further suggestions or queries, don't hesitate to write to us at zugarmobility@gmail.com.",2024-05-22 05:17:14,6.3
d8143ad2-0a7f-4a79-a902-42114ba54435,A Google user,https://play-lh.googleusercontent.com/EGemoI2NTXmTsBVtJqk8jxF9rh8ApRWfsIMQSt2uE4OcpQqbFu7f7NbTK05lx80nuSijCz7sc3a277R67g,This app is helpful i like it,5,0,6.3,2024-05-21 11:36:48,"We're delighted to know that our app met your expectations. Should you have any further suggestions or queries, don't hesitate to write to us at zugarmobility@gmail.com.",2024-05-21 14:42:17,6.3
3dfbaa74-3206-4766-9e26-f7722109fe38,A Google user,https://play-lh.googleusercontent.com/EGemoI2NTXmTsBVtJqk8jxF9rh8ApRWfsIMQSt2uE4OcpQqbFu7f7NbTK05lx80nuSijCz7sc3a277R67g,"Alhamdullahi everything is Good, apart from paying b4 reading Quaran",5,2,6.3,2024-05-21 00:49:47,"We're delighted to know that our app met your expectations. Should you have any further suggestions or queries, don't hesitate to write to us at zugarmobility@gmail.com.",2024-05-21 02:13:13,6.3
b6bd88cb-be62-4dd4-8d42-2d837a33bba4,A Google user,https://play-lh.googleusercontent.com/EGemoI2NTXmTsBVtJqk8jxF9rh8ApRWfsIMQSt2uE4OcpQqbFu7f7NbTK05lx80nuSijCz7sc3a277R67g,Excellent,5,0,6.3,2024-05-20 21:03:25,"We're delighted to know that our app met your expectations. Should you have any further suggestions or queries, don't hesitate to write to us at zugarmobility@gmail.com.",2024-05-21 00:07:56,6.3
f1ef989d-4fde-4e72-8863-1bfb370276dc,A Google user,https://play-lh.googleusercontent.com/EGemoI2NTXmTsBVtJqk8jxF9rh8ApRWfsIMQSt2uE4OcpQqbFu7f7NbTK05lx80nuSijCz7sc3a277R67g,Nice app all people of message pass in the app nice 👍,5,0,6.3,2024-05-20 18:39:48,"We're delighted to know that our app met your expectations. Should you have any further suggestions or queries, don't hesitate to write to us at zugarmobility@gmail.com.",2024-05-21 00:07:58,6.3
6661eef2-8c84-4cd0-89d6-05c130c97413,A Google user,https://play-lh.googleusercontent.com/EGemoI2NTXmTsBVtJqk8jxF9rh8ApRWfsIMQSt2uE4OcpQqbFu7f7NbTK05lx80nuSijCz7sc3a277R67g,Amazing,5,0,6.3,2024-05-20 18:25:20,"We're delighted to know that our app met your expectations. Should you have any further suggestions or queries, don't hesitate to write to us at zugarmobility@gmail.com.",2024-05-21 00:07:59,6.3
17f3472a-83c8-4a0f-8c52-908eb5817df7,A Google user,https://play-lh.googleusercontent.com/EGemoI2NTXmTsBVtJqk8jxF9rh8ApRWfsIMQSt2uE4OcpQqbFu7f7NbTK05lx80nuSijCz7sc3a277R67g,Masyaallah maganda,5,0,6.3,2024-05-19 18:29:34,"We're delighted to know that our app met your expectations. Should you have any further suggestions or queries, don't hesitate to write to us at zugarmobility@gmail.com.",2024-05-21 02:13:21,6.3
fadde12a-76a5-449a-b29e-4e8e70706cf7,A Google user,https://play-lh.googleusercontent.com/EGemoI2NTXmTsBVtJqk8jxF9rh8ApRWfsIMQSt2uE4OcpQqbFu7f7NbTK05lx80nuSijCz7sc3a277R67g,Nice App,5,0,6.3,2024-05-19 13:42:54,"We're delighted to know that our app met your expectations. Should you have any further suggestions or queries, don't hesitate to write to us at zugarmobility@gmail.com.",2024-05-21 02:13:25,6.3
ed1b1c5f-463f-4c21-a642-2c682fd25465,A Google user,https://play-lh.googleusercontent.com/EGemoI2NTXmTsBVtJqk8jxF9rh8ApRWfsIMQSt2uE4OcpQqbFu7f7NbTK05lx80nuSijCz7sc3a277R67g,It's incredible alhamudulillah ❤️ super app,5,0,6.3,2024-05-19 08:42:30,"We're delighted to know that our app met your expectations. Should you have any further suggestions or queries, don't hesitate to write to us at zugarmobility@gmail.com.",2024-05-21 02:13:27,6.3
de82e99f-66b6-47e5-8a0e-41bd6f7308e8,A Google user,https://play-lh.googleusercontent.com/EGemoI2NTXmTsBVtJqk8jxF9rh8ApRWfsIMQSt2uE4OcpQqbFu7f7NbTK05lx80nuSijCz7sc3a277R67g,Nic,5,0,6.3,2024-05-19 01:15:56,,,6.3
dcfc8918-25fa-4d16-8ff7-13c049ad1866,A Google user,https://play-lh.googleusercontent.com/EGemoI2NTXmTsBVtJqk8jxF9rh8ApRWfsIMQSt2uE4OcpQqbFu7f7NbTK05lx80nuSijCz7sc3a277R67g,Masa allah,5,0,6.3,2024-05-19 00:50:41,,,6.3
c3d3f11f-1fe3-45f8-a95a-b2cc528aed18,A Google user,https://play-lh.googleusercontent.com/EGemoI2NTXmTsBVtJqk8jxF9rh8ApRWfsIMQSt2uE4OcpQqbFu7f7NbTK05lx80nuSijCz7sc3a277R67g,زبر دست,5,0,6.3,2024-05-18 19:53:15,,,6.3
d49be4d4-82c8-4231-8517-602eec5205ec,A Google user,https://play-lh.googleusercontent.com/EGemoI2NTXmTsBVtJqk8jxF9rh8ApRWfsIMQSt2uE4OcpQqbFu7f7NbTK05lx80nuSijCz7sc3a277R67g,Good,5,0,6.3,2024-05-18 18:43:39,"We're delighted to know that our app met your expectations. Should you have any further suggestions or queries, don't hesitate to write to us at zugarmobility@gmail.com.",2024-05-21 02:13:32,6.3
b582d333-6377-4108-b9f3-a5569fea51d6,A Google user,https://play-lh.googleusercontent.com/EGemoI2NTXmTsBVtJqk8jxF9rh8ApRWfsIMQSt2uE4OcpQqbFu7f7NbTK05lx80nuSijCz7sc3a277R67g,Nice 👍👍👍,5,0,6.3,2024-05-18 13:17:15,"We're delighted to know that our app met your expectations. Should you have any further suggestions or queries, don't hesitate to write to us at zugarmobility@gmail.com.",2024-05-21 02:13:35,6.3
4d8d3e0c-fb6e-40fd-81b2-423bea1ac52c,A Google user,https://play-lh.googleusercontent.com/EGemoI2NTXmTsBVtJqk8jxF9rh8ApRWfsIMQSt2uE4OcpQqbFu7f7NbTK05lx80nuSijCz7sc3a277R67g,Very usefull for migrating people's,5,2,6.3,2024-05-18 12:09:19,,,6.3
628fba0c-6a65-44ab-8523-bcba5d69a245,A Google user,https://play-lh.googleusercontent.com/EGemoI2NTXmTsBVtJqk8jxF9rh8ApRWfsIMQSt2uE4OcpQqbFu7f7NbTK05lx80nuSijCz7sc3a277R67g,Good,4,0,6.3,2024-05-18 01:50:42,Happy to know you're liking our app. We strive for excellence and your 5-star rating will boost our spirits!,2024-05-21 02:13:42,6.3
5322c605-bb0f-4fdf-9e24-d9aa0fec8e38,A Google user,https://play-lh.googleusercontent.com/EGemoI2NTXmTsBVtJqk8jxF9rh8ApRWfsIMQSt2uE4OcpQqbFu7f7NbTK05lx80nuSijCz7sc3a277R67g,Amazing aap,5,0,6.3,2024-05-16 18:11:20,"We're delighted to know that our app met your expectations. Should you have any further suggestions or queries, don't hesitate to write to us at zugarmobility@gmail.com.",2024-05-21 02:14:08,6.3
4f58db3b-5fd9-4b5d-90a7-7b597aad1a00,A Google user,https://play-lh.googleusercontent.com/EGemoI2NTXmTsBVtJqk8jxF9rh8ApRWfsIMQSt2uE4OcpQqbFu7f7NbTK05lx80nuSijCz7sc3a277R67g,Great App,5,0,6.3,2024-05-16 07:12:48,"We're delighted to know that our app met your expectations. Should you have any further suggestions or queries, don't hesitate to write to us at zugarmobility@gmail.com.",2024-05-21 02:14:10,6.3
e11d808d-535c-4a06-b904-54e32055777e,A Google user,https://play-lh.googleusercontent.com/EGemoI2NTXmTsBVtJqk8jxF9rh8ApRWfsIMQSt2uE4OcpQqbFu7f7NbTK05lx80nuSijCz7sc3a277R67g,আলহামদুলিল্লাহ,5,0,6.3,2024-05-15 23:40:19,,,6.3
d498d774-cce1-43d3-a6fa-dabf95df4166,A Google user,https://play-lh.googleusercontent.com/EGemoI2NTXmTsBVtJqk8jxF9rh8ApRWfsIMQSt2uE4OcpQqbFu7f7NbTK05lx80nuSijCz7sc3a277R67g,How is beautiful app!...,5,0,6.3,2024-05-15 12:09:59,"We're delighted to know that our app met your expectations. Should you have any further suggestions or queries, don't hesitate to write to us at zugarmobility@gmail.com.",2024-05-21 02:14:15,6.3
5697ad31-a435-42b0-a778-c80e447f9b16,A Google user,https://play-lh.googleusercontent.com/EGemoI2NTXmTsBVtJqk8jxF9rh8ApRWfsIMQSt2uE4OcpQqbFu7f7NbTK05lx80nuSijCz7sc3a277R67g,Good,5,0,6.3,2024-05-14 14:42:37,"We're delighted to know that our app met your expectations. Should you have any further suggestions or queries, don't hesitate to write to us at zugarmobility@gmail.com.",2024-05-21 02:14:22,6.3
298db8f8-d127-4f5f-9abd-83995b7a2e99,A Google user,https://play-lh.googleusercontent.com/EGemoI2NTXmTsBVtJqk8jxF9rh8ApRWfsIMQSt2uE4OcpQqbFu7f7NbTK05lx80nuSijCz7sc3a277R67g,Nice masha allah,5,0,6.3,2024-05-13 21:28:22,,,6.3
9c463327-caa5-40ec-9a5f-08df0c0edb99,A Google user,https://play-lh.googleusercontent.com/EGemoI2NTXmTsBVtJqk8jxF9rh8ApRWfsIMQSt2uE4OcpQqbFu7f7NbTK05lx80nuSijCz7sc3a277R67g,Is so intresting MashaAllah,5,0,6.3,2024-05-13 10:16:52,,,6.3
54a4c2fd-c007-4ed7-a3fa-2d344cb529ff,A Google user,https://play-lh.googleusercontent.com/EGemoI2NTXmTsBVtJqk8jxF9rh8ApRWfsIMQSt2uE4OcpQqbFu7f7NbTK05lx80nuSijCz7sc3a277R67g,تمام اوكايه,5,0,6.3,2024-05-13 06:23:02,,,6.3
af4e9f18-f4bf-4cc2-98dd-f0f9f5a692b3,A Google user,https://play-lh.googleusercontent.com/EGemoI2NTXmTsBVtJqk8jxF9rh8ApRWfsIMQSt2uE4OcpQqbFu7f7NbTK05lx80nuSijCz7sc3a277R67g,alhamdulillah ☝️,5,0,6.3,2024-05-12 20:52:41,,,6.3
790b0c2b-a3f4-4f84-bd6b-4bee0ac7b816,A Google user,https://play-lh.googleusercontent.com/EGemoI2NTXmTsBVtJqk8jxF9rh8ApRWfsIMQSt2uE4OcpQqbFu7f7NbTK05lx80nuSijCz7sc3a277R67g,আলহামদুলিল্লাহ। খুব ভালো একটি এপস,5,0,6.3,2024-05-12 19:22:46,,,6.3
7b61c789-ae66-42e1-b18f-73ac4f5b2651,A Google user,https://play-lh.googleusercontent.com/EGemoI2NTXmTsBVtJqk8jxF9rh8ApRWfsIMQSt2uE4OcpQqbFu7f7NbTK05lx80nuSijCz7sc3a277R67g,Very good,5,0,6.3,2024-05-12 12:27:54,,,6.3
f0e061e8-21b0-435e-9179-8f58255ed020,A Google user,https://play-lh.googleusercontent.com/EGemoI2NTXmTsBVtJqk8jxF9rh8ApRWfsIMQSt2uE4OcpQqbFu7f7NbTK05lx80nuSijCz7sc3a277R67g,"This app has it all, Alhamdulillah It is very helpful to me as a beginner reader of AlQuran... Maa shaaa Allah May Allah reward the entire team for such an amazing app",5,38,6.3,2024-05-12 04:32:41,,,6.3
19c96d3d-2157-47b2-b294-447d069684b9,A Google user,https://play-lh.googleusercontent.com/EGemoI2NTXmTsBVtJqk8jxF9rh8ApRWfsIMQSt2uE4OcpQqbFu7f7NbTK05lx80nuSijCz7sc3a277R67g,Good,5,0,6.3,2024-05-12 00:25:50,,,6.3
06abb786-8527-45e4-8b3d-9b78acc8aeac,A Google user,https://play-lh.googleusercontent.com/EGemoI2NTXmTsBVtJqk8jxF9rh8ApRWfsIMQSt2uE4OcpQqbFu7f7NbTK05lx80nuSijCz7sc3a277R67g,Wow,2,0,6.3,2024-05-11 23:30:12,,,6.3
df80fc32-0e24-4ab8-b3f8-6862006c3c20,A Google user,https://play-lh.googleusercontent.com/EGemoI2NTXmTsBVtJqk8jxF9rh8ApRWfsIMQSt2uE4OcpQqbFu7f7NbTK05lx80nuSijCz7sc3a277R67g,Good,5,0,6.3,2024-05-11 22:16:21,,,6.3
e5521a2e-3cd8-43c6-8f73-d081385cde3b,A Google user,https://play-lh.googleusercontent.com/EGemoI2NTXmTsBVtJqk8jxF9rh8ApRWfsIMQSt2uE4OcpQqbFu7f7NbTK05lx80nuSijCz7sc3a277R67g,Very nice app,5,0,6.3,2024-05-11 12:35:15,,,6.3
e76fc353-dda1-49cd-8da1-b4e65f514ef3,A Google user,https://play-lh.googleusercontent.com/EGemoI2NTXmTsBVtJqk8jxF9rh8ApRWfsIMQSt2uE4OcpQqbFu7f7NbTK05lx80nuSijCz7sc3a277R67g,Mashallah,5,0,6.3,2024-05-11 08:20:33,,,6.3
b91bf133-bb8a-4cae-badf-698bb2bcc19e,A Google user,https://play-lh.googleusercontent.com/EGemoI2NTXmTsBVtJqk8jxF9rh8ApRWfsIMQSt2uE4OcpQqbFu7f7NbTK05lx80nuSijCz7sc3a277R67g,Mashallah,5,0,6.3,2024-05-10 21:16:57,,,6.3
7aa3f642-96e4-45a4-b86c-5517e3af2710,A Google user,https://play-lh.googleusercontent.com/EGemoI2NTXmTsBVtJqk8jxF9rh8ApRWfsIMQSt2uE4OcpQqbFu7f7NbTK05lx80nuSijCz7sc3a277R67g,Alhamdulillah,5,0,6.3,2024-05-10 15:41:32,,,6.3
23889abb-1014-4c15-8708-deca6f3af440,A Google user,https://play-lh.googleusercontent.com/EGemoI2NTXmTsBVtJqk8jxF9rh8ApRWfsIMQSt2uE4OcpQqbFu7f7NbTK05lx80nuSijCz7sc3a277R67g,Mashallah,5,0,6.3,2024-05-10 12:50:14,,,6.3
3e74b47e-832b-4979-a6d5-d2ae031f6981,A Google user,https://play-lh.googleusercontent.com/EGemoI2NTXmTsBVtJqk8jxF9rh8ApRWfsIMQSt2uE4OcpQqbFu7f7NbTK05lx80nuSijCz7sc3a277R67g,It's a good app and nice,5,0,6.3,2024-05-10 07:32:45,,,6.3
681e3460-4944-46d5-89d1-72aa75899f07,A Google user,https://play-lh.googleusercontent.com/EGemoI2NTXmTsBVtJqk8jxF9rh8ApRWfsIMQSt2uE4OcpQqbFu7f7NbTK05lx80nuSijCz7sc3a277R67g,Thanks so much ❤,5,1,6.3,2024-05-10 06:42:32,,,6.3
b99b93b8-69fd-407c-812e-b000e54db696,A Google user,https://play-lh.googleusercontent.com/EGemoI2NTXmTsBVtJqk8jxF9rh8ApRWfsIMQSt2uE4OcpQqbFu7f7NbTK05lx80nuSijCz7sc3a277R67g,Waktu azan salah..lewat lebih satu jam dari waktu sepatutnya waktu azan..,1,0,6.3,2024-05-09 15:02:25,,,6.3
ad876d04-aad8-4fdb-8e65-5764fc2dd5b4,A Google user,https://play-lh.googleusercontent.com/EGemoI2NTXmTsBVtJqk8jxF9rh8ApRWfsIMQSt2uE4OcpQqbFu7f7NbTK05lx80nuSijCz7sc3a277R67g,Excellent,4,0,6.3,2024-05-09 09:29:14,,,6.3
65f27077-56dd-4bbe-aaa0-7476697799a7,A Google user,https://play-lh.googleusercontent.com/EGemoI2NTXmTsBVtJqk8jxF9rh8ApRWfsIMQSt2uE4OcpQqbFu7f7NbTK05lx80nuSijCz7sc3a277R67g,All in one,5,0,6.3,2024-05-08 03:00:11,,,6.3
a25c9945-9449-4c60-b199-3a549d80250b,A Google user,https://play-lh.googleusercontent.com/EGemoI2NTXmTsBVtJqk8jxF9rh8ApRWfsIMQSt2uE4OcpQqbFu7f7NbTK05lx80nuSijCz7sc3a277R67g,Well performance,5,0,6.3,2024-05-07 23:00:17,,,6.3
691e833b-d392-471c-96c7-28d050f34d57,A Google user,https://play-lh.googleusercontent.com/EGemoI2NTXmTsBVtJqk8jxF9rh8ApRWfsIMQSt2uE4OcpQqbFu7f7NbTK05lx80nuSijCz7sc3a277R67g,I love this apps ♥️♥️♥️♥️♥️♥️♥️♥️♥️♥️♥️♥️♥️♥️♥️♥️♥️🥰🥰🥰🥰🥰,5,0,6.3,2024-05-07 04:52:24,,,6.3
2830015f-9e94-4736-adf1-c4d19450fa85,A Google user,https://play-lh.googleusercontent.com/EGemoI2NTXmTsBVtJqk8jxF9rh8ApRWfsIMQSt2uE4OcpQqbFu7f7NbTK05lx80nuSijCz7sc3a277R67g,Nice,5,0,6.3,2024-05-06 21:53:57,,,6.3
0fc1039c-3520-4110-9d34-5cfc28cbdd99,A Google user,https://play-lh.googleusercontent.com/EGemoI2NTXmTsBVtJqk8jxF9rh8ApRWfsIMQSt2uE4OcpQqbFu7f7NbTK05lx80nuSijCz7sc3a277R67g,Good,5,0,6.3,2024-05-06 13:05:28,,,6.3
73543ab8-96c1-4a52-97eb-d99febdc17c8,A Google user,https://play-lh.googleusercontent.com/EGemoI2NTXmTsBVtJqk8jxF9rh8ApRWfsIMQSt2uE4OcpQqbFu7f7NbTK05lx80nuSijCz7sc3a277R67g,Great app,5,0,6.3,2024-05-06 09:16:29,,,6.3
deafbfc6-a15d-401b-9c18-bed3b44556d7,A Google user,https://play-lh.googleusercontent.com/EGemoI2NTXmTsBVtJqk8jxF9rh8ApRWfsIMQSt2uE4OcpQqbFu7f7NbTK05lx80nuSijCz7sc3a277R67g,Nice app,5,0,6.3,2024-05-05 23:04:00,,,6.3
1e0b17a7-5fd8-415d-9a23-c26d5561a1f5,A Google user,https://play-lh.googleusercontent.com/EGemoI2NTXmTsBVtJqk8jxF9rh8ApRWfsIMQSt2uE4OcpQqbFu7f7NbTK05lx80nuSijCz7sc3a277R67g,Good,5,0,6.3,2024-05-05 04:42:58,,,6.3
816907fd-0e74-4a15-92a8-39d3808d1a5a,A Google user,https://play-lh.googleusercontent.com/EGemoI2NTXmTsBVtJqk8jxF9rh8ApRWfsIMQSt2uE4OcpQqbFu7f7NbTK05lx80nuSijCz7sc3a277R67g,Nice aap,5,0,,2024-05-05 01:41:45,,,
027e665a-c883-4f8c-8260-388a0058559d,A Google user,https://play-lh.googleusercontent.com/EGemoI2NTXmTsBVtJqk8jxF9rh8ApRWfsIMQSt2uE4OcpQqbFu7f7NbTK05lx80nuSijCz7sc3a277R67g,بارك الله فيكم,5,0,6.3,2024-05-05 01:24:30,,,6.3
a3f90677-5e53-466d-861a-c9fd464e6c8f,A Google user,https://play-lh.googleusercontent.com/EGemoI2NTXmTsBVtJqk8jxF9rh8ApRWfsIMQSt2uE4OcpQqbFu7f7NbTK05lx80nuSijCz7sc3a277R67g,"Very useful application, and easy to use",5,3,6.3,2024-05-05 00:20:15,,,6.3
ebdcc12f-a052-4477-99a9-9dd8fbcafd16,A Google user,https://play-lh.googleusercontent.com/EGemoI2NTXmTsBVtJqk8jxF9rh8ApRWfsIMQSt2uE4OcpQqbFu7f7NbTK05lx80nuSijCz7sc3a277R67g,Good,4,0,6.3,2024-05-04 19:41:29,,,6.3
4625a617-191e-4a59-8423-86f139f73d87,A Google user,https://play-lh.googleusercontent.com/EGemoI2NTXmTsBVtJqk8jxF9rh8ApRWfsIMQSt2uE4OcpQqbFu7f7NbTK05lx80nuSijCz7sc3a277R67g,Good,3,0,6.3,2024-05-03 21:24:39,,,6.3
d735bb5d-f994-4de6-a5ad-d32a635159ec,A Google user,https://play-lh.googleusercontent.com/EGemoI2NTXmTsBVtJqk8jxF9rh8ApRWfsIMQSt2uE4OcpQqbFu7f7NbTK05lx80nuSijCz7sc3a277R67g,islam zindabad Muslim prayer app🥰🥰🥰🥰🥰,5,0,6.3,2024-05-03 18:57:42,,,6.3
6bb29d2d-176b-4362-8adc-0cba09fb47c4,A Google user,https://play-lh.googleusercontent.com/EGemoI2NTXmTsBVtJqk8jxF9rh8ApRWfsIMQSt2uE4OcpQqbFu7f7NbTK05lx80nuSijCz7sc3a277R67g,Good,5,0,6.3,2024-05-03 11:26:23,,,6.3
7666f148-4128-40f0-a0ac-83b25c25dc63,A Google user,https://play-lh.googleusercontent.com/EGemoI2NTXmTsBVtJqk8jxF9rh8ApRWfsIMQSt2uE4OcpQqbFu7f7NbTK05lx80nuSijCz7sc3a277R67g,Good !,5,0,6.3,2024-05-03 11:14:16,,,6.3
ca98e5e4-7d0f-4e76-8297-ed1d6a669221,A Google user,https://play-lh.googleusercontent.com/EGemoI2NTXmTsBVtJqk8jxF9rh8ApRWfsIMQSt2uE4OcpQqbFu7f7NbTK05lx80nuSijCz7sc3a277R67g,Excellent,5,0,6.3,2024-05-03 10:33:48,,,6.3
acfae659-4b53-41fd-9ada-93b95711e4e8,A Google user,https://play-lh.googleusercontent.com/EGemoI2NTXmTsBVtJqk8jxF9rh8ApRWfsIMQSt2uE4OcpQqbFu7f7NbTK05lx80nuSijCz7sc3a277R67g,زبردست,4,0,6.3,2024-05-03 09:16:59,,,6.3
732233ab-f8b7-4fe5-91ef-3fd052223418,A Google user,https://play-lh.googleusercontent.com/EGemoI2NTXmTsBVtJqk8jxF9rh8ApRWfsIMQSt2uE4OcpQqbFu7f7NbTK05lx80nuSijCz7sc3a277R67g,Nice,5,0,6.3,2024-05-03 06:16:53,,,6.3
00d087d6-0ee5-45bf-9a95-daed6433289b,A Google user,https://play-lh.googleusercontent.com/EGemoI2NTXmTsBVtJqk8jxF9rh8ApRWfsIMQSt2uE4OcpQqbFu7f7NbTK05lx80nuSijCz7sc3a277R67g,Sabursk,5,0,6.3,2024-05-02 21:50:39,,,6.3
a3c3eef7-1a78-46f0-b347-66cddd2ba83c,A Google user,https://play-lh.googleusercontent.com/EGemoI2NTXmTsBVtJqk8jxF9rh8ApRWfsIMQSt2uE4OcpQqbFu7f7NbTK05lx80nuSijCz7sc3a277R67g,Lovely app. Jazakallah Khairan,5,0,6.3,2024-05-02 04:43:51,,,6.3
f152525c-17f5-459b-863e-67bfc2752ac7,A Google user,https://play-lh.googleusercontent.com/EGemoI2NTXmTsBVtJqk8jxF9rh8ApRWfsIMQSt2uE4OcpQqbFu7f7NbTK05lx80nuSijCz7sc3a277R67g,Nice app,5,0,6.3,2024-05-02 00:37:03,,,6.3
111ab1cf-bc78-4785-8405-13b1fdd3765b,A Google user,https://play-lh.googleusercontent.com/EGemoI2NTXmTsBVtJqk8jxF9rh8ApRWfsIMQSt2uE4OcpQqbFu7f7NbTK05lx80nuSijCz7sc3a277R67g,Good...but don't have money for subscription,3,1,6.3,2024-05-01 23:35:15,,,6.3
27114bc5-3d92-425a-9427-8003b4db20c9,A Google user,https://play-lh.googleusercontent.com/EGemoI2NTXmTsBVtJqk8jxF9rh8ApRWfsIMQSt2uE4OcpQqbFu7f7NbTK05lx80nuSijCz7sc3a277R67g,নাইচ,5,0,6.1,2024-05-01 21:40:15,,,6.1
f4df15e5-63c9-4fc1-ad07-ec8c88e04d49,A Google user,https://play-lh.googleusercontent.com/EGemoI2NTXmTsBVtJqk8jxF9rh8ApRWfsIMQSt2uE4OcpQqbFu7f7NbTK05lx80nuSijCz7sc3a277R67g,"Banyak betul ads, nak cari location kawasan kita pun pending Lamar",1,0,,2024-05-01 11:06:26,,,
2749a29f-7026-4974-982d-f8c22528c4e5,A Google user,https://play-lh.googleusercontent.com/EGemoI2NTXmTsBVtJqk8jxF9rh8ApRWfsIMQSt2uE4OcpQqbFu7f7NbTK05lx80nuSijCz7sc3a277R67g,Farooq Mure Hi,5,0,6.3,2024-05-01 03:35:11,,,6.3
a15eebd9-3607-4e67-88c4-a4e13bf5c4ac,A Google user,https://play-lh.googleusercontent.com/EGemoI2NTXmTsBVtJqk8jxF9rh8ApRWfsIMQSt2uE4OcpQqbFu7f7NbTK05lx80nuSijCz7sc3a277R67g,Alhamdulillah it's nice,5,0,6.3,2024-04-30 21:57:25,,,6.3
c6880aa0-ddc4-4ea6-ad0d-0caa81185da0,A Google user,https://play-lh.googleusercontent.com/EGemoI2NTXmTsBVtJqk8jxF9rh8ApRWfsIMQSt2uE4OcpQqbFu7f7NbTK05lx80nuSijCz7sc3a277R67g,So excellent,5,0,6.3,2024-04-30 18:15:18,,,6.3
1c4dbc85-4edf-4475-a265-da9e6637a24c,A Google user,https://play-lh.googleusercontent.com/EGemoI2NTXmTsBVtJqk8jxF9rh8ApRWfsIMQSt2uE4OcpQqbFu7f7NbTK05lx80nuSijCz7sc3a277R67g,"I appreciate the owner of this app,, i want to thank you with the core of my heart",5,2,6.3,2024-04-30 17:05:49,,,6.3
1773bd80-34e8-4cce-be47-9a18b4a1639b,A Google user,https://play-lh.googleusercontent.com/EGemoI2NTXmTsBVtJqk8jxF9rh8ApRWfsIMQSt2uE4OcpQqbFu7f7NbTK05lx80nuSijCz7sc3a277R67g,Very good,5,0,6.3,2024-04-30 10:10:33,,,6.3
e7580e7f-eb14-4f83-8048-46cbeb16204f,A Google user,https://play-lh.googleusercontent.com/EGemoI2NTXmTsBVtJqk8jxF9rh8ApRWfsIMQSt2uE4OcpQqbFu7f7NbTK05lx80nuSijCz7sc3a277R67g,ممتاز,5,0,6.3,2024-04-30 04:00:49,,,6.3
8edb8896-c61c-41b5-acb8-ec8716381658,A Google user,https://play-lh.googleusercontent.com/EGemoI2NTXmTsBVtJqk8jxF9rh8ApRWfsIMQSt2uE4OcpQqbFu7f7NbTK05lx80nuSijCz7sc3a277R67g,Alhamdulillah this app is so good.,5,0,6.3,2024-04-30 00:06:19,,,6.3
9f5a85e7-c762-4762-953c-14ebf85fbe73,A Google user,https://play-lh.googleusercontent.com/EGemoI2NTXmTsBVtJqk8jxF9rh8ApRWfsIMQSt2uE4OcpQqbFu7f7NbTK05lx80nuSijCz7sc3a277R67g,Superb,5,0,6.3,2024-04-29 23:46:48,,,6.3
d4c92a17-b787-4157-a7e1-ada6aa4c0e3a,A Google user,https://play-lh.googleusercontent.com/EGemoI2NTXmTsBVtJqk8jxF9rh8ApRWfsIMQSt2uE4OcpQqbFu7f7NbTK05lx80nuSijCz7sc3a277R67g,Anowar,5,0,6.3,2024-04-29 16:35:53,,,6.3
637c74e2-f348-4bf0-ae80-089cb01c413a,A Google user,https://play-lh.googleusercontent.com/EGemoI2NTXmTsBVtJqk8jxF9rh8ApRWfsIMQSt2uE4OcpQqbFu7f7NbTK05lx80nuSijCz7sc3a277R67g,Lovely,5,0,6.3,2024-04-29 12:04:37,,,6.3
d454c10a-5cff-4cc6-9830-bc52c4439b6d,A Google user,https://play-lh.googleusercontent.com/EGemoI2NTXmTsBVtJqk8jxF9rh8ApRWfsIMQSt2uE4OcpQqbFu7f7NbTK05lx80nuSijCz7sc3a277R67g,This application is very important to eni Muslim,5,0,6.3,2024-04-28 21:39:28,,,6.3
eb6d7d4f-e6d0-4255-b818-44f853fc9247,A Google user,https://play-lh.googleusercontent.com/EGemoI2NTXmTsBVtJqk8jxF9rh8ApRWfsIMQSt2uE4OcpQqbFu7f7NbTK05lx80nuSijCz7sc3a277R67g,Good,4,0,6.3,2024-04-28 16:59:53,,,6.3
cb20f5fd-4eec-4241-ba80-8c55ceb7527f,A Google user,https://play-lh.googleusercontent.com/EGemoI2NTXmTsBVtJqk8jxF9rh8ApRWfsIMQSt2uE4OcpQqbFu7f7NbTK05lx80nuSijCz7sc3a277R67g,Very helpful information,4,0,6.3,2024-04-28 13:26:17,,,6.3
6df2140b-b2a5-48bc-b822-2e0c63ec3351,A Google user,https://play-lh.googleusercontent.com/EGemoI2NTXmTsBVtJqk8jxF9rh8ApRWfsIMQSt2uE4OcpQqbFu7f7NbTK05lx80nuSijCz7sc3a277R67g,Very good,5,0,6.3,2024-04-28 10:39:36,,,6.3
5b7919ad-4099-47a6-ac9a-3dfe19c07139,A Google user,https://play-lh.googleusercontent.com/EGemoI2NTXmTsBVtJqk8jxF9rh8ApRWfsIMQSt2uE4OcpQqbFu7f7NbTK05lx80nuSijCz7sc3a277R67g,Best app,5,0,6.3,2024-04-28 08:21:51,,,6.3
7e2a3181-efec-4753-b617-493898674613,A Google user,https://play-lh.googleusercontent.com/EGemoI2NTXmTsBVtJqk8jxF9rh8ApRWfsIMQSt2uE4OcpQqbFu7f7NbTK05lx80nuSijCz7sc3a277R67g,Good,5,0,6.3,2024-04-28 03:34:11,,,6.3
6fb9eb34-e5ad-4ac9-8dbf-c90e5f925079,A Google user,https://play-lh.googleusercontent.com/EGemoI2NTXmTsBVtJqk8jxF9rh8ApRWfsIMQSt2uE4OcpQqbFu7f7NbTK05lx80nuSijCz7sc3a277R67g,Good,5,0,6.3,2024-04-28 00:39:00,,,6.3
06a2d184-0c40-4719-8073-214868616036,A Google user,https://play-lh.googleusercontent.com/EGemoI2NTXmTsBVtJqk8jxF9rh8ApRWfsIMQSt2uE4OcpQqbFu7f7NbTK05lx80nuSijCz7sc3a277R67g,this app so naice,5,0,6.3,2024-04-27 19:21:19,,,6.3
8255989e-ba28-4910-91b4-724f03ccee33,A Google user,https://play-lh.googleusercontent.com/EGemoI2NTXmTsBVtJqk8jxF9rh8ApRWfsIMQSt2uE4OcpQqbFu7f7NbTK05lx80nuSijCz7sc3a277R67g,"Too much adds ,😞",1,0,6.3,2024-04-27 10:06:15,,,6.3
9a9cf987-9ba6-4fb7-9b87-1b0295cb49cd,A Google user,https://play-lh.googleusercontent.com/EGemoI2NTXmTsBVtJqk8jxF9rh8ApRWfsIMQSt2uE4OcpQqbFu7f7NbTK05lx80nuSijCz7sc3a277R67g,Nice app,5,0,6.3,2024-04-27 07:24:45,,,6.3
4c15af09-67ff-45af-8561-334cdaecc41a,A Google user,https://play-lh.googleusercontent.com/EGemoI2NTXmTsBVtJqk8jxF9rh8ApRWfsIMQSt2uE4OcpQqbFu7f7NbTK05lx80nuSijCz7sc3a277R67g,Rahulsk,5,0,6.3,2024-04-26 17:11:52,,,6.3
a50a2d68-3c20-4753-a685-571f8a9b3255,A Google user,https://play-lh.googleusercontent.com/EGemoI2NTXmTsBVtJqk8jxF9rh8ApRWfsIMQSt2uE4OcpQqbFu7f7NbTK05lx80nuSijCz7sc3a277R67g,Nice,5,0,6.3,2024-04-26 15:09:42,,,6.3
19c6dd89-2a56-48a7-80ae-29f3af842aae,A Google user,https://play-lh.googleusercontent.com/EGemoI2NTXmTsBVtJqk8jxF9rh8ApRWfsIMQSt2uE4OcpQqbFu7f7NbTK05lx80nuSijCz7sc3a277R67g,Incredible,5,0,,2024-04-26 11:16:54,,,
ab668e93-39d2-4682-99ee-a91ff45ac5fd,A Google user,https://play-lh.googleusercontent.com/EGemoI2NTXmTsBVtJqk8jxF9rh8ApRWfsIMQSt2uE4OcpQqbFu7f7NbTK05lx80nuSijCz7sc3a277R67g,Some mistakes For example dal(د) Trancelat taa ط And ط trancelat daal (د) Please update this with correction,2,0,6.3,2024-04-26 06:14:45,,,6.3
97ec281a-6509-4130-aec2-ef9b652535c9,A Google user,https://play-lh.googleusercontent.com/EGemoI2NTXmTsBVtJqk8jxF9rh8ApRWfsIMQSt2uE4OcpQqbFu7f7NbTK05lx80nuSijCz7sc3a277R67g,It's really very nice,5,0,6.3,2024-04-26 02:45:45,,,6.3
a2c1ca13-4cc6-48f9-8ab5-a6eb0c64cfb1,A Google user,https://play-lh.googleusercontent.com/EGemoI2NTXmTsBVtJqk8jxF9rh8ApRWfsIMQSt2uE4OcpQqbFu7f7NbTK05lx80nuSijCz7sc3a277R67g,Masha allah,4,0,6.3,2024-04-26 02:08:35,,,6.3
afa6f38b-6111-45a0-8829-5070794746ab,A Google user,https://play-lh.googleusercontent.com/EGemoI2NTXmTsBVtJqk8jxF9rh8ApRWfsIMQSt2uE4OcpQqbFu7f7NbTK05lx80nuSijCz7sc3a277R67g,Great,5,0,6.3,2024-04-26 00:50:55,,,6.3
b399c316-55e0-4e48-8ab0-0d03d6fdcc8e,A Google user,https://play-lh.googleusercontent.com/EGemoI2NTXmTsBVtJqk8jxF9rh8ApRWfsIMQSt2uE4OcpQqbFu7f7NbTK05lx80nuSijCz7sc3a277R67g,Good,5,0,6.3,2024-04-25 21:02:56,,,6.3
30e7eb50-fc16-4bbf-9039-169441aac201,A Google user,https://play-lh.googleusercontent.com/EGemoI2NTXmTsBVtJqk8jxF9rh8ApRWfsIMQSt2uE4OcpQqbFu7f7NbTK05lx80nuSijCz7sc3a277R67g,Got pleasure to install Muslim prayer application,5,0,6.3,2024-04-25 19:33:29,,,6.3
e1317f96-ce1d-48f4-9b06-83e8df0f73a2,A Google user,https://play-lh.googleusercontent.com/EGemoI2NTXmTsBVtJqk8jxF9rh8ApRWfsIMQSt2uE4OcpQqbFu7f7NbTK05lx80nuSijCz7sc3a277R67g,Excellent,5,0,6.3,2024-04-25 15:48:04,,,6.3
ccebdf7d-24d9-49b2-abcf-73b1ade66b7e,A Google user,https://play-lh.googleusercontent.com/EGemoI2NTXmTsBVtJqk8jxF9rh8ApRWfsIMQSt2uE4OcpQqbFu7f7NbTK05lx80nuSijCz7sc3a277R67g,Great,5,0,6.3,2024-04-25 11:34:27,,,6.3
40e6acbe-4b9f-4d53-aa00-a5b2c82990b2,A Google user,https://play-lh.googleusercontent.com/EGemoI2NTXmTsBVtJqk8jxF9rh8ApRWfsIMQSt2uE4OcpQqbFu7f7NbTK05lx80nuSijCz7sc3a277R67g,Masha Allah,5,0,6.3,2024-04-25 02:23:14,,,6.3
cafa7a7a-ddf6-4726-9659-c5d7fece8b08,A Google user,https://play-lh.googleusercontent.com/EGemoI2NTXmTsBVtJqk8jxF9rh8ApRWfsIMQSt2uE4OcpQqbFu7f7NbTK05lx80nuSijCz7sc3a277R67g,Good,2,0,6.3,2024-04-25 00:50:57,,,6.3
488470db-9122-477b-b8be-29f729682bb6,A Google user,https://play-lh.googleusercontent.com/EGemoI2NTXmTsBVtJqk8jxF9rh8ApRWfsIMQSt2uE4OcpQqbFu7f7NbTK05lx80nuSijCz7sc3a277R67g,ভালো,4,0,6.3,2024-04-24 23:23:27,,,6.3
995e6760-8a5b-45da-836d-b66ed8c64d59,A Google user,https://play-lh.googleusercontent.com/EGemoI2NTXmTsBVtJqk8jxF9rh8ApRWfsIMQSt2uE4OcpQqbFu7f7NbTK05lx80nuSijCz7sc3a277R67g,It's a great application. Thank you and Allah(SWT) reward you.,4,0,6.3,2024-04-24 23:04:11,,,6.3
8306b3a6-c1f9-4c0a-b635-c8fa88466f11,A Google user,https://play-lh.googleusercontent.com/EGemoI2NTXmTsBVtJqk8jxF9rh8ApRWfsIMQSt2uE4OcpQqbFu7f7NbTK05lx80nuSijCz7sc3a277R67g,Masha Allah...,5,0,6.3,2024-04-24 18:26:35,,,6.3
d904a3a1-6d93-4f3a-99c3-0e5bb04d61ad,A Google user,https://play-lh.googleusercontent.com/EGemoI2NTXmTsBVtJqk8jxF9rh8ApRWfsIMQSt2uE4OcpQqbFu7f7NbTK05lx80nuSijCz7sc3a277R67g,ماشااللہ بہت کچھ سیکھنے کو ملتا ہے,5,0,6.3,2024-04-24 18:05:19,,,6.3
06708197-5068-427c-b45c-bfdf20c628a8,A Google user,https://play-lh.googleusercontent.com/EGemoI2NTXmTsBVtJqk8jxF9rh8ApRWfsIMQSt2uE4OcpQqbFu7f7NbTK05lx80nuSijCz7sc3a277R67g,Good,5,0,,2024-04-24 14:26:57,,,
fc28b01f-ae5e-423c-9347-5a0a98b7f7dd,A Google user,https://play-lh.googleusercontent.com/EGemoI2NTXmTsBVtJqk8jxF9rh8ApRWfsIMQSt2uE4OcpQqbFu7f7NbTK05lx80nuSijCz7sc3a277R67g,Naic apps,5,0,6.3,2024-04-24 12:00:52,,,6.3
7af71d48-bac7-49a0-89ec-7802a664c6bf,A Google user,https://play-lh.googleusercontent.com/EGemoI2NTXmTsBVtJqk8jxF9rh8ApRWfsIMQSt2uE4OcpQqbFu7f7NbTK05lx80nuSijCz7sc3a277R67g,غلط ایڈورٹائزنگ کر رہے ہیں حافظوں کے لئے یہ ایپلیکیشن نہیں ہے نہ یہ قران حفظ کرنے کے لئے ہے یہ نارمل قران ایپ ہے بس,1,0,6.3,2024-04-24 11:42:25,,,6.3
f98c0ee1-5fc2-4799-967b-39764543b7bc,A Google user,https://play-lh.googleusercontent.com/EGemoI2NTXmTsBVtJqk8jxF9rh8ApRWfsIMQSt2uE4OcpQqbFu7f7NbTK05lx80nuSijCz7sc3a277R67g,Excelente muchas gracias,5,0,6.3,2024-04-24 09:44:06,,,6.3
fc9c0f72-714d-426f-b914-7d33e2abbb45,A Google user,https://play-lh.googleusercontent.com/EGemoI2NTXmTsBVtJqk8jxF9rh8ApRWfsIMQSt2uE4OcpQqbFu7f7NbTK05lx80nuSijCz7sc3a277R67g,it's Great,5,0,6.3,2024-04-24 04:43:13,,,6.3
1604902a-19c4-4fc7-801e-21b3cfdbf8e7,A Google user,https://play-lh.googleusercontent.com/EGemoI2NTXmTsBVtJqk8jxF9rh8ApRWfsIMQSt2uE4OcpQqbFu7f7NbTK05lx80nuSijCz7sc3a277R67g,Yes MDANAS,5,0,6.3,2024-04-24 02:16:23,,,6.3
a89b3aa9-ae8b-4b89-ac3f-a09238be6026,A Google user,https://play-lh.googleusercontent.com/EGemoI2NTXmTsBVtJqk8jxF9rh8ApRWfsIMQSt2uE4OcpQqbFu7f7NbTK05lx80nuSijCz7sc3a277R67g,ভালো,5,0,6.3,2024-04-24 01:29:02,,,6.3
2b131ebd-ba9e-4225-951b-1515861ab431,A Google user,https://play-lh.googleusercontent.com/EGemoI2NTXmTsBVtJqk8jxF9rh8ApRWfsIMQSt2uE4OcpQqbFu7f7NbTK05lx80nuSijCz7sc3a277R67g,It is a very good and helping app,5,0,6.3,2024-04-23 11:01:57,"We're delighted to know that our app met your expectations. Should you have any further suggestions or queries, don't hesitate to write to us at zugarmobility@gmail.com.",2024-04-23 11:48:31,6.3
9abb0cf2-72f1-4ba8-ba29-3d09eacdef6b,A Google user,https://play-lh.googleusercontent.com/EGemoI2NTXmTsBVtJqk8jxF9rh8ApRWfsIMQSt2uE4OcpQqbFu7f7NbTK05lx80nuSijCz7sc3a277R67g,Great app,5,0,6.3,2024-04-23 06:37:04,"We're delighted to know that our app met your expectations. Should you have any further suggestions or queries, don't hesitate to write to us at zugarmobility@gmail.com.",2024-04-23 07:38:33,6.3
5bf9200e-fc50-4fc2-a463-d2f738f7e20f,A Google user,https://play-lh.googleusercontent.com/EGemoI2NTXmTsBVtJqk8jxF9rh8ApRWfsIMQSt2uE4OcpQqbFu7f7NbTK05lx80nuSijCz7sc3a277R67g,This Islamic app is better than all apps. I have used many Islamic Quran apps but it is not as comfortable as it is. Muslim all in one very comfortable app. This app has many good benefits. Thanks for this app ⭐⭐⭐⭐⭐,5,33,6.3,2024-04-23 06:06:37,"We're delighted to know that our app met your expectations. Should you have any further suggestions or queries, don't hesitate to write to us at zugarmobility@gmail.com.",2024-04-23 07:38:35,6.3
e24c5501-83d7-4b14-b261-4f37c2721b66,A Google user,https://play-lh.googleusercontent.com/EGemoI2NTXmTsBVtJqk8jxF9rh8ApRWfsIMQSt2uE4OcpQqbFu7f7NbTK05lx80nuSijCz7sc3a277R67g,MASHA ALLAH and jazakallahu Khairan,5,0,6.3,2024-04-22 23:22:51,,,6.3
ece79e99-83dc-4143-aa84-52cd6d07dd7e,A Google user,https://play-lh.googleusercontent.com/EGemoI2NTXmTsBVtJqk8jxF9rh8ApRWfsIMQSt2uE4OcpQqbFu7f7NbTK05lx80nuSijCz7sc3a277R67g,So useful and catching time right big thanks to the developer,5,2,6.3,2024-04-22 23:14:55,"We're delighted to know that our app met your expectations. Should you have any further suggestions or queries, don't hesitate to write to us at zugarmobility@gmail.com.",2024-04-23 01:23:30,6.3
8b9fa9fc-de98-4269-967d-59469cee0c89,A Google user,https://play-lh.googleusercontent.com/EGemoI2NTXmTsBVtJqk8jxF9rh8ApRWfsIMQSt2uE4OcpQqbFu7f7NbTK05lx80nuSijCz7sc3a277R67g,Chihabchihab,5,0,,2024-04-22 20:17:59,,,
ecf4967f-00c2-4039-a73b-498d5007283f,A Google user,https://play-lh.googleusercontent.com/EGemoI2NTXmTsBVtJqk8jxF9rh8ApRWfsIMQSt2uE4OcpQqbFu7f7NbTK05lx80nuSijCz7sc3a277R67g,Mate,5,0,6.3,2024-04-22 17:48:58,,,6.3
02fcb95e-00e5-4f00-8fdb-57697d783b27,A Google user,https://play-lh.googleusercontent.com/EGemoI2NTXmTsBVtJqk8jxF9rh8ApRWfsIMQSt2uE4OcpQqbFu7f7NbTK05lx80nuSijCz7sc3a277R67g,Very good app,5,0,6.3,2024-04-22 15:15:12,"We're delighted to know that our app met your expectations. Should you have any further suggestions or queries, don't hesitate to write to us at zugarmobility@gmail.com.",2024-04-22 17:03:32,6.3
b4858c30-0b76-46cd-8b9c-da1b74586fc2,A Google user,https://play-lh.googleusercontent.com/EGemoI2NTXmTsBVtJqk8jxF9rh8ApRWfsIMQSt2uE4OcpQqbFu7f7NbTK05lx80nuSijCz7sc3a277R67g,Alhamdulillah is good app,5,0,6.3,2024-04-22 14:45:38,"We're delighted to know that our app met your expectations. Should you have any further suggestions or queries, don't hesitate to write to us at zugarmobility@gmail.com.",2024-04-22 17:03:33,6.3
83277c6f-8941-4e23-a441-f6923e2ec07f,A Google user,https://play-lh.googleusercontent.com/EGemoI2NTXmTsBVtJqk8jxF9rh8ApRWfsIMQSt2uE4OcpQqbFu7f7NbTK05lx80nuSijCz7sc3a277R67g,Like,5,0,6.3,2024-04-22 13:05:00,,,6.3
f1a5cab8-44d3-4f61-9839-d7e3d867c04c,A Google user,https://play-lh.googleusercontent.com/EGemoI2NTXmTsBVtJqk8jxF9rh8ApRWfsIMQSt2uE4OcpQqbFu7f7NbTK05lx80nuSijCz7sc3a277R67g,SO USEFUL APP ✔️,5,0,6.3,2024-04-22 12:24:06,,,6.3
3755fcb1-745c-43d3-beb6-4496b4207b68,A Google user,https://play-lh.googleusercontent.com/EGemoI2NTXmTsBVtJqk8jxF9rh8ApRWfsIMQSt2uE4OcpQqbFu7f7NbTK05lx80nuSijCz7sc3a277R67g,"Alhamdullillah i love this app,i appreciate those who made this , 5 star for me alhamdullillah.",5,0,6.3,2024-04-22 07:42:38,"We're delighted to know that our app met your expectations. Should you have any further suggestions or queries, don't hesitate to write to us at zugarmobility@gmail.com.",2024-04-22 10:48:33,6.3
c5fc06e6-ece6-46e5-bf92-2ce9e87ef77c,A Google user,https://play-lh.googleusercontent.com/EGemoI2NTXmTsBVtJqk8jxF9rh8ApRWfsIMQSt2uE4OcpQqbFu7f7NbTK05lx80nuSijCz7sc3a277R67g,Masha allah,5,0,6.3,2024-04-21 22:57:26,,,6.3
a0f7bc61-5f61-432c-af51-2d0e90d57461,A Google user,https://play-lh.googleusercontent.com/EGemoI2NTXmTsBVtJqk8jxF9rh8ApRWfsIMQSt2uE4OcpQqbFu7f7NbTK05lx80nuSijCz7sc3a277R67g,Masallhe,5,0,6.3,2024-04-21 18:50:31,,,6.3
2a17b262-3008-470a-bcbf-3fe9b88501fe,A Google user,https://play-lh.googleusercontent.com/EGemoI2NTXmTsBVtJqk8jxF9rh8ApRWfsIMQSt2uE4OcpQqbFu7f7NbTK05lx80nuSijCz7sc3a277R67g,Adds are Too Much please Remove the adds thank you,4,1,6.3,2024-04-21 16:38:27,Happy to know you're liking our app. We strive for excellence and your 5-star rating will boost our spirits!,2024-04-21 18:08:32,6.3
eb9922bb-7936-4f4b-9a2b-d249b60d5483,A Google user,https://play-lh.googleusercontent.com/EGemoI2NTXmTsBVtJqk8jxF9rh8ApRWfsIMQSt2uE4OcpQqbFu7f7NbTK05lx80nuSijCz7sc3a277R67g,Very good🖤💜💛 Excellent,5,0,6.3,2024-04-21 14:50:35,"We're delighted to know that our app met your expectations. Should you have any further suggestions or queries, don't hesitate to write to us at zugarmobility@gmail.com.",2024-04-21 16:03:30,6.3
06112e81-7bdc-45ad-88fe-8b9f0cda1507,A Google user,https://play-lh.googleusercontent.com/EGemoI2NTXmTsBVtJqk8jxF9rh8ApRWfsIMQSt2uE4OcpQqbFu7f7NbTK05lx80nuSijCz7sc3a277R67g,Awesome 💯💯💯,5,0,6.3,2024-04-21 09:27:31,"We're delighted to know that our app met your expectations. Should you have any further suggestions or queries, don't hesitate to write to us at zugarmobility@gmail.com.",2024-04-21 13:58:33,6.3
828e8e68-f92f-4718-8f8c-fd0dc0c14108,A Google user,https://play-lh.googleusercontent.com/EGemoI2NTXmTsBVtJqk8jxF9rh8ApRWfsIMQSt2uE4OcpQqbFu7f7NbTK05lx80nuSijCz7sc3a277R67g,Mashallah,5,0,6.3,2024-04-21 03:21:47,,,6.3
5e92742a-c733-4789-b845-b37c9c6cc815,A Google user,https://play-lh.googleusercontent.com/EGemoI2NTXmTsBVtJqk8jxF9rh8ApRWfsIMQSt2uE4OcpQqbFu7f7NbTK05lx80nuSijCz7sc3a277R67g,Nice good for quran n to Arabic learning,4,1,6.3,2024-04-21 02:56:57,Happy to know you're liking our app. We strive for excellence and your 5-star rating will boost our spirits!,2024-04-21 03:33:32,6.3
172a281e-137c-491e-9992-435309952260,A Google user,https://play-lh.googleusercontent.com/EGemoI2NTXmTsBVtJqk8jxF9rh8ApRWfsIMQSt2uE4OcpQqbFu7f7NbTK05lx80nuSijCz7sc3a277R67g,Subhanallah,5,0,6.3,2024-04-21 01:23:53,,,6.3
f6ba935e-c418-4a92-bc40-c8430ec9eebf,A Google user,https://play-lh.googleusercontent.com/EGemoI2NTXmTsBVtJqk8jxF9rh8ApRWfsIMQSt2uE4OcpQqbFu7f7NbTK05lx80nuSijCz7sc3a277R67g,mashallah 🥰,5,0,,2024-04-21 00:58:29,,,
5e3be488-69e0-4d45-8c5c-46c175d8da8a,A Google user,https://play-lh.googleusercontent.com/EGemoI2NTXmTsBVtJqk8jxF9rh8ApRWfsIMQSt2uE4OcpQqbFu7f7NbTK05lx80nuSijCz7sc3a277R67g,Good apps,5,0,6.3,2024-04-20 20:31:22,"We're delighted to know that our app met your expectations. Should you have any further suggestions or queries, don't hesitate to write to us at zugarmobility@gmail.com.",2024-04-21 01:28:32,6.3
c61d795a-bcd2-40a8-9c57-7fdb00fc33ae,A Google user,https://play-lh.googleusercontent.com/EGemoI2NTXmTsBVtJqk8jxF9rh8ApRWfsIMQSt2uE4OcpQqbFu7f7NbTK05lx80nuSijCz7sc3a277R67g,Time not accurate,2,0,,2024-04-20 11:32:13,"We understand your disappointment and are eager to make things right. Help us improve by sharing your suggestions via email at zugarmobility@gmail.com. Rest assured, we're committed to creating a more satisfying experience.",2024-04-20 12:58:39,
08391339-5c04-476f-b0c6-1240c85d0a27,A Google user,https://play-lh.googleusercontent.com/EGemoI2NTXmTsBVtJqk8jxF9rh8ApRWfsIMQSt2uE4OcpQqbFu7f7NbTK05lx80nuSijCz7sc3a277R67g,Masha Allah Akih,5,0,6.3,2024-04-20 11:24:14,,,6.3
600b6b13-8188-4db1-825f-bbb89b8c33b2,A Google user,https://play-lh.googleusercontent.com/EGemoI2NTXmTsBVtJqk8jxF9rh8ApRWfsIMQSt2uE4OcpQqbFu7f7NbTK05lx80nuSijCz7sc3a277R67g,Best application,5,0,6.3,2024-04-20 07:00:44,"We're delighted to know that our app met your expectations. Should you have any further suggestions or queries, don't hesitate to write to us at zugarmobility@gmail.com.",2024-04-20 08:48:34,6.3
61d03cd7-d92a-4ebe-94c9-2d7ef5a3394d,A Google user,https://play-lh.googleusercontent.com/EGemoI2NTXmTsBVtJqk8jxF9rh8ApRWfsIMQSt2uE4OcpQqbFu7f7NbTK05lx80nuSijCz7sc3a277R67g,Best,5,0,6.3,2024-04-20 00:32:23,"We're delighted to know that our app met your expectations. Should you have any further suggestions or queries, don't hesitate to write to us at zugarmobility@gmail.com.",2024-04-20 02:33:32,6.3
bb0791da-da0f-4e54-9674-bfb129f2831f,A Google user,https://play-lh.googleusercontent.com/EGemoI2NTXmTsBVtJqk8jxF9rh8ApRWfsIMQSt2uE4OcpQqbFu7f7NbTK05lx80nuSijCz7sc3a277R67g,Superb,5,0,6.3,2024-04-19 21:14:58,"We're delighted to know that our app met your expectations. Should you have any further suggestions or queries, don't hesitate to write to us at zugarmobility@gmail.com.",2024-04-19 22:23:31,6.3
18bd01e1-0534-406d-bcdf-035eba26fe15,A Google user,https://play-lh.googleusercontent.com/EGemoI2NTXmTsBVtJqk8jxF9rh8ApRWfsIMQSt2uE4OcpQqbFu7f7NbTK05lx80nuSijCz7sc3a277R67g,جميل جدًا,5,0,6.3,2024-04-19 20:15:20,"We're delighted to know that our app met your expectations. Should you have any further suggestions or queries, don't hesitate to write to us at zugarmobility@gmail.com.",2024-04-19 22:23:35,6.3
b070e790-9599-421d-afec-2a784bcfb347,A Google user,https://play-lh.googleusercontent.com/EGemoI2NTXmTsBVtJqk8jxF9rh8ApRWfsIMQSt2uE4OcpQqbFu7f7NbTK05lx80nuSijCz7sc3a277R67g,overall perfect,5,0,6.3,2024-04-19 19:56:51,"We're delighted to know that our app met your expectations. Should you have any further suggestions or queries, don't hesitate to write to us at zugarmobility@gmail.com.",2024-04-19 22:23:38,6.3
680df817-5017-449a-9a8f-ac9508ef8814,A Google user,https://play-lh.googleusercontent.com/EGemoI2NTXmTsBVtJqk8jxF9rh8ApRWfsIMQSt2uE4OcpQqbFu7f7NbTK05lx80nuSijCz7sc3a277R67g,Working perfectly,5,0,6.3,2024-04-19 13:22:15,"We're delighted to know that our app met your expectations. Should you have any further suggestions or queries, don't hesitate to write to us at zugarmobility@gmail.com.",2024-04-19 16:08:33,6.3
86e97001-d645-43e9-ae44-e7ac6d0bd39f,A Google user,https://play-lh.googleusercontent.com/EGemoI2NTXmTsBVtJqk8jxF9rh8ApRWfsIMQSt2uE4OcpQqbFu7f7NbTK05lx80nuSijCz7sc3a277R67g,😑,5,0,6.3,2024-04-18 23:21:48,,,6.3
4d214675-538d-412f-ab3a-844c76a97697,A Google user,https://play-lh.googleusercontent.com/EGemoI2NTXmTsBVtJqk8jxF9rh8ApRWfsIMQSt2uE4OcpQqbFu7f7NbTK05lx80nuSijCz7sc3a277R67g,Amazing,1,0,6.3,2024-04-18 22:36:40,Happy to know you're liking our app. We strive for excellence and your 5-star rating will boost our spirits!,2024-04-19 01:33:31,6.3
eeb1be4f-14c5-464c-a021-619a9c2705c1,A Google user,https://play-lh.googleusercontent.com/EGemoI2NTXmTsBVtJqk8jxF9rh8ApRWfsIMQSt2uE4OcpQqbFu7f7NbTK05lx80nuSijCz7sc3a277R67g,Gooi,5,0,6.3,2024-04-18 20:20:47,,,6.3
86533d6c-0297-4106-97f7-4d254ce03b45,A Google user,https://play-lh.googleusercontent.com/EGemoI2NTXmTsBVtJqk8jxF9rh8ApRWfsIMQSt2uE4OcpQqbFu7f7NbTK05lx80nuSijCz7sc3a277R67g,Hundred percent Accurate,5,0,6.3,2024-04-18 15:53:49,,,6.3
1c42c366-5e2d-4771-aafc-8bb3aa0795c2,A Google user,https://play-lh.googleusercontent.com/EGemoI2NTXmTsBVtJqk8jxF9rh8ApRWfsIMQSt2uE4OcpQqbFu7f7NbTK05lx80nuSijCz7sc3a277R67g,It is very important alert app for namaz,5,0,6.3,2024-04-18 14:43:09,,,6.3
8fe0fc71-e033-4dfb-8259-f3000798ace8,A Google user,https://play-lh.googleusercontent.com/EGemoI2NTXmTsBVtJqk8jxF9rh8ApRWfsIMQSt2uE4OcpQqbFu7f7NbTK05lx80nuSijCz7sc3a277R67g,Mashallah,5,0,6.3,2024-04-18 12:26:35,,,6.3
3e0f4f69-fa72-40c2-a08b-8f93f74f2114,A Google user,https://play-lh.googleusercontent.com/EGemoI2NTXmTsBVtJqk8jxF9rh8ApRWfsIMQSt2uE4OcpQqbFu7f7NbTK05lx80nuSijCz7sc3a277R67g,Exception ok and very ok app,5,0,6.3,2024-04-18 07:43:17,,,6.3
670d75a6-ce58-4c6c-86a3-362881c02e0e,A Google user,https://play-lh.googleusercontent.com/EGemoI2NTXmTsBVtJqk8jxF9rh8ApRWfsIMQSt2uE4OcpQqbFu7f7NbTK05lx80nuSijCz7sc3a277R67g,Mashallah,5,0,6.3,2024-04-18 05:05:00,,,6.3
bbfc5448-6f0f-4582-9f80-9bf4963332af,A Google user,https://play-lh.googleusercontent.com/EGemoI2NTXmTsBVtJqk8jxF9rh8ApRWfsIMQSt2uE4OcpQqbFu7f7NbTK05lx80nuSijCz7sc3a277R67g,Nice app,5,0,6.3,2024-04-17 23:33:13,"We're delighted to know that our app met your expectations. Should you have any further suggestions or queries, don't hesitate to write to us at zugarmobility@gmail.com.",2024-04-18 00:33:30,6.3
b0034206-2a50-4c53-bb16-1f1efc70c35d,A Google user,https://play-lh.googleusercontent.com/EGemoI2NTXmTsBVtJqk8jxF9rh8ApRWfsIMQSt2uE4OcpQqbFu7f7NbTK05lx80nuSijCz7sc3a277R67g,بہت زیادہ خوبصورت ایپس ہے,5,0,6.3,2024-04-17 22:59:14,"We're delighted to know that our app met your expectations. Should you have any further suggestions or queries, don't hesitate to write to us at zugarmobility@gmail.com.",2024-04-18 00:33:32,6.3
3f8ad87e-4819-4459-bab4-94fbde5e85ed,A Google user,https://play-lh.googleusercontent.com/EGemoI2NTXmTsBVtJqk8jxF9rh8ApRWfsIMQSt2uE4OcpQqbFu7f7NbTK05lx80nuSijCz7sc3a277R67g,Nonsense bewakuf banaO mat logoko,1,0,6.3,2024-04-17 21:22:22,"We understand your disappointment and are eager to make things right. Help us improve by sharing your suggestions via email at zugarmobility@gmail.com. Rest assured, we're committed to creating a more satisfying experience.",2024-04-18 00:33:35,6.3
d363d643-fb92-4146-8785-25b8a8817025,A Google user,https://play-lh.googleusercontent.com/EGemoI2NTXmTsBVtJqk8jxF9rh8ApRWfsIMQSt2uE4OcpQqbFu7f7NbTK05lx80nuSijCz7sc3a277R67g,ok,5,0,6.3,2024-04-17 18:51:05,,,6.3
653e9e0b-7060-4551-b9ac-14b2909f22de,A Google user,https://play-lh.googleusercontent.com/EGemoI2NTXmTsBVtJqk8jxF9rh8ApRWfsIMQSt2uE4OcpQqbFu7f7NbTK05lx80nuSijCz7sc3a277R67g,I love you 😍 💋 💗 you ❤️ so much,5,0,,2024-04-17 11:56:27,"We're delighted to know that our app met your expectations. Should you have any further suggestions or queries, don't hesitate to write to us at zugarmobility@gmail.com.",2024-04-17 12:03:30,
d4cc3e20-12f3-4909-a157-322d02acc4bb,A Google user,https://play-lh.googleusercontent.com/EGemoI2NTXmTsBVtJqk8jxF9rh8ApRWfsIMQSt2uE4OcpQqbFu7f7NbTK05lx80nuSijCz7sc3a277R67g,Great application...,5,0,6.3,2024-04-17 10:19:22,"We're delighted to know that our app met your expectations. Should you have any further suggestions or queries, don't hesitate to write to us at zugarmobility@gmail.com.",2024-04-17 12:03:32,6.3
7d1ecee5-c9e8-4033-ab50-56f046fa81d6,A Google user,https://play-lh.googleusercontent.com/EGemoI2NTXmTsBVtJqk8jxF9rh8ApRWfsIMQSt2uE4OcpQqbFu7f7NbTK05lx80nuSijCz7sc3a277R67g,Nice,2,0,6.3,2024-04-17 08:25:39,Happy to know you're liking our app. We strive for excellence and your 5-star rating will boost our spirits!,2024-04-17 12:03:34,6.3
99f4c1e2-431f-4f80-a57e-a58ef2c80e54,A Google user,https://play-lh.googleusercontent.com/EGemoI2NTXmTsBVtJqk8jxF9rh8ApRWfsIMQSt2uE4OcpQqbFu7f7NbTK05lx80nuSijCz7sc3a277R67g,very useful. i love it,5,0,6.3,2024-04-17 06:37:56,"We're delighted to know that our app met your expectations. Should you have any further suggestions or queries, don't hesitate to write to us at zugarmobility@gmail.com.",2024-04-17 07:53:33,6.3
7a513f29-5f3b-481b-92af-cca05c7bcf91,A Google user,https://play-lh.googleusercontent.com/EGemoI2NTXmTsBVtJqk8jxF9rh8ApRWfsIMQSt2uE4OcpQqbFu7f7NbTK05lx80nuSijCz7sc3a277R67g,Ok,5,0,6.3,2024-04-17 04:45:22,,,6.3
bcbdfdf0-aaf5-4125-baa5-4b2677e78baa,A Google user,https://play-lh.googleusercontent.com/EGemoI2NTXmTsBVtJqk8jxF9rh8ApRWfsIMQSt2uE4OcpQqbFu7f7NbTK05lx80nuSijCz7sc3a277R67g,Super,5,0,6.3,2024-04-16 20:16:28,"We're delighted to know that our app met your expectations. Should you have any further suggestions or queries, don't hesitate to write to us at zugarmobility@gmail.com.",2024-04-16 21:28:32,6.3
34f9d3e1-3f09-4e2b-8b80-be544bd55370,A Google user,https://play-lh.googleusercontent.com/EGemoI2NTXmTsBVtJqk8jxF9rh8ApRWfsIMQSt2uE4OcpQqbFu7f7NbTK05lx80nuSijCz7sc3a277R67g,goog,5,0,6.3,2024-04-16 17:54:58,,,6.3
76a82d42-8bcf-489e-908e-cbd729049bd9,A Google user,https://play-lh.googleusercontent.com/EGemoI2NTXmTsBVtJqk8jxF9rh8ApRWfsIMQSt2uE4OcpQqbFu7f7NbTK05lx80nuSijCz7sc3a277R67g,Ok,5,0,6.3,2024-04-16 17:41:25,,,6.3
40badab2-9321-41c9-84aa-7ad18803c384,A Google user,https://play-lh.googleusercontent.com/EGemoI2NTXmTsBVtJqk8jxF9rh8ApRWfsIMQSt2uE4OcpQqbFu7f7NbTK05lx80nuSijCz7sc3a277R67g,গুড এপপ🥰🥰,5,0,6.3,2024-04-16 14:35:36,"We're delighted to know that our app met your expectations. Should you have any further suggestions or queries, don't hesitate to write to us at zugarmobility@gmail.com.",2024-04-16 15:13:30,6.3
69ba134c-ba9d-4660-b607-4ac3340a73ea,A Google user,https://play-lh.googleusercontent.com/EGemoI2NTXmTsBVtJqk8jxF9rh8ApRWfsIMQSt2uE4OcpQqbFu7f7NbTK05lx80nuSijCz7sc3a277R67g,Masha Allah,5,0,6.3,2024-04-16 14:12:25,,,6.3
40ed86d1-66e0-418f-a89f-6cea2b4c07b8,A Google user,https://play-lh.googleusercontent.com/EGemoI2NTXmTsBVtJqk8jxF9rh8ApRWfsIMQSt2uE4OcpQqbFu7f7NbTK05lx80nuSijCz7sc3a277R67g,بہترین,5,0,6.3,2024-04-16 13:43:30,"We're delighted to know that our app met your expectations. Should you have any further suggestions or queries, don't hesitate to write to us at zugarmobility@gmail.com.",2024-04-16 15:13:32,6.3
c7c50aa2-e27e-440d-845d-98b55c1a1656,A Google user,https://play-lh.googleusercontent.com/EGemoI2NTXmTsBVtJqk8jxF9rh8ApRWfsIMQSt2uE4OcpQqbFu7f7NbTK05lx80nuSijCz7sc3a277R67g,Mashallah,5,0,6.3,2024-04-16 12:21:20,,,6.3
1eb5c570-f6de-4d59-9a41-effda7c36cc9,A Google user,https://play-lh.googleusercontent.com/EGemoI2NTXmTsBVtJqk8jxF9rh8ApRWfsIMQSt2uE4OcpQqbFu7f7NbTK05lx80nuSijCz7sc3a277R67g,لم يعمل بشكل جيد,2,0,6.3,2024-04-16 04:18:21,Happy to know you're liking our app. We strive for excellence and your 5-star rating will boost our spirits!,2024-04-16 06:53:30,6.3
43051cfa-6cf5-40d9-9d19-2bfe0aabb8fc,A Google user,https://play-lh.googleusercontent.com/EGemoI2NTXmTsBVtJqk8jxF9rh8ApRWfsIMQSt2uE4OcpQqbFu7f7NbTK05lx80nuSijCz7sc3a277R67g,Ok,5,0,6.3,2024-04-15 23:10:57,,,6.3
ec083927-7000-478a-b516-3d45868bb8bc,A Google user,https://play-lh.googleusercontent.com/EGemoI2NTXmTsBVtJqk8jxF9rh8ApRWfsIMQSt2uE4OcpQqbFu7f7NbTK05lx80nuSijCz7sc3a277R67g,صادق,2,0,,2024-04-15 22:13:47,,,
f177c121-2e9f-40aa-8d66-f63e650507e2,A Google user,https://play-lh.googleusercontent.com/EGemoI2NTXmTsBVtJqk8jxF9rh8ApRWfsIMQSt2uE4OcpQqbFu7f7NbTK05lx80nuSijCz7sc3a277R67g,Good,5,0,6.3,2024-04-15 20:57:09,"We're delighted to know that our app met your expectations. Should you have any further suggestions or queries, don't hesitate to write to us at zugarmobility@gmail.com.",2024-04-15 22:33:32,6.3
4c46d8c0-1898-4eee-9bfb-dad1a5782777,A Google user,https://play-lh.googleusercontent.com/EGemoI2NTXmTsBVtJqk8jxF9rh8ApRWfsIMQSt2uE4OcpQqbFu7f7NbTK05lx80nuSijCz7sc3a277R67g,Everything is nice but adda become irritated,5,0,6.3,2024-04-15 14:05:04,"We're delighted to know that our app met your expectations. Should you have any further suggestions or queries, don't hesitate to write to us at zugarmobility@gmail.com.",2024-04-15 14:13:31,6.3
4f0269ba-f62f-4e34-84d9-cf2216cfcf56,A Google user,https://play-lh.googleusercontent.com/EGemoI2NTXmTsBVtJqk8jxF9rh8ApRWfsIMQSt2uE4OcpQqbFu7f7NbTK05lx80nuSijCz7sc3a277R67g,Good,5,0,6.3,2024-04-15 12:11:40,"We're delighted to know that our app met your expectations. Should you have any further suggestions or queries, don't hesitate to write to us at zugarmobility@gmail.com.",2024-04-15 14:13:33,6.3
44c8e019-624b-41f9-9cf3-9b77c68df8ec,A Google user,https://play-lh.googleusercontent.com/EGemoI2NTXmTsBVtJqk8jxF9rh8ApRWfsIMQSt2uE4OcpQqbFu7f7NbTK05lx80nuSijCz7sc3a277R67g,بهترین برنامه که تا حالا دیدم بسیار عالی بود,5,0,6.3,2024-04-15 09:13:11,"We're delighted to know that our app met your expectations. Should you have any further suggestions or queries, don't hesitate to write to us at zugarmobility@gmail.com.",2024-04-15 12:08:31,6.3
f93b713e-8ff7-4ae9-9f5b-fa0a4a9204d8,A Google user,https://play-lh.googleusercontent.com/EGemoI2NTXmTsBVtJqk8jxF9rh8ApRWfsIMQSt2uE4OcpQqbFu7f7NbTK05lx80nuSijCz7sc3a277R67g,❤️❤️❤️❤️,5,0,6.3,2024-04-15 07:09:03,,,6.3
7855e5dc-94c9-44bb-af03-fcca3d5d7884,A Google user,https://play-lh.googleusercontent.com/EGemoI2NTXmTsBVtJqk8jxF9rh8ApRWfsIMQSt2uE4OcpQqbFu7f7NbTK05lx80nuSijCz7sc3a277R67g,Nice,5,0,6.3,2024-04-15 02:35:02,"We're delighted to know that our app met your expectations. Should you have any further suggestions or queries, don't hesitate to write to us at zugarmobility@gmail.com.",2024-04-15 03:48:32,6.3
e49b3685-f327-4a2c-9eb6-a443c6bcdfdd,A Google user,https://play-lh.googleusercontent.com/EGemoI2NTXmTsBVtJqk8jxF9rh8ApRWfsIMQSt2uE4OcpQqbFu7f7NbTK05lx80nuSijCz7sc3a277R67g,Excellent,5,0,6.3,2024-04-14 23:41:07,"We're delighted to know that our app met your expectations. Should you have any further suggestions or queries, don't hesitate to write to us at zugarmobility@gmail.com.",2024-04-15 01:43:35,6.3
173a4de4-1dfa-4cfc-93e2-d47baae85642,A Google user,https://play-lh.googleusercontent.com/EGemoI2NTXmTsBVtJqk8jxF9rh8ApRWfsIMQSt2uE4OcpQqbFu7f7NbTK05lx80nuSijCz7sc3a277R67g,Helpful,5,0,6.3,2024-04-14 21:31:21,"We're delighted to know that our app met your expectations. Should you have any further suggestions or queries, don't hesitate to write to us at zugarmobility@gmail.com.",2024-04-14 21:33:30,6.3
d14d24be-1a02-468a-be9f-30079d4cf151,A Google user,https://play-lh.googleusercontent.com/EGemoI2NTXmTsBVtJqk8jxF9rh8ApRWfsIMQSt2uE4OcpQqbFu7f7NbTK05lx80nuSijCz7sc3a277R67g,Forward,5,0,6.3,2024-04-14 21:07:39,,,6.3
0a817c33-1492-4011-8bac-5b0def779c19,A Google user,https://play-lh.googleusercontent.com/EGemoI2NTXmTsBVtJqk8jxF9rh8ApRWfsIMQSt2uE4OcpQqbFu7f7NbTK05lx80nuSijCz7sc3a277R67g,ما شاء الله,5,0,6.3,2024-04-14 20:57:35,,,6.3
e1542778-1afe-4c90-9ef6-7ae1c37924fc,A Google user,https://play-lh.googleusercontent.com/EGemoI2NTXmTsBVtJqk8jxF9rh8ApRWfsIMQSt2uE4OcpQqbFu7f7NbTK05lx80nuSijCz7sc3a277R67g,Mashallah,5,0,6.3,2024-04-14 19:50:36,,,6.3
65eaa9cd-b27b-4473-b08a-0a4333d7f126,A Google user,https://play-lh.googleusercontent.com/EGemoI2NTXmTsBVtJqk8jxF9rh8ApRWfsIMQSt2uE4OcpQqbFu7f7NbTK05lx80nuSijCz7sc3a277R67g,Has adds and subsciptions,1,1,6.3,2024-04-14 17:51:16,We regret any inconvenience. Ads are essential to sustain our work. Your understanding is truly appreciated.,2024-04-14 19:28:31,6.3
1dfc050e-9d5a-4653-8709-74b1391688dc,A Google user,https://play-lh.googleusercontent.com/EGemoI2NTXmTsBVtJqk8jxF9rh8ApRWfsIMQSt2uE4OcpQqbFu7f7NbTK05lx80nuSijCz7sc3a277R67g,Best app ever,5,0,6.3,2024-04-14 17:27:35,"We're delighted to know that our app met your expectations. Should you have any further suggestions or queries, don't hesitate to write to us at zugarmobility@gmail.com.",2024-04-14 19:28:32,6.3
1803237a-ac1a-48e7-995a-0a66acacacc1,A Google user,https://play-lh.googleusercontent.com/EGemoI2NTXmTsBVtJqk8jxF9rh8ApRWfsIMQSt2uE4OcpQqbFu7f7NbTK05lx80nuSijCz7sc3a277R67g,Nice app,5,0,6.3,2024-04-14 15:49:18,"We're delighted to know that our app met your expectations. Should you have any further suggestions or queries, don't hesitate to write to us at zugarmobility@gmail.com.",2024-04-14 17:23:30,6.3
646b2e38-c0bb-417d-a703-aabb18b0e94a,A Google user,https://play-lh.googleusercontent.com/EGemoI2NTXmTsBVtJqk8jxF9rh8ApRWfsIMQSt2uE4OcpQqbFu7f7NbTK05lx80nuSijCz7sc3a277R67g,Fery good,5,0,6.3,2024-04-14 14:21:41,"We're delighted to know that our app met your expectations. Should you have any further suggestions or queries, don't hesitate to write to us at zugarmobility@gmail.com.",2024-04-14 17:23:31,6.3
67ad0747-3d91-4ce7-903e-282f7b22a841,A Google user,https://play-lh.googleusercontent.com/EGemoI2NTXmTsBVtJqk8jxF9rh8ApRWfsIMQSt2uE4OcpQqbFu7f7NbTK05lx80nuSijCz7sc3a277R67g,Good,5,0,6.3,2024-04-14 11:29:47,"We're delighted to know that our app met your expectations. Should you have any further suggestions or queries, don't hesitate to write to us at zugarmobility@gmail.com.",2024-04-14 17:23:35,6.3
bd75bf4c-aa8b-48dc-94b3-ed78853e5547,A Google user,https://play-lh.googleusercontent.com/EGemoI2NTXmTsBVtJqk8jxF9rh8ApRWfsIMQSt2uE4OcpQqbFu7f7NbTK05lx80nuSijCz7sc3a277R67g,Good,5,0,6.3,2024-04-14 04:49:17,"We're delighted to know that our app met your expectations. Should you have any further suggestions or queries, don't hesitate to write to us at zugarmobility@gmail.com.",2024-04-14 17:23:40,6.3
0feba736-afc7-4b02-8bf0-f79737d83e3e,A Google user,https://play-lh.googleusercontent.com/EGemoI2NTXmTsBVtJqk8jxF9rh8ApRWfsIMQSt2uE4OcpQqbFu7f7NbTK05lx80nuSijCz7sc3a277R67g,আমিন 🤲🤲🤲,5,0,6.3,2024-04-13 23:43:24,,,6.3
7b6b9173-2b85-46c5-bac6-d061afd7b753,A Google user,https://play-lh.googleusercontent.com/EGemoI2NTXmTsBVtJqk8jxF9rh8ApRWfsIMQSt2uE4OcpQqbFu7f7NbTK05lx80nuSijCz7sc3a277R67g,Allāhu Akbar,5,0,6.3,2024-04-13 19:29:11,"We're delighted to know that our app met your expectations. Should you have any further suggestions or queries, don't hesitate to write to us at zugarmobility@gmail.com.",2024-04-14 17:23:51,6.3
ba04916c-a2c6-4333-b14e-2a21932f7150,A Google user,https://play-lh.googleusercontent.com/EGemoI2NTXmTsBVtJqk8jxF9rh8ApRWfsIMQSt2uE4OcpQqbFu7f7NbTK05lx80nuSijCz7sc3a277R67g,Anihm you,5,0,6.3,2024-04-13 16:37:55,,,6.3
45c48fe2-4204-4f11-b89a-cdf3a7b84758,A Google user,https://play-lh.googleusercontent.com/EGemoI2NTXmTsBVtJqk8jxF9rh8ApRWfsIMQSt2uE4OcpQqbFu7f7NbTK05lx80nuSijCz7sc3a277R67g,Good,5,0,6.3,2024-04-13 14:05:22,"We're delighted to know that our app met your expectations. Should you have any further suggestions or queries, don't hesitate to write to us at zugarmobility@gmail.com.",2024-04-13 14:18:30,6.3
66330696-37a8-4276-89a8-95db1f24130a,A Google user,https://play-lh.googleusercontent.com/EGemoI2NTXmTsBVtJqk8jxF9rh8ApRWfsIMQSt2uE4OcpQqbFu7f7NbTK05lx80nuSijCz7sc3a277R67g,Good,5,0,6.3,2024-04-13 11:17:39,"We're delighted to know that our app met your expectations. Should you have any further suggestions or queries, don't hesitate to write to us at zugarmobility@gmail.com.",2024-04-13 14:18:34,6.3
3d859a2e-2b6c-4d9a-9a1f-424818278b91,A Google user,https://play-lh.googleusercontent.com/EGemoI2NTXmTsBVtJqk8jxF9rh8ApRWfsIMQSt2uE4OcpQqbFu7f7NbTK05lx80nuSijCz7sc3a277R67g,Masallah,5,0,6.3,2024-04-13 08:43:42,,,6.3
4277a3f3-d0d7-41c6-aaf1-6a5f010a32c3,A Google user,https://play-lh.googleusercontent.com/EGemoI2NTXmTsBVtJqk8jxF9rh8ApRWfsIMQSt2uE4OcpQqbFu7f7NbTK05lx80nuSijCz7sc3a277R67g,اللە اکبر,5,0,6.3,2024-04-13 04:03:12,,,6.3
a23a3a10-55d0-4521-a995-bec8e4ec5166,A Google user,https://play-lh.googleusercontent.com/EGemoI2NTXmTsBVtJqk8jxF9rh8ApRWfsIMQSt2uE4OcpQqbFu7f7NbTK05lx80nuSijCz7sc3a277R67g,Nice,5,0,6.3,2024-04-13 02:13:37,"We're delighted to know that our app met your expectations. Should you have any further suggestions or queries, don't hesitate to write to us at zugarmobility@gmail.com.",2024-04-13 14:18:40,6.3
4544ef69-386b-4a8c-a778-5fb5356397e7,A Google user,https://play-lh.googleusercontent.com/EGemoI2NTXmTsBVtJqk8jxF9rh8ApRWfsIMQSt2uE4OcpQqbFu7f7NbTK05lx80nuSijCz7sc3a277R67g,So nice app,5,0,6.3,2024-04-12 23:52:34,"We're delighted to know that our app met your expectations. Should you have any further suggestions or queries, don't hesitate to write to us at zugarmobility@gmail.com.",2024-04-13 14:18:42,6.3
d8d275d8-c885-449e-9eca-6285fa5bf6d1,A Google user,https://play-lh.googleusercontent.com/EGemoI2NTXmTsBVtJqk8jxF9rh8ApRWfsIMQSt2uE4OcpQqbFu7f7NbTK05lx80nuSijCz7sc3a277R67g,nice,5,0,6.3,2024-04-12 18:50:17,"We're delighted to know that our app met your expectations. Should you have any further suggestions or queries, don't hesitate to write to us at zugarmobility@gmail.com.",2024-04-13 14:18:45,6.3
5567080c-d492-49e9-ad9a-db778bfecc02,A Google user,https://play-lh.googleusercontent.com/EGemoI2NTXmTsBVtJqk8jxF9rh8ApRWfsIMQSt2uE4OcpQqbFu7f7NbTK05lx80nuSijCz7sc3a277R67g,Polaspxc,5,0,6.3,2024-04-12 14:37:23,,,6.3
77c79d4e-ff96-4ec3-b2b5-97ec3f38508d,A Google user,https://play-lh.googleusercontent.com/EGemoI2NTXmTsBVtJqk8jxF9rh8ApRWfsIMQSt2uE4OcpQqbFu7f7NbTK05lx80nuSijCz7sc3a277R67g,MaashaALLAH Barakallah,5,0,6.3,2024-04-12 10:27:16,,,6.3
131113a6-f568-4eb9-bb83-9bdd841af212,A Google user,https://play-lh.googleusercontent.com/EGemoI2NTXmTsBVtJqk8jxF9rh8ApRWfsIMQSt2uE4OcpQqbFu7f7NbTK05lx80nuSijCz7sc3a277R67g,Azan sound is very good,5,0,6.3,2024-04-12 09:05:35,"We're delighted to know that our app met your expectations. Should you have any further suggestions or queries, don't hesitate to write to us at zugarmobility@gmail.com.",2024-04-13 14:18:58,6.3
e111a7e8-9795-408c-bb3d-aa8718c8f2ff,A Google user,https://play-lh.googleusercontent.com/EGemoI2NTXmTsBVtJqk8jxF9rh8ApRWfsIMQSt2uE4OcpQqbFu7f7NbTK05lx80nuSijCz7sc3a277R67g,Click bait app. Tons of add. 👎👎 You should develop religious apps for free as charity. May Almighty grant you hedayah.,1,1,6.3,2024-04-12 07:58:38,We regret any inconvenience. Ads are essential to sustain our work. Your understanding is truly appreciated.,2024-04-13 14:18:59,6.3
f51a8a02-2f80-4e7b-90ac-12eed4af293a,A Google user,https://play-lh.googleusercontent.com/EGemoI2NTXmTsBVtJqk8jxF9rh8ApRWfsIMQSt2uE4OcpQqbFu7f7NbTK05lx80nuSijCz7sc3a277R67g,Good,5,0,6.3,2024-04-12 02:13:34,"We're delighted to know that our app met your expectations. Should you have any further suggestions or queries, don't hesitate to write to us at zugarmobility@gmail.com.",2024-04-13 14:19:07,6.3
98e4895a-40df-4442-99ca-2d0e1f35c429,A Google user,https://play-lh.googleusercontent.com/EGemoI2NTXmTsBVtJqk8jxF9rh8ApRWfsIMQSt2uE4OcpQqbFu7f7NbTK05lx80nuSijCz7sc3a277R67g,Is so excited Thank you so much God bless,5,0,6.3,2024-04-12 02:04:19,"We're delighted to know that our app met your expectations. Should you have any further suggestions or queries, don't hesitate to write to us at zugarmobility@gmail.com.",2024-04-13 14:19:08,6.3
cba929cf-08bc-4a0d-952d-8ad4c3be4b2a,A Google user,https://play-lh.googleusercontent.com/EGemoI2NTXmTsBVtJqk8jxF9rh8ApRWfsIMQSt2uE4OcpQqbFu7f7NbTK05lx80nuSijCz7sc3a277R67g,Tnufe,1,0,6.3,2024-04-11 22:29:05,,,6.3
397243cb-80df-43fd-8797-17f72528b8be,A Google user,https://play-lh.googleusercontent.com/EGemoI2NTXmTsBVtJqk8jxF9rh8ApRWfsIMQSt2uE4OcpQqbFu7f7NbTK05lx80nuSijCz7sc3a277R67g,Good,3,0,6.3,2024-04-11 20:59:45,Happy to know you're liking our app. We strive for excellence and your 5-star rating will boost our spirits!,2024-04-13 14:19:17,6.3
1b98032d-bac2-4fcc-af17-cf6dccf15a99,A Google user,https://play-lh.googleusercontent.com/EGemoI2NTXmTsBVtJqk8jxF9rh8ApRWfsIMQSt2uE4OcpQqbFu7f7NbTK05lx80nuSijCz7sc3a277R67g,Somaliya,5,0,6.3,2024-04-11 19:57:07,,,6.3
26c06caa-b27b-42a3-9c71-80cd2c679ed5,A Google user,https://play-lh.googleusercontent.com/EGemoI2NTXmTsBVtJqk8jxF9rh8ApRWfsIMQSt2uE4OcpQqbFu7f7NbTK05lx80nuSijCz7sc3a277R67g,Good,1,0,6.3,2024-04-11 18:16:48,Happy to know you're liking our app. We strive for excellence and your 5-star rating will boost our spirits!,2024-04-13 14:19:24,6.3
9a9b3dda-48dd-459e-9777-a00304d0e28f,A Google user,https://play-lh.googleusercontent.com/EGemoI2NTXmTsBVtJqk8jxF9rh8ApRWfsIMQSt2uE4OcpQqbFu7f7NbTK05lx80nuSijCz7sc3a277R67g,Hebi,1,0,6.3,2024-04-11 16:55:16,,,6.3
653e165c-b6ba-48ab-9e7e-9a81c7db040a,A Google user,https://play-lh.googleusercontent.com/EGemoI2NTXmTsBVtJqk8jxF9rh8ApRWfsIMQSt2uE4OcpQqbFu7f7NbTK05lx80nuSijCz7sc3a277R67g,Helpful,5,0,6.3,2024-04-11 04:29:22,"We're delighted to know that our app met your expectations. Should you have any further suggestions or queries, don't hesitate to write to us at zugarmobility@gmail.com.",2024-04-13 14:19:36,6.3
36473b7b-6da4-41ff-a312-846b1f97efa1,A Google user,https://play-lh.googleusercontent.com/EGemoI2NTXmTsBVtJqk8jxF9rh8ApRWfsIMQSt2uE4OcpQqbFu7f7NbTK05lx80nuSijCz7sc3a277R67g,Mdsaddam,5,0,6.3,2024-04-11 04:04:26,,,6.3
e948327e-6268-4cb7-8412-876a5ecbad19,A Google user,https://play-lh.googleusercontent.com/EGemoI2NTXmTsBVtJqk8jxF9rh8ApRWfsIMQSt2uE4OcpQqbFu7f7NbTK05lx80nuSijCz7sc3a277R67g,Too much add.. But apps is really helpful....,5,1,6.3,2024-04-11 03:10:44,We regret any inconvenience. Ads are essential to sustain our work. Your understanding is truly appreciated.,2024-04-11 01:54:34,6.3
1d577073-5625-431a-bb4f-e10f738ea741,A Google user,https://play-lh.googleusercontent.com/EGemoI2NTXmTsBVtJqk8jxF9rh8ApRWfsIMQSt2uE4OcpQqbFu7f7NbTK05lx80nuSijCz7sc3a277R67g,One of the best Muslim Apps,5,0,6.3,2024-04-11 01:32:24,"We're delighted to know that our app met your expectations. Should you have any further suggestions or queries, don't hesitate to write to us at zugarmobility@gmail.com.",2024-04-11 01:53:30,6.3
1a752b97-2403-425d-9973-eacc43719faa,A Google user,https://play-lh.googleusercontent.com/EGemoI2NTXmTsBVtJqk8jxF9rh8ApRWfsIMQSt2uE4OcpQqbFu7f7NbTK05lx80nuSijCz7sc3a277R67g,great app,5,0,6.3,2024-04-11 01:14:54,"We're delighted to know that our app met your expectations. Should you have any further suggestions or queries, don't hesitate to write to us at zugarmobility@gmail.com.",2024-04-11 01:53:31,6.3
7ff15860-d513-4474-909b-b55b139eba11,A Google user,https://play-lh.googleusercontent.com/EGemoI2NTXmTsBVtJqk8jxF9rh8ApRWfsIMQSt2uE4OcpQqbFu7f7NbTK05lx80nuSijCz7sc3a277R67g,I already paid and nothing happen to my subscription,1,0,6.3,2024-04-10 22:46:56,"We understand your disappointment and are eager to make things right. Help us improve by sharing your suggestions via email at zugarmobility@gmail.com. Rest assured, we're committed to creating a more satisfying experience.",2024-04-11 01:53:32,6.3
2f3ff3b6-5db4-44ce-b4a1-d7aefd24506c,A Google user,https://play-lh.googleusercontent.com/EGemoI2NTXmTsBVtJqk8jxF9rh8ApRWfsIMQSt2uE4OcpQqbFu7f7NbTK05lx80nuSijCz7sc3a277R67g,Good,4,0,6.3,2024-04-10 18:53:13,Happy to know you're liking our app. We strive for excellence and your 5-star rating will boost our spirits!,2024-04-11 01:53:35,6.3
b4d59ea7-22f1-45a8-9fa9-544f7047d04b,A Google user,https://play-lh.googleusercontent.com/EGemoI2NTXmTsBVtJqk8jxF9rh8ApRWfsIMQSt2uE4OcpQqbFu7f7NbTK05lx80nuSijCz7sc3a277R67g,Assalamo Alykum dear muje ye app bahot pasand i hai . Allah apko kamiab kre. Thori c mazeed working kren k jb Quran ki ayat kisi qari k name se play krte hain to ziada ter jaga pr ayat k aakhri alfaz ko baghair perhe age chala jata hai or baz time 1 line miss kr k age chala jata hai please es ko sett kr len bahot zaroori hai. Shukria,5,0,6.3,2024-04-10 14:03:19,"We're delighted to know that our app met your expectations. Should you have any further suggestions or queries, don't hesitate to write to us at zugarmobility@gmail.com.",2024-04-11 01:53:41,6.3
df8d7314-bd27-4aa8-bf2e-d6576b87562f,A Google user,https://play-lh.googleusercontent.com/EGemoI2NTXmTsBVtJqk8jxF9rh8ApRWfsIMQSt2uE4OcpQqbFu7f7NbTK05lx80nuSijCz7sc3a277R67g,Good app,5,0,6.3,2024-04-10 13:06:21,"We're delighted to know that our app met your expectations. Should you have any further suggestions or queries, don't hesitate to write to us at zugarmobility@gmail.com.",2024-04-11 01:53:43,6.3
5f0a5de5-697e-4027-a89f-89620382e038,A Google user,https://play-lh.googleusercontent.com/EGemoI2NTXmTsBVtJqk8jxF9rh8ApRWfsIMQSt2uE4OcpQqbFu7f7NbTK05lx80nuSijCz7sc3a277R67g,I love aap,5,0,6.3,2024-04-10 10:42:44,"We're delighted to know that our app met your expectations. Should you have any further suggestions or queries, don't hesitate to write to us at zugarmobility@gmail.com.",2024-04-11 01:53:47,6.3
7af475c9-175c-4269-bbe2-5fcec737dd57,A Google user,https://play-lh.googleusercontent.com/EGemoI2NTXmTsBVtJqk8jxF9rh8ApRWfsIMQSt2uE4OcpQqbFu7f7NbTK05lx80nuSijCz7sc3a277R67g,Good,5,0,6.3,2024-04-10 10:04:10,"We're delighted to know that our app met your expectations. Should you have any further suggestions or queries, don't hesitate to write to us at zugarmobility@gmail.com.",2024-04-11 01:53:50,6.3
e3ebc17f-94cb-4623-afc6-f53f810232be,A Google user,https://play-lh.googleusercontent.com/EGemoI2NTXmTsBVtJqk8jxF9rh8ApRWfsIMQSt2uE4OcpQqbFu7f7NbTK05lx80nuSijCz7sc3a277R67g,Thanks for this app,5,0,6.3,2024-04-10 08:04:03,"We're delighted to know that our app met your expectations. Should you have any further suggestions or queries, don't hesitate to write to us at zugarmobility@gmail.com.",2024-04-11 01:53:52,6.3
f9dba64e-5b83-48b1-b20e-aa036128bc68,A Google user,https://play-lh.googleusercontent.com/EGemoI2NTXmTsBVtJqk8jxF9rh8ApRWfsIMQSt2uE4OcpQqbFu7f7NbTK05lx80nuSijCz7sc3a277R67g,Nice,5,0,6.3,2024-04-10 03:32:45,"We're delighted to know that our app met your expectations. Should you have any further suggestions or queries, don't hesitate to write to us at zugarmobility@gmail.com.",2024-04-11 01:53:58,6.3
9e5d7bc9-8e8d-4d14-904a-5b443098b26c,A Google user,https://play-lh.googleusercontent.com/EGemoI2NTXmTsBVtJqk8jxF9rh8ApRWfsIMQSt2uE4OcpQqbFu7f7NbTK05lx80nuSijCz7sc3a277R67g,Amazing,5,0,6.3,2024-04-10 02:32:12,"We're delighted to know that our app met your expectations. Should you have any further suggestions or queries, don't hesitate to write to us at zugarmobility@gmail.com.",2024-04-11 01:54:01,6.3
9c071dc6-9b93-4f90-be10-9c5b38b980e7,A Google user,https://play-lh.googleusercontent.com/EGemoI2NTXmTsBVtJqk8jxF9rh8ApRWfsIMQSt2uE4OcpQqbFu7f7NbTK05lx80nuSijCz7sc3a277R67g,V useful app,5,0,6.3,2024-04-10 01:53:56,,,6.3
9b52e3e3-abeb-4bd5-a54a-90c07e3e285f,A Google user,https://play-lh.googleusercontent.com/EGemoI2NTXmTsBVtJqk8jxF9rh8ApRWfsIMQSt2uE4OcpQqbFu7f7NbTK05lx80nuSijCz7sc3a277R67g,Nice,5,0,6.3,2024-04-09 15:32:40,"We're delighted to know that our app met your expectations. Should you have any further suggestions or queries, don't hesitate to write to us at zugarmobility@gmail.com.",2024-04-11 01:54:08,6.3
3b6e606b-11bf-4c10-9554-bc50d904fa70,A Google user,https://play-lh.googleusercontent.com/EGemoI2NTXmTsBVtJqk8jxF9rh8ApRWfsIMQSt2uE4OcpQqbFu7f7NbTK05lx80nuSijCz7sc3a277R67g,This a amazing apps for islamic! Woww,5,0,6.3,2024-04-09 14:17:04,"We're delighted to know that our app met your expectations. Should you have any further suggestions or queries, don't hesitate to write to us at zugarmobility@gmail.com.",2024-04-11 01:54:10,6.3
169b853b-7ae1-4097-a0c0-2aae998d39bd,A Google user,https://play-lh.googleusercontent.com/EGemoI2NTXmTsBVtJqk8jxF9rh8ApRWfsIMQSt2uE4OcpQqbFu7f7NbTK05lx80nuSijCz7sc3a277R67g,নাইস,5,0,6.3,2024-04-09 11:29:05,"We're delighted to know that our app met your expectations. Should you have any further suggestions or queries, don't hesitate to write to us at zugarmobility@gmail.com.",2024-04-11 01:54:13,6.3
1c001a4b-411e-4967-80c5-8121724ded66,A Google user,https://play-lh.googleusercontent.com/EGemoI2NTXmTsBVtJqk8jxF9rh8ApRWfsIMQSt2uE4OcpQqbFu7f7NbTK05lx80nuSijCz7sc3a277R67g,Very good.,5,0,6.1,2024-04-09 07:34:24,"We're delighted to know that our app met your expectations. Should you have any further suggestions or queries, don't hesitate to write to us at zugarmobility@gmail.com.",2024-04-11 01:54:18,6.1
157620d9-b6d7-4b6e-aaed-a8b6ed7cb4e3,A Google user,https://play-lh.googleusercontent.com/EGemoI2NTXmTsBVtJqk8jxF9rh8ApRWfsIMQSt2uE4OcpQqbFu7f7NbTK05lx80nuSijCz7sc3a277R67g,Good app,5,0,6.3,2024-04-09 05:13:27,"We're delighted to know that our app met your expectations. Should you have any further suggestions or queries, don't hesitate to write to us at zugarmobility@gmail.com.",2024-04-11 01:54:20,6.3
52a3cf09-b1eb-4e5f-8b2a-6a78d2723937,A Google user,https://play-lh.googleusercontent.com/EGemoI2NTXmTsBVtJqk8jxF9rh8ApRWfsIMQSt2uE4OcpQqbFu7f7NbTK05lx80nuSijCz7sc3a277R67g,"Alhamdulillah, Good App",5,0,6.3,2024-04-09 05:11:48,"We're delighted to know that our app met your expectations. Should you have any further suggestions or queries, don't hesitate to write to us at zugarmobility@gmail.com.",2024-04-11 01:54:21,6.3
e21ee769-1d44-4f22-ba2d-3e27fbd0ba6b,A Google user,https://play-lh.googleusercontent.com/EGemoI2NTXmTsBVtJqk8jxF9rh8ApRWfsIMQSt2uE4OcpQqbFu7f7NbTK05lx80nuSijCz7sc3a277R67g,It is very helpful for us,5,3,6.3,2024-04-09 00:21:40,"We're delighted to know that our app met your expectations. Should you have any further suggestions or queries, don't hesitate to write to us at zugarmobility@gmail.com.",2024-04-11 01:54:23,6.3
5d7bc429-4d92-4f0d-8e23-ab1205674601,A Google user,https://play-lh.googleusercontent.com/EGemoI2NTXmTsBVtJqk8jxF9rh8ApRWfsIMQSt2uE4OcpQqbFu7f7NbTK05lx80nuSijCz7sc3a277R67g,Nice,5,0,6.3,2024-04-09 00:21:39,"We're delighted to know that our app met your expectations. Should you have any further suggestions or queries, don't hesitate to write to us at zugarmobility@gmail.com.",2024-04-11 01:54:24,6.3
c2b7c2d4-57ce-483a-be33-2524dec9f7e4,A Google user,https://play-lh.googleusercontent.com/EGemoI2NTXmTsBVtJqk8jxF9rh8ApRWfsIMQSt2uE4OcpQqbFu7f7NbTK05lx80nuSijCz7sc3a277R67g,Mashaallha,4,0,6.3,2024-04-08 22:17:54,,,6.3
62e0de84-2320-4795-8263-2ea21fde19e4,A Google user,https://play-lh.googleusercontent.com/EGemoI2NTXmTsBVtJqk8jxF9rh8ApRWfsIMQSt2uE4OcpQqbFu7f7NbTK05lx80nuSijCz7sc3a277R67g,Very good apps,5,0,6.3,2024-04-08 21:59:15,"We're delighted to know that our app met your expectations. Should you have any further suggestions or queries, don't hesitate to write to us at zugarmobility@gmail.com.",2024-04-11 01:54:26,6.3
58cb17dc-23c0-412a-a35e-45e29a41f830,A Google user,https://play-lh.googleusercontent.com/EGemoI2NTXmTsBVtJqk8jxF9rh8ApRWfsIMQSt2uE4OcpQqbFu7f7NbTK05lx80nuSijCz7sc3a277R67g,Good 👍,5,0,6.3,2024-04-08 21:28:26,"We're delighted to know that our app met your expectations. Should you have any further suggestions or queries, don't hesitate to write to us at zugarmobility@gmail.com.",2024-04-11 01:54:27,6.3
4cf9a142-5d7c-4fe8-aa79-532d67a38c5e,A Google user,https://play-lh.googleusercontent.com/EGemoI2NTXmTsBVtJqk8jxF9rh8ApRWfsIMQSt2uE4OcpQqbFu7f7NbTK05lx80nuSijCz7sc3a277R67g,Nice,5,0,6.3,2024-04-08 21:04:47,"We're delighted to know that our app met your expectations. Should you have any further suggestions or queries, don't hesitate to write to us at zugarmobility@gmail.com.",2024-04-11 01:54:29,6.3
c98dc9a2-0a7f-46c4-a3ef-f94da6934263,A Google user,https://play-lh.googleusercontent.com/EGemoI2NTXmTsBVtJqk8jxF9rh8ApRWfsIMQSt2uE4OcpQqbFu7f7NbTK05lx80nuSijCz7sc3a277R67g,Very nice,5,0,6.3,2024-04-08 14:51:21,"We're delighted to know that our app met your expectations. Should you have any further suggestions or queries, don't hesitate to write to us at zugarmobility@gmail.com.",2024-04-11 01:54:38,6.3
a9891f0c-d9df-4f7c-ac58-c05e6b51dd23,A Google user,https://play-lh.googleusercontent.com/EGemoI2NTXmTsBVtJqk8jxF9rh8ApRWfsIMQSt2uE4OcpQqbFu7f7NbTK05lx80nuSijCz7sc3a277R67g,🥰🥰,5,0,6.3,2024-04-08 14:44:53,,,6.3
6a6344f9-669d-4055-8897-a9735485fd76,A Google user,https://play-lh.googleusercontent.com/EGemoI2NTXmTsBVtJqk8jxF9rh8ApRWfsIMQSt2uE4OcpQqbFu7f7NbTK05lx80nuSijCz7sc3a277R67g,Good,5,0,6.3,2024-04-08 11:25:27,"We're delighted to know that our app met your expectations. Should you have any further suggestions or queries, don't hesitate to write to us at zugarmobility@gmail.com.",2024-04-11 01:54:48,6.3
c2b61acb-1130-4f56-ac7d-66a57ea80c33,A Google user,https://play-lh.googleusercontent.com/EGemoI2NTXmTsBVtJqk8jxF9rh8ApRWfsIMQSt2uE4OcpQqbFu7f7NbTK05lx80nuSijCz7sc3a277R67g,The app is good and fantastic but when we download Quraan it doesn't appear to my music or my audio,5,27,6.3,2024-04-08 08:20:46,"We're delighted to know that our app met your expectations. Should you have any further suggestions or queries, don't hesitate to write to us at zugarmobility@gmail.com.",2024-04-11 01:54:54,6.3
1d451a70-a011-4859-b1fd-5af9b911545a,A Google user,https://play-lh.googleusercontent.com/EGemoI2NTXmTsBVtJqk8jxF9rh8ApRWfsIMQSt2uE4OcpQqbFu7f7NbTK05lx80nuSijCz7sc3a277R67g,beautiful,5,0,6.3,2024-04-08 07:34:47,"We're delighted to know that our app met your expectations. Should you have any further suggestions or queries, don't hesitate to write to us at zugarmobility@gmail.com.",2024-04-11 01:54:55,6.3
f7f77326-0d89-4aca-80fd-0e54b97a1cb9,A Google user,https://play-lh.googleusercontent.com/EGemoI2NTXmTsBVtJqk8jxF9rh8ApRWfsIMQSt2uE4OcpQqbFu7f7NbTK05lx80nuSijCz7sc3a277R67g,Rubbish app. Ads every few seconds. Rubbish!,1,3,6.3,2024-04-08 05:20:47,We regret any inconvenience. Ads are essential to sustain our work. Your understanding is truly appreciated.,2024-04-11 01:55:01,6.3
029ab3d9-1cd8-4bf7-97cf-94270021ead0,A Google user,https://play-lh.googleusercontent.com/EGemoI2NTXmTsBVtJqk8jxF9rh8ApRWfsIMQSt2uE4OcpQqbFu7f7NbTK05lx80nuSijCz7sc3a277R67g,good,5,0,6.3,2024-04-08 02:11:58,"We're delighted to know that our app met your expectations. Should you have any further suggestions or queries, don't hesitate to write to us at zugarmobility@gmail.com.",2024-04-11 01:55:09,6.3
87e3fb9c-ebce-4ef5-a170-8be7ece4ae13,A Google user,https://play-lh.googleusercontent.com/EGemoI2NTXmTsBVtJqk8jxF9rh8ApRWfsIMQSt2uE4OcpQqbFu7f7NbTK05lx80nuSijCz7sc3a277R67g,Best app,5,0,6.3,2024-04-07 23:58:56,"We're delighted to know that our app met your expectations. Should you have any further suggestions or queries, don't hesitate to write to us at zugarmobility@gmail.com.",2024-04-11 01:55:11,6.3
6ae87277-8fd8-4302-952d-ac0987b2f217,A Google user,https://play-lh.googleusercontent.com/EGemoI2NTXmTsBVtJqk8jxF9rh8ApRWfsIMQSt2uE4OcpQqbFu7f7NbTK05lx80nuSijCz7sc3a277R67g,Too many ads,4,2,6.3,2024-04-07 22:02:59,,,6.3
aeb0c5f4-8f0a-493e-93df-99972322e9ea,A Google user,https://play-lh.googleusercontent.com/EGemoI2NTXmTsBVtJqk8jxF9rh8ApRWfsIMQSt2uE4OcpQqbFu7f7NbTK05lx80nuSijCz7sc3a277R67g,Nc apps,5,0,5.6,2024-04-07 18:07:12,,,5.6
983282fd-85c6-483e-9aa9-13eaeb86c529,A Google user,https://play-lh.googleusercontent.com/EGemoI2NTXmTsBVtJqk8jxF9rh8ApRWfsIMQSt2uE4OcpQqbFu7f7NbTK05lx80nuSijCz7sc3a277R67g,Mashallah,5,0,6.3,2024-04-07 18:03:05,,,6.3
47a530c9-66e0-4f2c-81f2-e411e1658076,A Google user,https://play-lh.googleusercontent.com/EGemoI2NTXmTsBVtJqk8jxF9rh8ApRWfsIMQSt2uE4OcpQqbFu7f7NbTK05lx80nuSijCz7sc3a277R67g,GooD,5,0,6.3,2024-04-07 17:12:05,"We're delighted to know that our app met your expectations. Should you have any further suggestions or queries, don't hesitate to write to us at zugarmobility@gmail.com.",2024-04-07 22:53:35,6.3
1586f265-e864-489d-8496-73fa76a5abf1,A Google user,https://play-lh.googleusercontent.com/EGemoI2NTXmTsBVtJqk8jxF9rh8ApRWfsIMQSt2uE4OcpQqbFu7f7NbTK05lx80nuSijCz7sc3a277R67g,MashaaAllah🥰 this App is massive in all angles,5,0,6.3,2024-04-07 12:51:33,,,6.3
d0e3c16f-6967-4a69-bc64-13706291cf5d,A Google user,https://play-lh.googleusercontent.com/EGemoI2NTXmTsBVtJqk8jxF9rh8ApRWfsIMQSt2uE4OcpQqbFu7f7NbTK05lx80nuSijCz7sc3a277R67g,Good app,5,0,6.3,2024-04-07 09:20:20,"We're delighted to know that our app met your expectations. Should you have any further suggestions or queries, don't hesitate to write to us at zugarmobility@gmail.com.",2024-04-07 22:53:38,6.3
85cc1c73-80e3-4a92-ac9b-90a63e18a40e,A Google user,https://play-lh.googleusercontent.com/EGemoI2NTXmTsBVtJqk8jxF9rh8ApRWfsIMQSt2uE4OcpQqbFu7f7NbTK05lx80nuSijCz7sc3a277R67g,It's good Muslims appes,5,0,6.1,2024-04-07 08:23:40,"We're delighted to know that our app met your expectations. Should you have any further suggestions or queries, don't hesitate to write to us at zugarmobility@gmail.com.",2024-04-07 22:53:40,6.1
c1afedf1-6300-4da7-9b88-4f7b31ef15fe,A Google user,https://play-lh.googleusercontent.com/EGemoI2NTXmTsBVtJqk8jxF9rh8ApRWfsIMQSt2uE4OcpQqbFu7f7NbTK05lx80nuSijCz7sc3a277R67g,MashAllah,3,0,6.3,2024-04-07 07:01:17,,,6.3
25fdefff-8001-4c0f-9767-cc78d0f561d3,A Google user,https://play-lh.googleusercontent.com/EGemoI2NTXmTsBVtJqk8jxF9rh8ApRWfsIMQSt2uE4OcpQqbFu7f7NbTK05lx80nuSijCz7sc3a277R67g,Nice,5,0,6.3,2024-04-07 05:17:31,"We're delighted to know that our app met your expectations. Should you have any further suggestions or queries, don't hesitate to write to us at zugarmobility@gmail.com.",2024-04-07 22:53:41,6.3
ff8c040a-4bb3-42bd-addc-7d87d876f57e,A Google user,https://play-lh.googleusercontent.com/EGemoI2NTXmTsBVtJqk8jxF9rh8ApRWfsIMQSt2uE4OcpQqbFu7f7NbTK05lx80nuSijCz7sc3a277R67g,Religious,5,0,6.3,2024-04-07 04:15:13,,,6.3
f9743e6b-8754-4dec-9ec4-2e643ec50593,A Google user,https://play-lh.googleusercontent.com/EGemoI2NTXmTsBVtJqk8jxF9rh8ApRWfsIMQSt2uE4OcpQqbFu7f7NbTK05lx80nuSijCz7sc3a277R67g,বাংলায় তরজমা হবে ইনশাআল্লাহ,5,0,6.3,2024-04-06 23:35:38,,,6.3
7c4d5a5a-a88e-49b8-8a24-b90212c10964,A Google user,https://play-lh.googleusercontent.com/EGemoI2NTXmTsBVtJqk8jxF9rh8ApRWfsIMQSt2uE4OcpQqbFu7f7NbTK05lx80nuSijCz7sc3a277R67g,Very very Good,5,0,6.3,2024-04-06 19:13:38,"We're delighted to know that our app met your expectations. Should you have any further suggestions or queries, don't hesitate to write to us at zugarmobility@gmail.com.",2024-04-07 02:03:36,6.3
287b84f0-2a31-490d-be2c-9857005da526,A Google user,https://play-lh.googleusercontent.com/EGemoI2NTXmTsBVtJqk8jxF9rh8ApRWfsIMQSt2uE4OcpQqbFu7f7NbTK05lx80nuSijCz7sc3a277R67g,Good,5,0,6.3,2024-04-06 16:25:42,"We're delighted to know that our app met your expectations. Should you have any further suggestions or queries, don't hesitate to write to us at zugarmobility@gmail.com.",2024-04-07 02:03:38,6.3
e503bfc9-92a5-41b0-9d5b-db2e66d2870c,A Google user,https://play-lh.googleusercontent.com/EGemoI2NTXmTsBVtJqk8jxF9rh8ApRWfsIMQSt2uE4OcpQqbFu7f7NbTK05lx80nuSijCz7sc3a277R67g,Nice,5,0,6.3,2024-04-06 16:01:46,"We're delighted to know that our app met your expectations. Should you have any further suggestions or queries, don't hesitate to write to us at zugarmobility@gmail.com.",2024-04-07 02:03:39,6.3
911e0366-5678-40ba-b181-c80cb68099d5,A Google user,https://play-lh.googleusercontent.com/EGemoI2NTXmTsBVtJqk8jxF9rh8ApRWfsIMQSt2uE4OcpQqbFu7f7NbTK05lx80nuSijCz7sc3a277R67g,Great,5,0,6.3,2024-04-06 15:16:37,"We're delighted to know that our app met your expectations. Should you have any further suggestions or queries, don't hesitate to write to us at zugarmobility@gmail.com.",2024-04-07 02:03:41,6.3
b6c05275-2e00-4c45-9a90-2f133ed7872e,A Google user,https://play-lh.googleusercontent.com/EGemoI2NTXmTsBVtJqk8jxF9rh8ApRWfsIMQSt2uE4OcpQqbFu7f7NbTK05lx80nuSijCz7sc3a277R67g,very good,5,0,6.3,2024-04-06 15:13:15,"We're delighted to know that our app met your expectations. Should you have any further suggestions or queries, don't hesitate to write to us at zugarmobility@gmail.com.",2024-04-07 02:03:42,6.3
aafd2f19-ac2e-4731-a960-225d3ba79ed9,A Google user,https://play-lh.googleusercontent.com/EGemoI2NTXmTsBVtJqk8jxF9rh8ApRWfsIMQSt2uE4OcpQqbFu7f7NbTK05lx80nuSijCz7sc3a277R67g,Mashallah,5,0,6.3,2024-04-06 12:31:01,,,6.3
8a602369-0e50-4f63-aee6-5d75d8ae5d6f,A Google user,https://play-lh.googleusercontent.com/EGemoI2NTXmTsBVtJqk8jxF9rh8ApRWfsIMQSt2uE4OcpQqbFu7f7NbTK05lx80nuSijCz7sc3a277R67g,All the best,5,0,6.3,2024-04-06 12:09:30,"We're delighted to know that our app met your expectations. Should you have any further suggestions or queries, don't hesitate to write to us at zugarmobility@gmail.com.",2024-04-07 02:03:44,6.3
7b192ae5-ae3e-44cd-9567-d3d5711cf6a8,A Google user,https://play-lh.googleusercontent.com/EGemoI2NTXmTsBVtJqk8jxF9rh8ApRWfsIMQSt2uE4OcpQqbFu7f7NbTK05lx80nuSijCz7sc3a277R67g,mashallah,5,0,6.3,2024-04-06 11:06:38,,,6.3
988eb9c4-3c3a-4665-9078-a179dd6c79d3,A Google user,https://play-lh.googleusercontent.com/EGemoI2NTXmTsBVtJqk8jxF9rh8ApRWfsIMQSt2uE4OcpQqbFu7f7NbTK05lx80nuSijCz7sc3a277R67g,Nice,5,0,6.3,2024-04-06 06:51:27,"We're delighted to know that our app met your expectations. Should you have any further suggestions or queries, don't hesitate to write to us at zugarmobility@gmail.com.",2024-04-07 02:03:55,6.3
bbcaf005-b403-49fe-9ffc-e8531d97a461,A Google user,https://play-lh.googleusercontent.com/EGemoI2NTXmTsBVtJqk8jxF9rh8ApRWfsIMQSt2uE4OcpQqbFu7f7NbTK05lx80nuSijCz7sc3a277R67g,Nice,5,0,6.3,2024-04-06 06:32:43,"We're delighted to know that our app met your expectations. Should you have any further suggestions or queries, don't hesitate to write to us at zugarmobility@gmail.com.",2024-04-07 02:03:56,6.3
b5c4f396-113f-447f-8e95-33fc27b24078,A Google user,https://play-lh.googleusercontent.com/EGemoI2NTXmTsBVtJqk8jxF9rh8ApRWfsIMQSt2uE4OcpQqbFu7f7NbTK05lx80nuSijCz7sc3a277R67g,Awesome,5,0,6.3,2024-04-06 04:38:56,"We're delighted to know that our app met your expectations. Should you have any further suggestions or queries, don't hesitate to write to us at zugarmobility@gmail.com.",2024-04-07 02:04:02,6.3
81c7db61-82fb-492d-bbf8-f3f22dd25043,A Google user,https://play-lh.googleusercontent.com/EGemoI2NTXmTsBVtJqk8jxF9rh8ApRWfsIMQSt2uE4OcpQqbFu7f7NbTK05lx80nuSijCz7sc3a277R67g,nice,5,0,6.3,2024-04-06 02:19:46,"We're delighted to know that our app met your expectations. Should you have any further suggestions or queries, don't hesitate to write to us at zugarmobility@gmail.com.",2024-04-07 02:04:04,6.3
6af1499a-88f7-43dd-aedf-6de6b89de088,A Google user,https://play-lh.googleusercontent.com/EGemoI2NTXmTsBVtJqk8jxF9rh8ApRWfsIMQSt2uE4OcpQqbFu7f7NbTK05lx80nuSijCz7sc3a277R67g,Nice Jakumlallah,2,0,6.3,2024-04-06 01:02:10,Happy to know you're liking our app. We strive for excellence and your 5-star rating will boost our spirits!,2024-04-07 02:04:05,6.3
2f18732e-3b25-4e7a-b0b4-7af6ede98613,A Google user,https://play-lh.googleusercontent.com/EGemoI2NTXmTsBVtJqk8jxF9rh8ApRWfsIMQSt2uE4OcpQqbFu7f7NbTK05lx80nuSijCz7sc3a277R67g,Nice,5,0,6.3,2024-04-06 00:35:26,"We're delighted to know that our app met your expectations. Should you have any further suggestions or queries, don't hesitate to write to us at zugarmobility@gmail.com.",2024-04-07 02:04:07,6.3
30d5a327-2276-47a4-b90f-c3a0150563ae,A Google user,https://play-lh.googleusercontent.com/EGemoI2NTXmTsBVtJqk8jxF9rh8ApRWfsIMQSt2uE4OcpQqbFu7f7NbTK05lx80nuSijCz7sc3a277R67g,Best!!,5,0,6.3,2024-04-05 22:25:24,"We're delighted to know that our app met your expectations. Should you have any further suggestions or queries, don't hesitate to write to us at zugarmobility@gmail.com.",2024-04-05 22:58:30,6.3
f6479ef0-839c-44c9-8717-d925daa97113,A Google user,https://play-lh.googleusercontent.com/EGemoI2NTXmTsBVtJqk8jxF9rh8ApRWfsIMQSt2uE4OcpQqbFu7f7NbTK05lx80nuSijCz7sc3a277R67g,جميل,5,0,6.3,2024-04-05 21:19:33,"We're delighted to know that our app met your expectations. Should you have any further suggestions or queries, don't hesitate to write to us at zugarmobility@gmail.com.",2024-04-05 22:58:31,6.3
edb7805a-a699-4791-a0f8-32aae1d01917,A Google user,https://play-lh.googleusercontent.com/EGemoI2NTXmTsBVtJqk8jxF9rh8ApRWfsIMQSt2uE4OcpQqbFu7f7NbTK05lx80nuSijCz7sc3a277R67g,Good,5,0,6.3,2024-04-05 18:01:33,"We're delighted to know that our app met your expectations. Should you have any further suggestions or queries, don't hesitate to write to us at zugarmobility@gmail.com.",2024-04-05 22:58:32,6.3
966534c1-4366-448e-81de-89778426b92d,A Google user,https://play-lh.googleusercontent.com/EGemoI2NTXmTsBVtJqk8jxF9rh8ApRWfsIMQSt2uE4OcpQqbFu7f7NbTK05lx80nuSijCz7sc3a277R67g,Nice post,5,0,6.3,2024-04-05 16:49:03,"We're delighted to know that our app met your expectations. Should you have any further suggestions or queries, don't hesitate to write to us at zugarmobility@gmail.com.",2024-04-05 22:58:35,6.3
e9a4e22d-f4d6-47f5-8f26-bd1063c8dfbd,A Google user,https://play-lh.googleusercontent.com/EGemoI2NTXmTsBVtJqk8jxF9rh8ApRWfsIMQSt2uE4OcpQqbFu7f7NbTK05lx80nuSijCz7sc3a277R67g,Good,5,0,6.3,2024-04-05 15:30:20,"We're delighted to know that our app met your expectations. Should you have any further suggestions or queries, don't hesitate to write to us at zugarmobility@gmail.com.",2024-04-05 22:58:36,6.3
b54bb39e-992a-417a-84d4-e380b7faf978,A Google user,https://play-lh.googleusercontent.com/EGemoI2NTXmTsBVtJqk8jxF9rh8ApRWfsIMQSt2uE4OcpQqbFu7f7NbTK05lx80nuSijCz7sc3a277R67g,Is not working out of me is calling prayers,5,0,6.3,2024-04-05 13:01:21,,,6.3
1e553886-8ded-48a4-ae00-b3fe3b64933d,A Google user,https://play-lh.googleusercontent.com/EGemoI2NTXmTsBVtJqk8jxF9rh8ApRWfsIMQSt2uE4OcpQqbFu7f7NbTK05lx80nuSijCz7sc3a277R67g,ممتاز جدا انصح به,5,0,6.3,2024-04-05 12:09:59,"We're delighted to know that our app met your expectations. Should you have any further suggestions or queries, don't hesitate to write to us at zugarmobility@gmail.com.",2024-04-05 22:58:41,6.3
25104a94-89eb-4c9a-ab95-dca98e3657d4,A Google user,https://play-lh.googleusercontent.com/EGemoI2NTXmTsBVtJqk8jxF9rh8ApRWfsIMQSt2uE4OcpQqbFu7f7NbTK05lx80nuSijCz7sc3a277R67g,Faltu apps.. Just only show ad and ad.... Nude ads always show,1,2,6.3,2024-04-05 10:48:43,We regret any inconvenience. Ads are essential to sustain our work. Your understanding is truly appreciated.,2024-04-05 22:58:43,6.3
713cc6ce-58a0-48e2-904f-a2d491cf55e9,A Google user,https://play-lh.googleusercontent.com/EGemoI2NTXmTsBVtJqk8jxF9rh8ApRWfsIMQSt2uE4OcpQqbFu7f7NbTK05lx80nuSijCz7sc3a277R67g,Good,5,0,6.3,2024-04-05 06:56:23,"We're delighted to know that our app met your expectations. Should you have any further suggestions or queries, don't hesitate to write to us at zugarmobility@gmail.com.",2024-04-05 22:58:52,6.3
8ffe5f55-9d48-4cfe-a2f7-22882438a62f,A Google user,https://play-lh.googleusercontent.com/EGemoI2NTXmTsBVtJqk8jxF9rh8ApRWfsIMQSt2uE4OcpQqbFu7f7NbTK05lx80nuSijCz7sc3a277R67g,Is good aap,5,1,,2024-04-05 05:34:12,"We're delighted to know that our app met your expectations. Should you have any further suggestions or queries, don't hesitate to write to us at zugarmobility@gmail.com.",2024-04-05 22:58:55,
f74c844f-bb6a-4b7e-80e0-70a46cb750f9,A Google user,https://play-lh.googleusercontent.com/EGemoI2NTXmTsBVtJqk8jxF9rh8ApRWfsIMQSt2uE4OcpQqbFu7f7NbTK05lx80nuSijCz7sc3a277R67g,Very nice and useful,5,0,6.3,2024-04-05 02:40:49,"We're delighted to know that our app met your expectations. Should you have any further suggestions or queries, don't hesitate to write to us at zugarmobility@gmail.com.",2024-04-05 22:58:59,6.3
443d8a20-dd6f-43cf-97f3-abc16a4bf461,A Google user,https://play-lh.googleusercontent.com/EGemoI2NTXmTsBVtJqk8jxF9rh8ApRWfsIMQSt2uE4OcpQqbFu7f7NbTK05lx80nuSijCz7sc3a277R67g,Nice,5,0,6.3,2024-04-05 01:18:43,"We're delighted to know that our app met your expectations. Should you have any further suggestions or queries, don't hesitate to write to us at zugarmobility@gmail.com.",2024-04-05 22:59:02,6.3
5981ef89-10d6-4508-95e2-985f84b8e3f0,A Google user,https://play-lh.googleusercontent.com/EGemoI2NTXmTsBVtJqk8jxF9rh8ApRWfsIMQSt2uE4OcpQqbFu7f7NbTK05lx80nuSijCz7sc3a277R67g,ভালো,4,0,6.3,2024-04-05 00:33:32,Happy to know you're liking our app. We strive for excellence and your 5-star rating will boost our spirits!,2024-04-05 22:59:05,6.3
859302a1-c07f-4dd3-a161-2329039aa1c3,A Google user,https://play-lh.googleusercontent.com/EGemoI2NTXmTsBVtJqk8jxF9rh8ApRWfsIMQSt2uE4OcpQqbFu7f7NbTK05lx80nuSijCz7sc3a277R67g,Masha Allah,5,0,6.3,2024-04-05 00:03:10,,,6.3
5f523729-66c5-4daa-82ce-bf3fb5b80391,A Google user,https://play-lh.googleusercontent.com/EGemoI2NTXmTsBVtJqk8jxF9rh8ApRWfsIMQSt2uE4OcpQqbFu7f7NbTK05lx80nuSijCz7sc3a277R67g,This is amazing for a muslim....I like it....😊,5,0,6.3,2024-04-04 23:50:48,"We're delighted to know that our app met your expectations. Should you have any further suggestions or queries, don't hesitate to write to us at zugarmobility@gmail.com.",2024-04-05 22:59:09,6.3
f1a5e68a-aee0-4fca-be69-c4bea9e082a6,A Google user,https://play-lh.googleusercontent.com/EGemoI2NTXmTsBVtJqk8jxF9rh8ApRWfsIMQSt2uE4OcpQqbFu7f7NbTK05lx80nuSijCz7sc3a277R67g,Very useful app,5,0,6.3,2024-04-04 21:35:13,,,6.3
b39c19c9-ec45-43e3-8e8b-dfef77306d38,A Google user,https://play-lh.googleusercontent.com/EGemoI2NTXmTsBVtJqk8jxF9rh8ApRWfsIMQSt2uE4OcpQqbFu7f7NbTK05lx80nuSijCz7sc3a277R67g,"I'm Hindu ...,but I believe in Allah so I'm converted in Islam insha Allah...,I'm happy for my life",5,0,6.3,2024-04-04 19:19:50,,,6.3
6a100e1c-e8a7-4e82-b71d-326b5e76a8f8,A Google user,https://play-lh.googleusercontent.com/EGemoI2NTXmTsBVtJqk8jxF9rh8ApRWfsIMQSt2uE4OcpQqbFu7f7NbTK05lx80nuSijCz7sc3a277R67g,Nice one 👍,5,0,6.3,2024-04-04 16:14:49,"We're delighted to know that our app met your expectations. Should you have any further suggestions or queries, don't hesitate to write to us at zugarmobility@gmail.com.",2024-04-05 22:59:16,6.3
4db49e2f-61ad-42a4-83ea-9319a5e7e762,A Google user,https://play-lh.googleusercontent.com/EGemoI2NTXmTsBVtJqk8jxF9rh8ApRWfsIMQSt2uE4OcpQqbFu7f7NbTK05lx80nuSijCz7sc3a277R67g,Jazakumullahu Khairan very good app,5,0,6.3,2024-04-04 13:21:00,"We're delighted to know that our app met your expectations. Should you have any further suggestions or queries, don't hesitate to write to us at zugarmobility@gmail.com.",2024-04-04 13:38:31,6.3
5df93d53-2185-4c6e-be09-46c527594ac3,A Google user,https://play-lh.googleusercontent.com/EGemoI2NTXmTsBVtJqk8jxF9rh8ApRWfsIMQSt2uE4OcpQqbFu7f7NbTK05lx80nuSijCz7sc3a277R67g,Useful thq so much,5,0,6.3,2024-04-04 08:28:16,,,6.3
3cd7ff35-3e01-456a-9154-b077d142475c,A Google user,https://play-lh.googleusercontent.com/EGemoI2NTXmTsBVtJqk8jxF9rh8ApRWfsIMQSt2uE4OcpQqbFu7f7NbTK05lx80nuSijCz7sc3a277R67g,Good,4,0,6.3,2024-04-04 06:43:04,Happy to know you're liking our app. We strive for excellence and your 5-star rating will boost our spirits!,2024-04-04 13:38:39,6.3
528ab46b-3320-4720-8d95-acf6d1e71ad4,A Google user,https://play-lh.googleusercontent.com/EGemoI2NTXmTsBVtJqk8jxF9rh8ApRWfsIMQSt2uE4OcpQqbFu7f7NbTK05lx80nuSijCz7sc3a277R67g,Nice,5,0,6.3,2024-04-04 06:08:44,"We're delighted to know that our app met your expectations. Should you have any further suggestions or queries, don't hesitate to write to us at zugarmobility@gmail.com.",2024-04-04 13:38:41,6.3
47887d11-2733-4a9e-9373-7e6a99997de0,A Google user,https://play-lh.googleusercontent.com/EGemoI2NTXmTsBVtJqk8jxF9rh8ApRWfsIMQSt2uE4OcpQqbFu7f7NbTK05lx80nuSijCz7sc3a277R67g,Mashallah,5,0,6.3,2024-04-04 06:06:52,,,6.3
4030fe92-1502-4fcd-a934-94a1598dfdaf,A Google user,https://play-lh.googleusercontent.com/EGemoI2NTXmTsBVtJqk8jxF9rh8ApRWfsIMQSt2uE4OcpQqbFu7f7NbTK05lx80nuSijCz7sc3a277R67g,খুব ভালো একটি App,5,0,6.3,2024-04-04 04:57:17,"We're delighted to know that our app met your expectations. Should you have any further suggestions or queries, don't hesitate to write to us at zugarmobility@gmail.com.",2024-04-04 13:38:42,6.3
3392a7e6-e7c7-4f29-a2f1-2c6d19081574,A Google user,https://play-lh.googleusercontent.com/EGemoI2NTXmTsBVtJqk8jxF9rh8ApRWfsIMQSt2uE4OcpQqbFu7f7NbTK05lx80nuSijCz7sc3a277R67g,Very usefull app,5,0,6.3,2024-04-04 00:19:43,,,6.3
a5fefa57-4595-4860-aa0b-f2a2bb464fe1,A Google user,https://play-lh.googleusercontent.com/EGemoI2NTXmTsBVtJqk8jxF9rh8ApRWfsIMQSt2uE4OcpQqbFu7f7NbTK05lx80nuSijCz7sc3a277R67g,Very good...,5,0,6.3,2024-04-04 00:05:29,"We're delighted to know that our app met your expectations. Should you have any further suggestions or queries, don't hesitate to write to us at zugarmobility@gmail.com.",2024-04-04 13:38:47,6.3
ec8669d8-427e-4817-9954-ce5b9adcb1bb,A Google user,https://play-lh.googleusercontent.com/EGemoI2NTXmTsBVtJqk8jxF9rh8ApRWfsIMQSt2uE4OcpQqbFu7f7NbTK05lx80nuSijCz7sc3a277R67g,Excellent,5,0,6.3,2024-04-03 23:42:41,"We're delighted to know that our app met your expectations. Should you have any further suggestions or queries, don't hesitate to write to us at zugarmobility@gmail.com.",2024-04-04 13:38:49,6.3
ab8d2fe8-e4e1-4d4a-97be-b52ef9a5f156,A Google user,https://play-lh.googleusercontent.com/EGemoI2NTXmTsBVtJqk8jxF9rh8ApRWfsIMQSt2uE4OcpQqbFu7f7NbTK05lx80nuSijCz7sc3a277R67g,Sundor,5,0,6.3,2024-04-03 20:35:11,,,6.3
215aa52e-88db-46c6-b2fa-bc22ed8d65e0,A Google user,https://play-lh.googleusercontent.com/EGemoI2NTXmTsBVtJqk8jxF9rh8ApRWfsIMQSt2uE4OcpQqbFu7f7NbTK05lx80nuSijCz7sc3a277R67g,Alhamdulillah everything is good on this app,5,0,6.3,2024-04-03 19:05:50,"We're delighted to know that our app met your expectations. Should you have any further suggestions or queries, don't hesitate to write to us at zugarmobility@gmail.com.",2024-04-04 13:38:54,6.3
97b76a0c-2054-49d1-9f89-d79d89a9878e,A Google user,https://play-lh.googleusercontent.com/EGemoI2NTXmTsBVtJqk8jxF9rh8ApRWfsIMQSt2uE4OcpQqbFu7f7NbTK05lx80nuSijCz7sc3a277R67g,Excellent App,4,0,6.3,2024-04-03 10:22:09,Happy to know you're liking our app. We strive for excellence and your 5-star rating will boost our spirits!,2024-04-04 13:39:03,6.3
ca2bcb41-7cdb-4514-8a68-1b50dcf0b98c,A Google user,https://play-lh.googleusercontent.com/EGemoI2NTXmTsBVtJqk8jxF9rh8ApRWfsIMQSt2uE4OcpQqbFu7f7NbTK05lx80nuSijCz7sc3a277R67g,Nice,5,0,6.3,2024-04-03 05:17:54,"We're delighted to know that our app met your expectations. Should you have any further suggestions or queries, don't hesitate to write to us at zugarmobility@gmail.com.",2024-04-04 13:39:11,6.3
706d7950-925d-4130-822f-f21637ead9e1,A Google user,https://play-lh.googleusercontent.com/EGemoI2NTXmTsBVtJqk8jxF9rh8ApRWfsIMQSt2uE4OcpQqbFu7f7NbTK05lx80nuSijCz7sc3a277R67g,Recommended,5,0,6.3,2024-04-03 03:39:48,"We're delighted to know that our app met your expectations. Should you have any further suggestions or queries, don't hesitate to write to us at zugarmobility@gmail.com.",2024-04-04 13:39:15,6.3
fbef7a37-5661-4d34-96d4-207f012fd205,A Google user,https://play-lh.googleusercontent.com/EGemoI2NTXmTsBVtJqk8jxF9rh8ApRWfsIMQSt2uE4OcpQqbFu7f7NbTK05lx80nuSijCz7sc3a277R67g,Very nice and good ☺️😊,5,0,6.3,2024-04-03 03:10:07,"We're delighted to know that our app met your expectations. Should you have any further suggestions or queries, don't hesitate to write to us at zugarmobility@gmail.com.",2024-04-04 13:39:16,6.3
38a6a1b4-feac-41fb-9e51-a88c18dcd50f,A Google user,https://play-lh.googleusercontent.com/EGemoI2NTXmTsBVtJqk8jxF9rh8ApRWfsIMQSt2uE4OcpQqbFu7f7NbTK05lx80nuSijCz7sc3a277R67g,Excellent services this app,5,0,6.3,2024-04-02 19:30:12,"We're delighted to know that our app met your expectations. Should you have any further suggestions or queries, don't hesitate to write to us at zugarmobility@gmail.com.",2024-04-04 13:39:23,6.3
67fde3e9-2c9a-4913-998e-b602f756a568,A Google user,https://play-lh.googleusercontent.com/EGemoI2NTXmTsBVtJqk8jxF9rh8ApRWfsIMQSt2uE4OcpQqbFu7f7NbTK05lx80nuSijCz7sc3a277R67g,Nice,5,0,6.1,2024-04-02 16:42:05,"We're delighted to know that our app met your expectations. Should you have any further suggestions or queries, don't hesitate to write to us at zugarmobility@gmail.com.",2024-04-04 13:39:26,6.1
7ab68fb2-dc4a-475e-9e40-72458448d2c6,A Google user,https://play-lh.googleusercontent.com/EGemoI2NTXmTsBVtJqk8jxF9rh8ApRWfsIMQSt2uE4OcpQqbFu7f7NbTK05lx80nuSijCz7sc3a277R67g,Alhamdulillah,5,0,6.3,2024-04-02 15:18:29,,,6.3
1f31807c-be0b-4af5-88bf-d3c79cf44eea,A Google user,https://play-lh.googleusercontent.com/EGemoI2NTXmTsBVtJqk8jxF9rh8ApRWfsIMQSt2uE4OcpQqbFu7f7NbTK05lx80nuSijCz7sc3a277R67g,Inaccurate,1,0,6.3,2024-04-02 14:54:32,,,6.3
6bf32d43-ac7c-4a45-9f9e-2e9eebe41783,A Google user,https://play-lh.googleusercontent.com/EGemoI2NTXmTsBVtJqk8jxF9rh8ApRWfsIMQSt2uE4OcpQqbFu7f7NbTK05lx80nuSijCz7sc3a277R67g,Good,5,0,6.3,2024-04-02 13:40:44,"We're delighted to know that our app met your expectations. Should you have any further suggestions or queries, don't hesitate to write to us at zugarmobility@gmail.com.",2024-04-04 13:39:29,6.3
642ff358-f632-4d64-9541-410abc15466f,A Google user,https://play-lh.googleusercontent.com/EGemoI2NTXmTsBVtJqk8jxF9rh8ApRWfsIMQSt2uE4OcpQqbFu7f7NbTK05lx80nuSijCz7sc3a277R67g,Mashallah,5,0,6.3,2024-04-02 12:27:00,,,6.3
abbf28e2-35cc-4d93-8e99-898e1639c979,A Google user,https://play-lh.googleusercontent.com/EGemoI2NTXmTsBVtJqk8jxF9rh8ApRWfsIMQSt2uE4OcpQqbFu7f7NbTK05lx80nuSijCz7sc3a277R67g,Super ❣️,5,0,6.3,2024-04-02 10:04:40,"We're delighted to know that our app met your expectations. Should you have any further suggestions or queries, don't hesitate to write to us at zugarmobility@gmail.com.",2024-04-04 13:39:30,6.3
421d37e3-3dc3-4efb-8f25-814795022553,A Google user,https://play-lh.googleusercontent.com/EGemoI2NTXmTsBVtJqk8jxF9rh8ApRWfsIMQSt2uE4OcpQqbFu7f7NbTK05lx80nuSijCz7sc3a277R67g,Easy to use,5,0,6.1,2024-04-02 08:05:35,,,6.1
2ae85c51-a0ae-4f61-b16a-dc4d7a53ef76,A Google user,https://play-lh.googleusercontent.com/EGemoI2NTXmTsBVtJqk8jxF9rh8ApRWfsIMQSt2uE4OcpQqbFu7f7NbTK05lx80nuSijCz7sc3a277R67g,Nice,5,0,6.3,2024-04-02 00:42:44,"We're delighted to know that our app met your expectations. Should you have any further suggestions or queries, don't hesitate to write to us at zugarmobility@gmail.com.",2024-04-04 13:39:43,6.3
38717eed-abeb-48ae-b8aa-567d392bda64,A Google user,https://play-lh.googleusercontent.com/EGemoI2NTXmTsBVtJqk8jxF9rh8ApRWfsIMQSt2uE4OcpQqbFu7f7NbTK05lx80nuSijCz7sc3a277R67g,Agogoluser,5,0,6.3,2024-04-01 23:11:31,,,6.3
777f127c-c716-4909-8a6c-ecb7f26f88b1,A Google user,https://play-lh.googleusercontent.com/EGemoI2NTXmTsBVtJqk8jxF9rh8ApRWfsIMQSt2uE4OcpQqbFu7f7NbTK05lx80nuSijCz7sc3a277R67g,Mashaallah,5,0,6.3,2024-04-01 22:05:51,,,6.3
b389be0f-beb0-4cb6-9b6f-bc2c1faafee6,A Google user,https://play-lh.googleusercontent.com/EGemoI2NTXmTsBVtJqk8jxF9rh8ApRWfsIMQSt2uE4OcpQqbFu7f7NbTK05lx80nuSijCz7sc3a277R67g,ىاتالب ل ةة ال ال اى,5,0,6.3,2024-04-01 20:59:13,,,6.3
adc6625c-cfd3-404a-ad9f-77dccd2f1683,A Google user,https://play-lh.googleusercontent.com/EGemoI2NTXmTsBVtJqk8jxF9rh8ApRWfsIMQSt2uE4OcpQqbFu7f7NbTK05lx80nuSijCz7sc3a277R67g,Good work,5,0,6.3,2024-04-01 18:59:17,"We're delighted to know that our app met your expectations. Should you have any further suggestions or queries, don't hesitate to write to us at zugarmobility@gmail.com.",2024-04-04 13:39:49,6.3
291b33fb-205c-42fb-a78a-1dbfac7f76aa,A Google user,https://play-lh.googleusercontent.com/EGemoI2NTXmTsBVtJqk8jxF9rh8ApRWfsIMQSt2uE4OcpQqbFu7f7NbTK05lx80nuSijCz7sc3a277R67g,"It helps me alot , since I got here I have no probs of missing Salah anymore.",5,0,,2024-04-01 18:38:48,,,
5dc441ff-e038-4d58-8456-bde63d8c1d2b,A Google user,https://play-lh.googleusercontent.com/EGemoI2NTXmTsBVtJqk8jxF9rh8ApRWfsIMQSt2uE4OcpQqbFu7f7NbTK05lx80nuSijCz7sc3a277R67g,"Good,,,app,,, helps me to understand the message of Allah everyday Ramadan",5,1,6.3,2024-04-01 18:24:56,"We're delighted to know that our app met your expectations. Should you have any further suggestions or queries, don't hesitate to write to us at zugarmobility@gmail.com.",2024-04-04 13:39:50,6.3
d945a6b4-8f54-4363-b512-805b868a1534,A Google user,https://play-lh.googleusercontent.com/EGemoI2NTXmTsBVtJqk8jxF9rh8ApRWfsIMQSt2uE4OcpQqbFu7f7NbTK05lx80nuSijCz7sc3a277R67g,Alhamdulillah,5,0,6.3,2024-04-01 17:24:23,,,6.3
1d0b9144-c421-48eb-80eb-84a3dd68a9a1,A Google user,https://play-lh.googleusercontent.com/EGemoI2NTXmTsBVtJqk8jxF9rh8ApRWfsIMQSt2uE4OcpQqbFu7f7NbTK05lx80nuSijCz7sc3a277R67g,"Classy,amazing",5,0,6.3,2024-04-01 16:47:00,"We're delighted to know that our app met your expectations. Should you have any further suggestions or queries, don't hesitate to write to us at zugarmobility@gmail.com.",2024-04-04 13:39:53,6.3
177d9368-bdc7-4a20-8317-d87ca23dea16,A Google user,https://play-lh.googleusercontent.com/EGemoI2NTXmTsBVtJqk8jxF9rh8ApRWfsIMQSt2uE4OcpQqbFu7f7NbTK05lx80nuSijCz7sc3a277R67g,So good,5,0,6.3,2024-04-01 16:41:17,"We're delighted to know that our app met your expectations. Should you have any further suggestions or queries, don't hesitate to write to us at zugarmobility@gmail.com.",2024-04-04 13:39:55,6.3
3f66004d-b3f4-408e-a056-0705f9fcf7ac,A Google user,https://play-lh.googleusercontent.com/EGemoI2NTXmTsBVtJqk8jxF9rh8ApRWfsIMQSt2uE4OcpQqbFu7f7NbTK05lx80nuSijCz7sc3a277R67g,I enjoyed it,5,0,6.3,2024-04-01 14:48:34,,,6.3
19971f43-2675-416d-8e3c-4ca45f8aca79,A Google user,https://play-lh.googleusercontent.com/EGemoI2NTXmTsBVtJqk8jxF9rh8ApRWfsIMQSt2uE4OcpQqbFu7f7NbTK05lx80nuSijCz7sc3a277R67g,👍👍👍👍👍,5,0,6.3,2024-04-01 14:01:28,,,6.3
9e66874c-c3ac-4f72-be01-8ed70103260f,A Google user,https://play-lh.googleusercontent.com/EGemoI2NTXmTsBVtJqk8jxF9rh8ApRWfsIMQSt2uE4OcpQqbFu7f7NbTK05lx80nuSijCz7sc3a277R67g,Faizan Virk Sab 786,3,0,6.3,2024-04-01 07:37:47,,,6.3
e2e46470-b653-4cdb-81b9-dd7fa654f4e3,A Google user,https://play-lh.googleusercontent.com/EGemoI2NTXmTsBVtJqk8jxF9rh8ApRWfsIMQSt2uE4OcpQqbFu7f7NbTK05lx80nuSijCz7sc3a277R67g,Awesome,5,0,6.1,2024-04-01 07:19:56,"We're delighted to know that our app met your expectations. Should you have any further suggestions or queries, don't hesitate to write to us at zugarmobility@gmail.com.",2024-04-01 12:43:41,6.1
ea149e8d-deaa-4362-88ea-a67c7102f93d,A Google user,https://play-lh.googleusercontent.com/EGemoI2NTXmTsBVtJqk8jxF9rh8ApRWfsIMQSt2uE4OcpQqbFu7f7NbTK05lx80nuSijCz7sc3a277R67g,Good knowledge,5,0,6.3,2024-04-01 07:05:28,"We're delighted to know that our app met your expectations. Should you have any further suggestions or queries, don't hesitate to write to us at zugarmobility@gmail.com.",2024-04-01 12:43:43,6.3
d353c247-a54b-4c64-9dd8-71c2f254803c,A Google user,https://play-lh.googleusercontent.com/EGemoI2NTXmTsBVtJqk8jxF9rh8ApRWfsIMQSt2uE4OcpQqbFu7f7NbTK05lx80nuSijCz7sc3a277R67g,Best Quran app highly recommended jazakm Allah khair,5,0,6.3,2024-04-01 05:16:06,"We're delighted to know that our app met your expectations. Should you have any further suggestions or queries, don't hesitate to write to us at zugarmobility@gmail.com.",2024-04-01 12:43:46,6.3
d8a6857d-d6a8-4b72-9bd6-4f61f3ec3969,A Google user,https://play-lh.googleusercontent.com/EGemoI2NTXmTsBVtJqk8jxF9rh8ApRWfsIMQSt2uE4OcpQqbFu7f7NbTK05lx80nuSijCz7sc3a277R67g,Good,5,0,6.3,2024-04-01 05:15:28,"We're delighted to know that our app met your expectations. Should you have any further suggestions or queries, don't hesitate to write to us at zugarmobility@gmail.com.",2024-04-01 12:43:47,6.3
d34c9484-5e6b-4405-9c15-544db120e1c1,A Google user,https://play-lh.googleusercontent.com/EGemoI2NTXmTsBVtJqk8jxF9rh8ApRWfsIMQSt2uE4OcpQqbFu7f7NbTK05lx80nuSijCz7sc3a277R67g,Veery nice app Subhanallah,5,0,6.3,2024-04-01 04:14:27,"We're delighted to know that our app met your expectations. Should you have any further suggestions or queries, don't hesitate to write to us at zugarmobility@gmail.com.",2024-04-01 12:43:49,6.3
14c9e1b6-2cf2-420b-b84b-365ee76b6ac1,A Google user,https://play-lh.googleusercontent.com/EGemoI2NTXmTsBVtJqk8jxF9rh8ApRWfsIMQSt2uE4OcpQqbFu7f7NbTK05lx80nuSijCz7sc3a277R67g,Masaallah,5,0,6.3,2024-04-01 04:12:57,,,6.3
bdb0374d-5d49-42b8-bcb6-ba7b7d2167ec,A Google user,https://play-lh.googleusercontent.com/EGemoI2NTXmTsBVtJqk8jxF9rh8ApRWfsIMQSt2uE4OcpQqbFu7f7NbTK05lx80nuSijCz7sc3a277R67g,Ma sha allah 🥰,5,0,6.3,2024-04-01 01:22:28,,,6.3
e36486cc-027e-4d86-ba6d-3148d5999f29,A Google user,https://play-lh.googleusercontent.com/EGemoI2NTXmTsBVtJqk8jxF9rh8ApRWfsIMQSt2uE4OcpQqbFu7f7NbTK05lx80nuSijCz7sc3a277R67g,ماشاء الله,5,0,6.3,2024-04-01 00:57:10,,,6.3
56cb4936-1386-4436-836a-44eb3e14126f,A Google user,https://play-lh.googleusercontent.com/EGemoI2NTXmTsBVtJqk8jxF9rh8ApRWfsIMQSt2uE4OcpQqbFu7f7NbTK05lx80nuSijCz7sc3a277R67g,Its great for muslim.,5,0,6.3,2024-04-01 00:39:24,"We're delighted to know that our app met your expectations. Should you have any further suggestions or queries, don't hesitate to write to us at zugarmobility@gmail.com.",2024-04-01 12:43:54,6.3
c21017c7-9b0a-4f62-8dc6-b4a6378c2530,A Google user,https://play-lh.googleusercontent.com/EGemoI2NTXmTsBVtJqk8jxF9rh8ApRWfsIMQSt2uE4OcpQqbFu7f7NbTK05lx80nuSijCz7sc3a277R67g,Z app is very nice I love it,5,0,6.3,2024-03-31 20:05:40,"We're delighted to know that our app met your expectations. Should you have any further suggestions or queries, don't hesitate to write to us at zugarmobility@gmail.com.",2024-04-01 12:43:59,6.3
43861e1e-d900-4946-9519-fbaa25d963db,A Google user,https://play-lh.googleusercontent.com/EGemoI2NTXmTsBVtJqk8jxF9rh8ApRWfsIMQSt2uE4OcpQqbFu7f7NbTK05lx80nuSijCz7sc3a277R67g,Mashallah,5,0,6.3,2024-03-31 19:25:52,,,6.3
edf1f81a-dbd2-4648-9434-ff3643e9456b,A Google user,https://play-lh.googleusercontent.com/EGemoI2NTXmTsBVtJqk8jxF9rh8ApRWfsIMQSt2uE4OcpQqbFu7f7NbTK05lx80nuSijCz7sc3a277R67g,Wonderful,5,0,6.3,2024-03-31 18:54:38,"We're delighted to know that our app met your expectations. Should you have any further suggestions or queries, don't hesitate to write to us at zugarmobility@gmail.com.",2024-04-01 12:44:00,6.3
e11e5f0a-1930-48df-a6e5-5c5192cc8798,A Google user,https://play-lh.googleusercontent.com/EGemoI2NTXmTsBVtJqk8jxF9rh8ApRWfsIMQSt2uE4OcpQqbFu7f7NbTK05lx80nuSijCz7sc3a277R67g,Alhamdulillah,5,0,6.3,2024-03-31 18:14:32,,,6.3
3621efe6-a6e6-4d9b-ae74-4e1fa0bfd639,A Google user,https://play-lh.googleusercontent.com/EGemoI2NTXmTsBVtJqk8jxF9rh8ApRWfsIMQSt2uE4OcpQqbFu7f7NbTK05lx80nuSijCz7sc3a277R67g,مفيهوش تسميع,1,0,6.3,2024-03-31 12:04:45,,,6.3
d17bec5c-e392-475c-b049-7c41a6fff630,A Google user,https://play-lh.googleusercontent.com/EGemoI2NTXmTsBVtJqk8jxF9rh8ApRWfsIMQSt2uE4OcpQqbFu7f7NbTK05lx80nuSijCz7sc3a277R67g,"Alhamdulillah, well presentation",5,0,6.3,2024-03-31 10:21:05,"We're delighted to know that our app met your expectations. Should you have any further suggestions or queries, don't hesitate to write to us at zugarmobility@gmail.com.",2024-04-01 12:44:07,6.3
a04b2eae-6674-4da7-b7fe-f955bee1d89b,A Google user,https://play-lh.googleusercontent.com/EGemoI2NTXmTsBVtJqk8jxF9rh8ApRWfsIMQSt2uE4OcpQqbFu7f7NbTK05lx80nuSijCz7sc3a277R67g,Wasiu dawodu,5,0,,2024-03-31 06:42:33,,,
94b8c508-0851-4b7c-8f38-6f64d0dba193,A Google user,https://play-lh.googleusercontent.com/EGemoI2NTXmTsBVtJqk8jxF9rh8ApRWfsIMQSt2uE4OcpQqbFu7f7NbTK05lx80nuSijCz7sc3a277R67g,Nice,5,0,6.3,2024-03-31 06:39:52,"We're delighted to know that our app met your expectations. Should you have any further suggestions or queries, don't hesitate to write to us at zugarmobility@gmail.com.",2024-04-01 12:44:13,6.3
21c10be8-c42c-4ec7-81b7-5b90e7e29982,A Google user,https://play-lh.googleusercontent.com/EGemoI2NTXmTsBVtJqk8jxF9rh8ApRWfsIMQSt2uE4OcpQqbFu7f7NbTK05lx80nuSijCz7sc3a277R67g,Good application,5,0,6.3,2024-03-31 06:15:01,"We're delighted to know that our app met your expectations. Should you have any further suggestions or queries, don't hesitate to write to us at zugarmobility@gmail.com.",2024-04-01 12:44:16,6.3
d1a69681-5572-4801-a1c2-26b286d96250,A Google user,https://play-lh.googleusercontent.com/EGemoI2NTXmTsBVtJqk8jxF9rh8ApRWfsIMQSt2uE4OcpQqbFu7f7NbTK05lx80nuSijCz7sc3a277R67g,It is most helpful,4,0,6.3,2024-03-31 05:02:11,Happy to know you're liking our app. We strive for excellence and your 5-star rating will boost our spirits!,2024-04-01 12:44:20,6.3
33acb2fd-b422-4500-ad4c-71a06a76779a,A Google user,https://play-lh.googleusercontent.com/EGemoI2NTXmTsBVtJqk8jxF9rh8ApRWfsIMQSt2uE4OcpQqbFu7f7NbTK05lx80nuSijCz7sc3a277R67g,❤️❤️,5,0,6.3,2024-03-31 04:31:50,,,6.3
1885133f-2f64-48c1-bd60-3bd4d4e7531a,A Google user,https://play-lh.googleusercontent.com/EGemoI2NTXmTsBVtJqk8jxF9rh8ApRWfsIMQSt2uE4OcpQqbFu7f7NbTK05lx80nuSijCz7sc3a277R67g,Very good,5,0,,2024-03-31 04:31:32,"We're delighted to know that our app met your expectations. Should you have any further suggestions or queries, don't hesitate to write to us at zugarmobility@gmail.com.",2024-04-01 12:44:21,
9111a9d0-0579-44dc-9cef-ffde13597cd5,A Google user,https://play-lh.googleusercontent.com/EGemoI2NTXmTsBVtJqk8jxF9rh8ApRWfsIMQSt2uE4OcpQqbFu7f7NbTK05lx80nuSijCz7sc3a277R67g,Straight forward,5,0,6.3,2024-03-31 03:49:18,,,6.3
7b1f5a9a-ceac-4a4a-96cf-98a75a1ab5d2,A Google user,https://play-lh.googleusercontent.com/EGemoI2NTXmTsBVtJqk8jxF9rh8ApRWfsIMQSt2uE4OcpQqbFu7f7NbTK05lx80nuSijCz7sc3a277R67g,Great,4,0,6.3,2024-03-31 03:12:17,Happy to know you're liking our app. We strive for excellence and your 5-star rating will boost our spirits!,2024-04-01 12:44:23,6.3
79427cc4-4663-4d74-b85c-03491f4e7ca4,A Google user,https://play-lh.googleusercontent.com/EGemoI2NTXmTsBVtJqk8jxF9rh8ApRWfsIMQSt2uE4OcpQqbFu7f7NbTK05lx80nuSijCz7sc3a277R67g,Best islamic App,5,0,,2024-03-31 02:02:53,"We're delighted to know that our app met your expectations. Should you have any further suggestions or queries, don't hesitate to write to us at zugarmobility@gmail.com.",2024-04-01 12:44:28,
67a032c4-61a4-49a0-beb1-f96585e2914b,A Google user,https://play-lh.googleusercontent.com/EGemoI2NTXmTsBVtJqk8jxF9rh8ApRWfsIMQSt2uE4OcpQqbFu7f7NbTK05lx80nuSijCz7sc3a277R67g,Nice,5,0,6.3,2024-03-31 00:17:47,"We're delighted to know that our app met your expectations. Should you have any further suggestions or queries, don't hesitate to write to us at zugarmobility@gmail.com.",2024-04-01 12:44:33,6.3
ce6aee67-f764-4c9c-89e1-957acb7b6552,A Google user,https://play-lh.googleusercontent.com/EGemoI2NTXmTsBVtJqk8jxF9rh8ApRWfsIMQSt2uE4OcpQqbFu7f7NbTK05lx80nuSijCz7sc3a277R67g,আলহাদুলিল্লাহ,5,0,6.3,2024-03-30 19:39:59,,,6.3
27af29f6-8019-4ea5-b6b4-f70d00b320c9,A Google user,https://play-lh.googleusercontent.com/EGemoI2NTXmTsBVtJqk8jxF9rh8ApRWfsIMQSt2uE4OcpQqbFu7f7NbTK05lx80nuSijCz7sc3a277R67g,It is a good one but the qibla is difficult to read. Also how to pause Athan is not clear,4,5,6.3,2024-03-30 18:57:54,Happy to know you're liking our app. We strive for excellence and your 5-star rating will boost our spirits!,2024-04-01 12:44:36,6.3
eb348ae9-07f0-42fa-b695-9c25e13d726a,A Google user,https://play-lh.googleusercontent.com/EGemoI2NTXmTsBVtJqk8jxF9rh8ApRWfsIMQSt2uE4OcpQqbFu7f7NbTK05lx80nuSijCz7sc3a277R67g,So beautiful,5,0,6.3,2024-03-30 12:13:54,"We're delighted to know that our app met your expectations. Should you have any further suggestions or queries, don't hesitate to write to us at zugarmobility@gmail.com.",2024-04-01 12:44:42,6.3
78fbf7d3-4217-4c0b-b631-f7ca98a62486,A Google user,https://play-lh.googleusercontent.com/EGemoI2NTXmTsBVtJqk8jxF9rh8ApRWfsIMQSt2uE4OcpQqbFu7f7NbTK05lx80nuSijCz7sc3a277R67g,App is good but payable we need this app as afree,5,0,6.3,2024-03-30 11:25:20,"We're delighted to know that our app met your expectations. Should you have any further suggestions or queries, don't hesitate to write to us at zugarmobility@gmail.com.",2024-04-01 12:44:45,6.3
414118f1-44c1-4c9f-8a76-eed18c5b62c5,A Google user,https://play-lh.googleusercontent.com/EGemoI2NTXmTsBVtJqk8jxF9rh8ApRWfsIMQSt2uE4OcpQqbFu7f7NbTK05lx80nuSijCz7sc3a277R67g,Good,4,0,6.1,2024-03-30 10:27:00,Happy to know you're liking our app. We strive for excellence and your 5-star rating will boost our spirits!,2024-04-01 12:44:46,6.1
c55dfc79-8f4f-4312-9b65-68abf10c495e,A Google user,https://play-lh.googleusercontent.com/EGemoI2NTXmTsBVtJqk8jxF9rh8ApRWfsIMQSt2uE4OcpQqbFu7f7NbTK05lx80nuSijCz7sc3a277R67g,Good,5,0,6.3,2024-03-30 09:50:36,"We're delighted to know that our app met your expectations. Should you have any further suggestions or queries, don't hesitate to write to us at zugarmobility@gmail.com.",2024-04-01 12:44:47,6.3
78b95df2-c5f3-4549-8faf-c8f2ada9d1c6,A Google user,https://play-lh.googleusercontent.com/EGemoI2NTXmTsBVtJqk8jxF9rh8ApRWfsIMQSt2uE4OcpQqbFu7f7NbTK05lx80nuSijCz7sc3a277R67g,Good,5,0,6.3,2024-03-30 07:48:19,"We're delighted to know that our app met your expectations. Should you have any further suggestions or queries, don't hesitate to write to us at zugarmobility@gmail.com.",2024-04-01 12:44:49,6.3
6136a9ba-1005-4b9b-b215-66b20ca20ac7,A Google user,https://play-lh.googleusercontent.com/EGemoI2NTXmTsBVtJqk8jxF9rh8ApRWfsIMQSt2uE4OcpQqbFu7f7NbTK05lx80nuSijCz7sc3a277R67g,Mashallah,5,0,6.0,2024-03-30 07:27:24,,,6.0
ae77120d-0105-431c-81c2-577b4cb8c717,A Google user,https://play-lh.googleusercontent.com/EGemoI2NTXmTsBVtJqk8jxF9rh8ApRWfsIMQSt2uE4OcpQqbFu7f7NbTK05lx80nuSijCz7sc3a277R67g,Working Good,5,0,6.3,2024-03-30 05:56:31,"We're delighted to know that our app met your expectations. Should you have any further suggestions or queries, don't hesitate to write to us at zugarmobility@gmail.com.",2024-03-30 06:33:31,6.3
34af0819-3a84-4ebc-8e49-a9b631a888d0,A Google user,https://play-lh.googleusercontent.com/EGemoI2NTXmTsBVtJqk8jxF9rh8ApRWfsIMQSt2uE4OcpQqbFu7f7NbTK05lx80nuSijCz7sc3a277R67g,So cute nice,5,0,6.3,2024-03-30 05:52:18,"We're delighted to know that our app met your expectations. Should you have any further suggestions or queries, don't hesitate to write to us at zugarmobility@gmail.com.",2024-03-30 06:33:32,6.3
077db941-9176-4d8c-9bf6-07300550ff68,A Google user,https://play-lh.googleusercontent.com/EGemoI2NTXmTsBVtJqk8jxF9rh8ApRWfsIMQSt2uE4OcpQqbFu7f7NbTK05lx80nuSijCz7sc3a277R67g,Amazing App ! ✨,5,0,6.3,2024-03-30 05:48:54,"We're delighted to know that our app met your expectations. Should you have any further suggestions or queries, don't hesitate to write to us at zugarmobility@gmail.com.",2024-03-30 06:33:33,6.3
7a3c328e-20ff-48dc-9f1b-ffee3479f96e,A Google user,https://play-lh.googleusercontent.com/EGemoI2NTXmTsBVtJqk8jxF9rh8ApRWfsIMQSt2uE4OcpQqbFu7f7NbTK05lx80nuSijCz7sc3a277R67g,it's very good experience,5,0,6.3,2024-03-30 05:34:24,"We're delighted to know that our app met your expectations. Should you have any further suggestions or queries, don't hesitate to write to us at zugarmobility@gmail.com.",2024-03-30 06:33:36,6.3
04bd334a-3962-464a-8dd8-cd7dbab66c43,A Google user,https://play-lh.googleusercontent.com/EGemoI2NTXmTsBVtJqk8jxF9rh8ApRWfsIMQSt2uE4OcpQqbFu7f7NbTK05lx80nuSijCz7sc3a277R67g,"Such a helpfull, cause I wanna be closer to allah",5,0,6.3,2024-03-30 05:19:32,"We're delighted to know that our app met your expectations. Should you have any further suggestions or queries, don't hesitate to write to us at zugarmobility@gmail.com.",2024-03-30 06:33:37,6.3
1119e32e-a3ee-40fa-9b0c-9e99c358f14e,A Google user,https://play-lh.googleusercontent.com/EGemoI2NTXmTsBVtJqk8jxF9rh8ApRWfsIMQSt2uE4OcpQqbFu7f7NbTK05lx80nuSijCz7sc3a277R67g,it nice app,5,0,6.3,2024-03-30 02:30:33,"We're delighted to know that our app met your expectations. Should you have any further suggestions or queries, don't hesitate to write to us at zugarmobility@gmail.com.",2024-03-30 06:33:38,6.3
9166dbf6-fe92-4dfe-bd5f-84d4ab9e98bb,A Google user,https://play-lh.googleusercontent.com/EGemoI2NTXmTsBVtJqk8jxF9rh8ApRWfsIMQSt2uE4OcpQqbFu7f7NbTK05lx80nuSijCz7sc3a277R67g,لم أجد فيه التسميع رغم ترويج الإعلان عن تلك الخاصية,1,0,,2024-03-30 02:20:44,We regret any inconvenience. Ads are essential to sustain our work. Your understanding is truly appreciated.,2024-03-30 06:33:41,
ab63d090-aecd-46d4-9381-d91787a1d706,A Google user,https://play-lh.googleusercontent.com/EGemoI2NTXmTsBVtJqk8jxF9rh8ApRWfsIMQSt2uE4OcpQqbFu7f7NbTK05lx80nuSijCz7sc3a277R67g,Good app,5,0,6.3,2024-03-29 23:19:51,"We're delighted to know that our app met your expectations. Should you have any further suggestions or queries, don't hesitate to write to us at zugarmobility@gmail.com.",2024-03-30 06:33:43,6.3
ee2df594-1502-4806-a639-ed9879574384,A Google user,https://play-lh.googleusercontent.com/EGemoI2NTXmTsBVtJqk8jxF9rh8ApRWfsIMQSt2uE4OcpQqbFu7f7NbTK05lx80nuSijCz7sc3a277R67g,Good apps,5,0,6.3,2024-03-29 20:21:57,"We're delighted to know that our app met your expectations. Should you have any further suggestions or queries, don't hesitate to write to us at zugarmobility@gmail.com.",2024-03-30 06:33:49,6.3
99eb3ee4-fa8d-4ec8-a424-e2099c7647af,A Google user,https://play-lh.googleusercontent.com/EGemoI2NTXmTsBVtJqk8jxF9rh8ApRWfsIMQSt2uE4OcpQqbFu7f7NbTK05lx80nuSijCz7sc3a277R67g,very good,5,0,6.3,2024-03-29 20:06:13,"We're delighted to know that our app met your expectations. Should you have any further suggestions or queries, don't hesitate to write to us at zugarmobility@gmail.com.",2024-03-29 20:08:30,6.3
b1dc4852-f9f2-4156-869d-f50498e80bda,A Google user,https://play-lh.googleusercontent.com/EGemoI2NTXmTsBVtJqk8jxF9rh8ApRWfsIMQSt2uE4OcpQqbFu7f7NbTK05lx80nuSijCz7sc3a277R67g,Good,5,0,6.3,2024-03-29 19:35:13,"We're delighted to know that our app met your expectations. Should you have any further suggestions or queries, don't hesitate to write to us at zugarmobility@gmail.com.",2024-03-29 20:08:34,6.3
a81ab73b-7bbb-42ac-bc54-8f43003c4bb4,A Google user,https://play-lh.googleusercontent.com/EGemoI2NTXmTsBVtJqk8jxF9rh8ApRWfsIMQSt2uE4OcpQqbFu7f7NbTK05lx80nuSijCz7sc3a277R67g,Fantastic,5,0,6.3,2024-03-29 18:51:46,"We're delighted to know that our app met your expectations. Should you have any further suggestions or queries, don't hesitate to write to us at zugarmobility@gmail.com.",2024-03-29 20:08:38,6.3
b2e3e1eb-9c29-421f-ad87-23153a71d047,A Google user,https://play-lh.googleusercontent.com/EGemoI2NTXmTsBVtJqk8jxF9rh8ApRWfsIMQSt2uE4OcpQqbFu7f7NbTK05lx80nuSijCz7sc3a277R67g,good app,5,0,6.3,2024-03-29 18:10:05,"We're delighted to know that our app met your expectations. Should you have any further suggestions or queries, don't hesitate to write to us at zugarmobility@gmail.com.",2024-03-29 20:08:41,6.3
6019ddaa-4b7c-4022-88c2-02305d1768e2,A Google user,https://play-lh.googleusercontent.com/EGemoI2NTXmTsBVtJqk8jxF9rh8ApRWfsIMQSt2uE4OcpQqbFu7f7NbTK05lx80nuSijCz7sc3a277R67g,Good,5,0,6.1,2024-03-29 15:03:54,"We're delighted to know that our app met your expectations. Should you have any further suggestions or queries, don't hesitate to write to us at zugarmobility@gmail.com.",2024-03-29 20:08:45,6.1
f5679b0b-1f06-4b35-a424-fe832684b9e4,A Google user,https://play-lh.googleusercontent.com/EGemoI2NTXmTsBVtJqk8jxF9rh8ApRWfsIMQSt2uE4OcpQqbFu7f7NbTK05lx80nuSijCz7sc3a277R67g,بہت بہت اچھا ہے یہ اپپس,5,0,,2024-03-29 14:32:30,"We're delighted to know that our app met your expectations. Should you have any further suggestions or queries, don't hesitate to write to us at zugarmobility@gmail.com.",2024-03-29 20:08:47,
8b5774af-3383-447b-9bd6-d43cfd072c99,A Google user,https://play-lh.googleusercontent.com/EGemoI2NTXmTsBVtJqk8jxF9rh8ApRWfsIMQSt2uE4OcpQqbFu7f7NbTK05lx80nuSijCz7sc3a277R67g,Mashallah,5,0,6.1,2024-03-29 14:03:11,,,6.1
f9f79673-330b-44b1-ae93-4de8921e0820,A Google user,https://play-lh.googleusercontent.com/EGemoI2NTXmTsBVtJqk8jxF9rh8ApRWfsIMQSt2uE4OcpQqbFu7f7NbTK05lx80nuSijCz7sc3a277R67g,अल्हा हुकबर् 🤲,5,0,6.1,2024-03-29 14:02:58,,,6.1
6c58611c-f974-4330-a0af-d3f83964edc1,A Google user,https://play-lh.googleusercontent.com/EGemoI2NTXmTsBVtJqk8jxF9rh8ApRWfsIMQSt2uE4OcpQqbFu7f7NbTK05lx80nuSijCz7sc3a277R67g,khub valo,5,0,6.3,2024-03-29 12:33:08,,,6.3
92efeb0e-8876-4619-aa01-923b5a098c8b,A Google user,https://play-lh.googleusercontent.com/EGemoI2NTXmTsBVtJqk8jxF9rh8ApRWfsIMQSt2uE4OcpQqbFu7f7NbTK05lx80nuSijCz7sc3a277R67g,Nice app,5,0,6.3,2024-03-29 12:09:32,"We're delighted to know that our app met your expectations. Should you have any further suggestions or queries, don't hesitate to write to us at zugarmobility@gmail.com.",2024-03-29 20:08:48,6.3
f00cd08e-d44b-466d-8158-947ae9fd36ec,A Google user,https://play-lh.googleusercontent.com/EGemoI2NTXmTsBVtJqk8jxF9rh8ApRWfsIMQSt2uE4OcpQqbFu7f7NbTK05lx80nuSijCz7sc3a277R67g,Good,5,0,6.3,2024-03-29 11:21:44,"We're delighted to know that our app met your expectations. Should you have any further suggestions or queries, don't hesitate to write to us at zugarmobility@gmail.com.",2024-03-29 20:08:49,6.3
f8e28f71-c37c-4384-8e9f-7cf66cdf5c54,A Google user,https://play-lh.googleusercontent.com/EGemoI2NTXmTsBVtJqk8jxF9rh8ApRWfsIMQSt2uE4OcpQqbFu7f7NbTK05lx80nuSijCz7sc3a277R67g,Nice,5,0,6.1,2024-03-29 10:48:17,"We're delighted to know that our app met your expectations. Should you have any further suggestions or queries, don't hesitate to write to us at zugarmobility@gmail.com.",2024-03-29 20:08:50,6.1
e2d226c0-8a5c-48da-bfb4-9d109133e6af,A Google user,https://play-lh.googleusercontent.com/EGemoI2NTXmTsBVtJqk8jxF9rh8ApRWfsIMQSt2uE4OcpQqbFu7f7NbTK05lx80nuSijCz7sc3a277R67g,Massallah,5,0,6.1,2024-03-29 10:28:57,,,6.1
fbe93a42-d794-4437-bad7-92dd410459d0,A Google user,https://play-lh.googleusercontent.com/EGemoI2NTXmTsBVtJqk8jxF9rh8ApRWfsIMQSt2uE4OcpQqbFu7f7NbTK05lx80nuSijCz7sc3a277R67g,Helpful,5,0,6.3,2024-03-29 09:21:35,"We're delighted to know that our app met your expectations. Should you have any further suggestions or queries, don't hesitate to write to us at zugarmobility@gmail.com.",2024-03-29 20:08:52,6.3
92f7e3da-93fe-4eb8-8f71-7d0a13ed3970,A Google user,https://play-lh.googleusercontent.com/EGemoI2NTXmTsBVtJqk8jxF9rh8ApRWfsIMQSt2uE4OcpQqbFu7f7NbTK05lx80nuSijCz7sc3a277R67g,very good apps,5,1,6.3,2024-03-29 08:30:33,"We're delighted to know that our app met your expectations. Should you have any further suggestions or queries, don't hesitate to write to us at zugarmobility@gmail.com.",2024-03-29 20:08:53,6.3
17682474-57c3-40fa-9d2f-26d7198b6a52,A Google user,https://play-lh.googleusercontent.com/EGemoI2NTXmTsBVtJqk8jxF9rh8ApRWfsIMQSt2uE4OcpQqbFu7f7NbTK05lx80nuSijCz7sc3a277R67g,Grateful for this application,5,0,6.3,2024-03-29 07:14:52,,,6.3
66c42452-5e1a-4b31-b220-ca1f160528f7,A Google user,https://play-lh.googleusercontent.com/EGemoI2NTXmTsBVtJqk8jxF9rh8ApRWfsIMQSt2uE4OcpQqbFu7f7NbTK05lx80nuSijCz7sc3a277R67g,Mashaallah best app good 💯😊,5,0,6.3,2024-03-29 06:14:03,"We're delighted to know that our app met your expectations. Should you have any further suggestions or queries, don't hesitate to write to us at zugarmobility@gmail.com.",2024-03-29 20:08:57,6.3
57a615e2-f63b-44df-be53-a8a3520ee627,A Google user,https://play-lh.googleusercontent.com/EGemoI2NTXmTsBVtJqk8jxF9rh8ApRWfsIMQSt2uE4OcpQqbFu7f7NbTK05lx80nuSijCz7sc3a277R67g,❤️,5,0,6.1,2024-03-29 05:56:06,,,6.1
041a6beb-ad66-4cf6-ac2e-6b1581a98cd2,A Google user,https://play-lh.googleusercontent.com/EGemoI2NTXmTsBVtJqk8jxF9rh8ApRWfsIMQSt2uE4OcpQqbFu7f7NbTK05lx80nuSijCz7sc3a277R67g,Love this apps and easy to use. Thanks.,5,2,6.3,2024-03-29 04:59:52,"We're delighted to know that our app met your expectations. Should you have any further suggestions or queries, don't hesitate to write to us at zugarmobility@gmail.com.",2024-03-29 20:09:00,6.3
63afb64a-4242-43ac-8498-0042b5d49421,A Google user,https://play-lh.googleusercontent.com/EGemoI2NTXmTsBVtJqk8jxF9rh8ApRWfsIMQSt2uE4OcpQqbFu7f7NbTK05lx80nuSijCz7sc3a277R67g,Très bonne application,5,0,6.1,2024-03-28 20:28:35,"We're delighted to know that our app met your expectations. Should you have any further suggestions or queries, don't hesitate to write to us at zugarmobility@gmail.com.",2024-03-29 20:09:09,6.1
df58d038-815e-4ade-8f40-c8f46034c327,A Google user,https://play-lh.googleusercontent.com/EGemoI2NTXmTsBVtJqk8jxF9rh8ApRWfsIMQSt2uE4OcpQqbFu7f7NbTK05lx80nuSijCz7sc3a277R67g,Mashaallah,5,0,6.3,2024-03-28 18:55:19,,,6.3
8dcc9d22-380c-40c1-a93a-f42a93cc808d,A Google user,https://play-lh.googleusercontent.com/EGemoI2NTXmTsBVtJqk8jxF9rh8ApRWfsIMQSt2uE4OcpQqbFu7f7NbTK05lx80nuSijCz7sc3a277R67g,Very nice,5,0,6.1,2024-03-28 18:08:46,"We're delighted to know that our app met your expectations. Should you have any further suggestions or queries, don't hesitate to write to us at zugarmobility@gmail.com.",2024-03-29 20:09:14,6.1
454d8afc-981d-46b1-a9e7-531aa0230429,A Google user,https://play-lh.googleusercontent.com/EGemoI2NTXmTsBVtJqk8jxF9rh8ApRWfsIMQSt2uE4OcpQqbFu7f7NbTK05lx80nuSijCz7sc3a277R67g,Very Good,5,0,6.3,2024-03-28 17:43:26,"We're delighted to know that our app met your expectations. Should you have any further suggestions or queries, don't hesitate to write to us at zugarmobility@gmail.com.",2024-03-29 20:09:16,6.3
0f4569e4-acb8-4c0c-a5dc-24b076594376,A Google user,https://play-lh.googleusercontent.com/EGemoI2NTXmTsBVtJqk8jxF9rh8ApRWfsIMQSt2uE4OcpQqbFu7f7NbTK05lx80nuSijCz7sc3a277R67g,Uuuuuffffffffff sukoon,5,0,6.1,2024-03-28 17:02:19,,,6.1
c39a6fab-714b-4a8f-b07c-9406c7f60546,A Google user,https://play-lh.googleusercontent.com/EGemoI2NTXmTsBVtJqk8jxF9rh8ApRWfsIMQSt2uE4OcpQqbFu7f7NbTK05lx80nuSijCz7sc3a277R67g,Very useful,5,0,6.1,2024-03-28 12:38:43,,,6.1
a1e275ae-6885-43df-9c38-296337a8408e,A Google user,https://play-lh.googleusercontent.com/EGemoI2NTXmTsBVtJqk8jxF9rh8ApRWfsIMQSt2uE4OcpQqbFu7f7NbTK05lx80nuSijCz7sc3a277R67g,Masha Allah,5,0,6.1,2024-03-28 11:57:46,,,6.1
cc207505-47ec-4993-92de-c32b9a79fe1d,A Google user,https://play-lh.googleusercontent.com/EGemoI2NTXmTsBVtJqk8jxF9rh8ApRWfsIMQSt2uE4OcpQqbFu7f7NbTK05lx80nuSijCz7sc3a277R67g,নাইস,5,0,6.3,2024-03-28 11:53:02,"We're delighted to know that our app met your expectations. Should you have any further suggestions or queries, don't hesitate to write to us at zugarmobility@gmail.com.",2024-03-28 12:53:31,6.3
6f3092e2-a4f3-4906-87ea-69e791a25edc,A Google user,https://play-lh.googleusercontent.com/EGemoI2NTXmTsBVtJqk8jxF9rh8ApRWfsIMQSt2uE4OcpQqbFu7f7NbTK05lx80nuSijCz7sc3a277R67g,Masha Allah,5,0,6.3,2024-03-28 07:56:47,,,6.3
c7965401-f8f5-4e41-9f1b-156449fabb2d,A Google user,https://play-lh.googleusercontent.com/EGemoI2NTXmTsBVtJqk8jxF9rh8ApRWfsIMQSt2uE4OcpQqbFu7f7NbTK05lx80nuSijCz7sc3a277R67g,It's adorable and keep able apps,4,3,6.3,2024-03-28 07:42:24,,,6.3
233cd4c8-6baa-47ea-b8e5-36126760440c,A Google user,https://play-lh.googleusercontent.com/EGemoI2NTXmTsBVtJqk8jxF9rh8ApRWfsIMQSt2uE4OcpQqbFu7f7NbTK05lx80nuSijCz7sc3a277R67g,masaallah,5,0,6.1,2024-03-28 07:24:55,,,6.1
6ccc9a29-b70b-4437-bdd9-5f46fb720500,A Google user,https://play-lh.googleusercontent.com/EGemoI2NTXmTsBVtJqk8jxF9rh8ApRWfsIMQSt2uE4OcpQqbFu7f7NbTK05lx80nuSijCz7sc3a277R67g,Mashallaha mashallaha mashallaha Subhanallah Every thing is excellent,5,0,6.1,2024-03-28 04:45:01,"We're delighted to know that our app met your expectations. Should you have any further suggestions or queries, don't hesitate to write to us at zugarmobility@gmail.com.",2024-03-28 12:53:46,6.1
378d76c4-bd1f-4ddb-95ec-f5fa7d40d3af,A Google user,https://play-lh.googleusercontent.com/EGemoI2NTXmTsBVtJqk8jxF9rh8ApRWfsIMQSt2uE4OcpQqbFu7f7NbTK05lx80nuSijCz7sc3a277R67g,Very good aap,4,0,6.1,2024-03-28 04:43:27,Happy to know you're liking our app. We strive for excellence and your 5-star rating will boost our spirits!,2024-03-28 12:53:47,6.1
5aa9b8a4-114e-4762-8b7f-bdf1c4765125,A Google user,https://play-lh.googleusercontent.com/EGemoI2NTXmTsBVtJqk8jxF9rh8ApRWfsIMQSt2uE4OcpQqbFu7f7NbTK05lx80nuSijCz7sc3a277R67g,Good,5,0,6.1,2024-03-28 00:33:41,"We're delighted to know that our app met your expectations. Should you have any further suggestions or queries, don't hesitate to write to us at zugarmobility@gmail.com.",2024-03-28 12:53:52,6.1
6b16d11a-a40f-46b4-a2c8-8194dd05d634,A Google user,https://play-lh.googleusercontent.com/EGemoI2NTXmTsBVtJqk8jxF9rh8ApRWfsIMQSt2uE4OcpQqbFu7f7NbTK05lx80nuSijCz7sc3a277R67g,Good,5,0,6.1,2024-03-27 23:54:13,"We're delighted to know that our app met your expectations. Should you have any further suggestions or queries, don't hesitate to write to us at zugarmobility@gmail.com.",2024-03-28 12:53:54,6.1
ec03ba06-891e-4593-8a9c-b2fde37b43c6,A Google user,https://play-lh.googleusercontent.com/EGemoI2NTXmTsBVtJqk8jxF9rh8ApRWfsIMQSt2uE4OcpQqbFu7f7NbTK05lx80nuSijCz7sc3a277R67g,Veri good👍,1,0,6.3,2024-03-27 23:54:01,Happy to know you're liking our app. We strive for excellence and your 5-star rating will boost our spirits!,2024-03-28 12:53:55,6.3
32fc20f9-dd40-4563-9618-f61dc1792d22,A Google user,https://play-lh.googleusercontent.com/EGemoI2NTXmTsBVtJqk8jxF9rh8ApRWfsIMQSt2uE4OcpQqbFu7f7NbTK05lx80nuSijCz7sc3a277R67g,"Ghatiya, slow work,",1,0,6.3,2024-03-27 23:08:51,,,6.3
3baecda7-26af-430e-b939-ec85a9f8f489,A Google user,https://play-lh.googleusercontent.com/EGemoI2NTXmTsBVtJqk8jxF9rh8ApRWfsIMQSt2uE4OcpQqbFu7f7NbTK05lx80nuSijCz7sc3a277R67g,Alhmdu lilah,5,0,6.1,2024-03-27 22:55:42,,,6.1
c88e5477-94d3-4cf0-b473-a264f58601b6,A Google user,https://play-lh.googleusercontent.com/EGemoI2NTXmTsBVtJqk8jxF9rh8ApRWfsIMQSt2uE4OcpQqbFu7f7NbTK05lx80nuSijCz7sc3a277R67g,"Nice application,masha'allah I love this....",5,0,6.3,2024-03-27 22:50:52,"We're delighted to know that our app met your expectations. Should you have any further suggestions or queries, don't hesitate to write to us at zugarmobility@gmail.com.",2024-03-28 12:53:56,6.3
6b1ab242-e421-46db-a5f7-bb8aae4be305,A Google user,https://play-lh.googleusercontent.com/EGemoI2NTXmTsBVtJqk8jxF9rh8ApRWfsIMQSt2uE4OcpQqbFu7f7NbTK05lx80nuSijCz7sc3a277R67g,It's very usuful and helpful,4,0,6.3,2024-03-27 19:13:00,Happy to know you're liking our app. We strive for excellence and your 5-star rating will boost our spirits!,2024-03-28 12:54:00,6.3
c20db691-c1a2-46df-bebb-f844673fc1ac,A Google user,https://play-lh.googleusercontent.com/EGemoI2NTXmTsBVtJqk8jxF9rh8ApRWfsIMQSt2uE4OcpQqbFu7f7NbTK05lx80nuSijCz7sc3a277R67g,Perfect,5,0,,2024-03-27 18:31:27,"We're delighted to know that our app met your expectations. Should you have any further suggestions or queries, don't hesitate to write to us at zugarmobility@gmail.com.",2024-03-28 12:54:02,
7cc28ba9-dae2-4b45-9089-673e5d6e393c,A Google user,https://play-lh.googleusercontent.com/EGemoI2NTXmTsBVtJqk8jxF9rh8ApRWfsIMQSt2uE4OcpQqbFu7f7NbTK05lx80nuSijCz7sc3a277R67g,Good 😊,5,0,6.3,2024-03-27 17:00:05,"We're delighted to know that our app met your expectations. Should you have any further suggestions or queries, don't hesitate to write to us at zugarmobility@gmail.com.",2024-03-28 12:54:04,6.3
2ad7dded-e9c5-4ab0-962e-1a13183b0a15,A Google user,https://play-lh.googleusercontent.com/EGemoI2NTXmTsBVtJqk8jxF9rh8ApRWfsIMQSt2uE4OcpQqbFu7f7NbTK05lx80nuSijCz7sc3a277R67g,The only thing I don't like is the ads,4,0,6.1,2024-03-27 16:02:40,,,6.1
6aad3d2a-a88f-4214-bc9b-8c0b257691c5,A Google user,https://play-lh.googleusercontent.com/EGemoI2NTXmTsBVtJqk8jxF9rh8ApRWfsIMQSt2uE4OcpQqbFu7f7NbTK05lx80nuSijCz7sc3a277R67g,Good,5,0,6.3,2024-03-27 15:58:27,"We're delighted to know that our app met your expectations. Should you have any further suggestions or queries, don't hesitate to write to us at zugarmobility@gmail.com.",2024-03-28 12:54:07,6.3
427ce61d-2eef-42e2-86d8-eee274baaa27,A Google user,https://play-lh.googleusercontent.com/EGemoI2NTXmTsBVtJqk8jxF9rh8ApRWfsIMQSt2uE4OcpQqbFu7f7NbTK05lx80nuSijCz7sc3a277R67g,Super 💯😍,5,0,6.1,2024-03-27 15:06:09,"We're delighted to know that our app met your expectations. Should you have any further suggestions or queries, don't hesitate to write to us at zugarmobility@gmail.com.",2024-03-28 12:54:09,6.1
e67531e1-0177-4dfb-8fbb-e3df69a6cd76,A Google user,https://play-lh.googleusercontent.com/EGemoI2NTXmTsBVtJqk8jxF9rh8ApRWfsIMQSt2uE4OcpQqbFu7f7NbTK05lx80nuSijCz7sc3a277R67g,This app it's nice to learn more,5,0,6.3,2024-03-27 14:41:48,"We're delighted to know that our app met your expectations. Should you have any further suggestions or queries, don't hesitate to write to us at zugarmobility@gmail.com.",2024-03-28 12:54:10,6.3
8758d76a-3811-427f-982a-5c4149f680a0,A Google user,https://play-lh.googleusercontent.com/EGemoI2NTXmTsBVtJqk8jxF9rh8ApRWfsIMQSt2uE4OcpQqbFu7f7NbTK05lx80nuSijCz7sc3a277R67g,PERFECT,5,0,6.3,2024-03-27 04:57:35,"We're delighted to know that our app met your expectations. Should you have any further suggestions or queries, don't hesitate to write to us at zugarmobility@gmail.com.",2024-03-28 12:54:21,6.3
5ab555e7-f114-443d-b1e8-b353ac04a84e,A Google user,https://play-lh.googleusercontent.com/EGemoI2NTXmTsBVtJqk8jxF9rh8ApRWfsIMQSt2uE4OcpQqbFu7f7NbTK05lx80nuSijCz7sc3a277R67g,Such a great app. Absolutely fantastic!,5,1,6.1,2024-03-27 04:25:25,"We're delighted to know that our app met your expectations. Should you have any further suggestions or queries, don't hesitate to write to us at zugarmobility@gmail.com.",2024-03-28 12:54:22,6.1
d59a9b97-8ea8-464d-b73e-dd711b71e221,A Google user,https://play-lh.googleusercontent.com/EGemoI2NTXmTsBVtJqk8jxF9rh8ApRWfsIMQSt2uE4OcpQqbFu7f7NbTK05lx80nuSijCz7sc3a277R67g,Wow,5,0,6.3,2024-03-27 02:54:30,,,6.3
7e98cc02-de12-4788-8775-0adfc29e701c,A Google user,https://play-lh.googleusercontent.com/EGemoI2NTXmTsBVtJqk8jxF9rh8ApRWfsIMQSt2uE4OcpQqbFu7f7NbTK05lx80nuSijCz7sc3a277R67g,Great,5,0,6.3,2024-03-27 02:14:58,"We're delighted to know that our app met your expectations. Should you have any further suggestions or queries, don't hesitate to write to us at zugarmobility@gmail.com.",2024-03-28 12:54:25,6.3
5d45c515-639b-4c51-9d20-70078d011a21,A Google user,https://play-lh.googleusercontent.com/EGemoI2NTXmTsBVtJqk8jxF9rh8ApRWfsIMQSt2uE4OcpQqbFu7f7NbTK05lx80nuSijCz7sc3a277R67g,Good,5,0,6.3,2024-03-27 02:04:06,"We're delighted to know that our app met your expectations. Should you have any further suggestions or queries, don't hesitate to write to us at zugarmobility@gmail.com.",2024-03-28 12:54:28,6.3
7c26352e-a915-496e-a7c4-d8fde2c7a108,A Google user,https://play-lh.googleusercontent.com/EGemoI2NTXmTsBVtJqk8jxF9rh8ApRWfsIMQSt2uE4OcpQqbFu7f7NbTK05lx80nuSijCz7sc3a277R67g,Love able,5,0,6.1,2024-03-26 22:50:08,"We're delighted to know that our app met your expectations. Should you have any further suggestions or queries, don't hesitate to write to us at zugarmobility@gmail.com.",2024-03-28 12:54:31,6.1
89ea1833-9279-45fc-886b-ee2bb5af1800,A Google user,https://play-lh.googleusercontent.com/EGemoI2NTXmTsBVtJqk8jxF9rh8ApRWfsIMQSt2uE4OcpQqbFu7f7NbTK05lx80nuSijCz7sc3a277R67g,💚💚💚💚💚,5,0,6.3,2024-03-26 22:26:33,,,6.3
8e8989f8-969d-47c0-ba27-b9fbe63c80c6,A Google user,https://play-lh.googleusercontent.com/EGemoI2NTXmTsBVtJqk8jxF9rh8ApRWfsIMQSt2uE4OcpQqbFu7f7NbTK05lx80nuSijCz7sc3a277R67g,Very useful app...i like it so much.specially quran.and its pronounciation.,5,4,6.3,2024-03-26 19:38:20,"We're delighted to know that our app met your expectations. Should you have any further suggestions or queries, don't hesitate to write to us at zugarmobility@gmail.com.",2024-03-28 12:54:33,6.3
299b35c7-fffe-4a60-b2d5-a54f18919b34,A Google user,https://play-lh.googleusercontent.com/EGemoI2NTXmTsBVtJqk8jxF9rh8ApRWfsIMQSt2uE4OcpQqbFu7f7NbTK05lx80nuSijCz7sc3a277R67g,I like it,5,0,6.3,2024-03-26 17:46:15,"We're delighted to know that our app met your expectations. Should you have any further suggestions or queries, don't hesitate to write to us at zugarmobility@gmail.com.",2024-03-28 12:54:34,6.3
2121638a-c371-4f68-aef2-0edce77ba1e8,A Google user,https://play-lh.googleusercontent.com/EGemoI2NTXmTsBVtJqk8jxF9rh8ApRWfsIMQSt2uE4OcpQqbFu7f7NbTK05lx80nuSijCz7sc3a277R67g,Good,5,0,6.3,2024-03-26 14:24:44,"We're delighted to know that our app met your expectations. Should you have any further suggestions or queries, don't hesitate to write to us at zugarmobility@gmail.com.",2024-03-28 12:54:36,6.3
fcf68cab-9d0a-41d9-9a7e-86d3f478f51f,A Google user,https://play-lh.googleusercontent.com/EGemoI2NTXmTsBVtJqk8jxF9rh8ApRWfsIMQSt2uE4OcpQqbFu7f7NbTK05lx80nuSijCz7sc3a277R67g,ভালো,5,0,6.3,2024-03-26 11:54:33,"We're delighted to know that our app met your expectations. Should you have any further suggestions or queries, don't hesitate to write to us at zugarmobility@gmail.com.",2024-03-28 12:54:38,6.3
e5304ded-7372-4236-8b18-81974eaaab9e,A Google user,https://play-lh.googleusercontent.com/EGemoI2NTXmTsBVtJqk8jxF9rh8ApRWfsIMQSt2uE4OcpQqbFu7f7NbTK05lx80nuSijCz7sc3a277R67g,Tera lakh lakh shukra hai,5,0,6.1,2024-03-26 11:20:29,"We're delighted to know that our app met your expectations. Should you have any further suggestions or queries, don't hesitate to write to us at zugarmobility@gmail.com.",2024-03-28 12:54:40,6.1
0f58366c-0951-40b8-9e16-9ab8f80cb31b,A Google user,https://play-lh.googleusercontent.com/EGemoI2NTXmTsBVtJqk8jxF9rh8ApRWfsIMQSt2uE4OcpQqbFu7f7NbTK05lx80nuSijCz7sc3a277R67g,Amazing but the ads are annoying,5,3,6.3,2024-03-26 10:59:47,"We're delighted to know that our app met your expectations. Should you have any further suggestions or queries, don't hesitate to write to us at zugarmobility@gmail.com.",2024-03-28 12:54:41,6.3
1c032a18-39a5-4f80-b56c-134fc2392778,A Google user,https://play-lh.googleusercontent.com/EGemoI2NTXmTsBVtJqk8jxF9rh8ApRWfsIMQSt2uE4OcpQqbFu7f7NbTK05lx80nuSijCz7sc3a277R67g,Good,2,0,6.1,2024-03-26 10:52:51,Happy to know you're liking our app. We strive for excellence and your 5-star rating will boost our spirits!,2024-03-28 12:54:42,6.1
f7f7f610-14b6-4c62-8264-e4812f325d44,A Google user,https://play-lh.googleusercontent.com/EGemoI2NTXmTsBVtJqk8jxF9rh8ApRWfsIMQSt2uE4OcpQqbFu7f7NbTK05lx80nuSijCz7sc3a277R67g,Very useful to learn Arabic,5,1,6.1,2024-03-26 06:34:45,,,6.1
a5faeb2e-6fc1-4321-9998-9d77593c1a93,A Google user,https://play-lh.googleusercontent.com/EGemoI2NTXmTsBVtJqk8jxF9rh8ApRWfsIMQSt2uE4OcpQqbFu7f7NbTK05lx80nuSijCz7sc3a277R67g,Mashallah,4,0,,2024-03-26 06:06:55,,,
5bf2b184-b841-4604-a381-48094a1d307a,A Google user,https://play-lh.googleusercontent.com/EGemoI2NTXmTsBVtJqk8jxF9rh8ApRWfsIMQSt2uE4OcpQqbFu7f7NbTK05lx80nuSijCz7sc3a277R67g,Subhanallah,5,0,5.7,2024-03-26 05:07:58,,,5.7
0eb36b4d-47b5-4775-a670-02e94950be91,A Google user,https://play-lh.googleusercontent.com/EGemoI2NTXmTsBVtJqk8jxF9rh8ApRWfsIMQSt2uE4OcpQqbFu7f7NbTK05lx80nuSijCz7sc3a277R67g,Gooood,5,0,,2024-03-26 04:25:03,,,
67e579cd-06e7-4113-baef-7a7b482f3938,A Google user,https://play-lh.googleusercontent.com/EGemoI2NTXmTsBVtJqk8jxF9rh8ApRWfsIMQSt2uE4OcpQqbFu7f7NbTK05lx80nuSijCz7sc3a277R67g,Outstanding,5,0,6.3,2024-03-25 21:55:09,,,6.3
3825dda3-2da0-4ae0-98d7-4cdde9f159d3,A Google user,https://play-lh.googleusercontent.com/EGemoI2NTXmTsBVtJqk8jxF9rh8ApRWfsIMQSt2uE4OcpQqbFu7f7NbTK05lx80nuSijCz7sc3a277R67g,"Being a newly converted member embracing Islam, this app makes things very easy for my learning experience. Thank you, Insha'Allah.",5,82,6.3,2024-03-25 20:11:19,"We're delighted to know that our app met your expectations. Should you have any further suggestions or queries, don't hesitate to write to us at zugarmobility@gmail.com.",2024-03-26 01:00:43,6.3
ec885812-b188-4e14-a01f-92186868c198,A Google user,https://play-lh.googleusercontent.com/EGemoI2NTXmTsBVtJqk8jxF9rh8ApRWfsIMQSt2uE4OcpQqbFu7f7NbTK05lx80nuSijCz7sc3a277R67g,Ok,5,0,6.1,2024-03-25 18:51:36,,,6.1
ac231ec4-4c08-46a0-9540-4d162ccc2af7,A Google user,https://play-lh.googleusercontent.com/EGemoI2NTXmTsBVtJqk8jxF9rh8ApRWfsIMQSt2uE4OcpQqbFu7f7NbTK05lx80nuSijCz7sc3a277R67g,Nice,5,0,6.3,2024-03-25 18:21:49,"We're delighted to know that our app met your expectations. Should you have any further suggestions or queries, don't hesitate to write to us at zugarmobility@gmail.com.",2024-03-26 01:00:45,6.3
dd0ce810-28c2-4ac3-b1f9-c013857c631a,A Google user,https://play-lh.googleusercontent.com/EGemoI2NTXmTsBVtJqk8jxF9rh8ApRWfsIMQSt2uE4OcpQqbFu7f7NbTK05lx80nuSijCz7sc3a277R67g,"App is great, however misleading when it says while advertising it that it has an option to scan meat products to check whether halal or non halal meat.",5,167,6.1,2024-03-25 16:53:43,"We're delighted to know that our app met your expectations. Should you have any further suggestions or queries, don't hesitate to write to us at zugarmobility@gmail.com.",2024-03-26 01:00:47,6.1
2691e290-cc32-4958-b130-ba2c7bef9338,A Google user,https://play-lh.googleusercontent.com/EGemoI2NTXmTsBVtJqk8jxF9rh8ApRWfsIMQSt2uE4OcpQqbFu7f7NbTK05lx80nuSijCz7sc3a277R67g,Mashallah,5,0,6.1,2024-03-25 16:22:35,,,6.1
0da1e6da-296e-48e0-b2ed-a0617ffbc3cc,A Google user,https://play-lh.googleusercontent.com/EGemoI2NTXmTsBVtJqk8jxF9rh8ApRWfsIMQSt2uE4OcpQqbFu7f7NbTK05lx80nuSijCz7sc3a277R67g,Easy to use.,5,0,6.1,2024-03-25 15:45:41,,,6.1
e8c19af3-048a-4c34-9353-bab3448e8c5f,A Google user,https://play-lh.googleusercontent.com/EGemoI2NTXmTsBVtJqk8jxF9rh8ApRWfsIMQSt2uE4OcpQqbFu7f7NbTK05lx80nuSijCz7sc3a277R67g,Mashallah mashallah,5,0,6.3,2024-03-25 15:35:12,,,6.3
953af755-44a8-4665-8fdb-15ff61bc1d58,A Google user,https://play-lh.googleusercontent.com/EGemoI2NTXmTsBVtJqk8jxF9rh8ApRWfsIMQSt2uE4OcpQqbFu7f7NbTK05lx80nuSijCz7sc3a277R67g,too much add,1,0,6.3,2024-03-25 14:50:47,We regret any inconvenience. Ads are essential to sustain our work. Your understanding is truly appreciated.,2024-03-26 01:00:50,6.3
f20f5795-3362-4d6e-9ba4-eec1492e5199,A Google user,https://play-lh.googleusercontent.com/EGemoI2NTXmTsBVtJqk8jxF9rh8ApRWfsIMQSt2uE4OcpQqbFu7f7NbTK05lx80nuSijCz7sc3a277R67g,Nice app,5,0,6.3,2024-03-25 14:15:36,"We're delighted to know that our app met your expectations. Should you have any further suggestions or queries, don't hesitate to write to us at zugarmobility@gmail.com.",2024-03-26 01:00:51,6.3
05b7dfdd-e92a-4a87-8f4f-47abd7396a61,A Google user,https://play-lh.googleusercontent.com/EGemoI2NTXmTsBVtJqk8jxF9rh8ApRWfsIMQSt2uE4OcpQqbFu7f7NbTK05lx80nuSijCz7sc3a277R67g,Mashallah,5,0,6.1,2024-03-25 13:50:08,,,6.1
b69fdb61-7f05-4db7-97bf-989facd156de,A Google user,https://play-lh.googleusercontent.com/EGemoI2NTXmTsBVtJqk8jxF9rh8ApRWfsIMQSt2uE4OcpQqbFu7f7NbTK05lx80nuSijCz7sc3a277R67g,Just owsm,5,0,6.1,2024-03-25 11:03:42,,,6.1
009cc5ac-aa83-41c4-aec7-dfe661594b9c,A Google user,https://play-lh.googleusercontent.com/EGemoI2NTXmTsBVtJqk8jxF9rh8ApRWfsIMQSt2uE4OcpQqbFu7f7NbTK05lx80nuSijCz7sc3a277R67g,আসালামুআলাইকুম রাহমাতুল্লাহে বারকাতুহু,5,0,6.1,2024-03-25 10:11:49,,,6.1
f52b87a5-ed9e-4c7e-85dd-a507c9acf7e7,A Google user,https://play-lh.googleusercontent.com/EGemoI2NTXmTsBVtJqk8jxF9rh8ApRWfsIMQSt2uE4OcpQqbFu7f7NbTK05lx80nuSijCz7sc3a277R67g,good,5,0,6.3,2024-03-25 10:10:19,"We're delighted to know that our app met your expectations. Should you have any further suggestions or queries, don't hesitate to write to us at zugarmobility@gmail.com.",2024-03-25 13:57:09,6.3
1ab2449d-d7a8-48d6-8516-4ff9f0ef6917,A Google user,https://play-lh.googleusercontent.com/EGemoI2NTXmTsBVtJqk8jxF9rh8ApRWfsIMQSt2uE4OcpQqbFu7f7NbTK05lx80nuSijCz7sc3a277R67g,মাশাআল্লাহ খুব সুন্দর অ্যাপস অ্যাপসে অনেক কিছু শিখার আছে অ্যাপস কমিউনিটিতে অনেক ধন্যবাদ জানাই আমি ইন্ডিয়া থেকে ডাউনলোড করেছি 👍👍,5,0,6.3,2024-03-25 09:53:18,"We're delighted to know that our app met your expectations. Should you have any further suggestions or queries, don't hesitate to write to us at zugarmobility@gmail.com.",2024-03-25 13:57:10,6.3
ee80fe93-1b1b-4003-8029-8c5285bf87d7,A Google user,https://play-lh.googleusercontent.com/EGemoI2NTXmTsBVtJqk8jxF9rh8ApRWfsIMQSt2uE4OcpQqbFu7f7NbTK05lx80nuSijCz7sc3a277R67g,I love the app,1,0,6.1,2024-03-25 08:35:20,Happy to know you're liking our app. We strive for excellence and your 5-star rating will boost our spirits!,2024-03-25 13:57:15,6.1
6c4b70be-d2c4-4aea-a20a-337db61970d3,A Google user,https://play-lh.googleusercontent.com/EGemoI2NTXmTsBVtJqk8jxF9rh8ApRWfsIMQSt2uE4OcpQqbFu7f7NbTK05lx80nuSijCz7sc3a277R67g,Varygood,5,0,6.3,2024-03-25 06:59:30,"We're delighted to know that our app met your expectations. Should you have any further suggestions or queries, don't hesitate to write to us at zugarmobility@gmail.com.",2024-03-25 13:57:21,6.3
7ec376e3-0831-44f5-88d7-0598c884923c,A Google user,https://play-lh.googleusercontent.com/EGemoI2NTXmTsBVtJqk8jxF9rh8ApRWfsIMQSt2uE4OcpQqbFu7f7NbTK05lx80nuSijCz7sc3a277R67g,Too good very useful apps thank you,5,0,6.1,2024-03-25 06:01:45,"We're delighted to know that our app met your expectations. Should you have any further suggestions or queries, don't hesitate to write to us at zugarmobility@gmail.com.",2024-03-25 13:57:25,6.1
669c57f7-414b-4849-b1ad-cad1b09c72b1,A Google user,https://play-lh.googleusercontent.com/EGemoI2NTXmTsBVtJqk8jxF9rh8ApRWfsIMQSt2uE4OcpQqbFu7f7NbTK05lx80nuSijCz7sc3a277R67g,Very good,5,0,6.3,2024-03-25 05:57:46,"We're delighted to know that our app met your expectations. Should you have any further suggestions or queries, don't hesitate to write to us at zugarmobility@gmail.com.",2024-03-25 13:57:27,6.3
9974e988-26ba-4d86-aa22-4bcc2f08403b,A Google user,https://play-lh.googleusercontent.com/EGemoI2NTXmTsBVtJqk8jxF9rh8ApRWfsIMQSt2uE4OcpQqbFu7f7NbTK05lx80nuSijCz7sc3a277R67g,সবাকে ধন্যবাদ 🤲💚❤🤲,5,0,6.3,2024-03-25 05:34:17,"We're delighted to know that our app met your expectations. Should you have any further suggestions or queries, don't hesitate to write to us at zugarmobility@gmail.com.",2024-03-25 13:57:29,6.3
ca49e5a5-1158-4ccb-9341-5df1881c1ec1,A Google user,https://play-lh.googleusercontent.com/EGemoI2NTXmTsBVtJqk8jxF9rh8ApRWfsIMQSt2uE4OcpQqbFu7f7NbTK05lx80nuSijCz7sc3a277R67g,Nice,5,0,6.3,2024-03-25 04:37:06,"We're delighted to know that our app met your expectations. Should you have any further suggestions or queries, don't hesitate to write to us at zugarmobility@gmail.com.",2024-03-25 13:57:30,6.3
b1770e8b-7d32-4c30-b6de-6da373fa97c5,A Google user,https://play-lh.googleusercontent.com/EGemoI2NTXmTsBVtJqk8jxF9rh8ApRWfsIMQSt2uE4OcpQqbFu7f7NbTK05lx80nuSijCz7sc3a277R67g,Good,5,0,6.3,2024-03-25 03:18:30,"We're delighted to know that our app met your expectations. Should you have any further suggestions or queries, don't hesitate to write to us at zugarmobility@gmail.com.",2024-03-25 13:57:33,6.3
2547112c-9f6e-49ec-9bd4-075bdad90f76,A Google user,https://play-lh.googleusercontent.com/EGemoI2NTXmTsBVtJqk8jxF9rh8ApRWfsIMQSt2uE4OcpQqbFu7f7NbTK05lx80nuSijCz7sc3a277R67g,3 class app,1,0,6.3,2024-03-25 03:13:40,,,6.3
ee7e30ca-ef36-4a35-920e-ff9d731b7789,A Google user,https://play-lh.googleusercontent.com/EGemoI2NTXmTsBVtJqk8jxF9rh8ApRWfsIMQSt2uE4OcpQqbFu7f7NbTK05lx80nuSijCz7sc3a277R67g,Nice,5,0,6.1,2024-03-24 23:47:46,"We're delighted to know that our app met your expectations. Should you have any further suggestions or queries, don't hesitate to write to us at zugarmobility@gmail.com.",2024-03-25 01:27:09,6.1
c191b5b6-29d3-45f5-807d-1caf385f9937,A Google user,https://play-lh.googleusercontent.com/EGemoI2NTXmTsBVtJqk8jxF9rh8ApRWfsIMQSt2uE4OcpQqbFu7f7NbTK05lx80nuSijCz7sc3a277R67g,~ Massallah... It’s Good,5,0,6.1,2024-03-24 23:39:14,"We're delighted to know that our app met your expectations. Should you have any further suggestions or queries, don't hesitate to write to us at zugarmobility@gmail.com.",2024-03-25 01:27:10,6.1
32b6d70a-ef42-4828-a507-fcd0ce6ef63d,A Google user,https://play-lh.googleusercontent.com/EGemoI2NTXmTsBVtJqk8jxF9rh8ApRWfsIMQSt2uE4OcpQqbFu7f7NbTK05lx80nuSijCz7sc3a277R67g,Just started,5,0,,2024-03-24 22:55:13,,,
cb525107-73e8-4cee-9e9b-8720765865b2,A Google user,https://play-lh.googleusercontent.com/EGemoI2NTXmTsBVtJqk8jxF9rh8ApRWfsIMQSt2uE4OcpQqbFu7f7NbTK05lx80nuSijCz7sc3a277R67g,Nice,5,0,6.1,2024-03-24 22:19:28,"We're delighted to know that our app met your expectations. Should you have any further suggestions or queries, don't hesitate to write to us at zugarmobility@gmail.com.",2024-03-25 01:27:13,6.1
e710a99b-39b8-4aff-9a48-bb06350fb1cc,A Google user,https://play-lh.googleusercontent.com/EGemoI2NTXmTsBVtJqk8jxF9rh8ApRWfsIMQSt2uE4OcpQqbFu7f7NbTK05lx80nuSijCz7sc3a277R67g,Good,5,0,6.1,2024-03-24 21:38:56,"We're delighted to know that our app met your expectations. Should you have any further suggestions or queries, don't hesitate to write to us at zugarmobility@gmail.com.",2024-03-25 01:27:16,6.1
d9bb1674-adea-4736-9fb9-b118dcd80eb7,A Google user,https://play-lh.googleusercontent.com/EGemoI2NTXmTsBVtJqk8jxF9rh8ApRWfsIMQSt2uE4OcpQqbFu7f7NbTK05lx80nuSijCz7sc3a277R67g,Good,5,0,,2024-03-24 20:43:05,"We're delighted to know that our app met your expectations. Should you have any further suggestions or queries, don't hesitate to write to us at zugarmobility@gmail.com.",2024-03-24 21:17:06,
4ea8d0e8-fe03-4c8c-b2db-b7705d2cc56c,A Google user,https://play-lh.googleusercontent.com/EGemoI2NTXmTsBVtJqk8jxF9rh8ApRWfsIMQSt2uE4OcpQqbFu7f7NbTK05lx80nuSijCz7sc3a277R67g,Ok,4,0,6.0,2024-03-24 20:42:09,,,6.0
46b675a1-0dc7-4265-8c7c-66b8a5d4babb,A Google user,https://play-lh.googleusercontent.com/EGemoI2NTXmTsBVtJqk8jxF9rh8ApRWfsIMQSt2uE4OcpQqbFu7f7NbTK05lx80nuSijCz7sc3a277R67g,Good,5,0,6.1,2024-03-24 18:37:39,"We're delighted to know that our app met your expectations. Should you have any further suggestions or queries, don't hesitate to write to us at zugarmobility@gmail.com.",2024-03-24 21:17:09,6.1
40a1c2d3-b4d5-4af8-8e67-06012eebf1be,A Google user,https://play-lh.googleusercontent.com/EGemoI2NTXmTsBVtJqk8jxF9rh8ApRWfsIMQSt2uE4OcpQqbFu7f7NbTK05lx80nuSijCz7sc3a277R67g,Lovely,5,0,,2024-03-24 16:33:32,"We're delighted to know that our app met your expectations. Should you have any further suggestions or queries, don't hesitate to write to us at zugarmobility@gmail.com.",2024-03-24 21:17:14,
5083e8b8-bb38-4858-99f5-ee046da4cdcd,A Google user,https://play-lh.googleusercontent.com/EGemoI2NTXmTsBVtJqk8jxF9rh8ApRWfsIMQSt2uE4OcpQqbFu7f7NbTK05lx80nuSijCz7sc3a277R67g,Must good Apps,5,0,6.1,2024-03-24 15:51:33,"We're delighted to know that our app met your expectations. Should you have any further suggestions or queries, don't hesitate to write to us at zugarmobility@gmail.com.",2024-03-24 21:17:15,6.1
74f3f133-4a8e-4339-8d18-37e3c7a6c1b5,A Google user,https://play-lh.googleusercontent.com/EGemoI2NTXmTsBVtJqk8jxF9rh8ApRWfsIMQSt2uE4OcpQqbFu7f7NbTK05lx80nuSijCz7sc3a277R67g,Nice,5,0,6.1,2024-03-24 13:35:31,"We're delighted to know that our app met your expectations. Should you have any further suggestions or queries, don't hesitate to write to us at zugarmobility@gmail.com.",2024-03-24 21:17:17,6.1
c4c0aad1-982a-43eb-845e-ed643f90b573,A Google user,https://play-lh.googleusercontent.com/EGemoI2NTXmTsBVtJqk8jxF9rh8ApRWfsIMQSt2uE4OcpQqbFu7f7NbTK05lx80nuSijCz7sc3a277R67g,আলহামদুলিল্লাহ,5,0,6.3,2024-03-24 12:48:36,,,6.3
05cd67b2-33db-4f04-9558-99c2567ad492,A Google user,https://play-lh.googleusercontent.com/EGemoI2NTXmTsBVtJqk8jxF9rh8ApRWfsIMQSt2uE4OcpQqbFu7f7NbTK05lx80nuSijCz7sc3a277R67g,Good,5,0,6.1,2024-03-24 12:22:42,"We're delighted to know that our app met your expectations. Should you have any further suggestions or queries, don't hesitate to write to us at zugarmobility@gmail.com.",2024-03-24 12:57:05,6.1
6d9e1847-97fb-446a-bad8-586f0393b2f9,A Google user,https://play-lh.googleusercontent.com/EGemoI2NTXmTsBVtJqk8jxF9rh8ApRWfsIMQSt2uE4OcpQqbFu7f7NbTK05lx80nuSijCz7sc3a277R67g,Good,5,0,6.3,2024-03-24 06:57:29,"We're delighted to know that our app met your expectations. Should you have any further suggestions or queries, don't hesitate to write to us at zugarmobility@gmail.com.",2024-03-24 08:47:08,6.3
8dd5a21d-af07-451c-9e9b-0d3e3020ed0b,A Google user,https://play-lh.googleusercontent.com/EGemoI2NTXmTsBVtJqk8jxF9rh8ApRWfsIMQSt2uE4OcpQqbFu7f7NbTK05lx80nuSijCz7sc3a277R67g,Very good MASHALLAH,5,0,6.3,2024-03-24 06:02:43,"We're delighted to know that our app met your expectations. Should you have any further suggestions or queries, don't hesitate to write to us at zugarmobility@gmail.com.",2024-03-24 08:47:12,6.3
96de5e7a-d828-48c9-a992-63cba976c53b,A Google user,https://play-lh.googleusercontent.com/EGemoI2NTXmTsBVtJqk8jxF9rh8ApRWfsIMQSt2uE4OcpQqbFu7f7NbTK05lx80nuSijCz7sc3a277R67g,So Good,5,0,6.1,2024-03-24 03:03:04,"We're delighted to know that our app met your expectations. Should you have any further suggestions or queries, don't hesitate to write to us at zugarmobility@gmail.com.",2024-03-24 08:47:14,6.1
a0afa7b7-c031-437d-b957-f92d2c87c4c0,A Google user,https://play-lh.googleusercontent.com/EGemoI2NTXmTsBVtJqk8jxF9rh8ApRWfsIMQSt2uE4OcpQqbFu7f7NbTK05lx80nuSijCz7sc3a277R67g,Nice,4,0,6.3,2024-03-23 23:18:35,Happy to know you're liking our app. We strive for excellence and your 5-star rating will boost our spirits!,2024-03-24 00:27:05,6.3
8a43c783-9eab-4abd-bb64-746de9f620f1,A Google user,https://play-lh.googleusercontent.com/EGemoI2NTXmTsBVtJqk8jxF9rh8ApRWfsIMQSt2uE4OcpQqbFu7f7NbTK05lx80nuSijCz7sc3a277R67g,আলহামদুলিল্লাহ,5,0,6.3,2024-03-23 21:46:59,,,6.3
5c79a3c3-7c5d-402a-a087-7fa28b92d2f4,A Google user,https://play-lh.googleusercontent.com/EGemoI2NTXmTsBVtJqk8jxF9rh8ApRWfsIMQSt2uE4OcpQqbFu7f7NbTK05lx80nuSijCz7sc3a277R67g,So valuable and Imformative for Islamic apps..,5,0,6.3,2024-03-23 21:26:09,,,6.3
d6b81808-9f64-41d6-9902-2368f72b9d73,A Google user,https://play-lh.googleusercontent.com/EGemoI2NTXmTsBVtJqk8jxF9rh8ApRWfsIMQSt2uE4OcpQqbFu7f7NbTK05lx80nuSijCz7sc3a277R67g,Good information,5,0,6.1,2024-03-23 19:10:53,"We're delighted to know that our app met your expectations. Should you have any further suggestions or queries, don't hesitate to write to us at zugarmobility@gmail.com.",2024-03-23 20:17:05,6.1
e4edea77-9c1e-4938-87d3-614bade3c6b2,A Google user,https://play-lh.googleusercontent.com/EGemoI2NTXmTsBVtJqk8jxF9rh8ApRWfsIMQSt2uE4OcpQqbFu7f7NbTK05lx80nuSijCz7sc3a277R67g,Excellent for beginner clear also,5,0,6.1,2024-03-23 19:05:31,"We're delighted to know that our app met your expectations. Should you have any further suggestions or queries, don't hesitate to write to us at zugarmobility@gmail.com.",2024-03-23 20:17:06,6.1
f489839f-de48-435b-93f1-ceeb48fd9988,A Google user,https://play-lh.googleusercontent.com/EGemoI2NTXmTsBVtJqk8jxF9rh8ApRWfsIMQSt2uE4OcpQqbFu7f7NbTK05lx80nuSijCz7sc3a277R67g,Okie,5,0,6.1,2024-03-23 18:57:20,,,6.1
3a3c1fbe-922c-4f68-ab7a-3be4db2d7f90,A Google user,https://play-lh.googleusercontent.com/EGemoI2NTXmTsBVtJqk8jxF9rh8ApRWfsIMQSt2uE4OcpQqbFu7f7NbTK05lx80nuSijCz7sc3a277R67g,Nice,5,0,6.1,2024-03-23 15:50:54,"We're delighted to know that our app met your expectations. Should you have any further suggestions or queries, don't hesitate to write to us at zugarmobility@gmail.com.",2024-03-23 20:17:11,6.1
eb8b5a8d-0280-4dfd-a446-c5a66117d513,A Google user,https://play-lh.googleusercontent.com/EGemoI2NTXmTsBVtJqk8jxF9rh8ApRWfsIMQSt2uE4OcpQqbFu7f7NbTK05lx80nuSijCz7sc3a277R67g,Great app,4,0,6.3,2024-03-23 14:27:59,Happy to know you're liking our app. We strive for excellence and your 5-star rating will boost our spirits!,2024-03-23 20:17:13,6.3
32d74afa-d267-404f-beab-58a49cecf2f8,A Google user,https://play-lh.googleusercontent.com/EGemoI2NTXmTsBVtJqk8jxF9rh8ApRWfsIMQSt2uE4OcpQqbFu7f7NbTK05lx80nuSijCz7sc3a277R67g,A very good apps. if reduce adds would be better. May Allah given best reward to editors.,5,17,6.3,2024-03-23 14:26:39,"We're delighted to know that our app met your expectations. Should you have any further suggestions or queries, don't hesitate to write to us at zugarmobility@gmail.com.",2024-03-23 20:17:15,6.3
0380128b-a611-4228-94f1-78fe2ea36781,A Google user,https://play-lh.googleusercontent.com/EGemoI2NTXmTsBVtJqk8jxF9rh8ApRWfsIMQSt2uE4OcpQqbFu7f7NbTK05lx80nuSijCz7sc3a277R67g,Vilo,5,0,6.3,2024-03-23 10:20:36,,,6.3
d3fe42ce-1526-4284-a844-819e7b5ff4ab,A Google user,https://play-lh.googleusercontent.com/EGemoI2NTXmTsBVtJqk8jxF9rh8ApRWfsIMQSt2uE4OcpQqbFu7f7NbTK05lx80nuSijCz7sc3a277R67g,The translation of the quran isn't right.,1,3,6.3,2024-03-23 09:25:12,,,6.3
71a3e056-4abf-47ed-b905-73fdb6f21b0c,A Google user,https://play-lh.googleusercontent.com/EGemoI2NTXmTsBVtJqk8jxF9rh8ApRWfsIMQSt2uE4OcpQqbFu7f7NbTK05lx80nuSijCz7sc3a277R67g,Good,5,0,6.3,2024-03-23 07:20:47,"We're delighted to know that our app met your expectations. Should you have any further suggestions or queries, don't hesitate to write to us at zugarmobility@gmail.com.",2024-03-23 07:47:06,6.3
4e020a37-8799-42a2-9623-bca16fe71026,A Google user,https://play-lh.googleusercontent.com/EGemoI2NTXmTsBVtJqk8jxF9rh8ApRWfsIMQSt2uE4OcpQqbFu7f7NbTK05lx80nuSijCz7sc3a277R67g,amazing,5,0,6.3,2024-03-23 06:27:46,"We're delighted to know that our app met your expectations. Should you have any further suggestions or queries, don't hesitate to write to us at zugarmobility@gmail.com.",2024-03-23 07:47:09,6.3
c1022fff-f363-4f44-8fda-e8ad58ec84c9,A Google user,https://play-lh.googleusercontent.com/EGemoI2NTXmTsBVtJqk8jxF9rh8ApRWfsIMQSt2uE4OcpQqbFu7f7NbTK05lx80nuSijCz7sc3a277R67g,Greatest app,5,0,6.0,2024-03-23 04:50:26,"We're delighted to know that our app met your expectations. Should you have any further suggestions or queries, don't hesitate to write to us at zugarmobility@gmail.com.",2024-03-23 07:47:11,6.0
5febc989-4a77-4285-b947-79ce3ec43f04,A Google user,https://play-lh.googleusercontent.com/EGemoI2NTXmTsBVtJqk8jxF9rh8ApRWfsIMQSt2uE4OcpQqbFu7f7NbTK05lx80nuSijCz7sc3a277R67g,Verry nice,5,0,6.1,2024-03-23 04:47:58,"We're delighted to know that our app met your expectations. Should you have any further suggestions or queries, don't hesitate to write to us at zugarmobility@gmail.com.",2024-03-23 07:47:13,6.1
30ec1a93-fb42-4df0-a912-f40eb2593bed,A Google user,https://play-lh.googleusercontent.com/EGemoI2NTXmTsBVtJqk8jxF9rh8ApRWfsIMQSt2uE4OcpQqbFu7f7NbTK05lx80nuSijCz7sc3a277R67g,Nice,5,0,6.1,2024-03-23 04:46:53,"We're delighted to know that our app met your expectations. Should you have any further suggestions or queries, don't hesitate to write to us at zugarmobility@gmail.com.",2024-03-23 07:47:14,6.1
39c3caf9-3b5e-4af4-a6ab-4e947a8cf5bf,A Google user,https://play-lh.googleusercontent.com/EGemoI2NTXmTsBVtJqk8jxF9rh8ApRWfsIMQSt2uE4OcpQqbFu7f7NbTK05lx80nuSijCz7sc3a277R67g,Like,5,0,6.3,2024-03-23 04:30:52,,,6.3
a589ccae-2fc0-4ad0-9003-2cd0feb22beb,A Google user,https://play-lh.googleusercontent.com/EGemoI2NTXmTsBVtJqk8jxF9rh8ApRWfsIMQSt2uE4OcpQqbFu7f7NbTK05lx80nuSijCz7sc3a277R67g,Beautiful and nice,5,0,6.1,2024-03-23 02:31:52,"We're delighted to know that our app met your expectations. Should you have any further suggestions or queries, don't hesitate to write to us at zugarmobility@gmail.com.",2024-03-23 07:47:17,6.1
c811a982-5429-4803-a98c-4ef4779303e9,A Google user,https://play-lh.googleusercontent.com/EGemoI2NTXmTsBVtJqk8jxF9rh8ApRWfsIMQSt2uE4OcpQqbFu7f7NbTK05lx80nuSijCz7sc3a277R67g,alhamdulillah this good,5,0,6.1,2024-03-23 01:42:31,"We're delighted to know that our app met your expectations. Should you have any further suggestions or queries, don't hesitate to write to us at zugarmobility@gmail.com.",2024-03-23 07:47:19,6.1
b5bfe346-d20e-46ec-ab50-fcaaa452f5f4,A Google user,https://play-lh.googleusercontent.com/EGemoI2NTXmTsBVtJqk8jxF9rh8ApRWfsIMQSt2uE4OcpQqbFu7f7NbTK05lx80nuSijCz7sc3a277R67g,Good job,4,0,6.1,2024-03-23 00:40:33,Happy to know you're liking our app. We strive for excellence and your 5-star rating will boost our spirits!,2024-03-23 07:47:22,6.1
ded0ba75-0ec3-4973-b73b-93b6d9baefd3,A Google user,https://play-lh.googleusercontent.com/EGemoI2NTXmTsBVtJqk8jxF9rh8ApRWfsIMQSt2uE4OcpQqbFu7f7NbTK05lx80nuSijCz7sc3a277R67g,Super,5,0,6.3,2024-03-23 00:11:07,"We're delighted to know that our app met your expectations. Should you have any further suggestions or queries, don't hesitate to write to us at zugarmobility@gmail.com.",2024-03-23 07:47:24,6.3
53deb34c-b4e3-487e-8e7f-fc8d43430ff4,A Google user,https://play-lh.googleusercontent.com/EGemoI2NTXmTsBVtJqk8jxF9rh8ApRWfsIMQSt2uE4OcpQqbFu7f7NbTK05lx80nuSijCz7sc3a277R67g,Love it,5,0,6.3,2024-03-22 23:30:41,"We're delighted to know that our app met your expectations. Should you have any further suggestions or queries, don't hesitate to write to us at zugarmobility@gmail.com.",2024-03-23 07:47:25,6.3
e7b83231-6666-4a9f-a3cd-c6e813a42ff3,A Google user,https://play-lh.googleusercontent.com/EGemoI2NTXmTsBVtJqk8jxF9rh8ApRWfsIMQSt2uE4OcpQqbFu7f7NbTK05lx80nuSijCz7sc3a277R67g,নাইস,5,0,,2024-03-22 23:05:48,"We're delighted to know that our app met your expectations. Should you have any further suggestions or queries, don't hesitate to write to us at zugarmobility@gmail.com.",2024-03-22 23:27:09,
906299a5-9a4a-4596-9ecf-b03e867500f8,A Google user,https://play-lh.googleusercontent.com/EGemoI2NTXmTsBVtJqk8jxF9rh8ApRWfsIMQSt2uE4OcpQqbFu7f7NbTK05lx80nuSijCz7sc3a277R67g,good,5,0,6.1,2024-03-22 22:39:46,"We're delighted to know that our app met your expectations. Should you have any further suggestions or queries, don't hesitate to write to us at zugarmobility@gmail.com.",2024-03-22 23:27:12,6.1
a11554d9-e7b4-4591-9fef-ab1d37621ca7,A Google user,https://play-lh.googleusercontent.com/EGemoI2NTXmTsBVtJqk8jxF9rh8ApRWfsIMQSt2uE4OcpQqbFu7f7NbTK05lx80nuSijCz7sc3a277R67g,Good,5,0,6.1,2024-03-22 22:12:45,"We're delighted to know that our app met your expectations. Should you have any further suggestions or queries, don't hesitate to write to us at zugarmobility@gmail.com.",2024-03-22 23:27:13,6.1
2694b002-dacb-4781-99d0-2af15b25a3bf,A Google user,https://play-lh.googleusercontent.com/EGemoI2NTXmTsBVtJqk8jxF9rh8ApRWfsIMQSt2uE4OcpQqbFu7f7NbTK05lx80nuSijCz7sc3a277R67g,amazing app,5,0,6.1,2024-03-22 21:52:26,"We're delighted to know that our app met your expectations. Should you have any further suggestions or queries, don't hesitate to write to us at zugarmobility@gmail.com.",2024-03-22 23:27:16,6.1
15882874-4b7f-43f0-971c-34e660c993d1,A Google user,https://play-lh.googleusercontent.com/EGemoI2NTXmTsBVtJqk8jxF9rh8ApRWfsIMQSt2uE4OcpQqbFu7f7NbTK05lx80nuSijCz7sc3a277R67g,Nice,5,0,6.1,2024-03-22 19:46:44,"We're delighted to know that our app met your expectations. Should you have any further suggestions or queries, don't hesitate to write to us at zugarmobility@gmail.com.",2024-03-22 23:27:18,6.1
c35d76e9-85ce-4809-bff1-45148d20756d,A Google user,https://play-lh.googleusercontent.com/EGemoI2NTXmTsBVtJqk8jxF9rh8ApRWfsIMQSt2uE4OcpQqbFu7f7NbTK05lx80nuSijCz7sc3a277R67g,Good apk,5,0,6.1,2024-03-22 19:04:16,"We're delighted to know that our app met your expectations. Should you have any further suggestions or queries, don't hesitate to write to us at zugarmobility@gmail.com.",2024-03-22 23:27:20,6.1
959d4aab-532a-4338-ad08-f70767012ef2,A Google user,https://play-lh.googleusercontent.com/EGemoI2NTXmTsBVtJqk8jxF9rh8ApRWfsIMQSt2uE4OcpQqbFu7f7NbTK05lx80nuSijCz7sc3a277R67g,Too much add. Muslim pro is better..,4,0,6.3,2024-03-22 18:21:41,,,6.3
b4f3f739-c82c-4e11-9e5c-63b1aeb81490,A Google user,https://play-lh.googleusercontent.com/EGemoI2NTXmTsBVtJqk8jxF9rh8ApRWfsIMQSt2uE4OcpQqbFu7f7NbTK05lx80nuSijCz7sc3a277R67g,Good app mashallah,4,0,6.3,2024-03-22 18:05:57,Happy to know you're liking our app. We strive for excellence and your 5-star rating will boost our spirits!,2024-03-22 23:27:22,6.3
ef0bc389-1147-4fa9-b977-c68703e926fd,A Google user,https://play-lh.googleusercontent.com/EGemoI2NTXmTsBVtJqk8jxF9rh8ApRWfsIMQSt2uE4OcpQqbFu7f7NbTK05lx80nuSijCz7sc3a277R67g,Ok.,4,0,6.3,2024-03-22 16:30:15,,,6.3
341e6b47-b3ee-43e6-9d78-8f75b38c42e9,A Google user,https://play-lh.googleusercontent.com/EGemoI2NTXmTsBVtJqk8jxF9rh8ApRWfsIMQSt2uE4OcpQqbFu7f7NbTK05lx80nuSijCz7sc3a277R67g,Nice,5,0,6.3,2024-03-22 15:38:10,"We're delighted to know that our app met your expectations. Should you have any further suggestions or queries, don't hesitate to write to us at zugarmobility@gmail.com.",2024-03-22 23:27:27,6.3
a1fa877a-2bcf-4442-8be8-baa31b1ccdc0,A Google user,https://play-lh.googleusercontent.com/EGemoI2NTXmTsBVtJqk8jxF9rh8ApRWfsIMQSt2uE4OcpQqbFu7f7NbTK05lx80nuSijCz7sc3a277R67g,Nice app,5,0,6.3,2024-03-22 14:55:33,"We're delighted to know that our app met your expectations. Should you have any further suggestions or queries, don't hesitate to write to us at zugarmobility@gmail.com.",2024-03-22 23:27:31,6.3
fb94954d-0018-4132-a1c9-923fe65f0436,A Google user,https://play-lh.googleusercontent.com/EGemoI2NTXmTsBVtJqk8jxF9rh8ApRWfsIMQSt2uE4OcpQqbFu7f7NbTK05lx80nuSijCz7sc3a277R67g,Bahut achca app h,5,0,6.3,2024-03-22 12:26:33,,,6.3
2805afc8-06b8-4110-94a7-77961f1f23ba,A Google user,https://play-lh.googleusercontent.com/EGemoI2NTXmTsBVtJqk8jxF9rh8ApRWfsIMQSt2uE4OcpQqbFu7f7NbTK05lx80nuSijCz7sc3a277R67g,Very nice,4,0,6.1,2024-03-22 11:14:13,Happy to know you're liking our app. We strive for excellence and your 5-star rating will boost our spirits!,2024-03-22 23:27:33,6.1
af106e83-11e1-4733-88f0-0c5fbeb18452,A Google user,https://play-lh.googleusercontent.com/EGemoI2NTXmTsBVtJqk8jxF9rh8ApRWfsIMQSt2uE4OcpQqbFu7f7NbTK05lx80nuSijCz7sc3a277R67g,অনেক সুন্দর সিস্টেম,3,0,6.3,2024-03-22 11:13:05,Happy to know you're liking our app. We strive for excellence and your 5-star rating will boost our spirits!,2024-03-22 23:27:34,6.3
04d896fb-a2dd-4e40-9c31-4d17b553eca7,A Google user,https://play-lh.googleusercontent.com/EGemoI2NTXmTsBVtJqk8jxF9rh8ApRWfsIMQSt2uE4OcpQqbFu7f7NbTK05lx80nuSijCz7sc3a277R67g,Good 💯😊,2,0,6.1,2024-03-22 10:45:58,Happy to know you're liking our app. We strive for excellence and your 5-star rating will boost our spirits!,2024-03-22 10:57:10,6.1
a0a647ac-0da1-479e-a8f2-96035a598ca6,A Google user,https://play-lh.googleusercontent.com/EGemoI2NTXmTsBVtJqk8jxF9rh8ApRWfsIMQSt2uE4OcpQqbFu7f7NbTK05lx80nuSijCz7sc3a277R67g,its very good for muslim.,5,0,6.3,2024-03-22 09:30:18,"We're delighted to know that our app met your expectations. Should you have any further suggestions or queries, don't hesitate to write to us at zugarmobility@gmail.com.",2024-03-22 10:57:14,6.3
57d08f0b-5994-4dec-845c-141992ed73d9,A Google user,https://play-lh.googleusercontent.com/EGemoI2NTXmTsBVtJqk8jxF9rh8ApRWfsIMQSt2uE4OcpQqbFu7f7NbTK05lx80nuSijCz7sc3a277R67g,Alhamdulillah khub valo akta apps,5,0,6.1,2024-03-22 06:16:24,,,6.1
f2de60ce-73c2-45e4-9675-fa07a9c9886e,A Google user,https://play-lh.googleusercontent.com/EGemoI2NTXmTsBVtJqk8jxF9rh8ApRWfsIMQSt2uE4OcpQqbFu7f7NbTK05lx80nuSijCz7sc3a277R67g,absolutely perfect learning Qaran,5,0,6.3,2024-03-22 05:53:05,"We're delighted to know that our app met your expectations. Should you have any further suggestions or queries, don't hesitate to write to us at zugarmobility@gmail.com.",2024-03-22 06:47:08,6.3
b51b1854-f4ef-44da-9445-a1bd15ad9831,A Google user,https://play-lh.googleusercontent.com/EGemoI2NTXmTsBVtJqk8jxF9rh8ApRWfsIMQSt2uE4OcpQqbFu7f7NbTK05lx80nuSijCz7sc3a277R67g,Wow. .. Very helpful app,5,0,6.3,2024-03-22 04:46:48,"We're delighted to know that our app met your expectations. Should you have any further suggestions or queries, don't hesitate to write to us at zugarmobility@gmail.com.",2024-03-22 06:47:12,6.3
79c50899-babf-4023-bb28-bf4fa1087726,A Google user,https://play-lh.googleusercontent.com/EGemoI2NTXmTsBVtJqk8jxF9rh8ApRWfsIMQSt2uE4OcpQqbFu7f7NbTK05lx80nuSijCz7sc3a277R67g,Great experience I ever had to learn more about my religion,5,0,6.1,2024-03-22 03:19:17,"We're delighted to know that our app met your expectations. Should you have any further suggestions or queries, don't hesitate to write to us at zugarmobility@gmail.com.",2024-03-22 06:47:14,6.1
76b490ff-4ea9-4624-995d-fe81712a3219,A Google user,https://play-lh.googleusercontent.com/EGemoI2NTXmTsBVtJqk8jxF9rh8ApRWfsIMQSt2uE4OcpQqbFu7f7NbTK05lx80nuSijCz7sc3a277R67g,Wow,5,0,6.3,2024-03-22 02:07:09,,,6.3
6ac0b920-e7f3-4f5c-bc77-212bbd5325ac,A Google user,https://play-lh.googleusercontent.com/EGemoI2NTXmTsBVtJqk8jxF9rh8ApRWfsIMQSt2uE4OcpQqbFu7f7NbTK05lx80nuSijCz7sc3a277R67g,Acha app h,4,0,6.1,2024-03-22 00:45:14,,,6.1
04689eea-c597-41b8-8462-95253bf04e7f,A Google user,https://play-lh.googleusercontent.com/EGemoI2NTXmTsBVtJqk8jxF9rh8ApRWfsIMQSt2uE4OcpQqbFu7f7NbTK05lx80nuSijCz7sc3a277R67g,It kept starting from the beginning when ever you exit the app,1,2,6.1,2024-03-21 23:43:59,,,6.1
425356b4-81b3-4966-bb0f-b86c179e0519,A Google user,https://play-lh.googleusercontent.com/EGemoI2NTXmTsBVtJqk8jxF9rh8ApRWfsIMQSt2uE4OcpQqbFu7f7NbTK05lx80nuSijCz7sc3a277R67g,Jazak Allahu Khairan. Please add Transliterations,5,0,6.1,2024-03-21 23:28:33,,,6.1
df608c90-137b-46da-88d8-196e32be6596,A Google user,https://play-lh.googleusercontent.com/EGemoI2NTXmTsBVtJqk8jxF9rh8ApRWfsIMQSt2uE4OcpQqbFu7f7NbTK05lx80nuSijCz7sc3a277R67g,Love it's,5,0,6.1,2024-03-21 22:21:38,"We're delighted to know that our app met your expectations. Should you have any further suggestions or queries, don't hesitate to write to us at zugarmobility@gmail.com.",2024-03-21 22:27:05,6.1
89cbd146-e9de-4f1b-a0bb-8d4ff805d152,A Google user,https://play-lh.googleusercontent.com/EGemoI2NTXmTsBVtJqk8jxF9rh8ApRWfsIMQSt2uE4OcpQqbFu7f7NbTK05lx80nuSijCz7sc3a277R67g,MashaAllah,5,0,6.1,2024-03-21 20:15:41,,,6.1
ec1b13e9-8ab9-42f0-981d-465ce409c8c8,A Google user,https://play-lh.googleusercontent.com/EGemoI2NTXmTsBVtJqk8jxF9rh8ApRWfsIMQSt2uE4OcpQqbFu7f7NbTK05lx80nuSijCz7sc3a277R67g,Good app,5,0,6.1,2024-03-21 14:01:11,"We're delighted to know that our app met your expectations. Should you have any further suggestions or queries, don't hesitate to write to us at zugarmobility@gmail.com.",2024-03-21 16:12:08,6.1
9c7928a0-805c-474f-af5d-34c45ab3445e,A Google user,https://play-lh.googleusercontent.com/EGemoI2NTXmTsBVtJqk8jxF9rh8ApRWfsIMQSt2uE4OcpQqbFu7f7NbTK05lx80nuSijCz7sc3a277R67g,Good app easy to understand tarjuma,4,0,6.1,2024-03-21 13:58:50,Happy to know you're liking our app. We strive for excellence and your 5-star rating will boost our spirits!,2024-03-21 16:12:09,6.1
57475527-a56f-43bb-9ada-157696594642,A Google user,https://play-lh.googleusercontent.com/EGemoI2NTXmTsBVtJqk8jxF9rh8ApRWfsIMQSt2uE4OcpQqbFu7f7NbTK05lx80nuSijCz7sc3a277R67g,Allha,5,0,6.1,2024-03-21 10:50:06,,,6.1
bdf8090f-1823-42fc-9da2-efac160c2391,A Google user,https://play-lh.googleusercontent.com/EGemoI2NTXmTsBVtJqk8jxF9rh8ApRWfsIMQSt2uE4OcpQqbFu7f7NbTK05lx80nuSijCz7sc3a277R67g,Good,5,0,6.3,2024-03-21 10:14:34,"We're delighted to know that our app met your expectations. Should you have any further suggestions or queries, don't hesitate to write to us at zugarmobility@gmail.com.",2024-03-21 12:02:13,6.3
6243419f-272f-4d3c-8b92-d6a4d0a9c055,A Google user,https://play-lh.googleusercontent.com/EGemoI2NTXmTsBVtJqk8jxF9rh8ApRWfsIMQSt2uE4OcpQqbFu7f7NbTK05lx80nuSijCz7sc3a277R67g,so nice app,5,0,6.1,2024-03-21 04:34:40,"We're delighted to know that our app met your expectations. Should you have any further suggestions or queries, don't hesitate to write to us at zugarmobility@gmail.com.",2024-03-21 05:47:05,6.1
cd43fe81-0caf-437d-9145-63d5620a48c3,A Google user,https://play-lh.googleusercontent.com/EGemoI2NTXmTsBVtJqk8jxF9rh8ApRWfsIMQSt2uE4OcpQqbFu7f7NbTK05lx80nuSijCz7sc3a277R67g,Good,5,0,6.1,2024-03-21 04:25:44,"We're delighted to know that our app met your expectations. Should you have any further suggestions or queries, don't hesitate to write to us at zugarmobility@gmail.com.",2024-03-21 05:47:07,6.1
73d7b8bf-d21a-448c-ae6c-1f0d6ff42d02,A Google user,https://play-lh.googleusercontent.com/EGemoI2NTXmTsBVtJqk8jxF9rh8ApRWfsIMQSt2uE4OcpQqbFu7f7NbTK05lx80nuSijCz7sc3a277R67g,Full of adds.,1,0,6.1,2024-03-21 02:23:59,We regret any inconvenience. Ads are essential to sustain our work. Your understanding is truly appreciated.,2024-03-21 03:42:12,6.1
49ed0a25-8ab7-4b32-84c8-8973ce9da041,A Google user,https://play-lh.googleusercontent.com/EGemoI2NTXmTsBVtJqk8jxF9rh8ApRWfsIMQSt2uE4OcpQqbFu7f7NbTK05lx80nuSijCz7sc3a277R67g,"Great app and simple to use Allah bless the developer, give it 5 🌟",5,1,5.8,2024-03-20 23:44:29,"We're delighted to know that our app met your expectations. Should you have any further suggestions or queries, don't hesitate to write to us at zugarmobility@gmail.com.",2024-03-21 03:42:16,5.8
f893f382-c793-4296-84e1-6313520a73f4,A Google user,https://play-lh.googleusercontent.com/EGemoI2NTXmTsBVtJqk8jxF9rh8ApRWfsIMQSt2uE4OcpQqbFu7f7NbTK05lx80nuSijCz7sc3a277R67g,Good,5,0,6.3,2024-03-20 23:20:43,"We're delighted to know that our app met your expectations. Should you have any further suggestions or queries, don't hesitate to write to us at zugarmobility@gmail.com.",2024-03-20 23:32:07,6.3
e8ba384c-a4c9-4d4f-a742-df72e8c124d7,A Google user,https://play-lh.googleusercontent.com/EGemoI2NTXmTsBVtJqk8jxF9rh8ApRWfsIMQSt2uE4OcpQqbFu7f7NbTK05lx80nuSijCz7sc3a277R67g,Nice,5,0,6.3,2024-03-20 23:01:46,"We're delighted to know that our app met your expectations. Should you have any further suggestions or queries, don't hesitate to write to us at zugarmobility@gmail.com.",2024-03-20 23:32:08,6.3
9343134e-6fe0-4f28-bbfa-1f9885a8ddad,A Google user,https://play-lh.googleusercontent.com/EGemoI2NTXmTsBVtJqk8jxF9rh8ApRWfsIMQSt2uE4OcpQqbFu7f7NbTK05lx80nuSijCz7sc3a277R67g,An apps with full of bugs. I suggest not to use this app and Don't waste your time on this app. A 3rd class app,1,4,6.1,2024-03-20 21:15:49,"We understand your disappointment and are eager to make things right. Help us improve by sharing your suggestions via email at zugarmobility@gmail.com. Rest assured, we're committed to creating a more satisfying experience.",2024-03-20 21:27:07,6.1
0d38fadd-dae8-443e-9b52-c88373e907a0,A Google user,https://play-lh.googleusercontent.com/EGemoI2NTXmTsBVtJqk8jxF9rh8ApRWfsIMQSt2uE4OcpQqbFu7f7NbTK05lx80nuSijCz7sc3a277R67g,good job,5,0,6.1,2024-03-20 20:37:22,"We're delighted to know that our app met your expectations. Should you have any further suggestions or queries, don't hesitate to write to us at zugarmobility@gmail.com.",2024-03-20 21:27:08,6.1
4bfb3a7c-69a9-4f97-84d9-b5320997cc2d,A Google user,https://play-lh.googleusercontent.com/EGemoI2NTXmTsBVtJqk8jxF9rh8ApRWfsIMQSt2uE4OcpQqbFu7f7NbTK05lx80nuSijCz7sc3a277R67g,nice app,5,0,6.1,2024-03-20 14:36:58,"We're delighted to know that our app met your expectations. Should you have any further suggestions or queries, don't hesitate to write to us at zugarmobility@gmail.com.",2024-03-20 15:12:09,6.1
2ae7b301-d193-46cf-8e52-3c5242bca072,A Google user,https://play-lh.googleusercontent.com/EGemoI2NTXmTsBVtJqk8jxF9rh8ApRWfsIMQSt2uE4OcpQqbFu7f7NbTK05lx80nuSijCz7sc3a277R67g,May Allah bless you that who makes this application.,5,0,6.3,2024-03-20 14:28:16,,,6.3
f1c5b8df-84f4-4766-9735-71ee7469f452,A Google user,https://play-lh.googleusercontent.com/EGemoI2NTXmTsBVtJqk8jxF9rh8ApRWfsIMQSt2uE4OcpQqbFu7f7NbTK05lx80nuSijCz7sc3a277R67g,Rushing to install this app then I started to setup but not working I mean the asr prayer already done but still n the dhuhr time?,3,1,,2024-03-20 14:17:01,,,
69e22dd1-74c9-4905-9c13-755a1e1a20bc,A Google user,https://play-lh.googleusercontent.com/EGemoI2NTXmTsBVtJqk8jxF9rh8ApRWfsIMQSt2uE4OcpQqbFu7f7NbTK05lx80nuSijCz7sc3a277R67g,Excellent,5,0,6.3,2024-03-20 14:03:07,"We're delighted to know that our app met your expectations. Should you have any further suggestions or queries, don't hesitate to write to us at zugarmobility@gmail.com.",2024-03-20 15:12:10,6.3
5e09137b-2784-4103-8324-56dc57642acc,A Google user,https://play-lh.googleusercontent.com/EGemoI2NTXmTsBVtJqk8jxF9rh8ApRWfsIMQSt2uE4OcpQqbFu7f7NbTK05lx80nuSijCz7sc3a277R67g,Fantastic,5,0,6.1,2024-03-20 13:47:25,"We're delighted to know that our app met your expectations. Should you have any further suggestions or queries, don't hesitate to write to us at zugarmobility@gmail.com.",2024-03-20 15:12:11,6.1
75f04de2-a172-4719-879e-6b9f1c48e2f7,A Google user,https://play-lh.googleusercontent.com/EGemoI2NTXmTsBVtJqk8jxF9rh8ApRWfsIMQSt2uE4OcpQqbFu7f7NbTK05lx80nuSijCz7sc3a277R67g,Nice application,5,0,6.1,2024-03-20 06:40:20,"We're delighted to know that our app met your expectations. Should you have any further suggestions or queries, don't hesitate to write to us at zugarmobility@gmail.com.",2024-03-20 08:57:09,6.1
ee27d9e3-a638-4911-b05d-74791670e528,A Google user,https://play-lh.googleusercontent.com/EGemoI2NTXmTsBVtJqk8jxF9rh8ApRWfsIMQSt2uE4OcpQqbFu7f7NbTK05lx80nuSijCz7sc3a277R67g,Good,4,0,6.1,2024-03-20 06:28:50,Happy to know you're liking our app. We strive for excellence and your 5-star rating will boost our spirits!,2024-03-20 08:57:10,6.1
526b1f4e-689a-45a5-af55-7b23099c5ead,A Google user,https://play-lh.googleusercontent.com/EGemoI2NTXmTsBVtJqk8jxF9rh8ApRWfsIMQSt2uE4OcpQqbFu7f7NbTK05lx80nuSijCz7sc3a277R67g,Best,5,0,6.1,2024-03-20 06:11:55,"We're delighted to know that our app met your expectations. Should you have any further suggestions or queries, don't hesitate to write to us at zugarmobility@gmail.com.",2024-03-20 08:57:13,6.1
c827cb00-1185-49aa-b4cd-0843f9393aa5,A Google user,https://play-lh.googleusercontent.com/EGemoI2NTXmTsBVtJqk8jxF9rh8ApRWfsIMQSt2uE4OcpQqbFu7f7NbTK05lx80nuSijCz7sc3a277R67g,Jakir Ali,5,0,6.3,2024-03-20 06:10:18,,,6.3
2f9ba2f9-e7e7-4630-b005-2eb38e729fb4,A Google user,https://play-lh.googleusercontent.com/EGemoI2NTXmTsBVtJqk8jxF9rh8ApRWfsIMQSt2uE4OcpQqbFu7f7NbTK05lx80nuSijCz7sc3a277R67g,Gud,4,0,6.3,2024-03-20 06:02:26,,,6.3
a91abda5-b88f-4740-a044-c210842d4ecc,A Google user,https://play-lh.googleusercontent.com/EGemoI2NTXmTsBVtJqk8jxF9rh8ApRWfsIMQSt2uE4OcpQqbFu7f7NbTK05lx80nuSijCz7sc3a277R67g,🥰❤️❤️❤️Good,5,0,6.1,2024-03-20 05:18:04,"We're delighted to know that our app met your expectations. Should you have any further suggestions or queries, don't hesitate to write to us at zugarmobility@gmail.com.",2024-03-20 08:57:16,6.1
963b03ec-c0c7-438a-8f69-6a7e7cccf3a7,A Google user,https://play-lh.googleusercontent.com/EGemoI2NTXmTsBVtJqk8jxF9rh8ApRWfsIMQSt2uE4OcpQqbFu7f7NbTK05lx80nuSijCz7sc3a277R67g,মাশাআল্লাহ,5,0,6.3,2024-03-20 04:54:49,,,6.3
3d1d60e8-816a-41b5-8668-786931680788,A Google user,https://play-lh.googleusercontent.com/EGemoI2NTXmTsBVtJqk8jxF9rh8ApRWfsIMQSt2uE4OcpQqbFu7f7NbTK05lx80nuSijCz7sc3a277R67g,best❤️‍🩹,5,0,6.1,2024-03-20 04:52:08,"We're delighted to know that our app met your expectations. Should you have any further suggestions or queries, don't hesitate to write to us at zugarmobility@gmail.com.",2024-03-20 08:57:19,6.1
174a6b70-a149-4320-b878-970efdeea103,A Google user,https://play-lh.googleusercontent.com/EGemoI2NTXmTsBVtJqk8jxF9rh8ApRWfsIMQSt2uE4OcpQqbFu7f7NbTK05lx80nuSijCz7sc3a277R67g,Thank you,5,0,6.1,2024-03-20 02:01:43,"We're delighted to know that our app met your expectations. Should you have any further suggestions or queries, don't hesitate to write to us at zugarmobility@gmail.com.",2024-03-20 02:42:14,6.1
9c214a01-00ba-4458-9358-e9741d2248cd,A Google user,https://play-lh.googleusercontent.com/EGemoI2NTXmTsBVtJqk8jxF9rh8ApRWfsIMQSt2uE4OcpQqbFu7f7NbTK05lx80nuSijCz7sc3a277R67g,Very Good,5,0,6.1,2024-03-20 01:34:58,"We're delighted to know that our app met your expectations. Should you have any further suggestions or queries, don't hesitate to write to us at zugarmobility@gmail.com.",2024-03-20 02:42:15,6.1
f45caf42-2b66-41e4-8693-41494732401d,A Google user,https://play-lh.googleusercontent.com/EGemoI2NTXmTsBVtJqk8jxF9rh8ApRWfsIMQSt2uE4OcpQqbFu7f7NbTK05lx80nuSijCz7sc3a277R67g,माशाल्लाह अल्हम्दुलिल्लाह बहुत बेहतरीन,5,0,6.3,2024-03-20 01:12:59,"We're delighted to know that our app met your expectations. Should you have any further suggestions or queries, don't hesitate to write to us at zugarmobility@gmail.com.",2024-03-20 02:42:17,6.3
d518c580-7b19-4c3c-9d34-a1f0ff53b19c,A Google user,https://play-lh.googleusercontent.com/EGemoI2NTXmTsBVtJqk8jxF9rh8ApRWfsIMQSt2uE4OcpQqbFu7f7NbTK05lx80nuSijCz7sc3a277R67g,It's better,4,0,,2024-03-19 21:18:09,,,
bbb224b4-4311-47c2-af3a-7bea3b40bb22,A Google user,https://play-lh.googleusercontent.com/EGemoI2NTXmTsBVtJqk8jxF9rh8ApRWfsIMQSt2uE4OcpQqbFu7f7NbTK05lx80nuSijCz7sc3a277R67g,"Very bad, and worst app, don't download anyone, they r fraudulent in the name of Islam.",1,0,6.1,2024-03-19 19:35:08,"We understand your disappointment and are eager to make things right. Help us improve by sharing your suggestions via email at zugarmobility@gmail.com. Rest assured, we're committed to creating a more satisfying experience.",2024-03-19 20:27:07,6.1
ecf7d2e1-57f2-4dec-af47-4e9130426c20,A Google user,https://play-lh.googleusercontent.com/EGemoI2NTXmTsBVtJqk8jxF9rh8ApRWfsIMQSt2uE4OcpQqbFu7f7NbTK05lx80nuSijCz7sc3a277R67g,Mashaallah bahut kuch sikhne ko melaga,5,0,6.1,2024-03-19 19:11:13,,,6.1
be7fec92-c8d9-4093-b40c-5e4ca8343bf1,A Google user,https://play-lh.googleusercontent.com/EGemoI2NTXmTsBVtJqk8jxF9rh8ApRWfsIMQSt2uE4OcpQqbFu7f7NbTK05lx80nuSijCz7sc3a277R67g,Nice,5,0,6.3,2024-03-19 18:56:33,"We're delighted to know that our app met your expectations. Should you have any further suggestions or queries, don't hesitate to write to us at zugarmobility@gmail.com.",2024-03-19 20:27:09,6.3
f13588a9-29ed-423b-bbe8-d492ddb4fe15,A Google user,https://play-lh.googleusercontent.com/EGemoI2NTXmTsBVtJqk8jxF9rh8ApRWfsIMQSt2uE4OcpQqbFu7f7NbTK05lx80nuSijCz7sc3a277R67g,I love this apps it's help me so much...,5,0,6.1,2024-03-19 14:39:04,"We're delighted to know that our app met your expectations. Should you have any further suggestions or queries, don't hesitate to write to us at zugarmobility@gmail.com.",2024-03-19 16:17:08,6.1
5b1f156e-0090-485c-942f-b2b0b3be1073,A Google user,https://play-lh.googleusercontent.com/EGemoI2NTXmTsBVtJqk8jxF9rh8ApRWfsIMQSt2uE4OcpQqbFu7f7NbTK05lx80nuSijCz7sc3a277R67g,good apps,5,0,,2024-03-19 09:15:20,"We're delighted to know that our app met your expectations. Should you have any further suggestions or queries, don't hesitate to write to us at zugarmobility@gmail.com.",2024-03-19 10:02:11,
c9ee7ec4-13cf-42fc-a991-dabebf2ae21c,A Google user,https://play-lh.googleusercontent.com/EGemoI2NTXmTsBVtJqk8jxF9rh8ApRWfsIMQSt2uE4OcpQqbFu7f7NbTK05lx80nuSijCz7sc3a277R67g,its very best,5,0,6.1,2024-03-19 08:21:03,"We're delighted to know that our app met your expectations. Should you have any further suggestions or queries, don't hesitate to write to us at zugarmobility@gmail.com.",2024-03-19 10:02:12,6.1
2212b46a-52f2-42ed-9edb-43c416f2f3c4,A Google user,https://play-lh.googleusercontent.com/EGemoI2NTXmTsBVtJqk8jxF9rh8ApRWfsIMQSt2uE4OcpQqbFu7f7NbTK05lx80nuSijCz7sc3a277R67g,Nice,5,0,6.1,2024-03-19 08:15:05,"We're delighted to know that our app met your expectations. Should you have any further suggestions or queries, don't hesitate to write to us at zugarmobility@gmail.com.",2024-03-19 10:02:13,6.1
c5f5bc02-224e-4a67-872e-93df03945721,A Google user,https://play-lh.googleusercontent.com/EGemoI2NTXmTsBVtJqk8jxF9rh8ApRWfsIMQSt2uE4OcpQqbFu7f7NbTK05lx80nuSijCz7sc3a277R67g,Top,5,0,6.3,2024-03-19 07:29:08,"We're delighted to know that our app met your expectations. Should you have any further suggestions or queries, don't hesitate to write to us at zugarmobility@gmail.com.",2024-03-19 07:57:06,6.3
81966b2d-5e55-4260-9a29-bb140052ce96,A Google user,https://play-lh.googleusercontent.com/EGemoI2NTXmTsBVtJqk8jxF9rh8ApRWfsIMQSt2uE4OcpQqbFu7f7NbTK05lx80nuSijCz7sc3a277R67g,Shukran,5,0,6.1,2024-03-19 05:45:21,"We're delighted to know that our app met your expectations. Should you have any further suggestions or queries, don't hesitate to write to us at zugarmobility@gmail.com.",2024-03-19 05:52:12,6.1
86a8e56e-6eee-4c90-91fe-ad365a873bb9,A Google user,https://play-lh.googleusercontent.com/EGemoI2NTXmTsBVtJqk8jxF9rh8ApRWfsIMQSt2uE4OcpQqbFu7f7NbTK05lx80nuSijCz7sc3a277R67g,Too much ad and becomes hang after 3/4 minutes,1,1,,2024-03-19 01:52:29,,,
9d317631-a936-40fa-a059-d0ea6d34c3fc,A Google user,https://play-lh.googleusercontent.com/EGemoI2NTXmTsBVtJqk8jxF9rh8ApRWfsIMQSt2uE4OcpQqbFu7f7NbTK05lx80nuSijCz7sc3a277R67g,It's good and amazing,5,0,6.1,2024-03-19 01:33:16,"We're delighted to know that our app met your expectations. Should you have any further suggestions or queries, don't hesitate to write to us at zugarmobility@gmail.com.",2024-03-19 01:42:10,6.1
fe200cb6-6cd6-4149-8755-91912750f566,A Google user,https://play-lh.googleusercontent.com/EGemoI2NTXmTsBVtJqk8jxF9rh8ApRWfsIMQSt2uE4OcpQqbFu7f7NbTK05lx80nuSijCz7sc3a277R67g,Great❤,5,0,6.1,2024-03-19 01:05:16,"We're delighted to know that our app met your expectations. Should you have any further suggestions or queries, don't hesitate to write to us at zugarmobility@gmail.com.",2024-03-19 01:42:11,6.1
331f2b13-3793-43fc-9010-9245877e8f64,A Google user,https://play-lh.googleusercontent.com/EGemoI2NTXmTsBVtJqk8jxF9rh8ApRWfsIMQSt2uE4OcpQqbFu7f7NbTK05lx80nuSijCz7sc3a277R67g,Acha hai,5,0,6.1,2024-03-19 00:58:29,,,6.1
f368c4a1-a8c0-44c3-938d-bd9e0ae89e35,A Google user,https://play-lh.googleusercontent.com/EGemoI2NTXmTsBVtJqk8jxF9rh8ApRWfsIMQSt2uE4OcpQqbFu7f7NbTK05lx80nuSijCz7sc3a277R67g,آپکی ایپ بہت زبردست ہے۔اگر ہو سکے تو جو تسبی ہے اس میں دانوں والی۔اس میں تین کلر ہی ہیں جو کہ اپنی مرضی سے چینج ہوسکتے ہیں اسکے کلر میں اضافہ کردیں ۔ریڈ ییلو ہر کلر ۔۔۔شکریہ,5,0,6.0,2024-03-18 23:16:01,"We're delighted to know that our app met your expectations. Should you have any further suggestions or queries, don't hesitate to write to us at zugarmobility@gmail.com.",2024-03-18 23:37:10,6.0
71061554-19c1-4a92-8f0a-1c295eaedce6,A Google user,https://play-lh.googleusercontent.com/EGemoI2NTXmTsBVtJqk8jxF9rh8ApRWfsIMQSt2uE4OcpQqbFu7f7NbTK05lx80nuSijCz7sc3a277R67g,Great,5,0,6.1,2024-03-18 23:03:19,"We're delighted to know that our app met your expectations. Should you have any further suggestions or queries, don't hesitate to write to us at zugarmobility@gmail.com.",2024-03-18 23:37:11,6.1
be65ad39-529e-488f-917c-de0fbb81d1e0,A Google user,https://play-lh.googleusercontent.com/EGemoI2NTXmTsBVtJqk8jxF9rh8ApRWfsIMQSt2uE4OcpQqbFu7f7NbTK05lx80nuSijCz7sc3a277R67g,Good work,5,0,6.1,2024-03-18 21:25:16,"We're delighted to know that our app met your expectations. Should you have any further suggestions or queries, don't hesitate to write to us at zugarmobility@gmail.com.",2024-03-18 21:32:07,6.1
af5977f6-74ce-42d5-a889-08af25d61a24,A Google user,https://play-lh.googleusercontent.com/EGemoI2NTXmTsBVtJqk8jxF9rh8ApRWfsIMQSt2uE4OcpQqbFu7f7NbTK05lx80nuSijCz7sc3a277R67g,It is good,5,0,6.3,2024-03-18 18:22:04,"We're delighted to know that our app met your expectations. Should you have any further suggestions or queries, don't hesitate to write to us at zugarmobility@gmail.com.",2024-03-18 19:27:08,6.3
6e37c897-e461-46cd-9e13-4c3b97928d83,A Google user,https://play-lh.googleusercontent.com/EGemoI2NTXmTsBVtJqk8jxF9rh8ApRWfsIMQSt2uE4OcpQqbFu7f7NbTK05lx80nuSijCz7sc3a277R67g,Good for all,5,0,6.3,2024-03-18 17:10:52,"We're delighted to know that our app met your expectations. Should you have any further suggestions or queries, don't hesitate to write to us at zugarmobility@gmail.com.",2024-03-18 19:27:10,6.3
979bf0d2-e395-4ecd-b1c1-4d3f5c7ab9f4,A Google user,https://play-lh.googleusercontent.com/EGemoI2NTXmTsBVtJqk8jxF9rh8ApRWfsIMQSt2uE4OcpQqbFu7f7NbTK05lx80nuSijCz7sc3a277R67g,মাসা আল্লাহ,5,0,6.3,2024-03-18 13:59:01,,,6.3
fe746edc-cb39-43c4-b628-98f1ecb1845b,A Google user,https://play-lh.googleusercontent.com/EGemoI2NTXmTsBVtJqk8jxF9rh8ApRWfsIMQSt2uE4OcpQqbFu7f7NbTK05lx80nuSijCz7sc3a277R67g,Good app,5,0,,2024-03-18 05:45:53,"We're delighted to know that our app met your expectations. Should you have any further suggestions or queries, don't hesitate to write to us at zugarmobility@gmail.com.",2024-03-18 06:57:10,
b5f07ba9-a45c-4bf8-a99d-2c7144411aea,A Google user,https://play-lh.googleusercontent.com/EGemoI2NTXmTsBVtJqk8jxF9rh8ApRWfsIMQSt2uE4OcpQqbFu7f7NbTK05lx80nuSijCz7sc3a277R67g,Good,5,0,6.1,2024-03-18 05:40:30,"We're delighted to know that our app met your expectations. Should you have any further suggestions or queries, don't hesitate to write to us at zugarmobility@gmail.com.",2024-03-18 06:57:11,6.1
ea6722b0-2af1-47a9-981b-0da9eda16ec6,A Google user,https://play-lh.googleusercontent.com/EGemoI2NTXmTsBVtJqk8jxF9rh8ApRWfsIMQSt2uE4OcpQqbFu7f7NbTK05lx80nuSijCz7sc3a277R67g,Good 👍,5,0,6.1,2024-03-18 05:37:11,"We're delighted to know that our app met your expectations. Should you have any further suggestions or queries, don't hesitate to write to us at zugarmobility@gmail.com.",2024-03-18 06:57:13,6.1
13499a5c-e578-4f5d-b0bf-63fa9e36ebac,A Google user,https://play-lh.googleusercontent.com/EGemoI2NTXmTsBVtJqk8jxF9rh8ApRWfsIMQSt2uE4OcpQqbFu7f7NbTK05lx80nuSijCz7sc3a277R67g,Massala,5,0,6.1,2024-03-18 05:02:52,,,6.1
7e87dfbf-7350-4e4c-9d07-b7ccd52dc742,A Google user,https://play-lh.googleusercontent.com/EGemoI2NTXmTsBVtJqk8jxF9rh8ApRWfsIMQSt2uE4OcpQqbFu7f7NbTK05lx80nuSijCz7sc3a277R67g,"Oh, good",5,0,6.1,2024-03-18 04:58:23,"We're delighted to know that our app met your expectations. Should you have any further suggestions or queries, don't hesitate to write to us at zugarmobility@gmail.com.",2024-03-18 06:57:16,6.1
0092f86c-2f23-4221-9e7b-71d575b3726c,A Google user,https://play-lh.googleusercontent.com/EGemoI2NTXmTsBVtJqk8jxF9rh8ApRWfsIMQSt2uE4OcpQqbFu7f7NbTK05lx80nuSijCz7sc3a277R67g,"Amazing app, shukran 🙏",5,0,6.3,2024-03-18 04:49:53,"We're delighted to know that our app met your expectations. Should you have any further suggestions or queries, don't hesitate to write to us at zugarmobility@gmail.com.",2024-03-18 06:57:17,6.3
54974cb9-a556-4d24-bd6b-330bae8839f4,A Google user,https://play-lh.googleusercontent.com/EGemoI2NTXmTsBVtJqk8jxF9rh8ApRWfsIMQSt2uE4OcpQqbFu7f7NbTK05lx80nuSijCz7sc3a277R67g,nice apps,5,0,6.1,2024-03-18 04:23:28,"We're delighted to know that our app met your expectations. Should you have any further suggestions or queries, don't hesitate to write to us at zugarmobility@gmail.com.",2024-03-18 06:57:19,6.1
18325080-0c0e-436d-8001-6426f8c6ab89,A Google user,https://play-lh.googleusercontent.com/EGemoI2NTXmTsBVtJqk8jxF9rh8ApRWfsIMQSt2uE4OcpQqbFu7f7NbTK05lx80nuSijCz7sc3a277R67g,Good app,5,0,6.3,2024-03-18 03:16:47,"We're delighted to know that our app met your expectations. Should you have any further suggestions or queries, don't hesitate to write to us at zugarmobility@gmail.com.",2024-03-18 06:57:26,6.3
253a9d4c-36a8-42e1-ac32-3214bf718052,A Google user,https://play-lh.googleusercontent.com/EGemoI2NTXmTsBVtJqk8jxF9rh8ApRWfsIMQSt2uE4OcpQqbFu7f7NbTK05lx80nuSijCz7sc3a277R67g,It is the best app,4,0,6.1,2024-03-18 01:52:15,Happy to know you're liking our app. We strive for excellence and your 5-star rating will boost our spirits!,2024-03-18 02:47:05,6.1
ab11613a-eb0c-446e-bbf1-2fb7842fc6ce,A Google user,https://play-lh.googleusercontent.com/EGemoI2NTXmTsBVtJqk8jxF9rh8ApRWfsIMQSt2uE4OcpQqbFu7f7NbTK05lx80nuSijCz7sc3a277R67g,Good app,5,0,6.3,2024-03-18 00:21:37,"We're delighted to know that our app met your expectations. Should you have any further suggestions or queries, don't hesitate to write to us at zugarmobility@gmail.com.",2024-03-18 00:42:08,6.3
7fd48480-6b50-49fa-8aa8-903217acffc3,A Google user,https://play-lh.googleusercontent.com/EGemoI2NTXmTsBVtJqk8jxF9rh8ApRWfsIMQSt2uE4OcpQqbFu7f7NbTK05lx80nuSijCz7sc3a277R67g,Very good,5,0,6.3,2024-03-18 00:03:13,"We're delighted to know that our app met your expectations. Should you have any further suggestions or queries, don't hesitate to write to us at zugarmobility@gmail.com.",2024-03-18 00:42:09,6.3
9ce27acf-8569-4324-be60-2421f1d1778e,A Google user,https://play-lh.googleusercontent.com/EGemoI2NTXmTsBVtJqk8jxF9rh8ApRWfsIMQSt2uE4OcpQqbFu7f7NbTK05lx80nuSijCz7sc3a277R67g,Amazing masha allah,5,0,6.1,2024-03-17 23:00:03,"We're delighted to know that our app met your expectations. Should you have any further suggestions or queries, don't hesitate to write to us at zugarmobility@gmail.com.",2024-03-18 00:42:12,6.1
8b69d8b9-1626-42d7-9871-25132afee99a,A Google user,https://play-lh.googleusercontent.com/EGemoI2NTXmTsBVtJqk8jxF9rh8ApRWfsIMQSt2uE4OcpQqbFu7f7NbTK05lx80nuSijCz7sc3a277R67g,Subhan allha,4,0,,2024-03-17 22:09:54,,,
4e9e5926-bcbf-4823-8301-0d9abe2616bb,A Google user,https://play-lh.googleusercontent.com/EGemoI2NTXmTsBVtJqk8jxF9rh8ApRWfsIMQSt2uE4OcpQqbFu7f7NbTK05lx80nuSijCz7sc3a277R67g,Good,4,0,6.1,2024-03-17 20:35:08,Happy to know you're liking our app. We strive for excellence and your 5-star rating will boost our spirits!,2024-03-17 22:37:17,6.1
f27640aa-ad10-42e1-8b26-65076d58363c,A Google user,https://play-lh.googleusercontent.com/EGemoI2NTXmTsBVtJqk8jxF9rh8ApRWfsIMQSt2uE4OcpQqbFu7f7NbTK05lx80nuSijCz7sc3a277R67g,Excellent,5,0,6.1,2024-03-17 18:54:59,"We're delighted to know that our app met your expectations. Should you have any further suggestions or queries, don't hesitate to write to us at zugarmobility@gmail.com.",2024-03-17 20:32:09,6.1
69c03027-c2b8-440d-997d-468e5763e826,A Google user,https://play-lh.googleusercontent.com/EGemoI2NTXmTsBVtJqk8jxF9rh8ApRWfsIMQSt2uE4OcpQqbFu7f7NbTK05lx80nuSijCz7sc3a277R67g,"App is excellent with lot many features, best for all",5,4,6.1,2024-03-17 17:53:08,"We're delighted to know that our app met your expectations. Should you have any further suggestions or queries, don't hesitate to write to us at zugarmobility@gmail.com.",2024-03-17 18:27:07,6.1
fedc9321-a62c-4cba-a973-72d566be34d3,A Google user,https://play-lh.googleusercontent.com/EGemoI2NTXmTsBVtJqk8jxF9rh8ApRWfsIMQSt2uE4OcpQqbFu7f7NbTK05lx80nuSijCz7sc3a277R67g,Masha Allah,5,0,6.3,2024-03-17 16:09:42,,,6.3
3a87f202-9dda-4488-b844-da0a7be10bab,A Google user,https://play-lh.googleusercontent.com/EGemoI2NTXmTsBVtJqk8jxF9rh8ApRWfsIMQSt2uE4OcpQqbFu7f7NbTK05lx80nuSijCz7sc3a277R67g,I love it,5,0,6.3,2024-03-17 14:12:04,"We're delighted to know that our app met your expectations. Should you have any further suggestions or queries, don't hesitate to write to us at zugarmobility@gmail.com.",2024-03-17 14:17:04,6.3
611e26ff-0da0-4ceb-9d87-34c816fbbc67,A Google user,https://play-lh.googleusercontent.com/EGemoI2NTXmTsBVtJqk8jxF9rh8ApRWfsIMQSt2uE4OcpQqbFu7f7NbTK05lx80nuSijCz7sc3a277R67g,Nice,4,0,,2024-03-17 14:11:18,Happy to know you're liking our app. We strive for excellence and your 5-star rating will boost our spirits!,2024-03-17 14:17:06,
3bddeb28-63fb-4a70-9b94-8e603889bdfd,A Google user,https://play-lh.googleusercontent.com/EGemoI2NTXmTsBVtJqk8jxF9rh8ApRWfsIMQSt2uE4OcpQqbFu7f7NbTK05lx80nuSijCz7sc3a277R67g,Alhamdulillah♥️♥️♥️,5,0,6.1,2024-03-17 13:22:06,,,6.1
273c0164-02b2-4af1-a396-849c1723fa72,A Google user,https://play-lh.googleusercontent.com/EGemoI2NTXmTsBVtJqk8jxF9rh8ApRWfsIMQSt2uE4OcpQqbFu7f7NbTK05lx80nuSijCz7sc3a277R67g,এটা অনেক ভালো তবে এড থাকার কারনে‌ প্রথম দিকে একটু বিরক্ত লাগে,4,0,6.1,2024-03-17 11:05:59,Happy to know you're liking our app. We strive for excellence and your 5-star rating will boost our spirits!,2024-03-17 12:12:10,6.1
930903b6-676d-4786-b18f-7fc1227f741a,A Google user,https://play-lh.googleusercontent.com/EGemoI2NTXmTsBVtJqk8jxF9rh8ApRWfsIMQSt2uE4OcpQqbFu7f7NbTK05lx80nuSijCz7sc3a277R67g,Good,5,0,,2024-03-17 10:47:11,"We're delighted to know that our app met your expectations. Should you have any further suggestions or queries, don't hesitate to write to us at zugarmobility@gmail.com.",2024-03-17 12:12:11,
e223152f-4c9a-4897-aa1b-f7c3ec5b27d8,A Google user,https://play-lh.googleusercontent.com/EGemoI2NTXmTsBVtJqk8jxF9rh8ApRWfsIMQSt2uE4OcpQqbFu7f7NbTK05lx80nuSijCz7sc3a277R67g,Good,5,0,6.1,2024-03-17 07:49:42,"We're delighted to know that our app met your expectations. Should you have any further suggestions or queries, don't hesitate to write to us at zugarmobility@gmail.com.",2024-03-17 08:02:09,6.1
1dbb91bc-2cc2-4aca-a14e-ec3eb5919ea5,A Google user,https://play-lh.googleusercontent.com/EGemoI2NTXmTsBVtJqk8jxF9rh8ApRWfsIMQSt2uE4OcpQqbFu7f7NbTK05lx80nuSijCz7sc3a277R67g,Nice for learning 👌,5,0,6.1,2024-03-17 05:53:23,"We're delighted to know that our app met your expectations. Should you have any further suggestions or queries, don't hesitate to write to us at zugarmobility@gmail.com.",2024-03-17 05:57:05,6.1
0dd15f13-dabd-4394-a192-5ad5b6583aaf,A Google user,https://play-lh.googleusercontent.com/EGemoI2NTXmTsBVtJqk8jxF9rh8ApRWfsIMQSt2uE4OcpQqbFu7f7NbTK05lx80nuSijCz7sc3a277R67g,Good,5,0,6.1,2024-03-17 05:38:46,"We're delighted to know that our app met your expectations. Should you have any further suggestions or queries, don't hesitate to write to us at zugarmobility@gmail.com.",2024-03-17 05:57:06,6.1
55d6421e-b115-4cfc-8a57-8bf28321198b,A Google user,https://play-lh.googleusercontent.com/EGemoI2NTXmTsBVtJqk8jxF9rh8ApRWfsIMQSt2uE4OcpQqbFu7f7NbTK05lx80nuSijCz7sc3a277R67g,Good job,5,0,6.1,2024-03-17 05:34:43,"We're delighted to know that our app met your expectations. Should you have any further suggestions or queries, don't hesitate to write to us at zugarmobility@gmail.com.",2024-03-17 05:57:07,6.1
d11eb544-1aa8-4c5e-b702-85241400cdef,A Google user,https://play-lh.googleusercontent.com/EGemoI2NTXmTsBVtJqk8jxF9rh8ApRWfsIMQSt2uE4OcpQqbFu7f7NbTK05lx80nuSijCz7sc3a277R67g,Mashallah very nice.,5,0,6.1,2024-03-17 05:07:16,"We're delighted to know that our app met your expectations. Should you have any further suggestions or queries, don't hesitate to write to us at zugarmobility@gmail.com.",2024-03-17 05:57:09,6.1
e3c216bb-5b69-4ebb-b117-120238d4a0aa,A Google user,https://play-lh.googleusercontent.com/EGemoI2NTXmTsBVtJqk8jxF9rh8ApRWfsIMQSt2uE4OcpQqbFu7f7NbTK05lx80nuSijCz7sc3a277R67g,Good,5,0,6.1,2024-03-17 04:56:53,"We're delighted to know that our app met your expectations. Should you have any further suggestions or queries, don't hesitate to write to us at zugarmobility@gmail.com.",2024-03-17 05:57:11,6.1
8b92c2f1-0407-46d0-b0a3-ac7b58e96498,A Google user,https://play-lh.googleusercontent.com/EGemoI2NTXmTsBVtJqk8jxF9rh8ApRWfsIMQSt2uE4OcpQqbFu7f7NbTK05lx80nuSijCz7sc3a277R67g,Maashaallah,5,0,6.1,2024-03-17 00:47:03,,,6.1
2bfe9bfd-f2d2-4f6b-be75-dca86f5b1797,A Google user,https://play-lh.googleusercontent.com/EGemoI2NTXmTsBVtJqk8jxF9rh8ApRWfsIMQSt2uE4OcpQqbFu7f7NbTK05lx80nuSijCz7sc3a277R67g,Nice Useful Apps,4,0,6.1,2024-03-17 00:28:06,Happy to know you're liking our app. We strive for excellence and your 5-star rating will boost our spirits!,2024-03-17 01:47:07,6.1
63b8ed3b-a9c0-49a6-b9d8-0759d96651ac,A Google user,https://play-lh.googleusercontent.com/EGemoI2NTXmTsBVtJqk8jxF9rh8ApRWfsIMQSt2uE4OcpQqbFu7f7NbTK05lx80nuSijCz7sc3a277R67g,"Easy To Use, So Useful And Helpful! Masha Allah, Alhamdolelay. 🙏🤩",5,1,6.1,2024-03-16 23:39:19,"We're delighted to know that our app met your expectations. Should you have any further suggestions or queries, don't hesitate to write to us at zugarmobility@gmail.com.",2024-03-16 23:42:08,6.1
2b57845e-a04b-4acd-85d7-07829c1cf5ab,A Google user,https://play-lh.googleusercontent.com/EGemoI2NTXmTsBVtJqk8jxF9rh8ApRWfsIMQSt2uE4OcpQqbFu7f7NbTK05lx80nuSijCz7sc3a277R67g,Khub sundor,5,0,6.1,2024-03-16 23:35:17,,,6.1
89faf8bd-3e70-409e-b69d-ec420eb3fc8d,A Google user,https://play-lh.googleusercontent.com/EGemoI2NTXmTsBVtJqk8jxF9rh8ApRWfsIMQSt2uE4OcpQqbFu7f7NbTK05lx80nuSijCz7sc3a277R67g,Good nite love,5,0,6.1,2024-03-16 23:18:46,"We're delighted to know that our app met your expectations. Should you have any further suggestions or queries, don't hesitate to write to us at zugarmobility@gmail.com.",2024-03-16 23:42:10,6.1
72f73e8c-cc96-4530-8867-3531cad4d5cc,A Google user,https://play-lh.googleusercontent.com/EGemoI2NTXmTsBVtJqk8jxF9rh8ApRWfsIMQSt2uE4OcpQqbFu7f7NbTK05lx80nuSijCz7sc3a277R67g,Allaah karin,5,0,6.1,2024-03-16 23:05:04,,,6.1
3b591b23-15fa-4b98-ae7f-5728123681ff,A Google user,https://play-lh.googleusercontent.com/EGemoI2NTXmTsBVtJqk8jxF9rh8ApRWfsIMQSt2uE4OcpQqbFu7f7NbTK05lx80nuSijCz7sc3a277R67g,Usfull,4,0,5.7,2024-03-16 22:00:21,,,5.7
48acc6aa-fc7e-4a24-8730-488a86101310,A Google user,https://play-lh.googleusercontent.com/EGemoI2NTXmTsBVtJqk8jxF9rh8ApRWfsIMQSt2uE4OcpQqbFu7f7NbTK05lx80nuSijCz7sc3a277R67g,Love this app it has been helping my kids and me to focus on our prayers. And we really appreciate her whoever created this app.,5,85,6.1,2024-03-16 18:43:24,"We're delighted to know that our app met your expectations. Should you have any further suggestions or queries, don't hesitate to write to us at zugarmobility@gmail.com.",2024-03-16 19:32:07,6.1
6ae5ffd8-8c36-4b77-8050-47f042d73e95,A Google user,https://play-lh.googleusercontent.com/EGemoI2NTXmTsBVtJqk8jxF9rh8ApRWfsIMQSt2uE4OcpQqbFu7f7NbTK05lx80nuSijCz7sc3a277R67g,Bad,1,0,6.1,2024-03-16 16:50:15,"We understand your disappointment and are eager to make things right. Help us improve by sharing your suggestions via email at zugarmobility@gmail.com. Rest assured, we're committed to creating a more satisfying experience.",2024-03-16 17:27:06,6.1
b085ee8e-525f-4755-bded-73efab7ff940,A Google user,https://play-lh.googleusercontent.com/EGemoI2NTXmTsBVtJqk8jxF9rh8ApRWfsIMQSt2uE4OcpQqbFu7f7NbTK05lx80nuSijCz7sc3a277R67g,Allah barik jazakar,5,0,6.1,2024-03-16 15:41:00,,,6.1
4aa0a2cb-788f-4f89-bf59-16a51fd79703,A Google user,https://play-lh.googleusercontent.com/EGemoI2NTXmTsBVtJqk8jxF9rh8ApRWfsIMQSt2uE4OcpQqbFu7f7NbTK05lx80nuSijCz7sc3a277R67g,মাশাআল্লাহ,1,0,6.3,2024-03-16 14:02:45,,,6.3
01033f3a-458f-4f7c-a71a-0c01758ddced,A Google user,https://play-lh.googleusercontent.com/EGemoI2NTXmTsBVtJqk8jxF9rh8ApRWfsIMQSt2uE4OcpQqbFu7f7NbTK05lx80nuSijCz7sc3a277R67g,Nice,5,0,6.1,2024-03-16 12:36:03,"We're delighted to know that our app met your expectations. Should you have any further suggestions or queries, don't hesitate to write to us at zugarmobility@gmail.com.",2024-03-16 13:17:05,6.1
5c046c68-d6fe-477b-a642-ff00077ef941,A Google user,https://play-lh.googleusercontent.com/EGemoI2NTXmTsBVtJqk8jxF9rh8ApRWfsIMQSt2uE4OcpQqbFu7f7NbTK05lx80nuSijCz7sc3a277R67g,মাশাআল্লাহ,5,0,6.0,2024-03-16 12:30:50,,,6.0
7dd95e8c-307b-429f-ac91-9e2208aa16c8,A Google user,https://play-lh.googleusercontent.com/EGemoI2NTXmTsBVtJqk8jxF9rh8ApRWfsIMQSt2uE4OcpQqbFu7f7NbTK05lx80nuSijCz7sc3a277R67g,Now used app,5,0,6.3,2024-03-16 11:49:27,,,6.3
35721f00-0d27-4363-a9e7-84cca69e2721,A Google user,https://play-lh.googleusercontent.com/EGemoI2NTXmTsBVtJqk8jxF9rh8ApRWfsIMQSt2uE4OcpQqbFu7f7NbTK05lx80nuSijCz7sc3a277R67g,Nine,5,0,6.1,2024-03-16 08:59:21,,,6.1
36f98733-39fb-456a-8082-b3b056993066,A Google user,https://play-lh.googleusercontent.com/EGemoI2NTXmTsBVtJqk8jxF9rh8ApRWfsIMQSt2uE4OcpQqbFu7f7NbTK05lx80nuSijCz7sc3a277R67g,Nice,5,0,6.1,2024-03-16 07:42:20,"We're delighted to know that our app met your expectations. Should you have any further suggestions or queries, don't hesitate to write to us at zugarmobility@gmail.com.",2024-03-16 09:07:19,6.1
f1248d52-0527-47f3-9411-768288f0f16d,A Google user,https://play-lh.googleusercontent.com/EGemoI2NTXmTsBVtJqk8jxF9rh8ApRWfsIMQSt2uE4OcpQqbFu7f7NbTK05lx80nuSijCz7sc3a277R67g,Happy,5,0,6.1,2024-03-16 06:36:30,,,6.1
45f874a9-79e8-4e0f-bd0d-fcc40449b8a3,A Google user,https://play-lh.googleusercontent.com/EGemoI2NTXmTsBVtJqk8jxF9rh8ApRWfsIMQSt2uE4OcpQqbFu7f7NbTK05lx80nuSijCz7sc3a277R67g,Best application .,5,0,6.1,2024-03-16 04:14:53,"We're delighted to know that our app met your expectations. Should you have any further suggestions or queries, don't hesitate to write to us at zugarmobility@gmail.com.",2024-03-16 04:57:06,6.1
313e7933-1637-4fcb-8566-24c01e2a08fb,A Google user,https://play-lh.googleusercontent.com/EGemoI2NTXmTsBVtJqk8jxF9rh8ApRWfsIMQSt2uE4OcpQqbFu7f7NbTK05lx80nuSijCz7sc3a277R67g,Fantastic,5,0,6.1,2024-03-16 02:31:38,"We're delighted to know that our app met your expectations. Should you have any further suggestions or queries, don't hesitate to write to us at zugarmobility@gmail.com.",2024-03-16 04:57:09,6.1
714ddff3-1a89-4a2e-9244-4ddb4baf4c75,A Google user,https://play-lh.googleusercontent.com/EGemoI2NTXmTsBVtJqk8jxF9rh8ApRWfsIMQSt2uE4OcpQqbFu7f7NbTK05lx80nuSijCz7sc3a277R67g,"Very good, and helpful",5,0,6.1,2024-03-16 02:14:21,"We're delighted to know that our app met your expectations. Should you have any further suggestions or queries, don't hesitate to write to us at zugarmobility@gmail.com.",2024-03-16 04:57:10,6.1
e0457766-fd41-4618-aaa1-ae2a9566b147,A Google user,https://play-lh.googleusercontent.com/EGemoI2NTXmTsBVtJqk8jxF9rh8ApRWfsIMQSt2uE4OcpQqbFu7f7NbTK05lx80nuSijCz7sc3a277R67g,Nice,5,0,6.1,2024-03-15 23:07:54,"We're delighted to know that our app met your expectations. Should you have any further suggestions or queries, don't hesitate to write to us at zugarmobility@gmail.com.",2024-03-16 00:47:10,6.1
b8a59880-1bad-4ff7-a4e6-49f09c7f7966,A Google user,https://play-lh.googleusercontent.com/EGemoI2NTXmTsBVtJqk8jxF9rh8ApRWfsIMQSt2uE4OcpQqbFu7f7NbTK05lx80nuSijCz7sc3a277R67g,Nice,5,0,6.3,2024-03-15 22:55:15,"We're delighted to know that our app met your expectations. Should you have any further suggestions or queries, don't hesitate to write to us at zugarmobility@gmail.com.",2024-03-16 00:47:15,6.3
06b52a23-19a5-4f25-a9be-5b964fb568ad,A Google user,https://play-lh.googleusercontent.com/EGemoI2NTXmTsBVtJqk8jxF9rh8ApRWfsIMQSt2uE4OcpQqbFu7f7NbTK05lx80nuSijCz7sc3a277R67g,Alhamdulillah it's a good application,5,0,6.1,2024-03-15 22:27:33,"We're delighted to know that our app met your expectations. Should you have any further suggestions or queries, don't hesitate to write to us at zugarmobility@gmail.com.",2024-03-15 22:42:12,6.1
04481567-7a7a-4531-947a-72aca385a1cd,A Google user,https://play-lh.googleusercontent.com/EGemoI2NTXmTsBVtJqk8jxF9rh8ApRWfsIMQSt2uE4OcpQqbFu7f7NbTK05lx80nuSijCz7sc3a277R67g,Mashallah,5,0,6.1,2024-03-15 21:00:15,,,6.1
a0157833-f52d-4613-bce4-6fb5e074d75f,A Google user,https://play-lh.googleusercontent.com/EGemoI2NTXmTsBVtJqk8jxF9rh8ApRWfsIMQSt2uE4OcpQqbFu7f7NbTK05lx80nuSijCz7sc3a277R67g,🤗🤗🤗,5,0,6.1,2024-03-15 20:23:53,,,6.1
1321e495-fcfe-41ec-89a3-ce48d094ab2f,A Google user,https://play-lh.googleusercontent.com/EGemoI2NTXmTsBVtJqk8jxF9rh8ApRWfsIMQSt2uE4OcpQqbFu7f7NbTK05lx80nuSijCz7sc3a277R67g,Great,5,0,6.1,2024-03-15 17:44:37,"We're delighted to know that our app met your expectations. Should you have any further suggestions or queries, don't hesitate to write to us at zugarmobility@gmail.com.",2024-03-15 18:32:14,6.1
f7820acf-4d06-485b-8afb-0f76761dfb91,A Google user,https://play-lh.googleusercontent.com/EGemoI2NTXmTsBVtJqk8jxF9rh8ApRWfsIMQSt2uE4OcpQqbFu7f7NbTK05lx80nuSijCz7sc3a277R67g,perfect,5,0,6.1,2024-03-15 16:58:23,"We're delighted to know that our app met your expectations. Should you have any further suggestions or queries, don't hesitate to write to us at zugarmobility@gmail.com.",2024-03-15 18:32:16,6.1
2f9b6f07-05cf-4cd2-b490-564ae2e3970e,A Google user,https://play-lh.googleusercontent.com/EGemoI2NTXmTsBVtJqk8jxF9rh8ApRWfsIMQSt2uE4OcpQqbFu7f7NbTK05lx80nuSijCz7sc3a277R67g,Amene,5,0,6.1,2024-03-15 14:36:44,,,6.1
3fe3bd17-8196-4935-919b-884053f4140a,A Google user,https://play-lh.googleusercontent.com/EGemoI2NTXmTsBVtJqk8jxF9rh8ApRWfsIMQSt2uE4OcpQqbFu7f7NbTK05lx80nuSijCz7sc3a277R67g,Too much ads 🤬,1,0,6.1,2024-03-15 14:14:33,We regret any inconvenience. Ads are essential to sustain our work. Your understanding is truly appreciated.,2024-03-15 14:22:22,6.1
e3c087c1-694c-44dd-a5ac-ea24914faf55,A Google user,https://play-lh.googleusercontent.com/EGemoI2NTXmTsBVtJqk8jxF9rh8ApRWfsIMQSt2uE4OcpQqbFu7f7NbTK05lx80nuSijCz7sc3a277R67g,Good work,5,0,6.1,2024-03-15 11:46:07,"We're delighted to know that our app met your expectations. Should you have any further suggestions or queries, don't hesitate to write to us at zugarmobility@gmail.com.",2024-03-15 12:17:07,6.1
cc62bf5a-ea9f-44df-8bb0-c82045098cda,A Google user,https://play-lh.googleusercontent.com/EGemoI2NTXmTsBVtJqk8jxF9rh8ApRWfsIMQSt2uE4OcpQqbFu7f7NbTK05lx80nuSijCz7sc3a277R67g,Verry nice,5,0,6.1,2024-03-15 10:37:18,"We're delighted to know that our app met your expectations. Should you have any further suggestions or queries, don't hesitate to write to us at zugarmobility@gmail.com.",2024-03-15 12:17:13,6.1
da233278-35ef-497f-b2bb-b64ce3f1d700,A Google user,https://play-lh.googleusercontent.com/EGemoI2NTXmTsBVtJqk8jxF9rh8ApRWfsIMQSt2uE4OcpQqbFu7f7NbTK05lx80nuSijCz7sc3a277R67g,Mashallah,5,0,6.1,2024-03-15 10:15:20,,,6.1
132a51d1-4d83-4521-b198-9afc6a0ed3f7,A Google user,https://play-lh.googleusercontent.com/EGemoI2NTXmTsBVtJqk8jxF9rh8ApRWfsIMQSt2uE4OcpQqbFu7f7NbTK05lx80nuSijCz7sc3a277R67g,I find it a reliable source specially on prayer times reminder or adhan,5,3,6.1,2024-03-15 07:51:45,,,6.1
24403b62-95f4-4ca1-8ced-5c1933530ff4,A Google user,https://play-lh.googleusercontent.com/EGemoI2NTXmTsBVtJqk8jxF9rh8ApRWfsIMQSt2uE4OcpQqbFu7f7NbTK05lx80nuSijCz7sc3a277R67g,Good app,5,0,6.1,2024-03-15 07:06:35,"We're delighted to know that our app met your expectations. Should you have any further suggestions or queries, don't hesitate to write to us at zugarmobility@gmail.com.",2024-03-15 10:12:19,6.1
531d1e8a-7d2b-465f-a18d-c0eb0ee02fa4,A Google user,https://play-lh.googleusercontent.com/EGemoI2NTXmTsBVtJqk8jxF9rh8ApRWfsIMQSt2uE4OcpQqbFu7f7NbTK05lx80nuSijCz7sc3a277R67g,Mashallah,5,0,6.1,2024-03-15 06:24:27,,,6.1
ad122d93-97b6-4037-9da3-4d178fd4016f,A Google user,https://play-lh.googleusercontent.com/EGemoI2NTXmTsBVtJqk8jxF9rh8ApRWfsIMQSt2uE4OcpQqbFu7f7NbTK05lx80nuSijCz7sc3a277R67g,Super,5,0,6.1,2024-03-15 05:48:39,"We're delighted to know that our app met your expectations. Should you have any further suggestions or queries, don't hesitate to write to us at zugarmobility@gmail.com.",2024-03-15 06:02:10,6.1
dccb2a0e-87e8-4c0b-8188-67d7500e7188,A Google user,https://play-lh.googleusercontent.com/EGemoI2NTXmTsBVtJqk8jxF9rh8ApRWfsIMQSt2uE4OcpQqbFu7f7NbTK05lx80nuSijCz7sc3a277R67g,Very,5,0,6.0,2024-03-15 05:26:57,,,6.0
32a79578-5bc4-46c5-968a-4ce41c20c8c7,A Google user,https://play-lh.googleusercontent.com/EGemoI2NTXmTsBVtJqk8jxF9rh8ApRWfsIMQSt2uE4OcpQqbFu7f7NbTK05lx80nuSijCz7sc3a277R67g,Very good aap,5,0,6.1,2024-03-15 05:20:53,"We're delighted to know that our app met your expectations. Should you have any further suggestions or queries, don't hesitate to write to us at zugarmobility@gmail.com.",2024-03-15 06:02:11,6.1
21d17e86-4fd8-48bb-9d63-ffe80250ea51,A Google user,https://play-lh.googleusercontent.com/EGemoI2NTXmTsBVtJqk8jxF9rh8ApRWfsIMQSt2uE4OcpQqbFu7f7NbTK05lx80nuSijCz7sc3a277R67g,Very ok,5,0,6.1,2024-03-15 05:04:10,,,6.1
1921eae1-ba2e-4d4b-9413-fcd74784bae5,A Google user,https://play-lh.googleusercontent.com/EGemoI2NTXmTsBVtJqk8jxF9rh8ApRWfsIMQSt2uE4OcpQqbFu7f7NbTK05lx80nuSijCz7sc3a277R67g,Nice to me aap,5,0,6.1,2024-03-15 05:01:07,"We're delighted to know that our app met your expectations. Should you have any further suggestions or queries, don't hesitate to write to us at zugarmobility@gmail.com.",2024-03-15 06:02:13,6.1
fbdac594-8c5f-4a30-a714-13a94672ee80,A Google user,https://play-lh.googleusercontent.com/EGemoI2NTXmTsBVtJqk8jxF9rh8ApRWfsIMQSt2uE4OcpQqbFu7f7NbTK05lx80nuSijCz7sc3a277R67g,Good,5,0,6.1,2024-03-15 03:45:47,"We're delighted to know that our app met your expectations. Should you have any further suggestions or queries, don't hesitate to write to us at zugarmobility@gmail.com.",2024-03-15 03:57:05,6.1
e2c6d1c0-6ec8-4672-a7bd-5316ecff0000,A Google user,https://play-lh.googleusercontent.com/EGemoI2NTXmTsBVtJqk8jxF9rh8ApRWfsIMQSt2uE4OcpQqbFu7f7NbTK05lx80nuSijCz7sc3a277R67g,Masha Allah,5,0,6.1,2024-03-15 02:04:30,,,6.1
0093f2ad-9bd0-4f16-9cf2-2e522d6a2dda,A Google user,https://play-lh.googleusercontent.com/EGemoI2NTXmTsBVtJqk8jxF9rh8ApRWfsIMQSt2uE4OcpQqbFu7f7NbTK05lx80nuSijCz7sc3a277R67g,Good👍,5,0,6.1,2024-03-15 01:08:57,"We're delighted to know that our app met your expectations. Should you have any further suggestions or queries, don't hesitate to write to us at zugarmobility@gmail.com.",2024-03-15 03:57:09,6.1
9a330d85-b8f6-462c-aeda-b64c4eee8e5e,A Google user,https://play-lh.googleusercontent.com/EGemoI2NTXmTsBVtJqk8jxF9rh8ApRWfsIMQSt2uE4OcpQqbFu7f7NbTK05lx80nuSijCz7sc3a277R67g,Is ok,5,0,6.0,2024-03-15 01:05:34,,,6.0
673f060a-c56e-4f77-b721-2889d0883ed4,A Google user,https://play-lh.googleusercontent.com/EGemoI2NTXmTsBVtJqk8jxF9rh8ApRWfsIMQSt2uE4OcpQqbFu7f7NbTK05lx80nuSijCz7sc3a277R67g,Nice app,5,0,6.1,2024-03-15 00:49:00,"We're delighted to know that our app met your expectations. Should you have any further suggestions or queries, don't hesitate to write to us at zugarmobility@gmail.com.",2024-03-15 03:57:10,6.1
4390ca09-7bc7-46e2-9500-695fb28bc82f,A Google user,https://play-lh.googleusercontent.com/EGemoI2NTXmTsBVtJqk8jxF9rh8ApRWfsIMQSt2uE4OcpQqbFu7f7NbTK05lx80nuSijCz7sc3a277R67g,NICE APP FOR EVERY PRACTICING MUSLIM,5,0,,2024-03-15 00:04:34,"We're delighted to know that our app met your expectations. Should you have any further suggestions or queries, don't hesitate to write to us at zugarmobility@gmail.com.",2024-03-15 03:57:12,
ba3ceb30-21ed-4286-a47a-108ffc4bf5ab,A Google user,https://play-lh.googleusercontent.com/EGemoI2NTXmTsBVtJqk8jxF9rh8ApRWfsIMQSt2uE4OcpQqbFu7f7NbTK05lx80nuSijCz7sc3a277R67g,good,5,0,6.1,2024-03-14 23:52:27,"We're delighted to know that our app met your expectations. Should you have any further suggestions or queries, don't hesitate to write to us at zugarmobility@gmail.com.",2024-03-15 03:57:13,6.1
4e6a6fc0-3de7-4121-a514-9d5801a89a16,A Google user,https://play-lh.googleusercontent.com/EGemoI2NTXmTsBVtJqk8jxF9rh8ApRWfsIMQSt2uE4OcpQqbFu7f7NbTK05lx80nuSijCz7sc3a277R67g,Best,5,0,6.1,2024-03-14 23:50:48,"We're delighted to know that our app met your expectations. Should you have any further suggestions or queries, don't hesitate to write to us at zugarmobility@gmail.com.",2024-03-15 03:57:15,6.1
44ccbd2f-ae1d-4df7-ae07-c6b0a23f563a,A Google user,https://play-lh.googleusercontent.com/EGemoI2NTXmTsBVtJqk8jxF9rh8ApRWfsIMQSt2uE4OcpQqbFu7f7NbTK05lx80nuSijCz7sc3a277R67g,Nice,5,0,6.1,2024-03-14 23:40:29,"We're delighted to know that our app met your expectations. Should you have any further suggestions or queries, don't hesitate to write to us at zugarmobility@gmail.com.",2024-03-14 23:47:05,6.1
66e70aec-63d5-4c4c-8d21-186abdc00743,A Google user,https://play-lh.googleusercontent.com/EGemoI2NTXmTsBVtJqk8jxF9rh8ApRWfsIMQSt2uE4OcpQqbFu7f7NbTK05lx80nuSijCz7sc3a277R67g,ماشاءاللہ,5,0,6.1,2024-03-14 23:22:11,,,6.1
f414e755-e28b-4fc6-974d-fc4f7d9000ec,A Google user,https://play-lh.googleusercontent.com/EGemoI2NTXmTsBVtJqk8jxF9rh8ApRWfsIMQSt2uE4OcpQqbFu7f7NbTK05lx80nuSijCz7sc3a277R67g,Beautiful app,3,0,6.1,2024-03-14 17:36:33,Happy to know you're liking our app. We strive for excellence and your 5-star rating will boost our spirits!,2024-03-14 19:37:15,6.1
62b325fd-31a3-4dc8-ad7f-6d659fa4863c,A Google user,https://play-lh.googleusercontent.com/EGemoI2NTXmTsBVtJqk8jxF9rh8ApRWfsIMQSt2uE4OcpQqbFu7f7NbTK05lx80nuSijCz7sc3a277R67g,Good,5,0,6.1,2024-03-14 16:57:23,"We're delighted to know that our app met your expectations. Should you have any further suggestions or queries, don't hesitate to write to us at zugarmobility@gmail.com.",2024-03-14 17:32:08,6.1
5d267db7-813a-4428-92f7-04e2fdb61b15,A Google user,https://play-lh.googleusercontent.com/EGemoI2NTXmTsBVtJqk8jxF9rh8ApRWfsIMQSt2uE4OcpQqbFu7f7NbTK05lx80nuSijCz7sc3a277R67g,Allha,5,0,5.8,2024-03-14 15:49:39,,,5.8
acd0e9cd-a44c-4d30-a28d-eaed5d1a1421,A Google user,https://play-lh.googleusercontent.com/EGemoI2NTXmTsBVtJqk8jxF9rh8ApRWfsIMQSt2uE4OcpQqbFu7f7NbTK05lx80nuSijCz7sc3a277R67g,Useful for beginners of islamic lovers,5,0,6.1,2024-03-14 14:50:10,"We're delighted to know that our app met your expectations. Should you have any further suggestions or queries, don't hesitate to write to us at zugarmobility@gmail.com.",2024-03-14 15:27:05,6.1
c0508226-b82a-4251-845f-ad89755967e7,A Google user,https://play-lh.googleusercontent.com/EGemoI2NTXmTsBVtJqk8jxF9rh8ApRWfsIMQSt2uE4OcpQqbFu7f7NbTK05lx80nuSijCz7sc3a277R67g,"Nice aap, jazak kumulla khayer",5,0,6.0,2024-03-14 14:33:03,"We're delighted to know that our app met your expectations. Should you have any further suggestions or queries, don't hesitate to write to us at zugarmobility@gmail.com.",2024-03-14 15:27:06,6.0
ddd37315-20af-4d1b-ae9b-2693e8aa38ff,A Google user,https://play-lh.googleusercontent.com/EGemoI2NTXmTsBVtJqk8jxF9rh8ApRWfsIMQSt2uE4OcpQqbFu7f7NbTK05lx80nuSijCz7sc3a277R67g,Good app,5,0,6.1,2024-03-14 12:50:26,"We're delighted to know that our app met your expectations. Should you have any further suggestions or queries, don't hesitate to write to us at zugarmobility@gmail.com.",2024-03-14 13:23:05,6.1
b82dd3c4-9df0-4f13-9ade-b936b756039e,A Google user,https://play-lh.googleusercontent.com/EGemoI2NTXmTsBVtJqk8jxF9rh8ApRWfsIMQSt2uE4OcpQqbFu7f7NbTK05lx80nuSijCz7sc3a277R67g,Great,5,0,6.1,2024-03-14 12:28:38,"We're delighted to know that our app met your expectations. Should you have any further suggestions or queries, don't hesitate to write to us at zugarmobility@gmail.com.",2024-03-14 13:23:06,6.1
9478fcea-ee59-40be-8b4c-7fcc40deca38,A Google user,https://play-lh.googleusercontent.com/EGemoI2NTXmTsBVtJqk8jxF9rh8ApRWfsIMQSt2uE4OcpQqbFu7f7NbTK05lx80nuSijCz7sc3a277R67g,Excellent,5,0,5.7,2024-03-14 08:20:06,"We're delighted to know that our app met your expectations. Should you have any further suggestions or queries, don't hesitate to write to us at zugarmobility@gmail.com.",2024-03-14 09:12:14,5.7
dd97ace2-edbd-45b3-b4f5-5f356e7ff2f7,A Google user,https://play-lh.googleusercontent.com/EGemoI2NTXmTsBVtJqk8jxF9rh8ApRWfsIMQSt2uE4OcpQqbFu7f7NbTK05lx80nuSijCz7sc3a277R67g,Good,5,0,6.0,2024-03-14 08:12:34,"We're delighted to know that our app met your expectations. Should you have any further suggestions or queries, don't hesitate to write to us at zugarmobility@gmail.com.",2024-03-14 09:12:15,6.0
2cd53878-f7b9-470f-9b2f-d07bc80cbb4a,A Google user,https://play-lh.googleusercontent.com/EGemoI2NTXmTsBVtJqk8jxF9rh8ApRWfsIMQSt2uE4OcpQqbFu7f7NbTK05lx80nuSijCz7sc3a277R67g,Meerhamja and,5,0,6.1,2024-03-14 05:27:43,,,6.1
e8d662f3-83e4-4b66-a83e-5c3359e7ce02,A Google user,https://play-lh.googleusercontent.com/EGemoI2NTXmTsBVtJqk8jxF9rh8ApRWfsIMQSt2uE4OcpQqbFu7f7NbTK05lx80nuSijCz7sc3a277R67g,Niche app,5,0,6.1,2024-03-14 04:50:56,,,6.1
5cf88015-6c63-48bd-bf30-d50a3cbc3683,A Google user,https://play-lh.googleusercontent.com/EGemoI2NTXmTsBVtJqk8jxF9rh8ApRWfsIMQSt2uE4OcpQqbFu7f7NbTK05lx80nuSijCz7sc3a277R67g,Good,5,0,6.1,2024-03-14 03:00:14,"We're delighted to know that our app met your expectations. Should you have any further suggestions or queries, don't hesitate to write to us at zugarmobility@gmail.com.",2024-03-14 05:02:11,6.1
38f1fa74-f175-4307-bb63-9931e3fa6944,A Google user,https://play-lh.googleusercontent.com/EGemoI2NTXmTsBVtJqk8jxF9rh8ApRWfsIMQSt2uE4OcpQqbFu7f7NbTK05lx80nuSijCz7sc3a277R67g,I am Muslim,5,0,6.1,2024-03-14 02:06:42,,,6.1
cfcbb22b-b6de-4545-b55f-27b59add22c6,A Google user,https://play-lh.googleusercontent.com/EGemoI2NTXmTsBVtJqk8jxF9rh8ApRWfsIMQSt2uE4OcpQqbFu7f7NbTK05lx80nuSijCz7sc3a277R67g,Good,5,0,6.0,2024-03-14 01:50:54,"We're delighted to know that our app met your expectations. Should you have any further suggestions or queries, don't hesitate to write to us at zugarmobility@gmail.com.",2024-03-14 02:57:12,6.0
86641e22-b092-42e1-ae4e-abead5517b3b,A Google user,https://play-lh.googleusercontent.com/EGemoI2NTXmTsBVtJqk8jxF9rh8ApRWfsIMQSt2uE4OcpQqbFu7f7NbTK05lx80nuSijCz7sc3a277R67g,Very good app,5,0,6.1,2024-03-14 00:43:58,"We're delighted to know that our app met your expectations. Should you have any further suggestions or queries, don't hesitate to write to us at zugarmobility@gmail.com.",2024-03-14 02:57:14,6.1
bf121052-0891-464d-b342-94be641eebc5,A Google user,https://play-lh.googleusercontent.com/EGemoI2NTXmTsBVtJqk8jxF9rh8ApRWfsIMQSt2uE4OcpQqbFu7f7NbTK05lx80nuSijCz7sc3a277R67g,MashaAllah,5,0,6.1,2024-03-14 00:39:09,,,6.1
e434a629-ba09-41ae-baca-3b8349195ae2,A Google user,https://play-lh.googleusercontent.com/EGemoI2NTXmTsBVtJqk8jxF9rh8ApRWfsIMQSt2uE4OcpQqbFu7f7NbTK05lx80nuSijCz7sc3a277R67g,Good,4,0,6.0,2024-03-14 00:26:48,Happy to know you're liking our app. We strive for excellence and your 5-star rating will boost our spirits!,2024-03-14 02:57:16,6.0
8344461e-10b5-4fa0-82bb-243c0fd5eb83,A Google user,https://play-lh.googleusercontent.com/EGemoI2NTXmTsBVtJqk8jxF9rh8ApRWfsIMQSt2uE4OcpQqbFu7f7NbTK05lx80nuSijCz7sc3a277R67g,Maashaallah,5,0,6.0,2024-03-13 21:50:55,,,6.0
6baa37e7-7faf-462a-a2fd-15be3ec8a9f6,A Google user,https://play-lh.googleusercontent.com/EGemoI2NTXmTsBVtJqk8jxF9rh8ApRWfsIMQSt2uE4OcpQqbFu7f7NbTK05lx80nuSijCz7sc3a277R67g,Osm app,5,0,5.7,2024-03-13 21:30:48,,,5.7
181d2e39-a500-4305-abcd-4ab5c9cea542,A Google user,https://play-lh.googleusercontent.com/EGemoI2NTXmTsBVtJqk8jxF9rh8ApRWfsIMQSt2uE4OcpQqbFu7f7NbTK05lx80nuSijCz7sc3a277R67g,Am learning a lot but the Quran is not opening. I really like the app especially the Duas,4,54,6.1,2024-03-13 20:28:24,,,6.1
3e777739-56f5-463f-bd83-1135bd41c708,A Google user,https://play-lh.googleusercontent.com/EGemoI2NTXmTsBVtJqk8jxF9rh8ApRWfsIMQSt2uE4OcpQqbFu7f7NbTK05lx80nuSijCz7sc3a277R67g,Mashallah,5,0,6.0,2024-03-13 19:23:30,,,6.0
5ab1754d-16bd-48f1-b2c0-6bd86647a7c3,A Google user,https://play-lh.googleusercontent.com/EGemoI2NTXmTsBVtJqk8jxF9rh8ApRWfsIMQSt2uE4OcpQqbFu7f7NbTK05lx80nuSijCz7sc3a277R67g,Very helpful aps,5,0,6.1,2024-03-13 19:02:34,"We're delighted to know that our app met your expectations. Should you have any further suggestions or queries, don't hesitate to write to us at zugarmobility@gmail.com.",2024-03-13 20:42:13,6.1
1c9249a6-d3aa-4715-8123-23c92d89a9d8,A Google user,https://play-lh.googleusercontent.com/EGemoI2NTXmTsBVtJqk8jxF9rh8ApRWfsIMQSt2uE4OcpQqbFu7f7NbTK05lx80nuSijCz7sc3a277R67g,Thanks You,5,0,6.0,2024-03-13 18:43:27,"We're delighted to know that our app met your expectations. Should you have any further suggestions or queries, don't hesitate to write to us at zugarmobility@gmail.com.",2024-03-13 20:42:15,6.0
3bba40a2-635e-4d9b-92fb-7bcfd658db25,A Google user,https://play-lh.googleusercontent.com/EGemoI2NTXmTsBVtJqk8jxF9rh8ApRWfsIMQSt2uE4OcpQqbFu7f7NbTK05lx80nuSijCz7sc3a277R67g,Love it,5,0,6.1,2024-03-13 16:51:16,"We're delighted to know that our app met your expectations. Should you have any further suggestions or queries, don't hesitate to write to us at zugarmobility@gmail.com.",2024-03-13 18:37:22,6.1
1338561d-cd18-4949-b38f-a5dcc79e34a8,A Google user,https://play-lh.googleusercontent.com/EGemoI2NTXmTsBVtJqk8jxF9rh8ApRWfsIMQSt2uE4OcpQqbFu7f7NbTK05lx80nuSijCz7sc3a277R67g,Very good Application Masha Allah bahut khub 👍❤️,5,0,6.0,2024-03-13 16:38:21,"We're delighted to know that our app met your expectations. Should you have any further suggestions or queries, don't hesitate to write to us at zugarmobility@gmail.com.",2024-03-13 18:37:24,6.0
bd56b071-c034-4794-98e3-2f31340a403c,A Google user,https://play-lh.googleusercontent.com/EGemoI2NTXmTsBVtJqk8jxF9rh8ApRWfsIMQSt2uE4OcpQqbFu7f7NbTK05lx80nuSijCz7sc3a277R67g,Super,5,0,6.1,2024-03-13 16:31:05,"We're delighted to know that our app met your expectations. Should you have any further suggestions or queries, don't hesitate to write to us at zugarmobility@gmail.com.",2024-03-13 16:32:06,6.1
dd39ec16-5701-40fa-9b5a-887e81524947,A Google user,https://play-lh.googleusercontent.com/EGemoI2NTXmTsBVtJqk8jxF9rh8ApRWfsIMQSt2uE4OcpQqbFu7f7NbTK05lx80nuSijCz7sc3a277R67g,মা'শাআল্লাহ খু্ব ভালো।,5,0,6.1,2024-03-13 12:46:22,"We're delighted to know that our app met your expectations. Should you have any further suggestions or queries, don't hesitate to write to us at zugarmobility@gmail.com.",2024-03-13 14:27:05,6.1
0ce58fbc-aaf9-4ab8-99dc-f87375f42ef9,A Google user,https://play-lh.googleusercontent.com/EGemoI2NTXmTsBVtJqk8jxF9rh8ApRWfsIMQSt2uE4OcpQqbFu7f7NbTK05lx80nuSijCz7sc3a277R67g,Good,5,0,6.1,2024-03-13 11:14:46,"We're delighted to know that our app met your expectations. Should you have any further suggestions or queries, don't hesitate to write to us at zugarmobility@gmail.com.",2024-03-13 12:22:11,6.1
e41ec102-2dba-4512-bc35-77b4a66702db,A Google user,https://play-lh.googleusercontent.com/EGemoI2NTXmTsBVtJqk8jxF9rh8ApRWfsIMQSt2uE4OcpQqbFu7f7NbTK05lx80nuSijCz7sc3a277R67g,Alhamdulillah,5,0,,2024-03-13 11:13:10,,,
5fac7c97-16a4-4029-b0b1-41dee29aa0b9,A Google user,https://play-lh.googleusercontent.com/EGemoI2NTXmTsBVtJqk8jxF9rh8ApRWfsIMQSt2uE4OcpQqbFu7f7NbTK05lx80nuSijCz7sc3a277R67g,I love this app,5,0,6.0,2024-03-13 09:03:02,"We're delighted to know that our app met your expectations. Should you have any further suggestions or queries, don't hesitate to write to us at zugarmobility@gmail.com.",2024-03-13 10:17:10,6.0
d755dcf8-b736-4d73-8cae-d885e99a221e,A Google user,https://play-lh.googleusercontent.com/EGemoI2NTXmTsBVtJqk8jxF9rh8ApRWfsIMQSt2uE4OcpQqbFu7f7NbTK05lx80nuSijCz7sc3a277R67g,OK It good app for someone to start learning Quarn sharif from the basic.,5,1,6.0,2024-03-13 07:20:09,"We're delighted to know that our app met your expectations. Should you have any further suggestions or queries, don't hesitate to write to us at zugarmobility@gmail.com.",2024-03-13 08:12:06,6.0
dbd235dc-3224-475a-9d97-061a953315dc,A Google user,https://play-lh.googleusercontent.com/EGemoI2NTXmTsBVtJqk8jxF9rh8ApRWfsIMQSt2uE4OcpQqbFu7f7NbTK05lx80nuSijCz7sc3a277R67g,good,5,0,6.1,2024-03-13 06:59:16,"We're delighted to know that our app met your expectations. Should you have any further suggestions or queries, don't hesitate to write to us at zugarmobility@gmail.com.",2024-03-13 08:12:09,6.1
6bcb9a73-0eb6-4f36-9861-e0131ba6367c,A Google user,https://play-lh.googleusercontent.com/EGemoI2NTXmTsBVtJqk8jxF9rh8ApRWfsIMQSt2uE4OcpQqbFu7f7NbTK05lx80nuSijCz7sc3a277R67g,Al hamdullillah ❤️,5,0,6.0,2024-03-13 06:29:34,,,6.0
0510bd35-26ab-488c-8b2a-e14c49ecf59b,A Google user,https://play-lh.googleusercontent.com/EGemoI2NTXmTsBVtJqk8jxF9rh8ApRWfsIMQSt2uE4OcpQqbFu7f7NbTK05lx80nuSijCz7sc3a277R67g,Super nice apk,5,0,6.0,2024-03-13 01:45:39,"We're delighted to know that our app met your expectations. Should you have any further suggestions or queries, don't hesitate to write to us at zugarmobility@gmail.com.",2024-03-13 01:57:07,6.0
016ed3f5-d0b5-4e88-ac2c-ffa868936837,A Google user,https://play-lh.googleusercontent.com/EGemoI2NTXmTsBVtJqk8jxF9rh8ApRWfsIMQSt2uE4OcpQqbFu7f7NbTK05lx80nuSijCz7sc3a277R67g,Alhamdulillah,5,0,6.1,2024-03-13 01:17:45,,,6.1
45fbaa3e-4d7f-4403-b7dd-4eb776f7a15f,A Google user,https://play-lh.googleusercontent.com/EGemoI2NTXmTsBVtJqk8jxF9rh8ApRWfsIMQSt2uE4OcpQqbFu7f7NbTK05lx80nuSijCz7sc3a277R67g,Alhamdhulillah,5,0,6.0,2024-03-13 00:41:27,,,6.0
7324400d-19c7-4825-adab-3d4ab7829da9,A Google user,https://play-lh.googleusercontent.com/EGemoI2NTXmTsBVtJqk8jxF9rh8ApRWfsIMQSt2uE4OcpQqbFu7f7NbTK05lx80nuSijCz7sc3a277R67g,মাশাআল্লাহ 🕋❤️🌼🌸,5,0,6.1,2024-03-12 23:47:40,,,6.1
3492c837-5795-4604-85e3-376f4ccb90e5,A Google user,https://play-lh.googleusercontent.com/EGemoI2NTXmTsBVtJqk8jxF9rh8ApRWfsIMQSt2uE4OcpQqbFu7f7NbTK05lx80nuSijCz7sc3a277R67g,Good,5,0,6.0,2024-03-12 23:41:44,"We're delighted to know that our app met your expectations. Should you have any further suggestions or queries, don't hesitate to write to us at zugarmobility@gmail.com.",2024-03-12 23:52:05,6.0
e24aac4a-7c92-49c4-8992-9dbf8f04b6b1,A Google user,https://play-lh.googleusercontent.com/EGemoI2NTXmTsBVtJqk8jxF9rh8ApRWfsIMQSt2uE4OcpQqbFu7f7NbTK05lx80nuSijCz7sc3a277R67g,Good,4,0,6.0,2024-03-12 23:21:09,Happy to know you're liking our app. We strive for excellence and your 5-star rating will boost our spirits!,2024-03-12 23:52:07,6.0
9e9a3007-4908-41a7-8618-3234d3851c56,A Google user,https://play-lh.googleusercontent.com/EGemoI2NTXmTsBVtJqk8jxF9rh8ApRWfsIMQSt2uE4OcpQqbFu7f7NbTK05lx80nuSijCz7sc3a277R67g,NACH,5,0,6.0,2024-03-12 21:58:00,,,6.0
0c01089c-ee7d-4d7b-bf0d-03f3d1fd32f1,A Google user,https://play-lh.googleusercontent.com/EGemoI2NTXmTsBVtJqk8jxF9rh8ApRWfsIMQSt2uE4OcpQqbFu7f7NbTK05lx80nuSijCz7sc3a277R67g,Subhanallah,5,0,6.0,2024-03-12 21:27:06,,,6.0
1c163934-c234-41f8-8b7a-7d4a2d20fc09,A Google user,https://play-lh.googleusercontent.com/EGemoI2NTXmTsBVtJqk8jxF9rh8ApRWfsIMQSt2uE4OcpQqbFu7f7NbTK05lx80nuSijCz7sc3a277R67g,Good apps,5,0,6.0,2024-03-12 19:57:50,"We're delighted to know that our app met your expectations. Should you have any further suggestions or queries, don't hesitate to write to us at zugarmobility@gmail.com.",2024-03-12 21:47:14,6.0
4aba092c-761d-4d84-ad01-8461ee31501a,A Google user,https://play-lh.googleusercontent.com/EGemoI2NTXmTsBVtJqk8jxF9rh8ApRWfsIMQSt2uE4OcpQqbFu7f7NbTK05lx80nuSijCz7sc3a277R67g,Good,5,0,6.0,2024-03-12 19:51:10,"We're delighted to know that our app met your expectations. Should you have any further suggestions or queries, don't hesitate to write to us at zugarmobility@gmail.com.",2024-03-12 21:47:15,6.0
418fa2ac-ecd1-442b-9d33-462f51f44e25,A Google user,https://play-lh.googleusercontent.com/EGemoI2NTXmTsBVtJqk8jxF9rh8ApRWfsIMQSt2uE4OcpQqbFu7f7NbTK05lx80nuSijCz7sc3a277R67g,Masha Allah,4,0,6.1,2024-03-12 18:56:13,,,6.1
454356ad-74b4-45c3-adf5-3f3da08324d6,A Google user,https://play-lh.googleusercontent.com/EGemoI2NTXmTsBVtJqk8jxF9rh8ApRWfsIMQSt2uE4OcpQqbFu7f7NbTK05lx80nuSijCz7sc3a277R67g,❤️,5,0,6.1,2024-03-12 18:54:43,,,6.1
a784e496-e7ad-4400-a067-2e63fcc2e7c5,A Google user,https://play-lh.googleusercontent.com/EGemoI2NTXmTsBVtJqk8jxF9rh8ApRWfsIMQSt2uE4OcpQqbFu7f7NbTK05lx80nuSijCz7sc3a277R67g,It filled good to know about Islam,5,0,6.0,2024-03-12 17:36:35,"We're delighted to know that our app met your expectations. Should you have any further suggestions or queries, don't hesitate to write to us at zugarmobility@gmail.com.",2024-03-12 17:37:13,6.0
1af9c9f5-f1c0-4ae9-88de-3a65496a3cf4,A Google user,https://play-lh.googleusercontent.com/EGemoI2NTXmTsBVtJqk8jxF9rh8ApRWfsIMQSt2uE4OcpQqbFu7f7NbTK05lx80nuSijCz7sc3a277R67g,❤️❤️❤️,5,0,6.1,2024-03-12 17:18:49,,,6.1
6a21f151-236d-4e54-aed9-ad589ad3d78d,A Google user,https://play-lh.googleusercontent.com/EGemoI2NTXmTsBVtJqk8jxF9rh8ApRWfsIMQSt2uE4OcpQqbFu7f7NbTK05lx80nuSijCz7sc3a277R67g,Love Me,3,0,6.1,2024-03-12 15:50:52,Happy to know you're liking our app. We strive for excellence and your 5-star rating will boost our spirits!,2024-03-12 17:37:17,6.1
736182a7-b0e0-46e5-8686-17cc7958d022,A Google user,https://play-lh.googleusercontent.com/EGemoI2NTXmTsBVtJqk8jxF9rh8ApRWfsIMQSt2uE4OcpQqbFu7f7NbTK05lx80nuSijCz7sc3a277R67g,"1. I noticed a not very accurate translation of thikir. 2. It shows everything in 2 languages togethe. It seems not the best application for Arabic-speaking Muslims. 3. Ads seem to be a bit much; they're annoying because they cover the whole screen, not just top or bottom. Thank you for your efforts.",2,213,6.1,2024-03-12 15:31:55,We regret any inconvenience. Ads are essential to sustain our work. Your understanding is truly appreciated.,2024-03-12 17:37:22,6.1
8db9d804-8e16-46e0-ae7f-2141cfde4de8,A Google user,https://play-lh.googleusercontent.com/EGemoI2NTXmTsBVtJqk8jxF9rh8ApRWfsIMQSt2uE4OcpQqbFu7f7NbTK05lx80nuSijCz7sc3a277R67g,It's look good mashallah,5,0,6.0,2024-03-12 14:32:09,"We're delighted to know that our app met your expectations. Should you have any further suggestions or queries, don't hesitate to write to us at zugarmobility@gmail.com.",2024-03-12 15:32:07,6.0
156113b9-3d98-4b6e-94ec-16ce9a6ac539,A Google user,https://play-lh.googleusercontent.com/EGemoI2NTXmTsBVtJqk8jxF9rh8ApRWfsIMQSt2uE4OcpQqbFu7f7NbTK05lx80nuSijCz7sc3a277R67g,Good,5,0,6.0,2024-03-12 14:25:47,"We're delighted to know that our app met your expectations. Should you have any further suggestions or queries, don't hesitate to write to us at zugarmobility@gmail.com.",2024-03-12 15:32:09,6.0
0905ab4f-d1d0-4376-a7ed-2aca7f8e9bed,A Google user,https://play-lh.googleusercontent.com/EGemoI2NTXmTsBVtJqk8jxF9rh8ApRWfsIMQSt2uE4OcpQqbFu7f7NbTK05lx80nuSijCz7sc3a277R67g,✨👍,5,0,6.0,2024-03-12 14:19:22,,,6.0
5ada5c34-4d85-4b33-b5f0-de08c1c0bb1a,A Google user,https://play-lh.googleusercontent.com/EGemoI2NTXmTsBVtJqk8jxF9rh8ApRWfsIMQSt2uE4OcpQqbFu7f7NbTK05lx80nuSijCz7sc3a277R67g,Excellent,5,0,6.1,2024-03-12 13:38:53,"We're delighted to know that our app met your expectations. Should you have any further suggestions or queries, don't hesitate to write to us at zugarmobility@gmail.com.",2024-03-12 15:32:10,6.1
d1c0b04f-1113-4b7f-b226-21226668abd2,A Google user,https://play-lh.googleusercontent.com/EGemoI2NTXmTsBVtJqk8jxF9rh8ApRWfsIMQSt2uE4OcpQqbFu7f7NbTK05lx80nuSijCz7sc3a277R67g,Best,5,0,6.1,2024-03-12 13:32:12,"We're delighted to know that our app met your expectations. Should you have any further suggestions or queries, don't hesitate to write to us at zugarmobility@gmail.com.",2024-03-12 15:32:12,6.1
9a316b11-fb94-4d66-9a65-5e67e75afdb5,A Google user,https://play-lh.googleusercontent.com/EGemoI2NTXmTsBVtJqk8jxF9rh8ApRWfsIMQSt2uE4OcpQqbFu7f7NbTK05lx80nuSijCz7sc3a277R67g,Good,3,0,6.1,2024-03-12 11:58:12,Happy to know you're liking our app. We strive for excellence and your 5-star rating will boost our spirits!,2024-03-12 13:27:08,6.1
c9057c6f-8287-45f5-97a5-c3bbc6725b80,A Google user,https://play-lh.googleusercontent.com/EGemoI2NTXmTsBVtJqk8jxF9rh8ApRWfsIMQSt2uE4OcpQqbFu7f7NbTK05lx80nuSijCz7sc3a277R67g,Very good👍,4,0,6.1,2024-03-12 08:47:55,Happy to know you're liking our app. We strive for excellence and your 5-star rating will boost our spirits!,2024-03-12 09:17:07,6.1
f028f1f3-b854-475b-b20d-e3d9f9a2cd67,A Google user,https://play-lh.googleusercontent.com/EGemoI2NTXmTsBVtJqk8jxF9rh8ApRWfsIMQSt2uE4OcpQqbFu7f7NbTK05lx80nuSijCz7sc3a277R67g,Thank u,5,0,6.0,2024-03-12 07:25:27,,,6.0
ebca53c7-601b-4df0-96ca-30bf228a1549,A Google user,https://play-lh.googleusercontent.com/EGemoI2NTXmTsBVtJqk8jxF9rh8ApRWfsIMQSt2uE4OcpQqbFu7f7NbTK05lx80nuSijCz7sc3a277R67g,Excellent,5,0,6.1,2024-03-12 06:31:32,"We're delighted to know that our app met your expectations. Should you have any further suggestions or queries, don't hesitate to write to us at zugarmobility@gmail.com.",2024-03-12 07:12:05,6.1
3d787605-b24e-4940-8c8e-25bf07d0384f,A Google user,https://play-lh.googleusercontent.com/EGemoI2NTXmTsBVtJqk8jxF9rh8ApRWfsIMQSt2uE4OcpQqbFu7f7NbTK05lx80nuSijCz7sc3a277R67g,Alhamdulillah Best App For Muslim,5,0,6.0,2024-03-12 05:52:22,"We're delighted to know that our app met your expectations. Should you have any further suggestions or queries, don't hesitate to write to us at zugarmobility@gmail.com.",2024-03-12 07:12:13,6.0
2c52bcda-da3a-4245-8460-cc2446aa8de5,A Google user,https://play-lh.googleusercontent.com/EGemoI2NTXmTsBVtJqk8jxF9rh8ApRWfsIMQSt2uE4OcpQqbFu7f7NbTK05lx80nuSijCz7sc3a277R67g,"Best app.Subhanallah it has everything we need.It even has the comparison between science and quran.Subhanallah.For muslims,this has got to be the best quran app ever",5,17,6.1,2024-03-12 05:44:52,"We're delighted to know that our app met your expectations. Should you have any further suggestions or queries, don't hesitate to write to us at zugarmobility@gmail.com.",2024-03-12 07:12:16,6.1
abe5977c-f6e1-46fc-b098-bc0529d6ed84,A Google user,https://play-lh.googleusercontent.com/EGemoI2NTXmTsBVtJqk8jxF9rh8ApRWfsIMQSt2uE4OcpQqbFu7f7NbTK05lx80nuSijCz7sc3a277R67g,মাশআল্লাহ,5,0,6.0,2024-03-12 05:01:29,,,6.0
73f25710-f12f-4b0b-a911-50d28a5392aa,A Google user,https://play-lh.googleusercontent.com/EGemoI2NTXmTsBVtJqk8jxF9rh8ApRWfsIMQSt2uE4OcpQqbFu7f7NbTK05lx80nuSijCz7sc3a277R67g,Masaallah,5,0,6.1,2024-03-12 05:01:17,,,6.1
daa376f7-8072-4fb5-8be1-c2aaf17c42da,A Google user,https://play-lh.googleusercontent.com/EGemoI2NTXmTsBVtJqk8jxF9rh8ApRWfsIMQSt2uE4OcpQqbFu7f7NbTK05lx80nuSijCz7sc3a277R67g,Very usefull app,5,0,6.0,2024-03-12 04:47:23,,,6.0
ef2e96c0-7b20-4ddd-ad29-254a04100e26,A Google user,https://play-lh.googleusercontent.com/EGemoI2NTXmTsBVtJqk8jxF9rh8ApRWfsIMQSt2uE4OcpQqbFu7f7NbTK05lx80nuSijCz7sc3a277R67g,Very good,5,0,6.1,2024-03-12 04:46:28,"We're delighted to know that our app met your expectations. Should you have any further suggestions or queries, don't hesitate to write to us at zugarmobility@gmail.com.",2024-03-12 07:12:25,6.1
55b07160-a224-4418-b8db-3133bef432cb,A Google user,https://play-lh.googleusercontent.com/EGemoI2NTXmTsBVtJqk8jxF9rh8ApRWfsIMQSt2uE4OcpQqbFu7f7NbTK05lx80nuSijCz7sc3a277R67g,Best,5,0,6.0,2024-03-12 02:01:38,"We're delighted to know that our app met your expectations. Should you have any further suggestions or queries, don't hesitate to write to us at zugarmobility@gmail.com.",2024-03-12 03:02:12,6.0
7fede2da-0fec-43a6-91fb-f91b1ac55e47,A Google user,https://play-lh.googleusercontent.com/EGemoI2NTXmTsBVtJqk8jxF9rh8ApRWfsIMQSt2uE4OcpQqbFu7f7NbTK05lx80nuSijCz7sc3a277R67g,Please remove too much advertisements 🙏,4,2,6.0,2024-03-12 00:40:01,"It's heartening to hear that you've had a better experience with our app. We understand the ads can be disruptive, and we apologize for any inconvenience. Your understanding is deeply valued.",2024-03-12 00:57:07,6.0
045d03ba-a545-4128-b972-cb964156cf50,A Google user,https://play-lh.googleusercontent.com/EGemoI2NTXmTsBVtJqk8jxF9rh8ApRWfsIMQSt2uE4OcpQqbFu7f7NbTK05lx80nuSijCz7sc3a277R67g,Mashaallah ♥️,5,0,6.0,2024-03-12 00:24:22,,,6.0
7ed55d6d-4911-457b-92f3-db60e7473d69,A Google user,https://play-lh.googleusercontent.com/EGemoI2NTXmTsBVtJqk8jxF9rh8ApRWfsIMQSt2uE4OcpQqbFu7f7NbTK05lx80nuSijCz7sc3a277R67g,Very hellpul,5,0,6.1,2024-03-11 23:01:26,,,6.1
e7ebc692-afa6-465c-86aa-6060e76cbbe9,A Google user,https://play-lh.googleusercontent.com/EGemoI2NTXmTsBVtJqk8jxF9rh8ApRWfsIMQSt2uE4OcpQqbFu7f7NbTK05lx80nuSijCz7sc3a277R67g,That's so much useful,5,0,6.1,2024-03-11 22:54:24,,,6.1
37495750-8ab0-40c7-9f25-3dbe7a66df92,A Google user,https://play-lh.googleusercontent.com/EGemoI2NTXmTsBVtJqk8jxF9rh8ApRWfsIMQSt2uE4OcpQqbFu7f7NbTK05lx80nuSijCz7sc3a277R67g,Alhamdulliah It's a very useful and grate apps.,5,2,6.0,2024-03-11 22:42:15,,,6.0
78e69929-6258-4bc8-9259-36b248e06e25,A Google user,https://play-lh.googleusercontent.com/EGemoI2NTXmTsBVtJqk8jxF9rh8ApRWfsIMQSt2uE4OcpQqbFu7f7NbTK05lx80nuSijCz7sc3a277R67g,Good app,5,0,6.0,2024-03-11 21:48:29,"We're delighted to know that our app met your expectations. Should you have any further suggestions or queries, don't hesitate to write to us at zugarmobility@gmail.com.",2024-03-12 00:57:14,6.0
7371b194-0240-410c-893d-4514534cd9a7,A Google user,https://play-lh.googleusercontent.com/EGemoI2NTXmTsBVtJqk8jxF9rh8ApRWfsIMQSt2uE4OcpQqbFu7f7NbTK05lx80nuSijCz7sc3a277R67g,Good,5,0,6.0,2024-03-11 21:47:22,"We're delighted to know that our app met your expectations. Should you have any further suggestions or queries, don't hesitate to write to us at zugarmobility@gmail.com.",2024-03-12 00:57:15,6.0
fcf2d1d8-b630-4447-a24c-7a98067d1983,A Google user,https://play-lh.googleusercontent.com/EGemoI2NTXmTsBVtJqk8jxF9rh8ApRWfsIMQSt2uE4OcpQqbFu7f7NbTK05lx80nuSijCz7sc3a277R67g,Very good ☺️,5,0,6.1,2024-03-11 20:39:04,"We're delighted to know that our app met your expectations. Should you have any further suggestions or queries, don't hesitate to write to us at zugarmobility@gmail.com.",2024-03-11 20:47:06,6.1
5ab82f23-0296-4f25-a09e-870842e02727,A Google user,https://play-lh.googleusercontent.com/EGemoI2NTXmTsBVtJqk8jxF9rh8ApRWfsIMQSt2uE4OcpQqbFu7f7NbTK05lx80nuSijCz7sc3a277R67g,Masaha Allah,5,0,6.1,2024-03-11 20:17:17,,,6.1
a409debc-16d9-474b-8983-77466ee43138,A Google user,https://play-lh.googleusercontent.com/EGemoI2NTXmTsBVtJqk8jxF9rh8ApRWfsIMQSt2uE4OcpQqbFu7f7NbTK05lx80nuSijCz7sc3a277R67g,"it was a great app but the problem is, it takes too much time to open ,",1,3,6.0,2024-03-11 19:51:50,Happy to know you're liking our app. We strive for excellence and your 5-star rating will boost our spirits!,2024-03-11 20:47:09,6.0
93eadc30-641c-4d15-9830-2a27ed84018a,A Google user,https://play-lh.googleusercontent.com/EGemoI2NTXmTsBVtJqk8jxF9rh8ApRWfsIMQSt2uE4OcpQqbFu7f7NbTK05lx80nuSijCz7sc3a277R67g,Assalaam alaykum,5,0,6.1,2024-03-11 19:08:45,,,6.1
65eaa3f9-2edb-47f7-8cdd-deedb4344cc9,A Google user,https://play-lh.googleusercontent.com/EGemoI2NTXmTsBVtJqk8jxF9rh8ApRWfsIMQSt2uE4OcpQqbFu7f7NbTK05lx80nuSijCz7sc3a277R67g,Very useful,5,0,6.1,2024-03-11 17:07:15,,,6.1
78943fdf-d215-4361-a477-89141706ed35,A Google user,https://play-lh.googleusercontent.com/EGemoI2NTXmTsBVtJqk8jxF9rh8ApRWfsIMQSt2uE4OcpQqbFu7f7NbTK05lx80nuSijCz7sc3a277R67g,Average,5,0,6.0,2024-03-11 16:35:52,,,6.0
f70151b9-a215-4f6e-b86b-8208ea45f463,A Google user,https://play-lh.googleusercontent.com/EGemoI2NTXmTsBVtJqk8jxF9rh8ApRWfsIMQSt2uE4OcpQqbFu7f7NbTK05lx80nuSijCz7sc3a277R67g,Very very good app,5,0,6.0,2024-03-11 16:34:59,"We're delighted to know that our app met your expectations. Should you have any further suggestions or queries, don't hesitate to write to us at zugarmobility@gmail.com.",2024-03-11 16:37:08,6.0
0d4c0a65-b355-42e1-92ab-af2cbe54e246,A Google user,https://play-lh.googleusercontent.com/EGemoI2NTXmTsBVtJqk8jxF9rh8ApRWfsIMQSt2uE4OcpQqbFu7f7NbTK05lx80nuSijCz7sc3a277R67g,Best',4,0,6.0,2024-03-11 13:32:41,Happy to know you're liking our app. We strive for excellence and your 5-star rating will boost our spirits!,2024-03-11 14:32:07,6.0
d22b4900-f9f8-409a-bd67-3d604534273c,A Google user,https://play-lh.googleusercontent.com/EGemoI2NTXmTsBVtJqk8jxF9rh8ApRWfsIMQSt2uE4OcpQqbFu7f7NbTK05lx80nuSijCz7sc3a277R67g,MashaAllah this app is the best,5,0,6.1,2024-03-11 12:44:28,"We're delighted to know that our app met your expectations. Should you have any further suggestions or queries, don't hesitate to write to us at zugarmobility@gmail.com.",2024-03-11 14:32:10,6.1
6be02f2a-b2f6-4928-8c7c-fdd44919db7d,A Google user,https://play-lh.googleusercontent.com/EGemoI2NTXmTsBVtJqk8jxF9rh8ApRWfsIMQSt2uE4OcpQqbFu7f7NbTK05lx80nuSijCz7sc3a277R67g,Good app,3,0,5.7,2024-03-11 11:46:59,Happy to know you're liking our app. We strive for excellence and your 5-star rating will boost our spirits!,2024-03-11 12:27:07,5.7
1e8f65a1-3517-4453-9d13-5848beb2ed81,A Google user,https://play-lh.googleusercontent.com/EGemoI2NTXmTsBVtJqk8jxF9rh8ApRWfsIMQSt2uE4OcpQqbFu7f7NbTK05lx80nuSijCz7sc3a277R67g,Excellent 👌,5,0,6.0,2024-03-11 11:08:54,"We're delighted to know that our app met your expectations. Should you have any further suggestions or queries, don't hesitate to write to us at zugarmobility@gmail.com.",2024-03-11 12:27:09,6.0
ebaf6d5e-f2ba-4944-949a-b7592cf5c0ff,A Google user,https://play-lh.googleusercontent.com/EGemoI2NTXmTsBVtJqk8jxF9rh8ApRWfsIMQSt2uE4OcpQqbFu7f7NbTK05lx80nuSijCz7sc3a277R67g,The app is very good and simple.,5,1,6.0,2024-03-11 11:02:13,"We're delighted to know that our app met your expectations. Should you have any further suggestions or queries, don't hesitate to write to us at zugarmobility@gmail.com.",2024-03-11 12:27:12,6.0
230cebc0-b783-47c0-9656-8dfaf36e1a94,A Google user,https://play-lh.googleusercontent.com/EGemoI2NTXmTsBVtJqk8jxF9rh8ApRWfsIMQSt2uE4OcpQqbFu7f7NbTK05lx80nuSijCz7sc3a277R67g,Ikhwa,5,0,6.1,2024-03-11 10:07:43,,,6.1
dac3fd9d-fe8b-4ab5-9b50-f838a00c1266,A Google user,https://play-lh.googleusercontent.com/EGemoI2NTXmTsBVtJqk8jxF9rh8ApRWfsIMQSt2uE4OcpQqbFu7f7NbTK05lx80nuSijCz7sc3a277R67g,Alot of Ads,1,0,,2024-03-11 09:43:29,We regret any inconvenience. Ads are essential to sustain our work. Your understanding is truly appreciated.,2024-03-11 12:27:17,
af5b2148-0e55-45f4-b442-127afade9d1b,A Google user,https://play-lh.googleusercontent.com/EGemoI2NTXmTsBVtJqk8jxF9rh8ApRWfsIMQSt2uE4OcpQqbFu7f7NbTK05lx80nuSijCz7sc3a277R67g,Great,5,0,6.1,2024-03-11 08:32:46,"We're delighted to know that our app met your expectations. Should you have any further suggestions or queries, don't hesitate to write to us at zugarmobility@gmail.com.",2024-03-11 12:27:25,6.1
5056d563-03b2-49c2-8497-e96db615c373,A Google user,https://play-lh.googleusercontent.com/EGemoI2NTXmTsBVtJqk8jxF9rh8ApRWfsIMQSt2uE4OcpQqbFu7f7NbTK05lx80nuSijCz7sc3a277R67g,মাশাআল্লাহ,5,0,6.1,2024-03-11 08:20:32,,,6.1
ec7b5380-3d55-46b5-a992-1e6883a77f75,A Google user,https://play-lh.googleusercontent.com/EGemoI2NTXmTsBVtJqk8jxF9rh8ApRWfsIMQSt2uE4OcpQqbFu7f7NbTK05lx80nuSijCz7sc3a277R67g,Mashaallah🙏,5,0,6.1,2024-03-11 07:50:49,,,6.1
27286e11-d2f5-42d0-bf2c-cc5a8e6c4846,A Google user,https://play-lh.googleusercontent.com/EGemoI2NTXmTsBVtJqk8jxF9rh8ApRWfsIMQSt2uE4OcpQqbFu7f7NbTK05lx80nuSijCz7sc3a277R67g,Let me know,5,0,6.0,2024-03-11 07:34:26,,,6.0
be353850-482f-4822-bf99-0d4651d6984d,A Google user,https://play-lh.googleusercontent.com/EGemoI2NTXmTsBVtJqk8jxF9rh8ApRWfsIMQSt2uE4OcpQqbFu7f7NbTK05lx80nuSijCz7sc3a277R67g,Good,5,0,6.0,2024-03-11 07:10:01,"We're delighted to know that our app met your expectations. Should you have any further suggestions or queries, don't hesitate to write to us at zugarmobility@gmail.com.",2024-03-11 08:17:11,6.0
701f30e2-f041-4cd3-a2c5-ab51406ddf31,A Google user,https://play-lh.googleusercontent.com/EGemoI2NTXmTsBVtJqk8jxF9rh8ApRWfsIMQSt2uE4OcpQqbFu7f7NbTK05lx80nuSijCz7sc3a277R67g,Love it,5,0,6.0,2024-03-11 05:25:17,"We're delighted to know that our app met your expectations. Should you have any further suggestions or queries, don't hesitate to write to us at zugarmobility@gmail.com.",2024-03-11 06:12:12,6.0
df23680f-c2a0-4112-b1e7-ba447bacf0c1,A Google user,https://play-lh.googleusercontent.com/EGemoI2NTXmTsBVtJqk8jxF9rh8ApRWfsIMQSt2uE4OcpQqbFu7f7NbTK05lx80nuSijCz7sc3a277R67g,"Mashaallah now I have my school and teacher, this app is very important for me thanks",5,0,6.0,2024-03-11 05:16:27,"We're delighted to know that our app met your expectations. Should you have any further suggestions or queries, don't hesitate to write to us at zugarmobility@gmail.com.",2024-03-11 06:12:13,6.0
2b09ff18-648d-4697-88d8-c89afc2f33a5,A Google user,https://play-lh.googleusercontent.com/EGemoI2NTXmTsBVtJqk8jxF9rh8ApRWfsIMQSt2uE4OcpQqbFu7f7NbTK05lx80nuSijCz7sc3a277R67g,Nice,5,0,6.1,2024-03-11 03:11:38,"We're delighted to know that our app met your expectations. Should you have any further suggestions or queries, don't hesitate to write to us at zugarmobility@gmail.com.",2024-03-11 06:12:19,6.1
1af89dbc-8749-4c35-9027-0bead95af725,A Google user,https://play-lh.googleusercontent.com/EGemoI2NTXmTsBVtJqk8jxF9rh8ApRWfsIMQSt2uE4OcpQqbFu7f7NbTK05lx80nuSijCz7sc3a277R67g,مشاء الله تبارك الله بممتاز,5,0,6.0,2024-03-11 02:10:57,"We're delighted to know that our app met your expectations. Should you have any further suggestions or queries, don't hesitate to write to us at zugarmobility@gmail.com.",2024-03-11 06:12:25,6.0
3f03e5a7-72be-4b3b-86d2-baf2cc6c8dbb,A Google user,https://play-lh.googleusercontent.com/EGemoI2NTXmTsBVtJqk8jxF9rh8ApRWfsIMQSt2uE4OcpQqbFu7f7NbTK05lx80nuSijCz7sc3a277R67g,JazakAllah khayri.Ramadan Mubarak ✨️🌙,5,0,6.1,2024-03-11 00:51:04,,,6.1
5ea1b19a-7b05-4d53-8900-bba465d57893,A Google user,https://play-lh.googleusercontent.com/EGemoI2NTXmTsBVtJqk8jxF9rh8ApRWfsIMQSt2uE4OcpQqbFu7f7NbTK05lx80nuSijCz7sc3a277R67g,super Masha Allah,5,0,6.0,2024-03-10 23:51:03,"We're delighted to know that our app met your expectations. Should you have any further suggestions or queries, don't hesitate to write to us at zugarmobility@gmail.com.",2024-03-10 23:57:07,6.0
df767a77-15c6-48e4-a867-2370a3816f09,A Google user,https://play-lh.googleusercontent.com/EGemoI2NTXmTsBVtJqk8jxF9rh8ApRWfsIMQSt2uE4OcpQqbFu7f7NbTK05lx80nuSijCz7sc3a277R67g,Excellent,5,0,6.0,2024-03-10 23:26:45,"We're delighted to know that our app met your expectations. Should you have any further suggestions or queries, don't hesitate to write to us at zugarmobility@gmail.com.",2024-03-10 23:57:12,6.0
32b6bda1-ef78-4263-a62a-199721778e59,A Google user,https://play-lh.googleusercontent.com/EGemoI2NTXmTsBVtJqk8jxF9rh8ApRWfsIMQSt2uE4OcpQqbFu7f7NbTK05lx80nuSijCz7sc3a277R67g,Good,5,0,6.1,2024-03-10 22:26:40,"We're delighted to know that our app met your expectations. Should you have any further suggestions or queries, don't hesitate to write to us at zugarmobility@gmail.com.",2024-03-10 23:57:16,6.1
ac208d69-76ae-462d-8e1a-29b9eae796da,A Google user,https://play-lh.googleusercontent.com/EGemoI2NTXmTsBVtJqk8jxF9rh8ApRWfsIMQSt2uE4OcpQqbFu7f7NbTK05lx80nuSijCz7sc3a277R67g,Wonderful apps for busy man,5,0,6.0,2024-03-10 21:40:42,"We're delighted to know that our app met your expectations. Should you have any further suggestions or queries, don't hesitate to write to us at zugarmobility@gmail.com.",2024-03-10 23:57:17,6.0
ca72f367-bf2c-4d99-a3ae-894e01fe25fd,A Google user,https://play-lh.googleusercontent.com/EGemoI2NTXmTsBVtJqk8jxF9rh8ApRWfsIMQSt2uE4OcpQqbFu7f7NbTK05lx80nuSijCz7sc3a277R67g,Super 💯,5,0,6.1,2024-03-10 20:46:45,"We're delighted to know that our app met your expectations. Should you have any further suggestions or queries, don't hesitate to write to us at zugarmobility@gmail.com.",2024-03-10 23:57:20,6.1
ee9f63a2-dc26-40c4-b535-6606730f3441,A Google user,https://play-lh.googleusercontent.com/EGemoI2NTXmTsBVtJqk8jxF9rh8ApRWfsIMQSt2uE4OcpQqbFu7f7NbTK05lx80nuSijCz7sc3a277R67g,Good,5,0,6.1,2024-03-10 20:39:42,"We're delighted to know that our app met your expectations. Should you have any further suggestions or queries, don't hesitate to write to us at zugarmobility@gmail.com.",2024-03-10 23:57:21,6.1
88f6db84-e5c2-4fc9-9cfa-10a101d31b34,A Google user,https://play-lh.googleusercontent.com/EGemoI2NTXmTsBVtJqk8jxF9rh8ApRWfsIMQSt2uE4OcpQqbFu7f7NbTK05lx80nuSijCz7sc3a277R67g,Nice application,5,0,6.0,2024-03-10 15:36:01,"We're delighted to know that our app met your expectations. Should you have any further suggestions or queries, don't hesitate to write to us at zugarmobility@gmail.com.",2024-03-10 15:37:09,6.0
8072ca1f-65f6-4351-9826-10659d064471,A Google user,https://play-lh.googleusercontent.com/EGemoI2NTXmTsBVtJqk8jxF9rh8ApRWfsIMQSt2uE4OcpQqbFu7f7NbTK05lx80nuSijCz7sc3a277R67g,Good,5,0,6.1,2024-03-10 14:34:58,"We're delighted to know that our app met your expectations. Should you have any further suggestions or queries, don't hesitate to write to us at zugarmobility@gmail.com.",2024-03-10 15:37:12,6.1
1ec7bddc-4e0f-4156-9377-19c318fc9c91,A Google user,https://play-lh.googleusercontent.com/EGemoI2NTXmTsBVtJqk8jxF9rh8ApRWfsIMQSt2uE4OcpQqbFu7f7NbTK05lx80nuSijCz7sc3a277R67g,Outstanding free,5,0,6.0,2024-03-10 14:20:22,,,6.0
d14ef304-ecae-4bca-80f7-1a51f588fa96,A Google user,https://play-lh.googleusercontent.com/EGemoI2NTXmTsBVtJqk8jxF9rh8ApRWfsIMQSt2uE4OcpQqbFu7f7NbTK05lx80nuSijCz7sc3a277R67g,"In the add, it shows some barcode scanning option. But I didn't find the option in the app.",1,12,6.0,2024-03-10 14:08:15,We regret any inconvenience. Ads are essential to sustain our work. Your understanding is truly appreciated.,2024-03-10 15:37:13,6.0
a9161547-32e1-4d21-bdeb-e2596248352f,A Google user,https://play-lh.googleusercontent.com/EGemoI2NTXmTsBVtJqk8jxF9rh8ApRWfsIMQSt2uE4OcpQqbFu7f7NbTK05lx80nuSijCz7sc3a277R67g,This is a good app,5,0,6.0,2024-03-10 12:49:02,"We're delighted to know that our app met your expectations. Should you have any further suggestions or queries, don't hesitate to write to us at zugarmobility@gmail.com.",2024-03-10 13:32:10,6.0
f4d604c2-3a1a-4e97-9665-f082eb9937c9,A Google user,https://play-lh.googleusercontent.com/EGemoI2NTXmTsBVtJqk8jxF9rh8ApRWfsIMQSt2uE4OcpQqbFu7f7NbTK05lx80nuSijCz7sc3a277R67g,MASHA ALLAH 🙂 5stars,5,0,6.1,2024-03-10 09:21:53,,,6.1
044f5234-cfe4-4cf6-984d-4cc7a62ac3c6,A Google user,https://play-lh.googleusercontent.com/EGemoI2NTXmTsBVtJqk8jxF9rh8ApRWfsIMQSt2uE4OcpQqbFu7f7NbTK05lx80nuSijCz7sc3a277R67g,🙆🙆,5,0,6.0,2024-03-10 06:07:37,,,6.0
2a758b27-416a-4240-ae66-153369a275a2,A Google user,https://play-lh.googleusercontent.com/EGemoI2NTXmTsBVtJqk8jxF9rh8ApRWfsIMQSt2uE4OcpQqbFu7f7NbTK05lx80nuSijCz7sc3a277R67g,Masah ALLAH,1,0,6.0,2024-03-10 03:48:35,,,6.0
2c5620dc-e111-419a-8201-a443d3fa4ed8,A Google user,https://play-lh.googleusercontent.com/EGemoI2NTXmTsBVtJqk8jxF9rh8ApRWfsIMQSt2uE4OcpQqbFu7f7NbTK05lx80nuSijCz7sc3a277R67g,Subhanallah Alhamdulillah mashallah,5,0,6.0,2024-03-10 00:49:24,,,6.0
d321c616-2eef-4cc6-94b2-425fb186b8af,A Google user,https://play-lh.googleusercontent.com/EGemoI2NTXmTsBVtJqk8jxF9rh8ApRWfsIMQSt2uE4OcpQqbFu7f7NbTK05lx80nuSijCz7sc3a277R67g,Nice having it,5,0,6.0,2024-03-10 00:19:49,"We're delighted to know that our app met your expectations. Should you have any further suggestions or queries, don't hesitate to write to us at zugarmobility@gmail.com.",2024-03-10 01:02:18,6.0
f5236d95-6104-4543-8f64-9018fc721140,A Google user,https://play-lh.googleusercontent.com/EGemoI2NTXmTsBVtJqk8jxF9rh8ApRWfsIMQSt2uE4OcpQqbFu7f7NbTK05lx80nuSijCz7sc3a277R67g,I love this app.,5,0,6.0,2024-03-09 23:05:19,"We're delighted to know that our app met your expectations. Should you have any further suggestions or queries, don't hesitate to write to us at zugarmobility@gmail.com.",2024-03-10 01:02:20,6.0
2dbd07a4-4fdf-4bec-b444-e7ab97847ce2,A Google user,https://play-lh.googleusercontent.com/EGemoI2NTXmTsBVtJqk8jxF9rh8ApRWfsIMQSt2uE4OcpQqbFu7f7NbTK05lx80nuSijCz7sc3a277R67g,Very useful for me,5,0,6.0,2024-03-09 18:22:42,,,6.0
7ff5926f-0e32-43b3-a47b-f93f30a4094e,A Google user,https://play-lh.googleusercontent.com/EGemoI2NTXmTsBVtJqk8jxF9rh8ApRWfsIMQSt2uE4OcpQqbFu7f7NbTK05lx80nuSijCz7sc3a277R67g,गुड,2,0,6.0,2024-03-09 15:48:45,Happy to know you're liking our app. We strive for excellence and your 5-star rating will boost our spirits!,2024-03-09 16:42:15,6.0
adac490e-43fa-4f73-a0b2-706129b77648,A Google user,https://play-lh.googleusercontent.com/EGemoI2NTXmTsBVtJqk8jxF9rh8ApRWfsIMQSt2uE4OcpQqbFu7f7NbTK05lx80nuSijCz7sc3a277R67g,Nice,4,0,6.1,2024-03-09 14:58:45,Happy to know you're liking our app. We strive for excellence and your 5-star rating will boost our spirits!,2024-03-09 16:42:19,6.1
7accc4a4-ace3-4aa2-ae75-9e3a75701b14,A Google user,https://play-lh.googleusercontent.com/EGemoI2NTXmTsBVtJqk8jxF9rh8ApRWfsIMQSt2uE4OcpQqbFu7f7NbTK05lx80nuSijCz7sc3a277R67g,Many ads,1,0,6.1,2024-03-09 14:36:55,We regret any inconvenience. Ads are essential to sustain our work. Your understanding is truly appreciated.,2024-03-09 16:42:20,6.1
af604fb2-a8ad-447f-aaa0-8c248fff80fc,A Google user,https://play-lh.googleusercontent.com/EGemoI2NTXmTsBVtJqk8jxF9rh8ApRWfsIMQSt2uE4OcpQqbFu7f7NbTK05lx80nuSijCz7sc3a277R67g,MashaAllah....,5,0,6.0,2024-03-09 12:00:45,,,6.0
2b6cada6-50d4-4022-b996-dbd8638e8ab2,A Google user,https://play-lh.googleusercontent.com/EGemoI2NTXmTsBVtJqk8jxF9rh8ApRWfsIMQSt2uE4OcpQqbFu7f7NbTK05lx80nuSijCz7sc3a277R67g,Perfect,5,0,6.0,2024-03-09 03:04:13,"We're delighted to know that our app met your expectations. Should you have any further suggestions or queries, don't hesitate to write to us at zugarmobility@gmail.com.",2024-03-09 04:12:12,6.0
16623d65-24be-414e-a413-fc3b50740929,A Google user,https://play-lh.googleusercontent.com/EGemoI2NTXmTsBVtJqk8jxF9rh8ApRWfsIMQSt2uE4OcpQqbFu7f7NbTK05lx80nuSijCz7sc3a277R67g,Very nice app and very use full app,4,1,6.0,2024-03-08 20:19:09,Happy to know you're liking our app. We strive for excellence and your 5-star rating will boost our spirits!,2024-03-08 21:57:13,6.0
06058262-e5a3-4ed1-bc73-85e8ef9d1489,A Google user,https://play-lh.googleusercontent.com/EGemoI2NTXmTsBVtJqk8jxF9rh8ApRWfsIMQSt2uE4OcpQqbFu7f7NbTK05lx80nuSijCz7sc3a277R67g,Masha Allah,5,0,,2024-03-08 18:03:37,,,
e07fd109-a05a-4140-8a37-df6204deff68,A Google user,https://play-lh.googleusercontent.com/EGemoI2NTXmTsBVtJqk8jxF9rh8ApRWfsIMQSt2uE4OcpQqbFu7f7NbTK05lx80nuSijCz7sc3a277R67g,2 many adverts,2,0,6.1,2024-03-08 17:08:07,,,6.1
38dbb3cf-5863-40ba-9452-a285299caefc,A Google user,https://play-lh.googleusercontent.com/EGemoI2NTXmTsBVtJqk8jxF9rh8ApRWfsIMQSt2uE4OcpQqbFu7f7NbTK05lx80nuSijCz7sc3a277R67g,Good,5,0,6.1,2024-03-08 16:02:08,"We're delighted to know that our app met your expectations. Should you have any further suggestions or queries, don't hesitate to write to us at zugarmobility@gmail.com.",2024-03-08 17:47:07,6.1
f4fd375c-03ed-49fe-9dd9-b94a93d6a36d,A Google user,https://play-lh.googleusercontent.com/EGemoI2NTXmTsBVtJqk8jxF9rh8ApRWfsIMQSt2uE4OcpQqbFu7f7NbTK05lx80nuSijCz7sc3a277R67g,I love qoran,5,0,6.1,2024-03-08 15:55:41,"We're delighted to know that our app met your expectations. Should you have any further suggestions or queries, don't hesitate to write to us at zugarmobility@gmail.com.",2024-03-08 17:47:08,6.1
b3765520-ab7e-4bae-9df9-e1291da89ce4,A Google user,https://play-lh.googleusercontent.com/EGemoI2NTXmTsBVtJqk8jxF9rh8ApRWfsIMQSt2uE4OcpQqbFu7f7NbTK05lx80nuSijCz7sc3a277R67g,Good 👍,5,0,6.0,2024-03-08 15:38:59,"We're delighted to know that our app met your expectations. Should you have any further suggestions or queries, don't hesitate to write to us at zugarmobility@gmail.com.",2024-03-08 15:42:10,6.0
a4969033-0c80-4646-a99d-92b2d12983f2,A Google user,https://play-lh.googleusercontent.com/EGemoI2NTXmTsBVtJqk8jxF9rh8ApRWfsIMQSt2uE4OcpQqbFu7f7NbTK05lx80nuSijCz7sc3a277R67g,Subhanallah Mashallah,5,0,6.0,2024-03-08 14:16:04,,,6.0
c6ba6844-90ad-4160-a4d3-fc488b0fe55e,A Google user,https://play-lh.googleusercontent.com/EGemoI2NTXmTsBVtJqk8jxF9rh8ApRWfsIMQSt2uE4OcpQqbFu7f7NbTK05lx80nuSijCz7sc3a277R67g,MUSLIM ALL IS ONE AND ALLAH IS GOD IS ALLAH CREATE US,5,0,6.1,2024-03-08 13:26:00,,,6.1
6dab469e-410f-4bbc-8bc0-40830bf0e4e8,A Google user,https://play-lh.googleusercontent.com/EGemoI2NTXmTsBVtJqk8jxF9rh8ApRWfsIMQSt2uE4OcpQqbFu7f7NbTK05lx80nuSijCz7sc3a277R67g,Nice,5,0,6.1,2024-03-08 09:59:59,"We're delighted to know that our app met your expectations. Should you have any further suggestions or queries, don't hesitate to write to us at zugarmobility@gmail.com.",2024-03-08 11:32:11,6.1
60b1130d-ebe7-4c13-9a57-5f94b6a97152,A Google user,https://play-lh.googleusercontent.com/EGemoI2NTXmTsBVtJqk8jxF9rh8ApRWfsIMQSt2uE4OcpQqbFu7f7NbTK05lx80nuSijCz7sc3a277R67g,Beautiful 😍,5,0,6.0,2024-03-08 09:29:31,"We're delighted to know that our app met your expectations. Should you have any further suggestions or queries, don't hesitate to write to us at zugarmobility@gmail.com.",2024-03-08 11:32:12,6.0
93963229-e03a-4aa1-abb2-fcef14543fc6,A Google user,https://play-lh.googleusercontent.com/EGemoI2NTXmTsBVtJqk8jxF9rh8ApRWfsIMQSt2uE4OcpQqbFu7f7NbTK05lx80nuSijCz7sc3a277R67g,Mashallah very nice,5,0,6.0,2024-03-08 08:30:37,"We're delighted to know that our app met your expectations. Should you have any further suggestions or queries, don't hesitate to write to us at zugarmobility@gmail.com.",2024-03-08 09:27:05,6.0
ed3faf72-ddb2-4726-969e-056e06063e03,A Google user,https://play-lh.googleusercontent.com/EGemoI2NTXmTsBVtJqk8jxF9rh8ApRWfsIMQSt2uE4OcpQqbFu7f7NbTK05lx80nuSijCz7sc3a277R67g,"Thank you ,i'll really learned from it!!.",5,0,6.1,2024-03-08 02:10:56,"We're delighted to know that our app met your expectations. Should you have any further suggestions or queries, don't hesitate to write to us at zugarmobility@gmail.com.",2024-03-08 03:12:15,6.1
2ea2427f-3593-4ea5-a3b6-a947bbbc2500,A Google user,https://play-lh.googleusercontent.com/EGemoI2NTXmTsBVtJqk8jxF9rh8ApRWfsIMQSt2uE4OcpQqbFu7f7NbTK05lx80nuSijCz7sc3a277R67g,good 👍😊,5,0,6.0,2024-03-07 21:43:46,"We're delighted to know that our app met your expectations. Should you have any further suggestions or queries, don't hesitate to write to us at zugarmobility@gmail.com.",2024-03-07 23:02:09,6.0
3082d528-bd4a-4c55-a95d-04bcf4646611,A Google user,https://play-lh.googleusercontent.com/EGemoI2NTXmTsBVtJqk8jxF9rh8ApRWfsIMQSt2uE4OcpQqbFu7f7NbTK05lx80nuSijCz7sc3a277R67g,Full yousfull in app quaran,5,0,6.0,2024-03-07 18:00:36,,,6.0
a4b553c6-d867-486f-8cb9-a500a1b78da2,A Google user,https://play-lh.googleusercontent.com/EGemoI2NTXmTsBVtJqk8jxF9rh8ApRWfsIMQSt2uE4OcpQqbFu7f7NbTK05lx80nuSijCz7sc3a277R67g,Good,5,0,6.1,2024-03-07 17:19:29,"We're delighted to know that our app met your expectations. Should you have any further suggestions or queries, don't hesitate to write to us at zugarmobility@gmail.com.",2024-03-07 18:52:19,6.1
f74528dc-dfd8-4fa3-a401-280ae902f85e,A Google user,https://play-lh.googleusercontent.com/EGemoI2NTXmTsBVtJqk8jxF9rh8ApRWfsIMQSt2uE4OcpQqbFu7f7NbTK05lx80nuSijCz7sc3a277R67g,Very nice app,5,0,6.0,2024-03-07 14:51:37,"We're delighted to know that our app met your expectations. Should you have any further suggestions or queries, don't hesitate to write to us at zugarmobility@gmail.com.",2024-03-07 16:47:04,6.0
11e69110-dc0c-40c8-aba3-1ed7884d6494,A Google user,https://play-lh.googleusercontent.com/EGemoI2NTXmTsBVtJqk8jxF9rh8ApRWfsIMQSt2uE4OcpQqbFu7f7NbTK05lx80nuSijCz7sc3a277R67g,"Wow.... Ma sha Allah, it is indeed very impressive, it captured virtually all the necessary one may need. I love it",5,2,6.1,2024-03-07 13:13:21,"We're delighted to know that our app met your expectations. Should you have any further suggestions or queries, don't hesitate to write to us at zugarmobility@gmail.com.",2024-03-07 14:42:08,6.1
86d8469e-01d6-45ad-b265-001c246979b0,A Google user,https://play-lh.googleusercontent.com/EGemoI2NTXmTsBVtJqk8jxF9rh8ApRWfsIMQSt2uE4OcpQqbFu7f7NbTK05lx80nuSijCz7sc3a277R67g,Good,5,0,,2024-03-07 11:21:26,"We're delighted to know that our app met your expectations. Should you have any further suggestions or queries, don't hesitate to write to us at zugarmobility@gmail.com.",2024-03-07 12:37:08,
38c848ba-b87c-4318-84ea-34c25aaf303b,A Google user,https://play-lh.googleusercontent.com/EGemoI2NTXmTsBVtJqk8jxF9rh8ApRWfsIMQSt2uE4OcpQqbFu7f7NbTK05lx80nuSijCz7sc3a277R67g,Execellence,5,0,6.1,2024-03-07 09:11:06,,,6.1
2db19100-f09f-4db1-8ec7-fc18c7ce8b42,A Google user,https://play-lh.googleusercontent.com/EGemoI2NTXmTsBVtJqk8jxF9rh8ApRWfsIMQSt2uE4OcpQqbFu7f7NbTK05lx80nuSijCz7sc3a277R67g,Good for now,3,0,6.0,2024-03-07 07:20:59,Happy to know you're liking our app. We strive for excellence and your 5-star rating will boost our spirits!,2024-03-07 08:27:04,6.0
23df8778-5404-4263-aadb-07a895c835a8,A Google user,https://play-lh.googleusercontent.com/EGemoI2NTXmTsBVtJqk8jxF9rh8ApRWfsIMQSt2uE4OcpQqbFu7f7NbTK05lx80nuSijCz7sc3a277R67g,Every Muslim should have this app. Very useful and helpful. Allahhuakbar.,5,17,6.1,2024-03-07 07:06:18,"We're delighted to know that our app met your expectations. Should you have any further suggestions or queries, don't hesitate to write to us at zugarmobility@gmail.com.",2024-03-07 08:27:06,6.1
5c2f9ea5-6b75-462a-9108-0e55a1477d0e,A Google user,https://play-lh.googleusercontent.com/EGemoI2NTXmTsBVtJqk8jxF9rh8ApRWfsIMQSt2uE4OcpQqbFu7f7NbTK05lx80nuSijCz7sc3a277R67g,Super,4,0,5.7,2024-03-07 02:06:55,Happy to know you're liking our app. We strive for excellence and your 5-star rating will boost our spirits!,2024-03-07 02:12:09,5.7
0d0d8145-e2e7-4448-ac3d-5c0d9eb9e566,A Google user,https://play-lh.googleusercontent.com/EGemoI2NTXmTsBVtJqk8jxF9rh8ApRWfsIMQSt2uE4OcpQqbFu7f7NbTK05lx80nuSijCz7sc3a277R67g,Very good application,5,0,6.1,2024-03-06 21:31:58,"We're delighted to know that our app met your expectations. Should you have any further suggestions or queries, don't hesitate to write to us at zugarmobility@gmail.com.",2024-03-06 22:02:12,6.1
86cb5a81-c15d-4370-b9e9-81f0ca99f5d5,A Google user,https://play-lh.googleusercontent.com/EGemoI2NTXmTsBVtJqk8jxF9rh8ApRWfsIMQSt2uE4OcpQqbFu7f7NbTK05lx80nuSijCz7sc3a277R67g,Thank you,5,0,6.1,2024-03-06 18:35:19,"We're delighted to know that our app met your expectations. Should you have any further suggestions or queries, don't hesitate to write to us at zugarmobility@gmail.com.",2024-03-06 19:57:05,6.1
e37c2531-8d4e-4cbe-8920-9e87b4a29a58,A Google user,https://play-lh.googleusercontent.com/EGemoI2NTXmTsBVtJqk8jxF9rh8ApRWfsIMQSt2uE4OcpQqbFu7f7NbTK05lx80nuSijCz7sc3a277R67g,good,5,0,6.1,2024-03-06 17:25:49,"We're delighted to know that our app met your expectations. Should you have any further suggestions or queries, don't hesitate to write to us at zugarmobility@gmail.com.",2024-03-06 17:52:19,6.1
6013e0ca-d62d-4c30-8304-95b587af5b94,A Google user,https://play-lh.googleusercontent.com/EGemoI2NTXmTsBVtJqk8jxF9rh8ApRWfsIMQSt2uE4OcpQqbFu7f7NbTK05lx80nuSijCz7sc3a277R67g,Alhamdulillah,5,0,6.0,2024-03-06 11:02:22,,,6.0
156c93a2-ed28-4131-a838-2aee19eb3db3,A Google user,https://play-lh.googleusercontent.com/EGemoI2NTXmTsBVtJqk8jxF9rh8ApRWfsIMQSt2uE4OcpQqbFu7f7NbTK05lx80nuSijCz7sc3a277R67g,Everyone should use this app,5,0,6.1,2024-03-06 07:49:13,,,6.1
d6b15428-c9a7-4ff6-ae18-fda698a150b6,A Google user,https://play-lh.googleusercontent.com/EGemoI2NTXmTsBVtJqk8jxF9rh8ApRWfsIMQSt2uE4OcpQqbFu7f7NbTK05lx80nuSijCz7sc3a277R67g,Easy nice but Tamil translation please update,5,2,6.0,2024-03-06 03:46:24,"We're delighted to know that our app met your expectations. Should you have any further suggestions or queries, don't hesitate to write to us at zugarmobility@gmail.com.",2024-03-06 05:23:04,6.0
f76fde5a-23d4-4902-9544-232a5aedcbfa,A Google user,https://play-lh.googleusercontent.com/EGemoI2NTXmTsBVtJqk8jxF9rh8ApRWfsIMQSt2uE4OcpQqbFu7f7NbTK05lx80nuSijCz7sc3a277R67g,Wonderful,5,0,5.6,2024-03-06 03:35:23,"We're delighted to know that our app met your expectations. Should you have any further suggestions or queries, don't hesitate to write to us at zugarmobility@gmail.com.",2024-03-06 05:23:05,5.6
8a5a6d11-dd20-4c5a-9f5e-3dec7c75711a,A Google user,https://play-lh.googleusercontent.com/EGemoI2NTXmTsBVtJqk8jxF9rh8ApRWfsIMQSt2uE4OcpQqbFu7f7NbTK05lx80nuSijCz7sc3a277R67g,Subhan allah,5,0,6.1,2024-03-06 03:24:48,,,6.1
67c356bc-bc82-4434-9b0b-1fc052691493,A Google user,https://play-lh.googleusercontent.com/EGemoI2NTXmTsBVtJqk8jxF9rh8ApRWfsIMQSt2uE4OcpQqbFu7f7NbTK05lx80nuSijCz7sc3a277R67g,Love this app,5,0,6.1,2024-03-06 01:32:45,"We're delighted to know that our app met your expectations. Should you have any further suggestions or queries, don't hesitate to write to us at zugarmobility@gmail.com.",2024-03-06 03:17:08,6.1
cff36998-1bfd-466e-8237-927c3cd45f1f,A Google user,https://play-lh.googleusercontent.com/EGemoI2NTXmTsBVtJqk8jxF9rh8ApRWfsIMQSt2uE4OcpQqbFu7f7NbTK05lx80nuSijCz7sc3a277R67g,Nice,5,0,6.1,2024-03-06 01:01:52,"We're delighted to know that our app met your expectations. Should you have any further suggestions or queries, don't hesitate to write to us at zugarmobility@gmail.com.",2024-03-06 01:12:08,6.1
5c21d271-e98a-468a-a9d4-a5f7cd0902d6,A Google user,https://play-lh.googleusercontent.com/EGemoI2NTXmTsBVtJqk8jxF9rh8ApRWfsIMQSt2uE4OcpQqbFu7f7NbTK05lx80nuSijCz7sc3a277R67g,Khub sundor,5,0,6.1,2024-03-06 00:19:51,,,6.1
80b30f13-c0bc-4227-8dc4-448ff89367c5,A Google user,https://play-lh.googleusercontent.com/EGemoI2NTXmTsBVtJqk8jxF9rh8ApRWfsIMQSt2uE4OcpQqbFu7f7NbTK05lx80nuSijCz7sc3a277R67g,Good👍,4,0,6.0,2024-03-05 21:26:56,Happy to know you're liking our app. We strive for excellence and your 5-star rating will boost our spirits!,2024-03-05 23:07:07,6.0
880c6967-2a63-4b8c-a0de-8f06b3efe10b,A Google user,https://play-lh.googleusercontent.com/EGemoI2NTXmTsBVtJqk8jxF9rh8ApRWfsIMQSt2uE4OcpQqbFu7f7NbTK05lx80nuSijCz7sc3a277R67g,Mast,3,0,5.8,2024-03-05 18:47:52,,,5.8
fd5cde80-9f26-4814-9fd9-8a77b5bfb992,A Google user,https://play-lh.googleusercontent.com/EGemoI2NTXmTsBVtJqk8jxF9rh8ApRWfsIMQSt2uE4OcpQqbFu7f7NbTK05lx80nuSijCz7sc3a277R67g,Very good,5,0,6.0,2024-03-05 18:00:50,"We're delighted to know that our app met your expectations. Should you have any further suggestions or queries, don't hesitate to write to us at zugarmobility@gmail.com.",2024-03-05 18:57:05,6.0
3e96eaf5-4c1d-49bd-808c-ac42ee353cf1,A Google user,https://play-lh.googleusercontent.com/EGemoI2NTXmTsBVtJqk8jxF9rh8ApRWfsIMQSt2uE4OcpQqbFu7f7NbTK05lx80nuSijCz7sc3a277R67g,Wonderful,5,0,6.0,2024-03-05 13:07:28,"We're delighted to know that our app met your expectations. Should you have any further suggestions or queries, don't hesitate to write to us at zugarmobility@gmail.com.",2024-03-05 14:47:05,6.0
12227e3a-a567-4965-8aa5-14a20bf1e415,A Google user,https://play-lh.googleusercontent.com/EGemoI2NTXmTsBVtJqk8jxF9rh8ApRWfsIMQSt2uE4OcpQqbFu7f7NbTK05lx80nuSijCz7sc3a277R67g,The app is very nice but the problem is always start from starting 😞. You should change this policy. I feel boring to open every time from starting 😔😔😔😔😔😔😔😔😔 and too many ads 😞😭😭😭,1,170,6.1,2024-03-05 12:13:25,We regret any inconvenience. Ads are essential to sustain our work. Your understanding is truly appreciated.,2024-03-05 12:42:14,6.1
eb8cbadc-c08f-4723-800b-f63353e3c1ce,A Google user,https://play-lh.googleusercontent.com/EGemoI2NTXmTsBVtJqk8jxF9rh8ApRWfsIMQSt2uE4OcpQqbFu7f7NbTK05lx80nuSijCz7sc3a277R67g,Alhamdullila.,5,0,5.7,2024-03-05 05:18:11,"We're delighted to know that our app met your expectations. Should you have any further suggestions or queries, don't hesitate to write to us at zugarmobility@gmail.com.",2024-03-05 06:27:08,5.7
9d4c82ff-9e77-412a-aefd-23dc17ca4333,A Google user,https://play-lh.googleusercontent.com/EGemoI2NTXmTsBVtJqk8jxF9rh8ApRWfsIMQSt2uE4OcpQqbFu7f7NbTK05lx80nuSijCz7sc3a277R67g,Nice 👍,5,0,6.1,2024-03-05 05:09:00,"We're delighted to know that our app met your expectations. Should you have any further suggestions or queries, don't hesitate to write to us at zugarmobility@gmail.com.",2024-03-05 06:27:09,6.1
b00fe877-b699-46c3-b153-0c6a3504af60,A Google user,https://play-lh.googleusercontent.com/EGemoI2NTXmTsBVtJqk8jxF9rh8ApRWfsIMQSt2uE4OcpQqbFu7f7NbTK05lx80nuSijCz7sc3a277R67g,🤲,4,0,6.0,2024-03-05 00:57:31,,,6.0
105f0e75-6610-4cd4-b336-b2dbcb377f9f,A Google user,https://play-lh.googleusercontent.com/EGemoI2NTXmTsBVtJqk8jxF9rh8ApRWfsIMQSt2uE4OcpQqbFu7f7NbTK05lx80nuSijCz7sc3a277R67g,Very good,5,0,6.0,2024-03-05 00:53:28,"We're delighted to know that our app met your expectations. Should you have any further suggestions or queries, don't hesitate to write to us at zugarmobility@gmail.com.",2024-03-05 02:17:08,6.0
273d4f5e-2a25-4a99-9046-0acadcbb32c2,A Google user,https://play-lh.googleusercontent.com/EGemoI2NTXmTsBVtJqk8jxF9rh8ApRWfsIMQSt2uE4OcpQqbFu7f7NbTK05lx80nuSijCz7sc3a277R67g,Amazing Features and Quran Mashallah,5,0,6.0,2024-03-05 00:49:47,"We're delighted to know that our app met your expectations. Should you have any further suggestions or queries, don't hesitate to write to us at zugarmobility@gmail.com.",2024-03-05 02:17:09,6.0
053573cc-60ca-4800-bcac-c691b34847d8,A Google user,https://play-lh.googleusercontent.com/EGemoI2NTXmTsBVtJqk8jxF9rh8ApRWfsIMQSt2uE4OcpQqbFu7f7NbTK05lx80nuSijCz7sc3a277R67g,Inshallah you give me good direction,5,0,6.0,2024-03-04 23:49:12,"We're delighted to know that our app met your expectations. Should you have any further suggestions or queries, don't hesitate to write to us at zugarmobility@gmail.com.",2024-03-05 00:12:06,6.0
f55bfca6-0561-4212-8f8f-51ecd580acd7,A Google user,https://play-lh.googleusercontent.com/EGemoI2NTXmTsBVtJqk8jxF9rh8ApRWfsIMQSt2uE4OcpQqbFu7f7NbTK05lx80nuSijCz7sc3a277R67g,মাশাল্লাহ,5,0,6.0,2024-03-04 22:38:49,,,6.0
506d82ed-6de2-491f-a1d4-c5bdac6d6145,A Google user,https://play-lh.googleusercontent.com/EGemoI2NTXmTsBVtJqk8jxF9rh8ApRWfsIMQSt2uE4OcpQqbFu7f7NbTK05lx80nuSijCz7sc3a277R67g,"All information related to Islam. This app has been very useful for me. I recommend all Muslim brothers to download this app and take advantage of it. Thank you Abdullah Ughratdar Surrey, Canada",5,7,6.1,2024-03-04 21:31:51,"We're delighted to know that our app met your expectations. Should you have any further suggestions or queries, don't hesitate to write to us at zugarmobility@gmail.com.",2024-03-04 22:07:19,6.1
ca2641c2-4122-46df-999d-10c662477344,A Google user,https://play-lh.googleusercontent.com/EGemoI2NTXmTsBVtJqk8jxF9rh8ApRWfsIMQSt2uE4OcpQqbFu7f7NbTK05lx80nuSijCz7sc3a277R67g,Very nice,5,0,6.0,2024-03-04 19:40:11,"We're delighted to know that our app met your expectations. Should you have any further suggestions or queries, don't hesitate to write to us at zugarmobility@gmail.com.",2024-03-04 22:07:21,6.0
b530dd9f-dcce-45ec-8b6e-ae03806ad92e,A Google user,https://play-lh.googleusercontent.com/EGemoI2NTXmTsBVtJqk8jxF9rh8ApRWfsIMQSt2uE4OcpQqbFu7f7NbTK05lx80nuSijCz7sc3a277R67g,Very good,5,0,,2024-03-04 18:12:40,"We're delighted to know that our app met your expectations. Should you have any further suggestions or queries, don't hesitate to write to us at zugarmobility@gmail.com.",2024-03-04 22:07:27,
6f3be456-7689-464a-95e7-8900d24a955f,A Google user,https://play-lh.googleusercontent.com/EGemoI2NTXmTsBVtJqk8jxF9rh8ApRWfsIMQSt2uE4OcpQqbFu7f7NbTK05lx80nuSijCz7sc3a277R67g,Nice app,5,0,6.1,2024-03-04 16:03:33,"We're delighted to know that our app met your expectations. Should you have any further suggestions or queries, don't hesitate to write to us at zugarmobility@gmail.com.",2024-03-04 17:57:06,6.1
6208b49d-9992-4fdf-9982-3dcbbc1adbad,A Google user,https://play-lh.googleusercontent.com/EGemoI2NTXmTsBVtJqk8jxF9rh8ApRWfsIMQSt2uE4OcpQqbFu7f7NbTK05lx80nuSijCz7sc3a277R67g,Very nice,5,0,6.0,2024-03-04 14:08:05,"We're delighted to know that our app met your expectations. Should you have any further suggestions or queries, don't hesitate to write to us at zugarmobility@gmail.com.",2024-03-04 17:57:09,6.0
0dcc5468-96f1-4d53-ab33-cd65bc2f0116,A Google user,https://play-lh.googleusercontent.com/EGemoI2NTXmTsBVtJqk8jxF9rh8ApRWfsIMQSt2uE4OcpQqbFu7f7NbTK05lx80nuSijCz7sc3a277R67g,Hindi nahe hai,4,0,6.0,2024-03-04 11:17:40,,,6.0
12ea708c-356c-46da-9a39-578af494c88f,A Google user,https://play-lh.googleusercontent.com/EGemoI2NTXmTsBVtJqk8jxF9rh8ApRWfsIMQSt2uE4OcpQqbFu7f7NbTK05lx80nuSijCz7sc3a277R67g,Nice apps,5,0,6.0,2024-03-04 09:06:03,"We're delighted to know that our app met your expectations. Should you have any further suggestions or queries, don't hesitate to write to us at zugarmobility@gmail.com.",2024-03-04 11:42:11,6.0
331ebc8d-aa37-4808-800f-c5b0c501f0f3,A Google user,https://play-lh.googleusercontent.com/EGemoI2NTXmTsBVtJqk8jxF9rh8ApRWfsIMQSt2uE4OcpQqbFu7f7NbTK05lx80nuSijCz7sc3a277R67g,This is good app and i like it!,5,0,6.1,2024-03-04 02:30:56,"We're delighted to know that our app met your expectations. Should you have any further suggestions or queries, don't hesitate to write to us at zugarmobility@gmail.com.",2024-03-04 03:22:10,6.1
aa1a1340-5c41-4470-a405-26ae8435de45,A Google user,https://play-lh.googleusercontent.com/EGemoI2NTXmTsBVtJqk8jxF9rh8ApRWfsIMQSt2uE4OcpQqbFu7f7NbTK05lx80nuSijCz7sc3a277R67g,"Prayer time not accurate, difference one hour.",1,2,6.1,2024-03-04 00:49:00,"We understand your disappointment and are eager to make things right. Help us improve by sharing your suggestions via email at zugarmobility@gmail.com. Rest assured, we're committed to creating a more satisfying experience.",2024-03-04 01:17:07,6.1
5c85156c-a790-4ff8-9fd8-cf0666376d84,A Google user,https://play-lh.googleusercontent.com/EGemoI2NTXmTsBVtJqk8jxF9rh8ApRWfsIMQSt2uE4OcpQqbFu7f7NbTK05lx80nuSijCz7sc3a277R67g,Nice,2,0,6.1,2024-03-04 00:06:40,Happy to know you're liking our app. We strive for excellence and your 5-star rating will boost our spirits!,2024-03-04 01:17:08,6.1
2708e63e-dfea-4fa2-b619-8ab784f9b139,A Google user,https://play-lh.googleusercontent.com/EGemoI2NTXmTsBVtJqk8jxF9rh8ApRWfsIMQSt2uE4OcpQqbFu7f7NbTK05lx80nuSijCz7sc3a277R67g,Abdufatah adaan,5,0,6.0,2024-03-03 22:39:04,,,6.0
13c4615b-4684-4454-9276-f9dbef78fe1b,A Google user,https://play-lh.googleusercontent.com/EGemoI2NTXmTsBVtJqk8jxF9rh8ApRWfsIMQSt2uE4OcpQqbFu7f7NbTK05lx80nuSijCz7sc3a277R67g,Nice,5,0,6.1,2024-03-03 22:34:32,"We're delighted to know that our app met your expectations. Should you have any further suggestions or queries, don't hesitate to write to us at zugarmobility@gmail.com.",2024-03-03 23:12:06,6.1
93a1cd4c-290f-4c50-ab44-cfec8a449ac6,A Google user,https://play-lh.googleusercontent.com/EGemoI2NTXmTsBVtJqk8jxF9rh8ApRWfsIMQSt2uE4OcpQqbFu7f7NbTK05lx80nuSijCz7sc3a277R67g,Great job,5,0,6.1,2024-03-03 20:25:14,"We're delighted to know that our app met your expectations. Should you have any further suggestions or queries, don't hesitate to write to us at zugarmobility@gmail.com.",2024-03-03 21:07:15,6.1
af6010ce-8dd5-4ec4-9e04-fb443d508c2c,A Google user,https://play-lh.googleusercontent.com/EGemoI2NTXmTsBVtJqk8jxF9rh8ApRWfsIMQSt2uE4OcpQqbFu7f7NbTK05lx80nuSijCz7sc3a277R67g,Good,5,0,,2024-03-03 20:04:57,"We're delighted to know that our app met your expectations. Should you have any further suggestions or queries, don't hesitate to write to us at zugarmobility@gmail.com.",2024-03-03 21:07:19,
9d1bcc9a-c8d0-453d-97c3-c585fb3bc333,A Google user,https://play-lh.googleusercontent.com/EGemoI2NTXmTsBVtJqk8jxF9rh8ApRWfsIMQSt2uE4OcpQqbFu7f7NbTK05lx80nuSijCz7sc3a277R67g,best App 👌,5,0,6.0,2024-03-03 19:46:58,"We're delighted to know that our app met your expectations. Should you have any further suggestions or queries, don't hesitate to write to us at zugarmobility@gmail.com.",2024-03-03 21:07:20,6.0
edbec100-19ac-4d9f-af44-fa8c939648a6,A Google user,https://play-lh.googleusercontent.com/EGemoI2NTXmTsBVtJqk8jxF9rh8ApRWfsIMQSt2uE4OcpQqbFu7f7NbTK05lx80nuSijCz7sc3a277R67g,Good,5,0,6.0,2024-03-03 17:03:08,"We're delighted to know that our app met your expectations. Should you have any further suggestions or queries, don't hesitate to write to us at zugarmobility@gmail.com.",2024-03-03 19:02:11,6.0
3e8cb81b-12d9-4f8e-b994-a36ada2cc915,A Google user,https://play-lh.googleusercontent.com/EGemoI2NTXmTsBVtJqk8jxF9rh8ApRWfsIMQSt2uE4OcpQqbFu7f7NbTK05lx80nuSijCz7sc3a277R67g,good,5,0,6.0,2024-03-03 16:23:17,"We're delighted to know that our app met your expectations. Should you have any further suggestions or queries, don't hesitate to write to us at zugarmobility@gmail.com.",2024-03-03 19:02:12,6.0
3fac4b40-5a38-40da-99d6-410da94cf1b6,A Google user,https://play-lh.googleusercontent.com/EGemoI2NTXmTsBVtJqk8jxF9rh8ApRWfsIMQSt2uE4OcpQqbFu7f7NbTK05lx80nuSijCz7sc3a277R67g,Good,5,0,6.1,2024-03-03 15:34:58,"We're delighted to know that our app met your expectations. Should you have any further suggestions or queries, don't hesitate to write to us at zugarmobility@gmail.com.",2024-03-03 19:02:14,6.1
a4ccc925-c82d-41ac-af09-05d54cc17b70,A Google user,https://play-lh.googleusercontent.com/EGemoI2NTXmTsBVtJqk8jxF9rh8ApRWfsIMQSt2uE4OcpQqbFu7f7NbTK05lx80nuSijCz7sc3a277R67g,Great app,4,0,6.0,2024-03-03 13:03:04,Happy to know you're liking our app. We strive for excellence and your 5-star rating will boost our spirits!,2024-03-03 19:02:23,6.0
f8f198fe-d3d0-4d01-b567-4e089f949102,A Google user,https://play-lh.googleusercontent.com/EGemoI2NTXmTsBVtJqk8jxF9rh8ApRWfsIMQSt2uE4OcpQqbFu7f7NbTK05lx80nuSijCz7sc3a277R67g,You didn't Islami free apps honachai,2,0,6.1,2024-03-03 12:43:46,,,6.1
0bdf0b90-a101-48f2-af41-2f1459b5bf86,A Google user,https://play-lh.googleusercontent.com/EGemoI2NTXmTsBVtJqk8jxF9rh8ApRWfsIMQSt2uE4OcpQqbFu7f7NbTK05lx80nuSijCz7sc3a277R67g,"Very good app,,,,but add",5,1,6.1,2024-03-03 06:27:42,"We're delighted to know that our app met your expectations. Should you have any further suggestions or queries, don't hesitate to write to us at zugarmobility@gmail.com.",2024-03-03 06:32:08,6.1
8e026ec8-f406-43ab-88d2-e53486ed456e,A Google user,https://play-lh.googleusercontent.com/EGemoI2NTXmTsBVtJqk8jxF9rh8ApRWfsIMQSt2uE4OcpQqbFu7f7NbTK05lx80nuSijCz7sc3a277R67g,Masha Allah ❤️,5,0,6.0,2024-03-03 04:32:39,,,6.0
6ca0567e-5d7e-4285-8348-7d430eb5126b,A Google user,https://play-lh.googleusercontent.com/EGemoI2NTXmTsBVtJqk8jxF9rh8ApRWfsIMQSt2uE4OcpQqbFu7f7NbTK05lx80nuSijCz7sc3a277R67g,Maashaa Allaah,5,0,6.1,2024-03-03 01:21:33,,,6.1
3977d27d-48b3-4010-be3b-1789bdf0b241,A Google user,https://play-lh.googleusercontent.com/EGemoI2NTXmTsBVtJqk8jxF9rh8ApRWfsIMQSt2uE4OcpQqbFu7f7NbTK05lx80nuSijCz7sc3a277R67g,Very nice zajakalhakhir🌹,5,0,6.0,2024-03-03 01:09:36,"We're delighted to know that our app met your expectations. Should you have any further suggestions or queries, don't hesitate to write to us at zugarmobility@gmail.com.",2024-03-03 04:27:08,6.0
1a21992e-3b32-4777-8f57-958a01832cab,A Google user,https://play-lh.googleusercontent.com/EGemoI2NTXmTsBVtJqk8jxF9rh8ApRWfsIMQSt2uE4OcpQqbFu7f7NbTK05lx80nuSijCz7sc3a277R67g,Lovely apps,5,0,5.8,2024-03-03 00:58:52,"We're delighted to know that our app met your expectations. Should you have any further suggestions or queries, don't hesitate to write to us at zugarmobility@gmail.com.",2024-03-03 04:27:09,5.8
8ab96c38-8f2b-48f9-b037-fd565989dcfe,A Google user,https://play-lh.googleusercontent.com/EGemoI2NTXmTsBVtJqk8jxF9rh8ApRWfsIMQSt2uE4OcpQqbFu7f7NbTK05lx80nuSijCz7sc3a277R67g,Masha Allah,4,0,6.0,2024-03-02 22:32:57,,,6.0
319e4994-ad5b-4083-9cdc-d9c2b24f445f,A Google user,https://play-lh.googleusercontent.com/EGemoI2NTXmTsBVtJqk8jxF9rh8ApRWfsIMQSt2uE4OcpQqbFu7f7NbTK05lx80nuSijCz7sc3a277R67g,alhamdulillah,5,0,5.7,2024-03-02 20:51:49,,,5.7
d767b76d-ae5b-4e21-82b8-96022d2d947f,A Google user,https://play-lh.googleusercontent.com/EGemoI2NTXmTsBVtJqk8jxF9rh8ApRWfsIMQSt2uE4OcpQqbFu7f7NbTK05lx80nuSijCz7sc3a277R67g,Good help,5,0,6.0,2024-03-02 20:17:44,"We're delighted to know that our app met your expectations. Should you have any further suggestions or queries, don't hesitate to write to us at zugarmobility@gmail.com.",2024-03-02 22:12:07,6.0
d7a8f80d-b304-4b1f-904d-6319f3309a13,A Google user,https://play-lh.googleusercontent.com/EGemoI2NTXmTsBVtJqk8jxF9rh8ApRWfsIMQSt2uE4OcpQqbFu7f7NbTK05lx80nuSijCz7sc3a277R67g,nice,5,0,5.6,2024-03-02 18:19:50,"We're delighted to know that our app met your expectations. Should you have any further suggestions or queries, don't hesitate to write to us at zugarmobility@gmail.com.",2024-03-02 20:07:13,5.6
e89e7781-fc7f-4f7d-b854-0fd5acb1a030,A Google user,https://play-lh.googleusercontent.com/EGemoI2NTXmTsBVtJqk8jxF9rh8ApRWfsIMQSt2uE4OcpQqbFu7f7NbTK05lx80nuSijCz7sc3a277R67g,Very very good 😊,5,0,6.1,2024-03-02 15:03:16,"We're delighted to know that our app met your expectations. Should you have any further suggestions or queries, don't hesitate to write to us at zugarmobility@gmail.com.",2024-03-02 15:57:08,6.1
e52671d0-739b-4794-a92e-18f57f44a68a,A Google user,https://play-lh.googleusercontent.com/EGemoI2NTXmTsBVtJqk8jxF9rh8ApRWfsIMQSt2uE4OcpQqbFu7f7NbTK05lx80nuSijCz7sc3a277R67g,Nice app,5,0,6.0,2024-03-02 14:53:52,"We're delighted to know that our app met your expectations. Should you have any further suggestions or queries, don't hesitate to write to us at zugarmobility@gmail.com.",2024-03-02 15:57:09,6.0
5a4eda35-04a7-40e6-b038-b5c35527e12d,A Google user,https://play-lh.googleusercontent.com/EGemoI2NTXmTsBVtJqk8jxF9rh8ApRWfsIMQSt2uE4OcpQqbFu7f7NbTK05lx80nuSijCz7sc3a277R67g,"The app is good but I don't hear Azan when it's time for reminder, so far so good.",4,9,6.1,2024-03-02 12:15:25,Happy to know you're liking our app. We strive for excellence and your 5-star rating will boost our spirits!,2024-03-02 13:52:15,6.1
58d8656c-e4dd-424d-8851-b9da64b679af,A Google user,https://play-lh.googleusercontent.com/EGemoI2NTXmTsBVtJqk8jxF9rh8ApRWfsIMQSt2uE4OcpQqbFu7f7NbTK05lx80nuSijCz7sc3a277R67g,"Alhamdulillah, a great experienced, Ma Sha Allah.",5,0,6.1,2024-03-02 11:12:45,"We're delighted to know that our app met your expectations. Should you have any further suggestions or queries, don't hesitate to write to us at zugarmobility@gmail.com.",2024-03-02 11:47:03,6.1
a7428e67-0f06-45c9-905d-0e221f173247,A Google user,https://play-lh.googleusercontent.com/EGemoI2NTXmTsBVtJqk8jxF9rh8ApRWfsIMQSt2uE4OcpQqbFu7f7NbTK05lx80nuSijCz7sc3a277R67g,good,5,0,6.1,2024-03-02 09:31:12,"We're delighted to know that our app met your expectations. Should you have any further suggestions or queries, don't hesitate to write to us at zugarmobility@gmail.com.",2024-03-02 09:42:14,6.1
04dc8fe7-03ad-4c50-a069-bbed1d28f2ed,A Google user,https://play-lh.googleusercontent.com/EGemoI2NTXmTsBVtJqk8jxF9rh8ApRWfsIMQSt2uE4OcpQqbFu7f7NbTK05lx80nuSijCz7sc3a277R67g,Good one,5,0,5.7,2024-03-02 08:51:24,"We're delighted to know that our app met your expectations. Should you have any further suggestions or queries, don't hesitate to write to us at zugarmobility@gmail.com.",2024-03-02 09:42:17,5.7
f8f87019-9cb6-480c-8265-287162e92548,A Google user,https://play-lh.googleusercontent.com/EGemoI2NTXmTsBVtJqk8jxF9rh8ApRWfsIMQSt2uE4OcpQqbFu7f7NbTK05lx80nuSijCz7sc3a277R67g,nice,5,0,6.0,2024-03-02 07:48:15,"We're delighted to know that our app met your expectations. Should you have any further suggestions or queries, don't hesitate to write to us at zugarmobility@gmail.com.",2024-03-02 09:42:18,6.0
f3443349-62a1-4916-87e5-98a6f30d2682,A Google user,https://play-lh.googleusercontent.com/EGemoI2NTXmTsBVtJqk8jxF9rh8ApRWfsIMQSt2uE4OcpQqbFu7f7NbTK05lx80nuSijCz7sc3a277R67g,Ok,5,0,6.1,2024-03-02 03:44:02,,,6.1
6ec3603a-378f-4228-bcca-8fe94481c4c8,A Google user,https://play-lh.googleusercontent.com/EGemoI2NTXmTsBVtJqk8jxF9rh8ApRWfsIMQSt2uE4OcpQqbFu7f7NbTK05lx80nuSijCz7sc3a277R67g,Nice app,5,0,6.0,2024-03-02 01:32:09,"We're delighted to know that our app met your expectations. Should you have any further suggestions or queries, don't hesitate to write to us at zugarmobility@gmail.com.",2024-03-02 03:27:07,6.0
b26b3065-c424-4fa0-a5c9-71fa354e9ee5,A Google user,https://play-lh.googleusercontent.com/EGemoI2NTXmTsBVtJqk8jxF9rh8ApRWfsIMQSt2uE4OcpQqbFu7f7NbTK05lx80nuSijCz7sc3a277R67g,Nice this is it yes🤩🤩,5,0,6.0,2024-03-01 21:30:56,"We're delighted to know that our app met your expectations. Should you have any further suggestions or queries, don't hesitate to write to us at zugarmobility@gmail.com.",2024-03-01 23:17:05,6.0
1c9e6544-96f4-4e4c-a08b-d8166578df10,A Google user,https://play-lh.googleusercontent.com/EGemoI2NTXmTsBVtJqk8jxF9rh8ApRWfsIMQSt2uE4OcpQqbFu7f7NbTK05lx80nuSijCz7sc3a277R67g,❤️❤️❤️,5,0,6.0,2024-03-01 17:18:11,,,6.0
047bb9ce-0de7-4b3f-b784-3acb9f5369e6,A Google user,https://play-lh.googleusercontent.com/EGemoI2NTXmTsBVtJqk8jxF9rh8ApRWfsIMQSt2uE4OcpQqbFu7f7NbTK05lx80nuSijCz7sc3a277R67g,yes i like app,5,0,6.1,2024-03-01 16:03:19,"We're delighted to know that our app met your expectations. Should you have any further suggestions or queries, don't hesitate to write to us at zugarmobility@gmail.com.",2024-03-01 19:07:14,6.1
91437010-c252-4313-a57e-89b168dc854d,A Google user,https://play-lh.googleusercontent.com/EGemoI2NTXmTsBVtJqk8jxF9rh8ApRWfsIMQSt2uE4OcpQqbFu7f7NbTK05lx80nuSijCz7sc3a277R67g,So good,4,0,6.0,2024-03-01 15:44:39,Happy to know you're liking our app. We strive for excellence and your 5-star rating will boost our spirits!,2024-03-01 19:07:15,6.0
df22211f-0aff-497c-a69c-f21cde6752e8,A Google user,https://play-lh.googleusercontent.com/EGemoI2NTXmTsBVtJqk8jxF9rh8ApRWfsIMQSt2uE4OcpQqbFu7f7NbTK05lx80nuSijCz7sc3a277R67g,Its amazing and soo helpful app for me,5,1,6.1,2024-03-01 08:45:43,"We're delighted to know that our app met your expectations. Should you have any further suggestions or queries, don't hesitate to write to us at zugarmobility@gmail.com.",2024-03-01 12:52:13,6.1
4dea6677-f5de-4ab2-b478-e2a74281efdf,A Google user,https://play-lh.googleusercontent.com/EGemoI2NTXmTsBVtJqk8jxF9rh8ApRWfsIMQSt2uE4OcpQqbFu7f7NbTK05lx80nuSijCz7sc3a277R67g,So good app,5,0,6.1,2024-03-01 01:40:13,"We're delighted to know that our app met your expectations. Should you have any further suggestions or queries, don't hesitate to write to us at zugarmobility@gmail.com.",2024-03-01 02:27:07,6.1
c7d1a331-fbd2-4500-87f0-88be10352cfb,A Google user,https://play-lh.googleusercontent.com/EGemoI2NTXmTsBVtJqk8jxF9rh8ApRWfsIMQSt2uE4OcpQqbFu7f7NbTK05lx80nuSijCz7sc3a277R67g,Good,5,0,6.0,2024-03-01 01:00:38,"We're delighted to know that our app met your expectations. Should you have any further suggestions or queries, don't hesitate to write to us at zugarmobility@gmail.com.",2024-03-01 02:27:08,6.0
3e07f9c1-3ddb-44a6-bf60-7d05726b0897,A Google user,https://play-lh.googleusercontent.com/EGemoI2NTXmTsBVtJqk8jxF9rh8ApRWfsIMQSt2uE4OcpQqbFu7f7NbTK05lx80nuSijCz7sc3a277R67g,it is so helpfully,5,0,6.0,2024-03-01 00:38:57,"We're delighted to know that our app met your expectations. Should you have any further suggestions or queries, don't hesitate to write to us at zugarmobility@gmail.com.",2024-03-01 02:27:09,6.0
17c88dbe-6566-4e12-bcbe-96072d40ba34,A Google user,https://play-lh.googleusercontent.com/EGemoI2NTXmTsBVtJqk8jxF9rh8ApRWfsIMQSt2uE4OcpQqbFu7f7NbTK05lx80nuSijCz7sc3a277R67g,சூப்பர்,5,0,6.0,2024-03-01 00:30:12,"We're delighted to know that our app met your expectations. Should you have any further suggestions or queries, don't hesitate to write to us at zugarmobility@gmail.com.",2024-03-01 02:27:11,6.0
cd5d284f-1e5a-4397-9942-a5953dc40371,A Google user,https://play-lh.googleusercontent.com/EGemoI2NTXmTsBVtJqk8jxF9rh8ApRWfsIMQSt2uE4OcpQqbFu7f7NbTK05lx80nuSijCz7sc3a277R67g,🙏💞,5,0,6.0,2024-02-29 21:46:58,,,6.0
9c29cb01-bbbc-49c4-8798-6eb8eab466a8,A Google user,https://play-lh.googleusercontent.com/EGemoI2NTXmTsBVtJqk8jxF9rh8ApRWfsIMQSt2uE4OcpQqbFu7f7NbTK05lx80nuSijCz7sc3a277R67g,ইনশাআল্লাহ,5,0,6.0,2024-02-29 20:40:51,,,6.0
2240819a-3189-4cfd-8d38-177bf08eadbe,A Google user,https://play-lh.googleusercontent.com/EGemoI2NTXmTsBVtJqk8jxF9rh8ApRWfsIMQSt2uE4OcpQqbFu7f7NbTK05lx80nuSijCz7sc3a277R67g,Good,5,0,6.0,2024-02-29 18:13:00,"We're delighted to know that our app met your expectations. Should you have any further suggestions or queries, don't hesitate to write to us at zugarmobility@gmail.com.",2024-02-29 20:12:16,6.0
f294004f-cb53-4c58-8b02-61b106c67687,A Google user,https://play-lh.googleusercontent.com/EGemoI2NTXmTsBVtJqk8jxF9rh8ApRWfsIMQSt2uE4OcpQqbFu7f7NbTK05lx80nuSijCz7sc3a277R67g,Mashallah,5,0,5.8,2024-02-29 17:33:38,,,5.8
52ab8771-e2f4-42c4-94b6-478f0989ed77,A Google user,https://play-lh.googleusercontent.com/EGemoI2NTXmTsBVtJqk8jxF9rh8ApRWfsIMQSt2uE4OcpQqbFu7f7NbTK05lx80nuSijCz7sc3a277R67g,Very poor app cause if am tap the Quran again the app being to reset,1,0,,2024-02-29 16:59:53,"We understand your disappointment and are eager to make things right. Help us improve by sharing your suggestions via email at zugarmobility@gmail.com. Rest assured, we're committed to creating a more satisfying experience.",2024-02-29 20:12:19,
f4ae1911-6f75-468b-85da-178541846612,A Google user,https://play-lh.googleusercontent.com/EGemoI2NTXmTsBVtJqk8jxF9rh8ApRWfsIMQSt2uE4OcpQqbFu7f7NbTK05lx80nuSijCz7sc3a277R67g,Good,4,0,5.7,2024-02-29 13:24:26,Happy to know you're liking our app. We strive for excellence and your 5-star rating will boost our spirits!,2024-02-29 13:57:07,5.7
2d633d72-9531-4d9c-84e3-f96c9c94ce2e,A Google user,https://play-lh.googleusercontent.com/EGemoI2NTXmTsBVtJqk8jxF9rh8ApRWfsIMQSt2uE4OcpQqbFu7f7NbTK05lx80nuSijCz7sc3a277R67g,Awesome,5,0,5.7,2024-02-29 05:35:38,"We're delighted to know that our app met your expectations. Should you have any further suggestions or queries, don't hesitate to write to us at zugarmobility@gmail.com.",2024-02-29 05:37:08,5.7
45577dbb-3522-4e5f-ac80-57a2d70eba69,A Google user,https://play-lh.googleusercontent.com/EGemoI2NTXmTsBVtJqk8jxF9rh8ApRWfsIMQSt2uE4OcpQqbFu7f7NbTK05lx80nuSijCz7sc3a277R67g,Nice app,5,0,5.7,2024-02-29 05:03:04,"We're delighted to know that our app met your expectations. Should you have any further suggestions or queries, don't hesitate to write to us at zugarmobility@gmail.com.",2024-02-29 05:37:09,5.7
ba868820-9946-4254-a27d-cf40c5bf3869,A Google user,https://play-lh.googleusercontent.com/EGemoI2NTXmTsBVtJqk8jxF9rh8ApRWfsIMQSt2uE4OcpQqbFu7f7NbTK05lx80nuSijCz7sc3a277R67g,salam walakm,5,0,5.7,2024-02-29 03:22:44,,,5.7
ec4f5574-37e4-41f3-b85e-50bc78f1dc67,A Google user,https://play-lh.googleusercontent.com/EGemoI2NTXmTsBVtJqk8jxF9rh8ApRWfsIMQSt2uE4OcpQqbFu7f7NbTK05lx80nuSijCz7sc3a277R67g,Ad is too much please do something,3,1,,2024-02-29 00:40:32,"Your feedback is paramount to us. If you could detail the issue at zugarmobility@gmail.com, we will swiftly take the necessary steps.",2024-02-29 01:27:05,
28fa9bf4-05dc-406f-a612-8b0bfc4776d1,A Google user,https://play-lh.googleusercontent.com/EGemoI2NTXmTsBVtJqk8jxF9rh8ApRWfsIMQSt2uE4OcpQqbFu7f7NbTK05lx80nuSijCz7sc3a277R67g,Great app,5,0,5.8,2024-02-28 22:14:29,"We're delighted to know that our app met your expectations. Should you have any further suggestions or queries, don't hesitate to write to us at zugarmobility@gmail.com.",2024-02-28 23:22:59,5.8
f88e09c9-8302-4dcb-a123-9ad077da933d,A Google user,https://play-lh.googleusercontent.com/EGemoI2NTXmTsBVtJqk8jxF9rh8ApRWfsIMQSt2uE4OcpQqbFu7f7NbTK05lx80nuSijCz7sc3a277R67g,Good app,5,0,5.8,2024-02-28 19:32:35,"We're delighted to know that our app met your expectations. Should you have any further suggestions or queries, don't hesitate to write to us at zugarmobility@gmail.com.",2024-02-28 21:17:11,5.8
68722a74-b7ea-4366-ba40-04fc59c26642,A Google user,https://play-lh.googleusercontent.com/EGemoI2NTXmTsBVtJqk8jxF9rh8ApRWfsIMQSt2uE4OcpQqbFu7f7NbTK05lx80nuSijCz7sc3a277R67g,Good,5,0,5.7,2024-02-28 18:30:55,"We're delighted to know that our app met your expectations. Should you have any further suggestions or queries, don't hesitate to write to us at zugarmobility@gmail.com.",2024-02-28 19:12:08,5.7
cd84ab91-c3e5-4379-a085-88ec9fd218b1,A Google user,https://play-lh.googleusercontent.com/EGemoI2NTXmTsBVtJqk8jxF9rh8ApRWfsIMQSt2uE4OcpQqbFu7f7NbTK05lx80nuSijCz7sc3a277R67g,Very good الحمدلله لله,5,0,5.7,2024-02-28 17:21:38,"We're delighted to know that our app met your expectations. Should you have any further suggestions or queries, don't hesitate to write to us at zugarmobility@gmail.com.",2024-02-28 19:12:10,5.7
802185b5-8ffc-437d-b7da-d54f611b3f89,A Google user,https://play-lh.googleusercontent.com/EGemoI2NTXmTsBVtJqk8jxF9rh8ApRWfsIMQSt2uE4OcpQqbFu7f7NbTK05lx80nuSijCz7sc3a277R67g,👍👍👍👍👍👍👍👍👍,5,0,5.7,2024-02-28 15:57:52,,,5.7
875f734c-3ad1-4037-9fd0-37454d04018e,A Google user,https://play-lh.googleusercontent.com/EGemoI2NTXmTsBVtJqk8jxF9rh8ApRWfsIMQSt2uE4OcpQqbFu7f7NbTK05lx80nuSijCz7sc3a277R67g,Good,1,0,5.8,2024-02-28 11:35:47,Happy to know you're liking our app. We strive for excellence and your 5-star rating will boost our spirits!,2024-02-28 12:57:06,5.8
7a38ffad-11af-4894-9285-c73140caef35,A Google user,https://play-lh.googleusercontent.com/EGemoI2NTXmTsBVtJqk8jxF9rh8ApRWfsIMQSt2uE4OcpQqbFu7f7NbTK05lx80nuSijCz7sc3a277R67g,🥰🥰🥰,5,0,5.8,2024-02-28 10:18:14,,,5.8
00812bf3-2928-42e8-9c2f-dc237c810e72,A Google user,https://play-lh.googleusercontent.com/EGemoI2NTXmTsBVtJqk8jxF9rh8ApRWfsIMQSt2uE4OcpQqbFu7f7NbTK05lx80nuSijCz7sc3a277R67g,শিখার মধ্যে একটা অ্যাপস,5,0,5.7,2024-02-28 09:24:16,,,5.7
16cb8e6f-0077-4d31-abf7-1d807380975c,A Google user,https://play-lh.googleusercontent.com/EGemoI2NTXmTsBVtJqk8jxF9rh8ApRWfsIMQSt2uE4OcpQqbFu7f7NbTK05lx80nuSijCz7sc3a277R67g,Simply superb.,5,0,5.7,2024-02-28 02:26:35,"We're delighted to know that our app met your expectations. Should you have any further suggestions or queries, don't hesitate to write to us at zugarmobility@gmail.com.",2024-02-28 02:32:07,5.7
cb26ccdb-1b9b-4e27-bf17-9a789389a12f,A Google user,https://play-lh.googleusercontent.com/EGemoI2NTXmTsBVtJqk8jxF9rh8ApRWfsIMQSt2uE4OcpQqbFu7f7NbTK05lx80nuSijCz7sc3a277R67g,Masha Allah ❤️,5,0,5.7,2024-02-28 02:09:37,,,5.7
a8987481-ccf4-4c2e-8bcd-2ba5a365d289,A Google user,https://play-lh.googleusercontent.com/EGemoI2NTXmTsBVtJqk8jxF9rh8ApRWfsIMQSt2uE4OcpQqbFu7f7NbTK05lx80nuSijCz7sc3a277R67g,Nice,5,0,5.8,2024-02-28 00:52:57,"We're delighted to know that our app met your expectations. Should you have any further suggestions or queries, don't hesitate to write to us at zugarmobility@gmail.com.",2024-02-18 18:31:23,5.8
58399dd3-3bef-4939-97d8-baa5bed9d0b2,A Google user,https://play-lh.googleusercontent.com/EGemoI2NTXmTsBVtJqk8jxF9rh8ApRWfsIMQSt2uE4OcpQqbFu7f7NbTK05lx80nuSijCz7sc3a277R67g,Beriye good,5,0,5.8,2024-02-28 00:27:29,"We're delighted to know that our app met your expectations. Should you have any further suggestions or queries, don't hesitate to write to us at zugarmobility@gmail.com.",2024-02-28 02:32:09,5.8
740c04be-bfaa-489b-8af0-4a71f01e52f5,A Google user,https://play-lh.googleusercontent.com/EGemoI2NTXmTsBVtJqk8jxF9rh8ApRWfsIMQSt2uE4OcpQqbFu7f7NbTK05lx80nuSijCz7sc3a277R67g,Good one,5,0,5.7,2024-02-27 20:28:29,"We're delighted to know that our app met your expectations. Should you have any further suggestions or queries, don't hesitate to write to us at zugarmobility@gmail.com.",2024-02-28 00:27:14,5.7
fbc1b87f-40e7-44d8-ba32-376687043c5e,A Google user,https://play-lh.googleusercontent.com/EGemoI2NTXmTsBVtJqk8jxF9rh8ApRWfsIMQSt2uE4OcpQqbFu7f7NbTK05lx80nuSijCz7sc3a277R67g,Good for prayer time...thank you...,4,0,5.8,2024-02-27 19:22:52,Happy to know you're liking our app. We strive for excellence and your 5-star rating will boost our spirits!,2024-02-27 20:17:07,5.8
e1491c60-334c-452e-a373-a5713e2d2238,A Google user,https://play-lh.googleusercontent.com/EGemoI2NTXmTsBVtJqk8jxF9rh8ApRWfsIMQSt2uE4OcpQqbFu7f7NbTK05lx80nuSijCz7sc3a277R67g,Nice,5,0,5.8,2024-02-27 19:09:22,"We're delighted to know that our app met your expectations. Should you have any further suggestions or queries, don't hesitate to write to us at zugarmobility@gmail.com.",2024-02-27 20:17:09,5.8
dd3b2e8c-41f7-4faf-a509-0d1b3ac03e25,A Google user,https://play-lh.googleusercontent.com/EGemoI2NTXmTsBVtJqk8jxF9rh8ApRWfsIMQSt2uE4OcpQqbFu7f7NbTK05lx80nuSijCz7sc3a277R67g,Good Please Bangla Translate,5,0,5.8,2024-02-27 18:53:19,"We're delighted to know that our app met your expectations. Should you have any further suggestions or queries, don't hesitate to write to us at zugarmobility@gmail.com.",2024-02-27 20:17:10,5.8
06877a66-fc9b-46f8-8244-fbb0c1556649,A Google user,https://play-lh.googleusercontent.com/EGemoI2NTXmTsBVtJqk8jxF9rh8ApRWfsIMQSt2uE4OcpQqbFu7f7NbTK05lx80nuSijCz7sc3a277R67g,Nices,5,0,5.7,2024-02-27 18:01:58,"We're delighted to know that our app met your expectations. Should you have any further suggestions or queries, don't hesitate to write to us at zugarmobility@gmail.com.",2024-02-27 18:12:07,5.7
2f156fbf-efca-4e2d-9aaf-efaf7a77bf29,A Google user,https://play-lh.googleusercontent.com/EGemoI2NTXmTsBVtJqk8jxF9rh8ApRWfsIMQSt2uE4OcpQqbFu7f7NbTK05lx80nuSijCz7sc3a277R67g,masalla,5,0,5.8,2024-02-27 14:13:25,,,5.8
0e95f219-0187-4f6b-8a1b-f51e03208023,A Google user,https://play-lh.googleusercontent.com/EGemoI2NTXmTsBVtJqk8jxF9rh8ApRWfsIMQSt2uE4OcpQqbFu7f7NbTK05lx80nuSijCz7sc3a277R67g,All muslims should have dis app is perfect.,5,0,5.8,2024-02-27 14:03:19,"We're delighted to know that our app met your expectations. Should you have any further suggestions or queries, don't hesitate to write to us at zugarmobility@gmail.com.",2024-02-27 16:07:10,5.8
312b02ba-5a2c-4ba0-8476-f2f034d2665e,A Google user,https://play-lh.googleusercontent.com/EGemoI2NTXmTsBVtJqk8jxF9rh8ApRWfsIMQSt2uE4OcpQqbFu7f7NbTK05lx80nuSijCz7sc3a277R67g,Good,5,0,5.8,2024-02-27 11:06:19,"We're delighted to know that our app met your expectations. Should you have any further suggestions or queries, don't hesitate to write to us at zugarmobility@gmail.com.",2024-02-27 11:57:06,5.8
46c046b0-0171-458f-beb1-674fabd7f5ab,A Google user,https://play-lh.googleusercontent.com/EGemoI2NTXmTsBVtJqk8jxF9rh8ApRWfsIMQSt2uE4OcpQqbFu7f7NbTK05lx80nuSijCz7sc3a277R67g,"আলহামদুলিল্লাহ, অনেক সুন্দর একটা অ্যাপস",5,0,5.8,2024-02-27 10:12:22,"We're delighted to know that our app met your expectations. Should you have any further suggestions or queries, don't hesitate to write to us at zugarmobility@gmail.com.",2024-02-27 11:57:07,5.8
5d17dab0-1fac-46b7-a605-dbeed5253348,A Google user,https://play-lh.googleusercontent.com/EGemoI2NTXmTsBVtJqk8jxF9rh8ApRWfsIMQSt2uE4OcpQqbFu7f7NbTK05lx80nuSijCz7sc3a277R67g,Great,5,0,5.7,2024-02-27 08:57:53,"We're delighted to know that our app met your expectations. Should you have any further suggestions or queries, don't hesitate to write to us at zugarmobility@gmail.com.",2024-02-27 09:52:13,5.7
887f74c4-c4df-4a61-b75a-783bb3080409,A Google user,https://play-lh.googleusercontent.com/EGemoI2NTXmTsBVtJqk8jxF9rh8ApRWfsIMQSt2uE4OcpQqbFu7f7NbTK05lx80nuSijCz7sc3a277R67g,Amazing 😍😍😍😍😍,4,0,5.7,2024-02-27 08:19:07,Happy to know you're liking our app. We strive for excellence and your 5-star rating will boost our spirits!,2024-02-27 09:52:14,5.7
8cb4b876-8876-47f9-b456-9886b11f7beb,A Google user,https://play-lh.googleusercontent.com/EGemoI2NTXmTsBVtJqk8jxF9rh8ApRWfsIMQSt2uE4OcpQqbFu7f7NbTK05lx80nuSijCz7sc3a277R67g,Excellent,5,0,5.7,2024-02-27 07:50:19,"We're delighted to know that our app met your expectations. Should you have any further suggestions or queries, don't hesitate to write to us at zugarmobility@gmail.com.",2024-02-27 09:52:15,5.7
866c420c-6b78-44d2-ab11-06ba4cee28fa,A Google user,https://play-lh.googleusercontent.com/EGemoI2NTXmTsBVtJqk8jxF9rh8ApRWfsIMQSt2uE4OcpQqbFu7f7NbTK05lx80nuSijCz7sc3a277R67g,Excellent app,5,2,5.8,2024-02-27 03:21:37,"We're delighted to know that our app met your expectations. Should you have any further suggestions or queries, don't hesitate to write to us at zugarmobility@gmail.com.",2024-02-27 03:37:08,5.8
d0a083dd-9dda-490f-8184-d2f56deacb1d,A Google user,https://play-lh.googleusercontent.com/EGemoI2NTXmTsBVtJqk8jxF9rh8ApRWfsIMQSt2uE4OcpQqbFu7f7NbTK05lx80nuSijCz7sc3a277R67g,Sukran,5,0,5.8,2024-02-27 02:48:11,,,5.8
55d8ee3e-480c-4fc3-8101-428b2fb94c3b,A Google user,https://play-lh.googleusercontent.com/EGemoI2NTXmTsBVtJqk8jxF9rh8ApRWfsIMQSt2uE4OcpQqbFu7f7NbTK05lx80nuSijCz7sc3a277R67g,নাইস,5,0,5.8,2024-02-26 22:16:29,"We're delighted to know that our app met your expectations. Should you have any further suggestions or queries, don't hesitate to write to us at zugarmobility@gmail.com.",2024-02-26 23:27:06,5.8
c9354a78-2a05-4d7e-88a8-a2abb3d32a20,A Google user,https://play-lh.googleusercontent.com/EGemoI2NTXmTsBVtJqk8jxF9rh8ApRWfsIMQSt2uE4OcpQqbFu7f7NbTK05lx80nuSijCz7sc3a277R67g,Good,5,0,5.7,2024-02-26 22:07:58,"We're delighted to know that our app met your expectations. Should you have any further suggestions or queries, don't hesitate to write to us at zugarmobility@gmail.com.",2024-02-26 23:27:07,5.7
a6ed9539-d1f9-4d2c-831c-95e2ad3d7048,A Google user,https://play-lh.googleusercontent.com/EGemoI2NTXmTsBVtJqk8jxF9rh8ApRWfsIMQSt2uE4OcpQqbFu7f7NbTK05lx80nuSijCz7sc3a277R67g,महासा Allah,5,0,5.7,2024-02-26 19:39:36,,,5.7
5239b765-7751-43a5-bbb7-816737d275bc,A Google user,https://play-lh.googleusercontent.com/EGemoI2NTXmTsBVtJqk8jxF9rh8ApRWfsIMQSt2uE4OcpQqbFu7f7NbTK05lx80nuSijCz7sc3a277R67g,Excellent performance,5,0,,2024-02-26 17:06:57,"We're delighted to know that our app met your expectations. Should you have any further suggestions or queries, don't hesitate to write to us at zugarmobility@gmail.com.",2024-02-26 17:12:08,
4494a3b6-d60c-4d6f-a039-59444c112d98,A Google user,https://play-lh.googleusercontent.com/EGemoI2NTXmTsBVtJqk8jxF9rh8ApRWfsIMQSt2uE4OcpQqbFu7f7NbTK05lx80nuSijCz7sc3a277R67g,Bad,1,0,,2024-02-26 16:35:30,"We understand your disappointment and are eager to make things right. Help us improve by sharing your suggestions via email at zugarmobility@gmail.com. Rest assured, we're committed to creating a more satisfying experience.",2024-02-26 17:12:11,
79a8103f-f07a-4532-b41f-f86ce8fbe625,A Google user,https://play-lh.googleusercontent.com/EGemoI2NTXmTsBVtJqk8jxF9rh8ApRWfsIMQSt2uE4OcpQqbFu7f7NbTK05lx80nuSijCz7sc3a277R67g,Good,5,0,5.7,2024-02-26 15:32:13,"We're delighted to know that our app met your expectations. Should you have any further suggestions or queries, don't hesitate to write to us at zugarmobility@gmail.com.",2024-02-26 17:12:15,5.7
b07366b1-caba-4483-91c7-a5d28d844a59,A Google user,https://play-lh.googleusercontent.com/EGemoI2NTXmTsBVtJqk8jxF9rh8ApRWfsIMQSt2uE4OcpQqbFu7f7NbTK05lx80nuSijCz7sc3a277R67g,Good,5,0,5.8,2024-02-26 12:00:58,"We're delighted to know that our app met your expectations. Should you have any further suggestions or queries, don't hesitate to write to us at zugarmobility@gmail.com.",2024-02-26 13:02:11,5.8
ac8532ba-4172-4459-bde8-6b8ff54d1f96,A Google user,https://play-lh.googleusercontent.com/EGemoI2NTXmTsBVtJqk8jxF9rh8ApRWfsIMQSt2uE4OcpQqbFu7f7NbTK05lx80nuSijCz7sc3a277R67g,Nice,5,0,5.6,2024-02-26 05:36:05,"We're delighted to know that our app met your expectations. Should you have any further suggestions or queries, don't hesitate to write to us at zugarmobility@gmail.com.",2024-02-26 06:47:04,5.6
3fe03466-7488-4c08-a1ec-d8f91d44b173,A Google user,https://play-lh.googleusercontent.com/EGemoI2NTXmTsBVtJqk8jxF9rh8ApRWfsIMQSt2uE4OcpQqbFu7f7NbTK05lx80nuSijCz7sc3a277R67g,Very good app thanks jazakAllah,5,0,5.7,2024-02-26 04:15:40,"We're delighted to know that our app met your expectations. Should you have any further suggestions or queries, don't hesitate to write to us at zugarmobility@gmail.com.",2024-02-26 04:42:09,5.7
4487d0a3-1285-424b-a9f3-bf7b3cf1a0bc,A Google user,https://play-lh.googleusercontent.com/EGemoI2NTXmTsBVtJqk8jxF9rh8ApRWfsIMQSt2uE4OcpQqbFu7f7NbTK05lx80nuSijCz7sc3a277R67g,Nice,5,0,5.8,2024-02-26 02:52:41,"We're delighted to know that our app met your expectations. Should you have any further suggestions or queries, don't hesitate to write to us at zugarmobility@gmail.com.",2024-02-26 04:42:12,5.8
d6eb4c64-8cf1-488c-a6d7-6e8db2019f26,A Google user,https://play-lh.googleusercontent.com/EGemoI2NTXmTsBVtJqk8jxF9rh8ApRWfsIMQSt2uE4OcpQqbFu7f7NbTK05lx80nuSijCz7sc3a277R67g,Good,4,0,5.8,2024-02-26 01:46:16,Happy to know you're liking our app. We strive for excellence and your 5-star rating will boost our spirits!,2024-02-26 02:37:09,5.8
ed90c02d-05ee-4aec-b034-21bbcd68a8ac,A Google user,https://play-lh.googleusercontent.com/EGemoI2NTXmTsBVtJqk8jxF9rh8ApRWfsIMQSt2uE4OcpQqbFu7f7NbTK05lx80nuSijCz7sc3a277R67g,Good experience,5,0,5.7,2024-02-26 00:52:30,"We're delighted to know that our app met your expectations. Should you have any further suggestions or queries, don't hesitate to write to us at zugarmobility@gmail.com.",2024-02-26 02:37:11,5.7
a855bbf8-87bf-4d3b-875d-f007c9ea1b19,A Google user,https://play-lh.googleusercontent.com/EGemoI2NTXmTsBVtJqk8jxF9rh8ApRWfsIMQSt2uE4OcpQqbFu7f7NbTK05lx80nuSijCz7sc3a277R67g,very nice 🤲🤲🤲❤️❤️❤️,5,0,5.7,2024-02-26 00:15:00,"We're delighted to know that our app met your expectations. Should you have any further suggestions or queries, don't hesitate to write to us at zugarmobility@gmail.com.",2024-02-26 00:32:08,5.7
d106a966-2982-497f-b347-68b705cdc88f,A Google user,https://play-lh.googleusercontent.com/EGemoI2NTXmTsBVtJqk8jxF9rh8ApRWfsIMQSt2uE4OcpQqbFu7f7NbTK05lx80nuSijCz7sc3a277R67g,nice,5,0,5.7,2024-02-25 23:44:03,"We're delighted to know that our app met your expectations. Should you have any further suggestions or queries, don't hesitate to write to us at zugarmobility@gmail.com.",2024-02-26 00:32:09,5.7
a7e0f17d-beec-4aa3-a9b9-115e4a4ed1bb,A Google user,https://play-lh.googleusercontent.com/EGemoI2NTXmTsBVtJqk8jxF9rh8ApRWfsIMQSt2uE4OcpQqbFu7f7NbTK05lx80nuSijCz7sc3a277R67g,Very nice apps Wow,2,0,5.7,2024-02-25 22:40:21,Happy to know you're liking our app. We strive for excellence and your 5-star rating will boost our spirits!,2024-02-26 00:32:10,5.7
002b3da6-fbbe-4a1b-b9f8-971f2666cc5b,A Google user,https://play-lh.googleusercontent.com/EGemoI2NTXmTsBVtJqk8jxF9rh8ApRWfsIMQSt2uE4OcpQqbFu7f7NbTK05lx80nuSijCz7sc3a277R67g,Ma sha allah.good apps,5,0,5.6,2024-02-25 21:22:08,"We're delighted to know that our app met your expectations. Should you have any further suggestions or queries, don't hesitate to write to us at zugarmobility@gmail.com.",2024-02-25 22:27:04,5.6
0212e696-f2d8-47cb-b61a-0015c471bab9,A Google user,https://play-lh.googleusercontent.com/EGemoI2NTXmTsBVtJqk8jxF9rh8ApRWfsIMQSt2uE4OcpQqbFu7f7NbTK05lx80nuSijCz7sc3a277R67g,Nice app,5,0,5.7,2024-02-25 18:31:37,"We're delighted to know that our app met your expectations. Should you have any further suggestions or queries, don't hesitate to write to us at zugarmobility@gmail.com.",2024-02-25 22:27:05,5.7
1c10ea25-56db-4976-bf24-9ca02a5a6665,A Google user,https://play-lh.googleusercontent.com/EGemoI2NTXmTsBVtJqk8jxF9rh8ApRWfsIMQSt2uE4OcpQqbFu7f7NbTK05lx80nuSijCz7sc3a277R67g,Excellent,5,0,5.7,2024-02-25 17:43:42,"We're delighted to know that our app met your expectations. Should you have any further suggestions or queries, don't hesitate to write to us at zugarmobility@gmail.com.",2024-02-25 18:17:05,5.7
7f861a0c-c54b-4b9d-84c8-18fcb175b19a,A Google user,https://play-lh.googleusercontent.com/EGemoI2NTXmTsBVtJqk8jxF9rh8ApRWfsIMQSt2uE4OcpQqbFu7f7NbTK05lx80nuSijCz7sc3a277R67g,Very nice application,5,0,5.8,2024-02-25 15:34:03,"We're delighted to know that our app met your expectations. Should you have any further suggestions or queries, don't hesitate to write to us at zugarmobility@gmail.com.",2024-02-25 16:12:07,5.8
d953e359-1420-49e5-afdd-3f32acb6f4be,A Google user,https://play-lh.googleusercontent.com/EGemoI2NTXmTsBVtJqk8jxF9rh8ApRWfsIMQSt2uE4OcpQqbFu7f7NbTK05lx80nuSijCz7sc3a277R67g,Hedayet,5,0,5.8,2024-02-25 06:26:05,,,5.8
cfd7342d-2477-40d9-878e-66efab57815b,A Google user,https://play-lh.googleusercontent.com/EGemoI2NTXmTsBVtJqk8jxF9rh8ApRWfsIMQSt2uE4OcpQqbFu7f7NbTK05lx80nuSijCz7sc3a277R67g,Mashallah subaan aalah,5,0,5.8,2024-02-25 04:36:54,,,5.8
fb912e27-6241-4f72-ad2a-91d292f16534,A Google user,https://play-lh.googleusercontent.com/EGemoI2NTXmTsBVtJqk8jxF9rh8ApRWfsIMQSt2uE4OcpQqbFu7f7NbTK05lx80nuSijCz7sc3a277R67g,Mast,5,0,5.7,2024-02-25 04:03:01,,,5.7
e4618e9c-f554-44ef-a545-5d0650f3b61e,A Google user,https://play-lh.googleusercontent.com/EGemoI2NTXmTsBVtJqk8jxF9rh8ApRWfsIMQSt2uE4OcpQqbFu7f7NbTK05lx80nuSijCz7sc3a277R67g,Good,5,0,5.8,2024-02-25 01:34:43,"We're delighted to know that our app met your expectations. Should you have any further suggestions or queries, don't hesitate to write to us at zugarmobility@gmail.com.",2024-02-25 01:37:13,5.8
0feff31c-6308-4844-ba64-3d3adafd3b6b,A Google user,https://play-lh.googleusercontent.com/EGemoI2NTXmTsBVtJqk8jxF9rh8ApRWfsIMQSt2uE4OcpQqbFu7f7NbTK05lx80nuSijCz7sc3a277R67g,Good apps,5,0,5.7,2024-02-25 00:49:17,"We're delighted to know that our app met your expectations. Should you have any further suggestions or queries, don't hesitate to write to us at zugarmobility@gmail.com.",2024-02-25 01:37:16,5.7
f50d8fe0-2790-4c3a-9f8e-1546f1ff8db9,A Google user,https://play-lh.googleusercontent.com/EGemoI2NTXmTsBVtJqk8jxF9rh8ApRWfsIMQSt2uE4OcpQqbFu7f7NbTK05lx80nuSijCz7sc3a277R67g,Verry verry nice 🙂,5,0,5.7,2024-02-24 22:48:01,"We're delighted to know that our app met your expectations. Should you have any further suggestions or queries, don't hesitate to write to us at zugarmobility@gmail.com.",2024-02-24 23:32:07,5.7
aa045d0b-fb2f-4fda-b79c-aa7ad955d775,A Google user,https://play-lh.googleusercontent.com/EGemoI2NTXmTsBVtJqk8jxF9rh8ApRWfsIMQSt2uE4OcpQqbFu7f7NbTK05lx80nuSijCz7sc3a277R67g,Ok,5,0,5.7,2024-02-24 22:15:01,,,5.7
c6fbb4e9-38c9-4807-abef-1a7478108090,A Google user,https://play-lh.googleusercontent.com/EGemoI2NTXmTsBVtJqk8jxF9rh8ApRWfsIMQSt2uE4OcpQqbFu7f7NbTK05lx80nuSijCz7sc3a277R67g,Alhamdulillah it’s good,5,0,5.8,2024-02-24 19:38:16,"We're delighted to know that our app met your expectations. Should you have any further suggestions or queries, don't hesitate to write to us at zugarmobility@gmail.com.",2024-02-24 21:27:10,5.8
d40ec85d-487b-4729-bec9-b0b10072f23c,A Google user,https://play-lh.googleusercontent.com/EGemoI2NTXmTsBVtJqk8jxF9rh8ApRWfsIMQSt2uE4OcpQqbFu7f7NbTK05lx80nuSijCz7sc3a277R67g,Many languages can be used... 👍,5,0,5.8,2024-02-24 17:41:07,,,5.8
5daced0d-f1ad-4d91-8176-ed38f2b1555c,A Google user,https://play-lh.googleusercontent.com/EGemoI2NTXmTsBVtJqk8jxF9rh8ApRWfsIMQSt2uE4OcpQqbFu7f7NbTK05lx80nuSijCz7sc3a277R67g,Good,5,0,5.8,2024-02-24 11:08:11,"We're delighted to know that our app met your expectations. Should you have any further suggestions or queries, don't hesitate to write to us at zugarmobility@gmail.com.",2024-02-24 15:12:12,5.8
866c63cc-d6a0-40c0-b7da-52ff52dcc490,A Google user,https://play-lh.googleusercontent.com/EGemoI2NTXmTsBVtJqk8jxF9rh8ApRWfsIMQSt2uE4OcpQqbFu7f7NbTK05lx80nuSijCz7sc3a277R67g,Very good,5,0,5.8,2024-02-24 10:45:22,"We're delighted to know that our app met your expectations. Should you have any further suggestions or queries, don't hesitate to write to us at zugarmobility@gmail.com.",2024-02-24 11:02:26,5.8
51c1ef81-5a93-43ed-9c88-93609c198b8e,A Google user,https://play-lh.googleusercontent.com/EGemoI2NTXmTsBVtJqk8jxF9rh8ApRWfsIMQSt2uE4OcpQqbFu7f7NbTK05lx80nuSijCz7sc3a277R67g,Good,5,0,5.7,2024-02-24 10:01:23,"We're delighted to know that our app met your expectations. Should you have any further suggestions or queries, don't hesitate to write to us at zugarmobility@gmail.com.",2024-02-24 11:02:27,5.7
34d08a4f-d512-42f9-83d5-a614600b2b79,A Google user,https://play-lh.googleusercontent.com/EGemoI2NTXmTsBVtJqk8jxF9rh8ApRWfsIMQSt2uE4OcpQqbFu7f7NbTK05lx80nuSijCz7sc3a277R67g,👌,5,0,5.8,2024-02-24 09:07:10,,,5.8
fedc1178-2970-480a-9723-ae5cab103129,A Google user,https://play-lh.googleusercontent.com/EGemoI2NTXmTsBVtJqk8jxF9rh8ApRWfsIMQSt2uE4OcpQqbFu7f7NbTK05lx80nuSijCz7sc3a277R67g,Nice a app,5,0,5.8,2024-02-24 06:31:45,"We're delighted to know that our app met your expectations. Should you have any further suggestions or queries, don't hesitate to write to us at zugarmobility@gmail.com.",2024-02-24 08:57:05,5.8
4f41d3e3-ff54-4478-a356-ef9dd88d7172,A Google user,https://play-lh.googleusercontent.com/EGemoI2NTXmTsBVtJqk8jxF9rh8ApRWfsIMQSt2uE4OcpQqbFu7f7NbTK05lx80nuSijCz7sc3a277R67g,Good,5,0,5.8,2024-02-24 05:30:20,"We're delighted to know that our app met your expectations. Should you have any further suggestions or queries, don't hesitate to write to us at zugarmobility@gmail.com.",2024-02-24 08:57:07,5.8
b7913d20-0867-4706-a22f-65fe56b3da81,A Google user,https://play-lh.googleusercontent.com/EGemoI2NTXmTsBVtJqk8jxF9rh8ApRWfsIMQSt2uE4OcpQqbFu7f7NbTK05lx80nuSijCz7sc3a277R67g,Mashallah,5,0,5.7,2024-02-24 03:07:54,,,5.7
1582e9be-c6fe-4f05-b61d-76b8629e52b9,A Google user,https://play-lh.googleusercontent.com/EGemoI2NTXmTsBVtJqk8jxF9rh8ApRWfsIMQSt2uE4OcpQqbFu7f7NbTK05lx80nuSijCz7sc3a277R67g,Alhamdulillah,5,0,,2024-02-24 00:31:11,,,
372b7679-71b5-457c-8bd0-a0574747c69e,A Google user,https://play-lh.googleusercontent.com/EGemoI2NTXmTsBVtJqk8jxF9rh8ApRWfsIMQSt2uE4OcpQqbFu7f7NbTK05lx80nuSijCz7sc3a277R67g,helpfull,1,0,5.7,2024-02-23 15:22:17,Happy to know you're liking our app. We strive for excellence and your 5-star rating will boost our spirits!,2024-02-23 17:16:27,5.7
3a727084-9e2f-4ec6-aa3f-39e7424771df,A Google user,https://play-lh.googleusercontent.com/EGemoI2NTXmTsBVtJqk8jxF9rh8ApRWfsIMQSt2uE4OcpQqbFu7f7NbTK05lx80nuSijCz7sc3a277R67g,Nice,1,0,5.8,2024-02-23 13:54:11,Happy to know you're liking our app. We strive for excellence and your 5-star rating will boost our spirits!,2024-02-23 15:11:27,5.8
e8d661a9-191d-4236-b237-e7c6c6451a20,A Google user,https://play-lh.googleusercontent.com/EGemoI2NTXmTsBVtJqk8jxF9rh8ApRWfsIMQSt2uE4OcpQqbFu7f7NbTK05lx80nuSijCz7sc3a277R67g,Mashallah,5,0,5.8,2024-02-23 08:10:15,,,5.8
89d9794b-ef69-4434-8bb7-42afbb1c269b,A Google user,https://play-lh.googleusercontent.com/EGemoI2NTXmTsBVtJqk8jxF9rh8ApRWfsIMQSt2uE4OcpQqbFu7f7NbTK05lx80nuSijCz7sc3a277R67g,Very nice,5,0,5.8,2024-02-22 20:12:35,"We're delighted to know that our app met your expectations. Should you have any further suggestions or queries, don't hesitate to write to us at zugarmobility@gmail.com.",2024-02-22 20:27:47,5.8
9e3685ef-9eff-485f-be62-9334ae9e3f6e,A Google user,https://play-lh.googleusercontent.com/EGemoI2NTXmTsBVtJqk8jxF9rh8ApRWfsIMQSt2uE4OcpQqbFu7f7NbTK05lx80nuSijCz7sc3a277R67g,Very nice,5,0,5.8,2024-02-22 19:16:52,"We're delighted to know that our app met your expectations. Should you have any further suggestions or queries, don't hesitate to write to us at zugarmobility@gmail.com.",2024-02-22 20:27:48,5.8
5375c2be-c818-4b0c-b3e5-311e7610b37c,A Google user,https://play-lh.googleusercontent.com/EGemoI2NTXmTsBVtJqk8jxF9rh8ApRWfsIMQSt2uE4OcpQqbFu7f7NbTK05lx80nuSijCz7sc3a277R67g,মাশাআল্লাহ,5,0,5.7,2024-02-22 15:16:22,,,5.7
4ccfc04a-009e-4c09-ab1d-aae796677a26,A Google user,https://play-lh.googleusercontent.com/EGemoI2NTXmTsBVtJqk8jxF9rh8ApRWfsIMQSt2uE4OcpQqbFu7f7NbTK05lx80nuSijCz7sc3a277R67g,Good,5,0,5.7,2024-02-22 08:55:19,"We're delighted to know that our app met your expectations. Should you have any further suggestions or queries, don't hesitate to write to us at zugarmobility@gmail.com.",2024-02-22 10:01:23,5.7
bc0f8902-5a27-4b44-9a13-2578dc7d27ea,A Google user,https://play-lh.googleusercontent.com/EGemoI2NTXmTsBVtJqk8jxF9rh8ApRWfsIMQSt2uE4OcpQqbFu7f7NbTK05lx80nuSijCz7sc3a277R67g,Exceptional,5,0,5.8,2024-02-22 01:50:33,,,5.8
9535aea9-23e7-4fc3-86b4-b48f44d6bd78,A Google user,https://play-lh.googleusercontent.com/EGemoI2NTXmTsBVtJqk8jxF9rh8ApRWfsIMQSt2uE4OcpQqbFu7f7NbTK05lx80nuSijCz7sc3a277R67g,Very good veiws about islam,5,0,5.8,2024-02-22 01:01:39,"We're delighted to know that our app met your expectations. Should you have any further suggestions or queries, don't hesitate to write to us at zugarmobility@gmail.com.",2024-02-22 01:41:54,5.8
dc3c6a2a-99d0-4fec-88ba-42e6258097c4,A Google user,https://play-lh.googleusercontent.com/EGemoI2NTXmTsBVtJqk8jxF9rh8ApRWfsIMQSt2uE4OcpQqbFu7f7NbTK05lx80nuSijCz7sc3a277R67g,"Truly It's just awesome,,",5,0,5.8,2024-02-21 23:39:31,"We're delighted to know that our app met your expectations. Should you have any further suggestions or queries, don't hesitate to write to us at zugarmobility@gmail.com.",2024-02-22 01:41:59,5.8
4187ecfc-35bd-4c98-9cac-6050037761de,A Google user,https://play-lh.googleusercontent.com/EGemoI2NTXmTsBVtJqk8jxF9rh8ApRWfsIMQSt2uE4OcpQqbFu7f7NbTK05lx80nuSijCz7sc3a277R67g,masyAllah,5,0,5.7,2024-02-21 18:52:41,,,5.7
23f2b4e6-2622-46df-8569-7ad659227101,A Google user,https://play-lh.googleusercontent.com/EGemoI2NTXmTsBVtJqk8jxF9rh8ApRWfsIMQSt2uE4OcpQqbFu7f7NbTK05lx80nuSijCz7sc3a277R67g,আলহামদুলিল্লাহ,5,0,5.7,2024-02-21 18:11:32,,,5.7
a6375c6a-0f07-473b-a79d-124158a5256b,A Google user,https://play-lh.googleusercontent.com/EGemoI2NTXmTsBVtJqk8jxF9rh8ApRWfsIMQSt2uE4OcpQqbFu7f7NbTK05lx80nuSijCz7sc3a277R67g,👍,5,0,5.8,2024-02-21 11:20:24,,,5.8
dbb821cd-5c22-4d09-ac27-ad16d35a986e,A Google user,https://play-lh.googleusercontent.com/EGemoI2NTXmTsBVtJqk8jxF9rh8ApRWfsIMQSt2uE4OcpQqbFu7f7NbTK05lx80nuSijCz7sc3a277R67g,Nice app,4,0,5.8,2024-02-21 10:33:46,Happy to know you're liking our app. We strive for excellence and your 5-star rating will boost our spirits!,2024-02-21 11:06:27,5.8
3a5f8ccf-1b92-4abc-824e-152c13221aca,A Google user,https://play-lh.googleusercontent.com/EGemoI2NTXmTsBVtJqk8jxF9rh8ApRWfsIMQSt2uE4OcpQqbFu7f7NbTK05lx80nuSijCz7sc3a277R67g,Very useful,5,0,5.8,2024-02-21 09:19:38,,,5.8
aeb30a45-8709-47e5-91e8-4d60619d5349,A Google user,https://play-lh.googleusercontent.com/EGemoI2NTXmTsBVtJqk8jxF9rh8ApRWfsIMQSt2uE4OcpQqbFu7f7NbTK05lx80nuSijCz7sc3a277R67g,good,5,0,5.7,2024-02-21 08:45:45,"We're delighted to know that our app met your expectations. Should you have any further suggestions or queries, don't hesitate to write to us at zugarmobility@gmail.com.",2024-02-21 09:01:23,5.7
b994b3df-a0bd-488d-8089-7824a0e4eee1,A Google user,https://play-lh.googleusercontent.com/EGemoI2NTXmTsBVtJqk8jxF9rh8ApRWfsIMQSt2uE4OcpQqbFu7f7NbTK05lx80nuSijCz7sc3a277R67g,Best,5,0,5.8,2024-02-21 08:42:03,"We're delighted to know that our app met your expectations. Should you have any further suggestions or queries, don't hesitate to write to us at zugarmobility@gmail.com.",2024-02-21 09:01:26,5.8
7961406e-d2e6-42d3-a66c-f427be86f307,A Google user,https://play-lh.googleusercontent.com/EGemoI2NTXmTsBVtJqk8jxF9rh8ApRWfsIMQSt2uE4OcpQqbFu7f7NbTK05lx80nuSijCz7sc3a277R67g,It is helpful,5,0,5.7,2024-02-21 04:33:17,"We're delighted to know that our app met your expectations. Should you have any further suggestions or queries, don't hesitate to write to us at zugarmobility@gmail.com.",2024-02-21 04:51:26,5.7
5b249d52-328e-43a7-a658-42aa6ea5c32c,A Google user,https://play-lh.googleusercontent.com/EGemoI2NTXmTsBVtJqk8jxF9rh8ApRWfsIMQSt2uE4OcpQqbFu7f7NbTK05lx80nuSijCz7sc3a277R67g,So far so good,5,0,5.7,2024-02-21 01:53:28,"We're delighted to know that our app met your expectations. Should you have any further suggestions or queries, don't hesitate to write to us at zugarmobility@gmail.com.",2024-02-21 02:46:29,5.7
99c9aaf3-f9c8-4ac8-b1ad-d469c60c5d04,A Google user,https://play-lh.googleusercontent.com/EGemoI2NTXmTsBVtJqk8jxF9rh8ApRWfsIMQSt2uE4OcpQqbFu7f7NbTK05lx80nuSijCz7sc3a277R67g,nice,5,0,5.8,2024-02-21 01:46:22,"We're delighted to know that our app met your expectations. Should you have any further suggestions or queries, don't hesitate to write to us at zugarmobility@gmail.com.",2024-02-21 02:46:30,5.8
42425d5b-18de-43fc-8942-b9de695cecc3,A Google user,https://play-lh.googleusercontent.com/EGemoI2NTXmTsBVtJqk8jxF9rh8ApRWfsIMQSt2uE4OcpQqbFu7f7NbTK05lx80nuSijCz7sc3a277R67g,Maasha ALLAH,5,0,5.8,2024-02-21 00:45:22,,,5.8
a874275e-1ef7-4dfc-8fcf-7971280a06de,A Google user,https://play-lh.googleusercontent.com/EGemoI2NTXmTsBVtJqk8jxF9rh8ApRWfsIMQSt2uE4OcpQqbFu7f7NbTK05lx80nuSijCz7sc3a277R67g,Very good 👍👍👍👍,5,0,5.7,2024-02-21 00:35:44,"We're delighted to know that our app met your expectations. Should you have any further suggestions or queries, don't hesitate to write to us at zugarmobility@gmail.com.",2024-02-21 00:41:32,5.7
36862cc2-4277-4686-bd48-fe7ea44bb44e,A Google user,https://play-lh.googleusercontent.com/EGemoI2NTXmTsBVtJqk8jxF9rh8ApRWfsIMQSt2uE4OcpQqbFu7f7NbTK05lx80nuSijCz7sc3a277R67g,"Very good app Please add audio Quran and add more translation,, ,,",5,55,5.8,2024-02-20 22:14:20,"We're delighted to know that our app met your expectations. Should you have any further suggestions or queries, don't hesitate to write to us at zugarmobility@gmail.com.",2024-02-20 22:36:25,5.8
ed481b80-aeb5-4378-9f33-e61ee06891f1,A Google user,https://play-lh.googleusercontent.com/EGemoI2NTXmTsBVtJqk8jxF9rh8ApRWfsIMQSt2uE4OcpQqbFu7f7NbTK05lx80nuSijCz7sc3a277R67g,👌👌👌👌👌🥰🥰👑💪,5,0,5.8,2024-02-20 21:36:43,,,5.8
adc83bfc-5506-43da-aae4-7d629d6d140a,A Google user,https://play-lh.googleusercontent.com/EGemoI2NTXmTsBVtJqk8jxF9rh8ApRWfsIMQSt2uE4OcpQqbFu7f7NbTK05lx80nuSijCz7sc3a277R67g,Good,5,0,5.8,2024-02-20 19:26:21,"We're delighted to know that our app met your expectations. Should you have any further suggestions or queries, don't hesitate to write to us at zugarmobility@gmail.com.",2024-02-20 20:31:25,5.8
af298652-1f6d-4fed-94bd-fb4daca0ce76,A Google user,https://play-lh.googleusercontent.com/EGemoI2NTXmTsBVtJqk8jxF9rh8ApRWfsIMQSt2uE4OcpQqbFu7f7NbTK05lx80nuSijCz7sc3a277R67g,It's good,4,0,5.8,2024-02-20 18:00:21,Happy to know you're liking our app. We strive for excellence and your 5-star rating will boost our spirits!,2024-02-20 18:26:47,5.8
b80bc9d9-9244-4a12-a12d-ec4ed739746f,A Google user,https://play-lh.googleusercontent.com/EGemoI2NTXmTsBVtJqk8jxF9rh8ApRWfsIMQSt2uE4OcpQqbFu7f7NbTK05lx80nuSijCz7sc3a277R67g,PROBLEM: 1. Its take more time to openning. 2. Add audio in bangla language. 🥰BUT i just love the system of salah tracking.,1,77,5.8,2024-02-20 15:26:44,We regret any inconvenience. Ads are essential to sustain our work. Your understanding is truly appreciated.,2024-02-20 16:21:27,5.8
a3286025-31d9-4596-8fc9-2f1b223d6b55,A Google user,https://play-lh.googleusercontent.com/EGemoI2NTXmTsBVtJqk8jxF9rh8ApRWfsIMQSt2uE4OcpQqbFu7f7NbTK05lx80nuSijCz7sc3a277R67g,good,4,0,5.8,2024-02-20 14:32:13,Happy to know you're liking our app. We strive for excellence and your 5-star rating will boost our spirits!,2024-02-20 16:21:30,5.8
676fcc7a-c5e8-4afc-8af3-978855ed8582,A Google user,https://play-lh.googleusercontent.com/EGemoI2NTXmTsBVtJqk8jxF9rh8ApRWfsIMQSt2uE4OcpQqbFu7f7NbTK05lx80nuSijCz7sc3a277R67g,Good,5,0,5.8,2024-02-20 08:35:50,"We're delighted to know that our app met your expectations. Should you have any further suggestions or queries, don't hesitate to write to us at zugarmobility@gmail.com.",2024-02-20 10:06:27,5.8
e3aaf769-f931-4a16-9cc2-2ad8a5b4522f,A Google user,https://play-lh.googleusercontent.com/EGemoI2NTXmTsBVtJqk8jxF9rh8ApRWfsIMQSt2uE4OcpQqbFu7f7NbTK05lx80nuSijCz7sc3a277R67g,MasaAllah,5,0,5.7,2024-02-20 06:12:16,,,5.7
e85da87c-c3b6-4222-9f0d-0586f2051847,A Google user,https://play-lh.googleusercontent.com/EGemoI2NTXmTsBVtJqk8jxF9rh8ApRWfsIMQSt2uE4OcpQqbFu7f7NbTK05lx80nuSijCz7sc3a277R67g,Good experience,5,0,5.7,2024-02-20 02:02:46,"We're delighted to know that our app met your expectations. Should you have any further suggestions or queries, don't hesitate to write to us at zugarmobility@gmail.com.",2024-02-20 03:51:23,5.7
71fad072-bbc6-46ef-845b-c21ad444fa33,A Google user,https://play-lh.googleusercontent.com/EGemoI2NTXmTsBVtJqk8jxF9rh8ApRWfsIMQSt2uE4OcpQqbFu7f7NbTK05lx80nuSijCz7sc3a277R67g,Very educational,5,0,5.7,2024-02-20 02:01:47,,,5.7
0626f822-3d7e-44e8-8802-9852efe321a6,A Google user,https://play-lh.googleusercontent.com/EGemoI2NTXmTsBVtJqk8jxF9rh8ApRWfsIMQSt2uE4OcpQqbFu7f7NbTK05lx80nuSijCz7sc3a277R67g,MashaAllah,5,0,5.7,2024-02-20 01:12:26,,,5.7
166a5ef2-8a4a-4499-a305-f0bc28c9a08c,A Google user,https://play-lh.googleusercontent.com/EGemoI2NTXmTsBVtJqk8jxF9rh8ApRWfsIMQSt2uE4OcpQqbFu7f7NbTK05lx80nuSijCz7sc3a277R67g,Good,5,0,5.8,2024-02-20 00:13:28,"We're delighted to know that our app met your expectations. Should you have any further suggestions or queries, don't hesitate to write to us at zugarmobility@gmail.com.",2024-02-20 01:46:30,5.8
d5ff9cde-baa8-490e-8506-84e28316bffc,A Google user,https://play-lh.googleusercontent.com/EGemoI2NTXmTsBVtJqk8jxF9rh8ApRWfsIMQSt2uE4OcpQqbFu7f7NbTK05lx80nuSijCz7sc3a277R67g,"Yes, It is very beautiful app.",5,0,5.7,2024-02-19 22:55:12,"We're delighted to know that our app met your expectations. Should you have any further suggestions or queries, don't hesitate to write to us at zugarmobility@gmail.com.",2024-02-19 23:41:37,5.7
d046b6d9-0e4e-42ce-b859-a3ef59d0d9f5,A Google user,https://play-lh.googleusercontent.com/EGemoI2NTXmTsBVtJqk8jxF9rh8ApRWfsIMQSt2uE4OcpQqbFu7f7NbTK05lx80nuSijCz7sc3a277R67g,Masallah,5,0,5.8,2024-02-19 22:36:38,,,5.8
d5095f99-7ac6-4504-8199-ce9bf9cea319,A Google user,https://play-lh.googleusercontent.com/EGemoI2NTXmTsBVtJqk8jxF9rh8ApRWfsIMQSt2uE4OcpQqbFu7f7NbTK05lx80nuSijCz7sc3a277R67g,Masallah,5,0,5.8,2024-02-19 18:15:52,,,5.8
4f9f13fe-b23f-4b3d-a2c2-1c2e44c3c7a8,A Google user,https://play-lh.googleusercontent.com/EGemoI2NTXmTsBVtJqk8jxF9rh8ApRWfsIMQSt2uE4OcpQqbFu7f7NbTK05lx80nuSijCz7sc3a277R67g,Good,5,0,5.7,2024-02-19 16:32:54,"We're delighted to know that our app met your expectations. Should you have any further suggestions or queries, don't hesitate to write to us at zugarmobility@gmail.com.",2024-02-19 17:27:29,5.7
180ea957-f303-4b76-9e80-d81641cee447,A Google user,https://play-lh.googleusercontent.com/EGemoI2NTXmTsBVtJqk8jxF9rh8ApRWfsIMQSt2uE4OcpQqbFu7f7NbTK05lx80nuSijCz7sc3a277R67g,"So nice Muslim :prayer,Oibla App",5,0,5.8,2024-02-19 15:11:56,"We're delighted to know that our app met your expectations. Should you have any further suggestions or queries, don't hesitate to write to us at zugarmobility@gmail.com.",2024-02-19 15:21:23,5.8
fdcc23fa-7546-4b69-b02f-230c970129fd,A Google user,https://play-lh.googleusercontent.com/EGemoI2NTXmTsBVtJqk8jxF9rh8ApRWfsIMQSt2uE4OcpQqbFu7f7NbTK05lx80nuSijCz7sc3a277R67g,I agree 💯,5,0,5.8,2024-02-19 12:46:24,,,5.8
926a5bb4-55df-4fbc-8c60-3af04a4c1f06,A Google user,https://play-lh.googleusercontent.com/EGemoI2NTXmTsBVtJqk8jxF9rh8ApRWfsIMQSt2uE4OcpQqbFu7f7NbTK05lx80nuSijCz7sc3a277R67g,Good,5,0,5.7,2024-02-19 08:00:16,"We're delighted to know that our app met your expectations. Should you have any further suggestions or queries, don't hesitate to write to us at zugarmobility@gmail.com.",2024-02-19 09:06:27,5.7
345e39ee-5b7f-48e0-b7f0-39f0620086ab,A Google user,https://play-lh.googleusercontent.com/EGemoI2NTXmTsBVtJqk8jxF9rh8ApRWfsIMQSt2uE4OcpQqbFu7f7NbTK05lx80nuSijCz7sc3a277R67g,Easy to use with full of precious information,5,12,5.7,2024-02-19 04:38:49,Happy to know you're liking our app. We strive for excellence and your 5-star rating will boost our spirits!,2024-02-19 00:46:29,5.7
f6095db8-1a58-4b22-b1ad-eb36ccbbeb33,A Google user,https://play-lh.googleusercontent.com/EGemoI2NTXmTsBVtJqk8jxF9rh8ApRWfsIMQSt2uE4OcpQqbFu7f7NbTK05lx80nuSijCz7sc3a277R67g,Found everything I have been looking for in one app,5,0,5.8,2024-02-19 01:53:58,,,5.8
55c3c5fc-82bf-468f-bbb5-b4273a848bac,A Google user,https://play-lh.googleusercontent.com/EGemoI2NTXmTsBVtJqk8jxF9rh8ApRWfsIMQSt2uE4OcpQqbFu7f7NbTK05lx80nuSijCz7sc3a277R67g,Mashallah,5,0,5.7,2024-02-19 00:36:59,,,5.7
90030936-05b4-48bd-b673-482ac52caf73,A Google user,https://play-lh.googleusercontent.com/EGemoI2NTXmTsBVtJqk8jxF9rh8ApRWfsIMQSt2uE4OcpQqbFu7f7NbTK05lx80nuSijCz7sc3a277R67g,Excellent 👌,5,0,5.7,2024-02-18 23:28:05,"We're delighted to know that our app met your expectations. Should you have any further suggestions or queries, don't hesitate to write to us at zugarmobility@gmail.com.",2024-02-19 00:46:26,5.7
e5501c81-103b-4f88-be9b-aacb9c458547,A Google user,https://play-lh.googleusercontent.com/EGemoI2NTXmTsBVtJqk8jxF9rh8ApRWfsIMQSt2uE4OcpQqbFu7f7NbTK05lx80nuSijCz7sc3a277R67g,Good,5,0,5.8,2024-02-18 23:25:12,"We're delighted to know that our app met your expectations. Should you have any further suggestions or queries, don't hesitate to write to us at zugarmobility@gmail.com.",2024-02-19 00:46:27,5.8
d0ec337b-964c-4eb8-8842-0dfd9578d2ac,A Google user,https://play-lh.googleusercontent.com/EGemoI2NTXmTsBVtJqk8jxF9rh8ApRWfsIMQSt2uE4OcpQqbFu7f7NbTK05lx80nuSijCz7sc3a277R67g,Nice 👍👍👍👍,5,0,5.7,2024-02-18 23:03:26,"We're delighted to know that our app met your expectations. Should you have any further suggestions or queries, don't hesitate to write to us at zugarmobility@gmail.com.",2024-02-19 00:46:28,5.7
7743f9cc-dd72-4ebc-af36-7126b6146245,A Google user,https://play-lh.googleusercontent.com/EGemoI2NTXmTsBVtJqk8jxF9rh8ApRWfsIMQSt2uE4OcpQqbFu7f7NbTK05lx80nuSijCz7sc3a277R67g,Good,5,0,5.7,2024-02-18 22:25:35,"We're delighted to know that our app met your expectations. Should you have any further suggestions or queries, don't hesitate to write to us at zugarmobility@gmail.com.",2024-02-18 22:41:34,5.7
0a18a30f-2edf-4493-980d-91788225abb8,A Google user,https://play-lh.googleusercontent.com/EGemoI2NTXmTsBVtJqk8jxF9rh8ApRWfsIMQSt2uE4OcpQqbFu7f7NbTK05lx80nuSijCz7sc3a277R67g,Nice app,5,0,5.8,2024-02-18 19:15:07,"We're delighted to know that our app met your expectations. Should you have any further suggestions or queries, don't hesitate to write to us at zugarmobility@gmail.com.",2024-02-18 20:36:30,5.8
d8e424d2-ebd0-4753-bc3e-e1df30d88913,A Google user,https://play-lh.googleusercontent.com/EGemoI2NTXmTsBVtJqk8jxF9rh8ApRWfsIMQSt2uE4OcpQqbFu7f7NbTK05lx80nuSijCz7sc3a277R67g,ধন্যবাদ,5,0,5.7,2024-02-18 17:48:11,"We're delighted to know that our app met your expectations. Should you have any further suggestions or queries, don't hesitate to write to us at zugarmobility@gmail.com.",2024-02-18 18:31:25,5.7
d9b0ba6b-64de-49a7-be36-3c1ded59d66b,A Google user,https://play-lh.googleusercontent.com/EGemoI2NTXmTsBVtJqk8jxF9rh8ApRWfsIMQSt2uE4OcpQqbFu7f7NbTK05lx80nuSijCz7sc3a277R67g,Mashallah nice aap,5,0,5.8,2024-02-18 15:44:05,"We're delighted to know that our app met your expectations. Should you have any further suggestions or queries, don't hesitate to write to us at zugarmobility@gmail.com.",2024-02-18 16:27:56,5.8
6ea5929a-b9e8-4400-94f1-3101e2ec4378,A Google user,https://play-lh.googleusercontent.com/EGemoI2NTXmTsBVtJqk8jxF9rh8ApRWfsIMQSt2uE4OcpQqbFu7f7NbTK05lx80nuSijCz7sc3a277R67g,Nice app,5,0,5.7,2024-02-18 14:25:41,"We're delighted to know that our app met your expectations. Should you have any further suggestions or queries, don't hesitate to write to us at zugarmobility@gmail.com.",2024-02-18 16:27:59,5.7
e831c4c8-3f22-4f7a-87c5-509cd2e8aaa2,A Google user,https://play-lh.googleusercontent.com/EGemoI2NTXmTsBVtJqk8jxF9rh8ApRWfsIMQSt2uE4OcpQqbFu7f7NbTK05lx80nuSijCz7sc3a277R67g,Good,5,0,5.8,2024-02-18 11:44:22,"We're delighted to know that our app met your expectations. Should you have any further suggestions or queries, don't hesitate to write to us at zugarmobility@gmail.com.",2024-02-18 12:16:28,5.8
101f0246-02f3-43a3-b358-e23a5d6b22a7,A Google user,https://play-lh.googleusercontent.com/EGemoI2NTXmTsBVtJqk8jxF9rh8ApRWfsIMQSt2uE4OcpQqbFu7f7NbTK05lx80nuSijCz7sc3a277R67g,🥰🥰,5,0,5.8,2024-02-18 11:37:46,,,5.8
c167eee4-4fc1-4fab-a2c1-7ed2c3b10fd7,A Google user,https://play-lh.googleusercontent.com/EGemoI2NTXmTsBVtJqk8jxF9rh8ApRWfsIMQSt2uE4OcpQqbFu7f7NbTK05lx80nuSijCz7sc3a277R67g,Good job,5,0,5.8,2024-02-18 10:07:53,"We're delighted to know that our app met your expectations. Should you have any further suggestions or queries, don't hesitate to write to us at zugarmobility@gmail.com.",2024-02-18 10:11:35,5.8
f25ec8b6-2719-42f2-a62c-eaed042e2c76,A Google user,https://play-lh.googleusercontent.com/EGemoI2NTXmTsBVtJqk8jxF9rh8ApRWfsIMQSt2uE4OcpQqbFu7f7NbTK05lx80nuSijCz7sc3a277R67g,Mashallah,5,0,5.7,2024-02-18 10:06:38,,,5.7
f270d036-236b-4bc5-9f82-454ba1216924,A Google user,https://play-lh.googleusercontent.com/EGemoI2NTXmTsBVtJqk8jxF9rh8ApRWfsIMQSt2uE4OcpQqbFu7f7NbTK05lx80nuSijCz7sc3a277R67g,Nice app,2,0,5.7,2024-02-18 09:56:24,Happy to know you're liking our app. We strive for excellence and your 5-star rating will boost our spirits!,2024-02-18 10:11:36,5.7
59924387-c37a-4d6f-a43a-fa91930caf62,A Google user,https://play-lh.googleusercontent.com/EGemoI2NTXmTsBVtJqk8jxF9rh8ApRWfsIMQSt2uE4OcpQqbFu7f7NbTK05lx80nuSijCz7sc3a277R67g,Don,5,0,5.7,2024-02-18 05:49:55,,,5.7
0f74c094-823c-45ba-b224-001f73eac5b2,A Google user,https://play-lh.googleusercontent.com/EGemoI2NTXmTsBVtJqk8jxF9rh8ApRWfsIMQSt2uE4OcpQqbFu7f7NbTK05lx80nuSijCz7sc3a277R67g,❤️🤲🤲🤲🤲❤️,5,0,5.8,2024-02-18 02:02:42,,,5.8
b22e1ee6-3c99-40a8-bf22-599876fd3d84,A Google user,https://play-lh.googleusercontent.com/EGemoI2NTXmTsBVtJqk8jxF9rh8ApRWfsIMQSt2uE4OcpQqbFu7f7NbTK05lx80nuSijCz7sc3a277R67g,Good,5,0,5.8,2024-02-17 23:14:32,"We're delighted to know that our app met your expectations. Should you have any further suggestions or queries, don't hesitate to write to us at zugarmobility@gmail.com.",2024-02-17 23:46:26,5.8
51287501-76be-4115-8d0e-de04ba735e6d,A Google user,https://play-lh.googleusercontent.com/EGemoI2NTXmTsBVtJqk8jxF9rh8ApRWfsIMQSt2uE4OcpQqbFu7f7NbTK05lx80nuSijCz7sc3a277R67g,Very nice,5,0,5.8,2024-02-17 21:02:41,"We're delighted to know that our app met your expectations. Should you have any further suggestions or queries, don't hesitate to write to us at zugarmobility@gmail.com.",2024-02-17 21:41:32,5.8
ade21090-0954-4d29-9bc4-630dbd2be3db,A Google user,https://play-lh.googleusercontent.com/EGemoI2NTXmTsBVtJqk8jxF9rh8ApRWfsIMQSt2uE4OcpQqbFu7f7NbTK05lx80nuSijCz7sc3a277R67g,Nice,3,0,5.7,2024-02-17 18:15:01,Happy to know you're liking our app. We strive for excellence and your 5-star rating will boost our spirits!,2024-02-17 19:36:28,5.7
59ca54d3-96f5-42dc-b146-a5ff6979deda,A Google user,https://play-lh.googleusercontent.com/EGemoI2NTXmTsBVtJqk8jxF9rh8ApRWfsIMQSt2uE4OcpQqbFu7f7NbTK05lx80nuSijCz7sc3a277R67g,Mashallah Alhamdulillah,5,0,5.7,2024-02-17 16:30:22,,,5.7
1e9db07c-0ae7-4f31-bb1a-7339ef91192e,A Google user,https://play-lh.googleusercontent.com/EGemoI2NTXmTsBVtJqk8jxF9rh8ApRWfsIMQSt2uE4OcpQqbFu7f7NbTK05lx80nuSijCz7sc3a277R67g,Very helpful app..,5,0,5.7,2024-02-17 15:23:42,"We're delighted to know that our app met your expectations. Should you have any further suggestions or queries, don't hesitate to write to us at zugarmobility@gmail.com.",2024-02-17 15:27:27,5.7
535f9b17-6ab4-48cb-ab4e-f469bb89ee53,A Google user,https://play-lh.googleusercontent.com/EGemoI2NTXmTsBVtJqk8jxF9rh8ApRWfsIMQSt2uE4OcpQqbFu7f7NbTK05lx80nuSijCz7sc3a277R67g,Super,5,0,5.8,2024-02-17 13:15:48,"We're delighted to know that our app met your expectations. Should you have any further suggestions or queries, don't hesitate to write to us at zugarmobility@gmail.com.",2024-02-17 13:21:23,5.8
040e6342-10c8-4907-a361-c4be73c54ace,A Google user,https://play-lh.googleusercontent.com/EGemoI2NTXmTsBVtJqk8jxF9rh8ApRWfsIMQSt2uE4OcpQqbFu7f7NbTK05lx80nuSijCz7sc3a277R67g,আলহামদুলিল্লাহ,5,0,5.7,2024-02-17 10:18:18,,,5.7
f8560d1d-4749-47bf-9ee0-587944f6db3e,A Google user,https://play-lh.googleusercontent.com/EGemoI2NTXmTsBVtJqk8jxF9rh8ApRWfsIMQSt2uE4OcpQqbFu7f7NbTK05lx80nuSijCz7sc3a277R67g,Nice,5,0,5.7,2024-02-17 08:43:07,"We're delighted to know that our app met your expectations. Should you have any further suggestions or queries, don't hesitate to write to us at zugarmobility@gmail.com.",2024-02-17 09:11:27,5.7
0959050f-d9b5-4533-b600-539d2eb6c71e,A Google user,https://play-lh.googleusercontent.com/EGemoI2NTXmTsBVtJqk8jxF9rh8ApRWfsIMQSt2uE4OcpQqbFu7f7NbTK05lx80nuSijCz7sc3a277R67g,This App is the best one,5,0,5.8,2024-02-17 07:44:21,"We're delighted to know that our app met your expectations. Should you have any further suggestions or queries, don't hesitate to write to us at zugarmobility@gmail.com.",2024-02-17 09:11:29,5.8
c16d4ca1-d6d3-478a-a363-5c71fbc1d9fc,A Google user,https://play-lh.googleusercontent.com/EGemoI2NTXmTsBVtJqk8jxF9rh8ApRWfsIMQSt2uE4OcpQqbFu7f7NbTK05lx80nuSijCz7sc3a277R67g,Good,5,0,5.7,2024-02-16 23:34:56,"We're delighted to know that our app met your expectations. Should you have any further suggestions or queries, don't hesitate to write to us at zugarmobility@gmail.com.",2024-02-17 00:51:24,5.7
fd9f63f7-6ab9-4238-9946-14f93097fe34,A Google user,https://play-lh.googleusercontent.com/EGemoI2NTXmTsBVtJqk8jxF9rh8ApRWfsIMQSt2uE4OcpQqbFu7f7NbTK05lx80nuSijCz7sc3a277R67g,Masha Allah very good,5,0,5.7,2024-02-16 23:08:47,"We're delighted to know that our app met your expectations. Should you have any further suggestions or queries, don't hesitate to write to us at zugarmobility@gmail.com.",2024-02-17 00:51:25,5.7
031f6ed4-7bef-442b-adc9-69dd44bce473,A Google user,https://play-lh.googleusercontent.com/EGemoI2NTXmTsBVtJqk8jxF9rh8ApRWfsIMQSt2uE4OcpQqbFu7f7NbTK05lx80nuSijCz7sc3a277R67g,মাশাআল্লাহ,5,0,5.8,2024-02-16 23:04:16,,,5.8
06b5e708-cf81-43f6-aff7-a5f24046a68d,A Google user,https://play-lh.googleusercontent.com/EGemoI2NTXmTsBVtJqk8jxF9rh8ApRWfsIMQSt2uE4OcpQqbFu7f7NbTK05lx80nuSijCz7sc3a277R67g,good,5,0,5.8,2024-02-16 22:31:33,"We're delighted to know that our app met your expectations. Should you have any further suggestions or queries, don't hesitate to write to us at zugarmobility@gmail.com.",2024-02-16 22:46:28,5.8
7dce1ed7-cfee-4eee-8aaf-0b4577da6eed,A Google user,https://play-lh.googleusercontent.com/EGemoI2NTXmTsBVtJqk8jxF9rh8ApRWfsIMQSt2uE4OcpQqbFu7f7NbTK05lx80nuSijCz7sc3a277R67g,MashaAllah,5,0,5.8,2024-02-16 21:08:15,,,5.8
c9bc47fb-ba47-4dad-a958-d2b4ff17b6d2,A Google user,https://play-lh.googleusercontent.com/EGemoI2NTXmTsBVtJqk8jxF9rh8ApRWfsIMQSt2uE4OcpQqbFu7f7NbTK05lx80nuSijCz7sc3a277R67g,Best💓💓,5,0,5.7,2024-02-16 15:14:20,"We're delighted to know that our app met your expectations. Should you have any further suggestions or queries, don't hesitate to write to us at zugarmobility@gmail.com.",2024-02-16 16:31:24,5.7
ef368282-fb3e-448c-b407-0dfea8bfebe8,A Google user,https://play-lh.googleusercontent.com/EGemoI2NTXmTsBVtJqk8jxF9rh8ApRWfsIMQSt2uE4OcpQqbFu7f7NbTK05lx80nuSijCz7sc3a277R67g,Mashaallah,5,0,5.7,2024-02-16 12:11:38,,,5.7
6f427cd1-79f9-4d78-bd89-97bdf29360a3,A Google user,https://play-lh.googleusercontent.com/EGemoI2NTXmTsBVtJqk8jxF9rh8ApRWfsIMQSt2uE4OcpQqbFu7f7NbTK05lx80nuSijCz7sc3a277R67g,Use only 5mint but great experience,5,0,5.7,2024-02-16 09:09:39,"We're delighted to know that our app met your expectations. Should you have any further suggestions or queries, don't hesitate to write to us at zugarmobility@gmail.com.",2024-02-16 10:16:25,5.7
90c9cddf-65b0-47ea-b946-fe63df1eac89,A Google user,https://play-lh.googleusercontent.com/EGemoI2NTXmTsBVtJqk8jxF9rh8ApRWfsIMQSt2uE4OcpQqbFu7f7NbTK05lx80nuSijCz7sc3a277R67g,I like so nice,5,0,5.8,2024-02-16 02:51:41,"We're delighted to know that our app met your expectations. Should you have any further suggestions or queries, don't hesitate to write to us at zugarmobility@gmail.com.",2024-02-16 04:01:28,5.8
a1a2287b-09f5-4907-a93a-5b3ffdc0b26c,A Google user,https://play-lh.googleusercontent.com/EGemoI2NTXmTsBVtJqk8jxF9rh8ApRWfsIMQSt2uE4OcpQqbFu7f7NbTK05lx80nuSijCz7sc3a277R67g,Masaallah,5,0,5.7,2024-02-16 00:48:26,,,5.7
48cb93a3-dc20-4037-b045-e20425ef5ba4,A Google user,https://play-lh.googleusercontent.com/EGemoI2NTXmTsBVtJqk8jxF9rh8ApRWfsIMQSt2uE4OcpQqbFu7f7NbTK05lx80nuSijCz7sc3a277R67g,Good 👍,5,0,5.8,2024-02-16 00:34:38,"We're delighted to know that our app met your expectations. Should you have any further suggestions or queries, don't hesitate to write to us at zugarmobility@gmail.com.",2024-02-16 01:56:36,5.8
7f087121-ea34-48a4-a678-6061c7c9d306,A Google user,https://play-lh.googleusercontent.com/EGemoI2NTXmTsBVtJqk8jxF9rh8ApRWfsIMQSt2uE4OcpQqbFu7f7NbTK05lx80nuSijCz7sc3a277R67g,Very Good,5,0,5.8,2024-02-15 22:33:09,"We're delighted to know that our app met your expectations. Should you have any further suggestions or queries, don't hesitate to write to us at zugarmobility@gmail.com.",2024-02-15 23:51:27,5.8
9b6f70b2-253f-40cb-adcb-9e824313d878,A Google user,https://play-lh.googleusercontent.com/EGemoI2NTXmTsBVtJqk8jxF9rh8ApRWfsIMQSt2uE4OcpQqbFu7f7NbTK05lx80nuSijCz7sc3a277R67g,SALAM SK,5,0,5.7,2024-02-15 18:36:39,,,5.7
ccb3fa99-824e-4318-b47b-3a3a076a4581,A Google user,https://play-lh.googleusercontent.com/EGemoI2NTXmTsBVtJqk8jxF9rh8ApRWfsIMQSt2uE4OcpQqbFu7f7NbTK05lx80nuSijCz7sc3a277R67g,Masah Allah very helpful app,5,0,5.8,2024-02-15 14:39:08,"We're delighted to know that our app met your expectations. Should you have any further suggestions or queries, don't hesitate to write to us at zugarmobility@gmail.com.",2024-02-15 15:31:24,5.8
73fd08ff-3e98-4aac-a8dd-e7c7370db94d,A Google user,https://play-lh.googleusercontent.com/EGemoI2NTXmTsBVtJqk8jxF9rh8ApRWfsIMQSt2uE4OcpQqbFu7f7NbTK05lx80nuSijCz7sc3a277R67g,Subahanallah,5,0,5.6,2024-02-15 06:16:21,,,5.6
8e948cda-774f-4441-ae08-eada45c600e9,A Google user,https://play-lh.googleusercontent.com/EGemoI2NTXmTsBVtJqk8jxF9rh8ApRWfsIMQSt2uE4OcpQqbFu7f7NbTK05lx80nuSijCz7sc3a277R67g,Nice,5,0,5.7,2024-02-15 04:26:15,"We're delighted to know that our app met your expectations. Should you have any further suggestions or queries, don't hesitate to write to us at zugarmobility@gmail.com.",2024-02-15 05:06:26,5.7
d62dc918-1f2d-4de7-aee4-016d29baf648,A Google user,https://play-lh.googleusercontent.com/EGemoI2NTXmTsBVtJqk8jxF9rh8ApRWfsIMQSt2uE4OcpQqbFu7f7NbTK05lx80nuSijCz7sc3a277R67g,Nice 👍,5,0,5.7,2024-02-15 01:05:27,"We're delighted to know that our app met your expectations. Should you have any further suggestions or queries, don't hesitate to write to us at zugarmobility@gmail.com.",2024-02-15 03:01:24,5.7
6c36440d-fbed-4d88-871d-ca0a044eb430,A Google user,https://play-lh.googleusercontent.com/EGemoI2NTXmTsBVtJqk8jxF9rh8ApRWfsIMQSt2uE4OcpQqbFu7f7NbTK05lx80nuSijCz7sc3a277R67g,Very good,4,0,5.7,2024-02-14 22:00:38,Happy to know you're liking our app. We strive for excellence and your 5-star rating will boost our spirits!,2024-02-14 22:51:24,5.7
fc32911a-7432-490c-a2f5-6dc33b02764b,A Google user,https://play-lh.googleusercontent.com/EGemoI2NTXmTsBVtJqk8jxF9rh8ApRWfsIMQSt2uE4OcpQqbFu7f7NbTK05lx80nuSijCz7sc3a277R67g,Ma'shallah,5,0,5.6,2024-02-14 21:18:23,,,5.6
f1ef41bd-efe9-44ba-b5fb-cd17d57ab3e8,A Google user,https://play-lh.googleusercontent.com/EGemoI2NTXmTsBVtJqk8jxF9rh8ApRWfsIMQSt2uE4OcpQqbFu7f7NbTK05lx80nuSijCz7sc3a277R67g,Suuuper,5,0,5.6,2024-02-14 21:09:46,,,5.6
19103643-4544-40de-9fc5-0e8927a80b83,A Google user,https://play-lh.googleusercontent.com/EGemoI2NTXmTsBVtJqk8jxF9rh8ApRWfsIMQSt2uE4OcpQqbFu7f7NbTK05lx80nuSijCz7sc3a277R67g,Onek vlo akta apps,5,0,5.6,2024-02-14 09:59:03,,,5.6
7269a2e2-2b9b-4a59-9368-6eb4697b4b27,A Google user,https://play-lh.googleusercontent.com/EGemoI2NTXmTsBVtJqk8jxF9rh8ApRWfsIMQSt2uE4OcpQqbFu7f7NbTK05lx80nuSijCz7sc3a277R67g,goodapps,5,0,5.6,2024-02-14 08:40:03,"We're delighted to know that our app met your expectations. Should you have any further suggestions or queries, don't hesitate to write to us at zugarmobility@gmail.com.",2024-02-14 10:21:24,5.6
3317edc7-b431-43a8-a89e-819dfc771156,A Google user,https://play-lh.googleusercontent.com/EGemoI2NTXmTsBVtJqk8jxF9rh8ApRWfsIMQSt2uE4OcpQqbFu7f7NbTK05lx80nuSijCz7sc3a277R67g,Ok,4,0,5.6,2024-02-14 00:06:54,,,5.6
8b7373ed-82d6-4b63-b9ad-e4eed838d467,A Google user,https://play-lh.googleusercontent.com/EGemoI2NTXmTsBVtJqk8jxF9rh8ApRWfsIMQSt2uE4OcpQqbFu7f7NbTK05lx80nuSijCz7sc3a277R67g,Good,5,0,5.6,2024-02-14 00:03:28,"We're delighted to know that our app met your expectations. Should you have any further suggestions or queries, don't hesitate to write to us at zugarmobility@gmail.com.",2024-02-14 02:01:26,5.6
6eeb536a-81ed-4568-b890-afd656868225,A Google user,https://play-lh.googleusercontent.com/EGemoI2NTXmTsBVtJqk8jxF9rh8ApRWfsIMQSt2uE4OcpQqbFu7f7NbTK05lx80nuSijCz7sc3a277R67g,All is well,5,0,5.6,2024-02-13 20:44:50,"We're delighted to know that our app met your expectations. Should you have any further suggestions or queries, don't hesitate to write to us at zugarmobility@gmail.com.",2024-02-13 21:51:25,5.6
20ba2dcc-21de-40f7-bfc4-4cf45990ec8c,A Google user,https://play-lh.googleusercontent.com/EGemoI2NTXmTsBVtJqk8jxF9rh8ApRWfsIMQSt2uE4OcpQqbFu7f7NbTK05lx80nuSijCz7sc3a277R67g,Excellent,5,0,5.6,2024-02-13 20:24:13,"We're delighted to know that our app met your expectations. Should you have any further suggestions or queries, don't hesitate to write to us at zugarmobility@gmail.com.",2024-02-13 21:51:26,5.6
ae809520-9d99-490f-ae34-e3535baea339,A Google user,https://play-lh.googleusercontent.com/EGemoI2NTXmTsBVtJqk8jxF9rh8ApRWfsIMQSt2uE4OcpQqbFu7f7NbTK05lx80nuSijCz7sc3a277R67g,It's good,4,0,5.6,2024-02-13 19:44:16,Happy to know you're liking our app. We strive for excellence and your 5-star rating will boost our spirits!,2024-02-13 19:46:31,5.6
ec33d22f-cf60-4484-be9b-2be4d968a298,A Google user,https://play-lh.googleusercontent.com/EGemoI2NTXmTsBVtJqk8jxF9rh8ApRWfsIMQSt2uE4OcpQqbFu7f7NbTK05lx80nuSijCz7sc3a277R67g,Ok,5,0,5.6,2024-02-13 03:28:14,,,5.6
7ac1097f-6bed-48ab-9690-559fc3219a85,A Google user,https://play-lh.googleusercontent.com/EGemoI2NTXmTsBVtJqk8jxF9rh8ApRWfsIMQSt2uE4OcpQqbFu7f7NbTK05lx80nuSijCz7sc3a277R67g,Very good 👍,3,0,5.6,2024-02-12 23:32:32,Happy to know you're liking our app. We strive for excellence and your 5-star rating will boost our spirits!,2024-02-13 01:01:25,5.6
6f000b5d-bcaa-49af-b73f-5d179ab7702f,A Google user,https://play-lh.googleusercontent.com/EGemoI2NTXmTsBVtJqk8jxF9rh8ApRWfsIMQSt2uE4OcpQqbFu7f7NbTK05lx80nuSijCz7sc3a277R67g,Nice application,5,0,5.6,2024-02-12 23:31:07,"We're delighted to know that our app met your expectations. Should you have any further suggestions or queries, don't hesitate to write to us at zugarmobility@gmail.com.",2024-02-13 01:01:27,5.6
9ddad934-80c7-4096-8f08-7843d2854caa,A Google user,https://play-lh.googleusercontent.com/EGemoI2NTXmTsBVtJqk8jxF9rh8ApRWfsIMQSt2uE4OcpQqbFu7f7NbTK05lx80nuSijCz7sc3a277R67g,best app for muslim,5,0,5.6,2024-02-12 16:36:32,"We're delighted to know that our app met your expectations. Should you have any further suggestions or queries, don't hesitate to write to us at zugarmobility@gmail.com.",2024-02-12 18:46:27,5.6
b0bf9a3a-6303-4804-aed2-2bccc67b87df,A Google user,https://play-lh.googleusercontent.com/EGemoI2NTXmTsBVtJqk8jxF9rh8ApRWfsIMQSt2uE4OcpQqbFu7f7NbTK05lx80nuSijCz7sc3a277R67g,Good app,5,0,5.6,2024-02-12 13:17:25,"We're delighted to know that our app met your expectations. Should you have any further suggestions or queries, don't hesitate to write to us at zugarmobility@gmail.com.",2024-02-12 14:36:28,5.6
5dd45d82-6aa8-4b99-b904-fb90436b00f5,A Google user,https://play-lh.googleusercontent.com/EGemoI2NTXmTsBVtJqk8jxF9rh8ApRWfsIMQSt2uE4OcpQqbFu7f7NbTK05lx80nuSijCz7sc3a277R67g,Masha Allah,5,0,5.6,2024-02-12 08:15:54,,,5.6
ae823d8d-fb4e-4a43-a38f-3a930f42a660,A Google user,https://play-lh.googleusercontent.com/EGemoI2NTXmTsBVtJqk8jxF9rh8ApRWfsIMQSt2uE4OcpQqbFu7f7NbTK05lx80nuSijCz7sc3a277R67g,allhamdulillah muito bom,5,0,5.6,2024-02-12 02:10:02,"We're delighted to know that our app met your expectations. Should you have any further suggestions or queries, don't hesitate to write to us at zugarmobility@gmail.com.",2024-02-12 04:11:33,5.6
65e80839-357a-434c-90d6-058901f8316f,A Google user,https://play-lh.googleusercontent.com/EGemoI2NTXmTsBVtJqk8jxF9rh8ApRWfsIMQSt2uE4OcpQqbFu7f7NbTK05lx80nuSijCz7sc3a277R67g,Very good,5,0,5.6,2024-02-12 00:12:45,"We're delighted to know that our app met your expectations. Should you have any further suggestions or queries, don't hesitate to write to us at zugarmobility@gmail.com.",2024-02-12 02:06:28,5.6
20c00bb3-2135-4b71-8f50-173e91a4e60d,A Google user,https://play-lh.googleusercontent.com/EGemoI2NTXmTsBVtJqk8jxF9rh8ApRWfsIMQSt2uE4OcpQqbFu7f7NbTK05lx80nuSijCz7sc3a277R67g,😍😍😍,4,0,5.6,2024-02-12 00:11:08,,,5.6
cf28eeaf-e923-4400-a8ac-5918e0b7ade2,A Google user,https://play-lh.googleusercontent.com/EGemoI2NTXmTsBVtJqk8jxF9rh8ApRWfsIMQSt2uE4OcpQqbFu7f7NbTK05lx80nuSijCz7sc3a277R67g,Mashallah,5,0,5.6,2024-02-11 23:01:04,,,5.6
4abdac53-4bc4-4a7f-9ceb-699e29694026,A Google user,https://play-lh.googleusercontent.com/EGemoI2NTXmTsBVtJqk8jxF9rh8ApRWfsIMQSt2uE4OcpQqbFu7f7NbTK05lx80nuSijCz7sc3a277R67g,Shundo,5,0,5.6,2024-02-11 22:20:25,,,5.6
376eff25-101d-42d2-bdea-e9bb3daa2751,A Google user,https://play-lh.googleusercontent.com/EGemoI2NTXmTsBVtJqk8jxF9rh8ApRWfsIMQSt2uE4OcpQqbFu7f7NbTK05lx80nuSijCz7sc3a277R67g,Good,5,0,5.6,2024-02-11 21:56:37,"We're delighted to know that our app met your expectations. Should you have any further suggestions or queries, don't hesitate to write to us at zugarmobility@gmail.com.",2024-02-12 00:01:24,5.6
c615c6a6-c2b8-4525-96b0-3ca03de61f41,A Google user,https://play-lh.googleusercontent.com/EGemoI2NTXmTsBVtJqk8jxF9rh8ApRWfsIMQSt2uE4OcpQqbFu7f7NbTK05lx80nuSijCz7sc3a277R67g,Nice app,5,0,5.6,2024-02-11 21:51:11,"We're delighted to know that our app met your expectations. Should you have any further suggestions or queries, don't hesitate to write to us at zugarmobility@gmail.com.",2024-02-11 21:56:38,5.6
cbee8ddb-ede8-4ab6-94a6-cdaccc66dc6d,A Google user,https://play-lh.googleusercontent.com/EGemoI2NTXmTsBVtJqk8jxF9rh8ApRWfsIMQSt2uE4OcpQqbFu7f7NbTK05lx80nuSijCz7sc3a277R67g,খুব ভালো,5,0,5.6,2024-02-11 18:08:21,"We're delighted to know that our app met your expectations. Should you have any further suggestions or queries, don't hesitate to write to us at zugarmobility@gmail.com.",2024-02-11 19:51:26,5.6
908c5e80-9539-4dfa-bffd-eacaab6624e3,A Google user,https://play-lh.googleusercontent.com/EGemoI2NTXmTsBVtJqk8jxF9rh8ApRWfsIMQSt2uE4OcpQqbFu7f7NbTK05lx80nuSijCz7sc3a277R67g,Not good,1,0,5.6,2024-02-11 14:00:54,"We understand your disappointment and are eager to make things right. Help us improve by sharing your suggestions via email at zugarmobility@gmail.com. Rest assured, we're committed to creating a more satisfying experience.",2024-02-11 15:41:32,5.6
0f3e6db0-b9e4-4303-a061-677cac7423aa,A Google user,https://play-lh.googleusercontent.com/EGemoI2NTXmTsBVtJqk8jxF9rh8ApRWfsIMQSt2uE4OcpQqbFu7f7NbTK05lx80nuSijCz7sc3a277R67g,sadik siddqui,5,0,5.6,2024-02-11 11:10:00,,,5.6
14e65a3c-f64a-4c57-967d-42cfad7c0412,A Google user,https://play-lh.googleusercontent.com/EGemoI2NTXmTsBVtJqk8jxF9rh8ApRWfsIMQSt2uE4OcpQqbFu7f7NbTK05lx80nuSijCz7sc3a277R67g,Alhamdulillah nice app,5,0,5.6,2024-02-11 07:56:15,"We're delighted to know that our app met your expectations. Should you have any further suggestions or queries, don't hesitate to write to us at zugarmobility@gmail.com.",2024-02-11 09:27:24,5.6
af526d95-405d-4315-aa02-19cc392085a2,A Google user,https://play-lh.googleusercontent.com/EGemoI2NTXmTsBVtJqk8jxF9rh8ApRWfsIMQSt2uE4OcpQqbFu7f7NbTK05lx80nuSijCz7sc3a277R67g,Md Nazmul Hossain,5,0,5.6,2024-02-11 06:39:08,,,5.6
45059f3a-c104-4243-a80c-658fb19a010c,A Google user,https://play-lh.googleusercontent.com/EGemoI2NTXmTsBVtJqk8jxF9rh8ApRWfsIMQSt2uE4OcpQqbFu7f7NbTK05lx80nuSijCz7sc3a277R67g,bre bat,1,0,5.6,2024-02-11 01:17:48,,,5.6
7242c921-0955-4a2b-b9b1-d9b5171c5b62,A Google user,https://play-lh.googleusercontent.com/EGemoI2NTXmTsBVtJqk8jxF9rh8ApRWfsIMQSt2uE4OcpQqbFu7f7NbTK05lx80nuSijCz7sc3a277R67g,Madhu abdu sami,5,0,5.6,2024-02-10 23:48:55,,,5.6
20724d05-fea2-4b08-bf40-00adf811914a,A Google user,https://play-lh.googleusercontent.com/EGemoI2NTXmTsBVtJqk8jxF9rh8ApRWfsIMQSt2uE4OcpQqbFu7f7NbTK05lx80nuSijCz7sc3a277R67g,MD Mahabub,5,0,5.6,2024-02-10 22:17:22,,,5.6
3b8ac9c1-4093-4b75-b503-8c4063d02d8a,A Google user,https://play-lh.googleusercontent.com/EGemoI2NTXmTsBVtJqk8jxF9rh8ApRWfsIMQSt2uE4OcpQqbFu7f7NbTK05lx80nuSijCz7sc3a277R67g,Nice,5,0,5.6,2024-02-10 20:53:23,"We're delighted to know that our app met your expectations. Should you have any further suggestions or queries, don't hesitate to write to us at zugarmobility@gmail.com.",2024-02-10 20:56:37,5.6
36c6186b-14ff-470c-a8bc-7df43435c2e5,A Google user,https://play-lh.googleusercontent.com/EGemoI2NTXmTsBVtJqk8jxF9rh8ApRWfsIMQSt2uE4OcpQqbFu7f7NbTK05lx80nuSijCz7sc3a277R67g,9ice one,5,0,5.6,2024-02-10 12:54:28,,,5.6
642ccf84-7fdc-4a55-8c98-c491febe1b09,A Google user,https://play-lh.googleusercontent.com/EGemoI2NTXmTsBVtJqk8jxF9rh8ApRWfsIMQSt2uE4OcpQqbFu7f7NbTK05lx80nuSijCz7sc3a277R67g,I experience that with this app i learn many in qura'an,5,0,5.6,2024-02-10 10:33:21,,,5.6
b3896356-2c9c-4c37-84e3-fdcc18b5f9dc,A Google user,https://play-lh.googleusercontent.com/EGemoI2NTXmTsBVtJqk8jxF9rh8ApRWfsIMQSt2uE4OcpQqbFu7f7NbTK05lx80nuSijCz7sc3a277R67g,best,4,0,5.6,2024-02-10 10:25:43,Happy to know you're liking our app. We strive for excellence and your 5-star rating will boost our spirits!,2024-02-10 10:31:23,5.6
20eab716-6d96-4a5c-b03e-8ffe65a7aec6,A Google user,https://play-lh.googleusercontent.com/EGemoI2NTXmTsBVtJqk8jxF9rh8ApRWfsIMQSt2uE4OcpQqbFu7f7NbTK05lx80nuSijCz7sc3a277R67g,🥰🥰🥰🥰,5,0,5.6,2024-02-10 08:00:48,,,5.6
170a49ef-3b4a-450e-926c-df9d0df23fac,A Google user,https://play-lh.googleusercontent.com/EGemoI2NTXmTsBVtJqk8jxF9rh8ApRWfsIMQSt2uE4OcpQqbFu7f7NbTK05lx80nuSijCz7sc3a277R67g,good app,5,0,5.6,2024-02-10 02:33:29,"We're delighted to know that our app met your expectations. Should you have any further suggestions or queries, don't hesitate to write to us at zugarmobility@gmail.com.",2024-02-10 04:16:29,5.6
ed566004-a8c0-45fc-80f8-58320de97b49,A Google user,https://play-lh.googleusercontent.com/EGemoI2NTXmTsBVtJqk8jxF9rh8ApRWfsIMQSt2uE4OcpQqbFu7f7NbTK05lx80nuSijCz7sc3a277R67g,Alhamdulillah,5,0,5.6,2024-02-09 23:13:11,,,5.6
32d68f0e-deca-4d8a-9b74-67df841fbf26,A Google user,https://play-lh.googleusercontent.com/EGemoI2NTXmTsBVtJqk8jxF9rh8ApRWfsIMQSt2uE4OcpQqbFu7f7NbTK05lx80nuSijCz7sc3a277R67g,Nice,5,0,5.6,2024-02-09 22:29:02,"We're delighted to know that our app met your expectations. Should you have any further suggestions or queries, don't hesitate to write to us at zugarmobility@gmail.com.",2024-02-10 00:06:27,5.6
db7dceee-bd2e-468f-8812-d21f6275cc75,A Google user,https://play-lh.googleusercontent.com/EGemoI2NTXmTsBVtJqk8jxF9rh8ApRWfsIMQSt2uE4OcpQqbFu7f7NbTK05lx80nuSijCz7sc3a277R67g,Muhammed Ayub,5,0,5.6,2024-02-09 22:04:44,,,5.6
e9387370-c44c-4a50-91fb-8ced9ac66126,A Google user,https://play-lh.googleusercontent.com/EGemoI2NTXmTsBVtJqk8jxF9rh8ApRWfsIMQSt2uE4OcpQqbFu7f7NbTK05lx80nuSijCz7sc3a277R67g,MasaAllah,5,0,5.6,2024-02-09 10:12:21,,,5.6
1914baf9-3855-4a1c-af0a-402dbc3913d2,A Google user,https://play-lh.googleusercontent.com/EGemoI2NTXmTsBVtJqk8jxF9rh8ApRWfsIMQSt2uE4OcpQqbFu7f7NbTK05lx80nuSijCz7sc3a277R67g,I proud I am muslim,5,0,5.6,2024-02-09 08:26:15,,,5.6
7457dee7-fa83-4516-941c-e1effa4ad08f,A Google user,https://play-lh.googleusercontent.com/EGemoI2NTXmTsBVtJqk8jxF9rh8ApRWfsIMQSt2uE4OcpQqbFu7f7NbTK05lx80nuSijCz7sc3a277R67g,Alhumdulillah ❣️,5,0,5.6,2024-02-09 03:49:09,,,5.6
ef7430b5-893e-4add-958d-5c7f712d4921,A Google user,https://play-lh.googleusercontent.com/EGemoI2NTXmTsBVtJqk8jxF9rh8ApRWfsIMQSt2uE4OcpQqbFu7f7NbTK05lx80nuSijCz7sc3a277R67g,👍👍👍👍🥰🥰🥰🥰🥰🥰🥰,5,0,5.6,2024-02-09 03:40:09,,,5.6
bdf03213-a502-460f-a315-1e84064a3947,A Google user,https://play-lh.googleusercontent.com/EGemoI2NTXmTsBVtJqk8jxF9rh8ApRWfsIMQSt2uE4OcpQqbFu7f7NbTK05lx80nuSijCz7sc3a277R67g,♥️♥️♥️♥️,5,0,5.6,2024-02-08 22:43:40,,,5.6
8e49a25d-b4cf-4c73-9905-52b9da27b187,A Google user,https://play-lh.googleusercontent.com/EGemoI2NTXmTsBVtJqk8jxF9rh8ApRWfsIMQSt2uE4OcpQqbFu7f7NbTK05lx80nuSijCz7sc3a277R67g,Is really good,5,0,5.6,2024-02-08 22:35:04,"We're delighted to know that our app met your expectations. Should you have any further suggestions or queries, don't hesitate to write to us at zugarmobility@gmail.com.",2024-02-08 23:06:29,5.6
098515b6-d80f-48ed-a302-44426e320e01,A Google user,https://play-lh.googleusercontent.com/EGemoI2NTXmTsBVtJqk8jxF9rh8ApRWfsIMQSt2uE4OcpQqbFu7f7NbTK05lx80nuSijCz7sc3a277R67g,Good,5,0,5.6,2024-02-08 22:00:08,"We're delighted to know that our app met your expectations. Should you have any further suggestions or queries, don't hesitate to write to us at zugarmobility@gmail.com.",2024-02-08 23:06:30,5.6
68ce55de-efaf-42cd-854f-89b041287af9,A Google user,https://play-lh.googleusercontent.com/EGemoI2NTXmTsBVtJqk8jxF9rh8ApRWfsIMQSt2uE4OcpQqbFu7f7NbTK05lx80nuSijCz7sc3a277R67g,Sabse third class APP hai aapki aap Jo advertise batate Hain language ka vah jhooth hai aise jhuthe ruthe chalakar logon Ko aur unka time,1,0,,2024-02-08 18:09:36,We regret any inconvenience. Ads are essential to sustain our work. Your understanding is truly appreciated.,2024-02-08 18:56:38,
d2025da3-c172-460a-91ed-10fa24888f1e,A Google user,https://play-lh.googleusercontent.com/EGemoI2NTXmTsBVtJqk8jxF9rh8ApRWfsIMQSt2uE4OcpQqbFu7f7NbTK05lx80nuSijCz7sc3a277R67g,Best one i like,5,0,5.6,2024-02-08 14:12:45,"We're delighted to know that our app met your expectations. Should you have any further suggestions or queries, don't hesitate to write to us at zugarmobility@gmail.com.",2024-02-08 14:46:26,5.6
9aaddd46-212a-41c3-bee1-93dca7742eb6,A Google user,https://play-lh.googleusercontent.com/EGemoI2NTXmTsBVtJqk8jxF9rh8ApRWfsIMQSt2uE4OcpQqbFu7f7NbTK05lx80nuSijCz7sc3a277R67g,Nice 👍,5,0,5.6,2024-02-07 22:13:40,"We're delighted to know that our app met your expectations. Should you have any further suggestions or queries, don't hesitate to write to us at zugarmobility@gmail.com.",2024-02-08 00:11:35,5.6
0ed20e50-e70c-4038-8e06-38491c657d6c,A Google user,https://play-lh.googleusercontent.com/EGemoI2NTXmTsBVtJqk8jxF9rh8ApRWfsIMQSt2uE4OcpQqbFu7f7NbTK05lx80nuSijCz7sc3a277R67g,Soopar app,5,0,5.6,2024-02-07 20:31:31,,,5.6
5f388519-d317-4143-813a-0cad5c611e55,A Google user,https://play-lh.googleusercontent.com/EGemoI2NTXmTsBVtJqk8jxF9rh8ApRWfsIMQSt2uE4OcpQqbFu7f7NbTK05lx80nuSijCz7sc3a277R67g,Mashaallah,5,0,5.6,2024-02-07 19:26:55,,,5.6
6ba1d97f-bdf2-41ba-9ef3-f9d1cf1c6576,A Google user,https://play-lh.googleusercontent.com/EGemoI2NTXmTsBVtJqk8jxF9rh8ApRWfsIMQSt2uE4OcpQqbFu7f7NbTK05lx80nuSijCz7sc3a277R67g,Helpful,5,0,5.6,2024-02-07 15:49:48,"We're delighted to know that our app met your expectations. Should you have any further suggestions or queries, don't hesitate to write to us at zugarmobility@gmail.com.",2024-02-07 15:51:24,5.6
180963ea-1d1e-44f0-abe2-ec29501d239b,A Google user,https://play-lh.googleusercontent.com/EGemoI2NTXmTsBVtJqk8jxF9rh8ApRWfsIMQSt2uE4OcpQqbFu7f7NbTK05lx80nuSijCz7sc3a277R67g,Very good application,5,0,5.6,2024-02-07 10:28:30,"We're delighted to know that our app met your expectations. Should you have any further suggestions or queries, don't hesitate to write to us at zugarmobility@gmail.com.",2024-02-07 11:41:36,5.6
df703400-39c2-4847-888d-c22efded2aba,A Google user,https://play-lh.googleusercontent.com/EGemoI2NTXmTsBVtJqk8jxF9rh8ApRWfsIMQSt2uE4OcpQqbFu7f7NbTK05lx80nuSijCz7sc3a277R67g,Totally useless,1,0,5.6,2024-02-07 05:43:06,"We understand your disappointment and are eager to make things right. Help us improve by sharing your suggestions via email at zugarmobility@gmail.com. Rest assured, we're committed to creating a more satisfying experience.",2024-02-07 07:31:23,5.6
18e32926-d5bf-4f06-bf8f-fa658dc7051e,A Google user,https://play-lh.googleusercontent.com/EGemoI2NTXmTsBVtJqk8jxF9rh8ApRWfsIMQSt2uE4OcpQqbFu7f7NbTK05lx80nuSijCz7sc3a277R67g,Bhot hi lajawab app hai,5,0,5.6,2024-02-07 01:27:06,,,5.6
10cda227-edca-451d-9806-89e9bfa9a2d4,A Google user,https://play-lh.googleusercontent.com/EGemoI2NTXmTsBVtJqk8jxF9rh8ApRWfsIMQSt2uE4OcpQqbFu7f7NbTK05lx80nuSijCz7sc3a277R67g,Good,5,0,5.6,2024-02-06 22:33:27,"We're delighted to know that our app met your expectations. Should you have any further suggestions or queries, don't hesitate to write to us at zugarmobility@gmail.com.",2024-02-06 23:11:33,5.6
60279320-2c3e-4f11-81ce-45ca63e58c6f,A Google user,https://play-lh.googleusercontent.com/EGemoI2NTXmTsBVtJqk8jxF9rh8ApRWfsIMQSt2uE4OcpQqbFu7f7NbTK05lx80nuSijCz7sc3a277R67g,Masha Allah well app,5,0,5.6,2024-02-06 19:32:15,"We're delighted to know that our app met your expectations. Should you have any further suggestions or queries, don't hesitate to write to us at zugarmobility@gmail.com.",2024-02-06 21:06:27,5.6
625d56c8-5f5f-4680-a2d8-c7597029ddf1,A Google user,https://play-lh.googleusercontent.com/EGemoI2NTXmTsBVtJqk8jxF9rh8ApRWfsIMQSt2uE4OcpQqbFu7f7NbTK05lx80nuSijCz7sc3a277R67g,yaes,4,0,5.6,2024-02-06 08:41:37,,,5.6
9545407d-de4d-4484-a374-fff39f21c282,A Google user,https://play-lh.googleusercontent.com/EGemoI2NTXmTsBVtJqk8jxF9rh8ApRWfsIMQSt2uE4OcpQqbFu7f7NbTK05lx80nuSijCz7sc3a277R67g,बहुत,5,0,5.6,2024-02-06 07:34:41,,,5.6
224060db-1dcc-45db-b900-71a2db03e801,A Google user,https://play-lh.googleusercontent.com/EGemoI2NTXmTsBVtJqk8jxF9rh8ApRWfsIMQSt2uE4OcpQqbFu7f7NbTK05lx80nuSijCz7sc3a277R67g,Siam. Ahmed,5,0,5.6,2024-02-06 05:39:02,,,5.6
999a430f-46df-4032-87fe-5773cc1f497e,A Google user,https://play-lh.googleusercontent.com/EGemoI2NTXmTsBVtJqk8jxF9rh8ApRWfsIMQSt2uE4OcpQqbFu7f7NbTK05lx80nuSijCz7sc3a277R67g,Good,5,0,5.6,2024-02-06 03:17:57,"We're delighted to know that our app met your expectations. Should you have any further suggestions or queries, don't hesitate to write to us at zugarmobility@gmail.com.",2024-02-06 04:28:00,5.6
ef6c2c38-2c7f-4339-b1e1-a5e7d68327f7,A Google user,https://play-lh.googleusercontent.com/EGemoI2NTXmTsBVtJqk8jxF9rh8ApRWfsIMQSt2uE4OcpQqbFu7f7NbTK05lx80nuSijCz7sc3a277R67g,Very excellent,5,0,5.6,2024-02-06 02:04:30,"We're delighted to know that our app met your expectations. Should you have any further suggestions or queries, don't hesitate to write to us at zugarmobility@gmail.com.",2024-02-06 02:21:24,5.6
7ef33999-9d67-453b-aed5-845852b5c1cf,A Google user,https://play-lh.googleusercontent.com/EGemoI2NTXmTsBVtJqk8jxF9rh8ApRWfsIMQSt2uE4OcpQqbFu7f7NbTK05lx80nuSijCz7sc3a277R67g,nice,5,0,5.6,2024-02-06 00:43:47,"We're delighted to know that our app met your expectations. Should you have any further suggestions or queries, don't hesitate to write to us at zugarmobility@gmail.com.",2024-02-06 02:21:27,5.6
a83c066d-6744-4598-bf31-9188903b098d,A Google user,https://play-lh.googleusercontent.com/EGemoI2NTXmTsBVtJqk8jxF9rh8ApRWfsIMQSt2uE4OcpQqbFu7f7NbTK05lx80nuSijCz7sc3a277R67g,Ok,5,0,5.6,2024-02-06 00:26:39,,,5.6
27753f6c-aeb3-4f18-aa54-f58fb16bf581,A Google user,https://play-lh.googleusercontent.com/EGemoI2NTXmTsBVtJqk8jxF9rh8ApRWfsIMQSt2uE4OcpQqbFu7f7NbTK05lx80nuSijCz7sc3a277R67g,Very good,5,0,5.6,2024-02-06 00:06:24,"We're delighted to know that our app met your expectations. Should you have any further suggestions or queries, don't hesitate to write to us at zugarmobility@gmail.com.",2024-02-06 02:21:28,5.6
939a16d5-4555-4fd4-8a22-61de27ded776,A Google user,https://play-lh.googleusercontent.com/EGemoI2NTXmTsBVtJqk8jxF9rh8ApRWfsIMQSt2uE4OcpQqbFu7f7NbTK05lx80nuSijCz7sc3a277R67g,Good 👍,5,0,5.6,2024-02-06 00:03:24,"We're delighted to know that our app met your expectations. Should you have any further suggestions or queries, don't hesitate to write to us at zugarmobility@gmail.com.",2024-02-06 02:21:29,5.6
b68f2424-77ff-4a56-be21-ae4b3ce5b202,A Google user,https://play-lh.googleusercontent.com/EGemoI2NTXmTsBVtJqk8jxF9rh8ApRWfsIMQSt2uE4OcpQqbFu7f7NbTK05lx80nuSijCz7sc3a277R67g,To God the app,5,0,5.6,2024-02-05 23:18:21,,,5.6
11b82951-502d-4745-b758-8b12fbd2c53b,A Google user,https://play-lh.googleusercontent.com/EGemoI2NTXmTsBVtJqk8jxF9rh8ApRWfsIMQSt2uE4OcpQqbFu7f7NbTK05lx80nuSijCz7sc3a277R67g,Buitiful,5,0,5.6,2024-02-05 23:12:17,,,5.6
e57d1b4b-b3ae-403f-af8c-b35e3f527a70,A Google user,https://play-lh.googleusercontent.com/EGemoI2NTXmTsBVtJqk8jxF9rh8ApRWfsIMQSt2uE4OcpQqbFu7f7NbTK05lx80nuSijCz7sc3a277R67g,ভালো,5,0,5.6,2024-02-05 21:16:35,"We're delighted to know that our app met your expectations. Should you have any further suggestions or queries, don't hesitate to write to us at zugarmobility@gmail.com.",2024-02-05 22:11:37,5.6
9a311728-8928-4556-b022-d36bed0ab359,A Google user,https://play-lh.googleusercontent.com/EGemoI2NTXmTsBVtJqk8jxF9rh8ApRWfsIMQSt2uE4OcpQqbFu7f7NbTK05lx80nuSijCz7sc3a277R67g,Masallah,5,0,5.6,2024-02-05 19:16:22,,,5.6
26565aad-50e1-4f0b-972b-784189975a24,A Google user,https://play-lh.googleusercontent.com/EGemoI2NTXmTsBVtJqk8jxF9rh8ApRWfsIMQSt2uE4OcpQqbFu7f7NbTK05lx80nuSijCz7sc3a277R67g,Allhamdulillha I'm Muslim 🙂 the great apps this Muslim 🙂,4,0,5.6,2024-02-05 09:18:57,Happy to know you're liking our app. We strive for excellence and your 5-star rating will boost our spirits!,2024-02-05 09:41:32,5.6
f57ac11e-f874-4873-9ab9-fecc5c35a54d,A Google user,https://play-lh.googleusercontent.com/EGemoI2NTXmTsBVtJqk8jxF9rh8ApRWfsIMQSt2uE4OcpQqbFu7f7NbTK05lx80nuSijCz7sc3a277R67g,Helpful 🥰❤️,5,0,5.6,2024-02-05 06:25:40,"We're delighted to know that our app met your expectations. Should you have any further suggestions or queries, don't hesitate to write to us at zugarmobility@gmail.com.",2024-02-05 07:36:29,5.6
7ff6f39c-e7be-4adf-ae4e-bc0fdb949526,A Google user,https://play-lh.googleusercontent.com/EGemoI2NTXmTsBVtJqk8jxF9rh8ApRWfsIMQSt2uE4OcpQqbFu7f7NbTK05lx80nuSijCz7sc3a277R67g,Masha Allah very good 👍,5,0,5.6,2024-02-05 05:00:07,"We're delighted to know that our app met your expectations. Should you have any further suggestions or queries, don't hesitate to write to us at zugarmobility@gmail.com.",2024-02-05 05:31:23,5.6
2b8591ce-022e-4855-aff3-a981e33f4c46,A Google user,https://play-lh.googleusercontent.com/EGemoI2NTXmTsBVtJqk8jxF9rh8ApRWfsIMQSt2uE4OcpQqbFu7f7NbTK05lx80nuSijCz7sc3a277R67g,Wow very nice,3,0,5.6,2024-02-05 03:21:38,Happy to know you're liking our app. We strive for excellence and your 5-star rating will boost our spirits!,2024-02-05 03:27:22,5.6
88c62421-66f1-4748-b3c6-eae4f474bddf,A Google user,https://play-lh.googleusercontent.com/EGemoI2NTXmTsBVtJqk8jxF9rh8ApRWfsIMQSt2uE4OcpQqbFu7f7NbTK05lx80nuSijCz7sc3a277R67g,Yas,5,0,5.6,2024-02-05 01:14:39,,,5.6
60e3ff6d-96c3-426e-8b48-a18c483ffe24,A Google user,https://play-lh.googleusercontent.com/EGemoI2NTXmTsBVtJqk8jxF9rh8ApRWfsIMQSt2uE4OcpQqbFu7f7NbTK05lx80nuSijCz7sc3a277R67g,"Masaallah, so helpfully awry one try this aap",5,0,5.6,2024-02-04 22:41:24,"We're delighted to know that our app met your expectations. Should you have any further suggestions or queries, don't hesitate to write to us at zugarmobility@gmail.com.",2024-02-04 23:16:27,5.6
643e64a6-4881-4d03-b34c-12f6a5689fa9,A Google user,https://play-lh.googleusercontent.com/EGemoI2NTXmTsBVtJqk8jxF9rh8ApRWfsIMQSt2uE4OcpQqbFu7f7NbTK05lx80nuSijCz7sc3a277R67g,"It's the worst app one can ever download. I am not a fan of writing reviews for apps, but this app has a lot of 5 star reviews, which I don't understand why? You see a lot of ads every time you visit the app. In addition to that, it keeps loading when you want to open a feature. Long story short, it isn't worth downloading!",1,22,,2024-02-04 21:32:03,We regret any inconvenience. Ads are essential to sustain our work. Your understanding is truly appreciated.,2024-02-04 23:16:30,
5f1f89c8-e3ef-4c54-a543-983d57f95ccc,A Google user,https://play-lh.googleusercontent.com/EGemoI2NTXmTsBVtJqk8jxF9rh8ApRWfsIMQSt2uE4OcpQqbFu7f7NbTK05lx80nuSijCz7sc3a277R67g,Mashallah,5,0,5.6,2024-02-04 20:20:34,,,5.6
17074045-1203-42eb-917b-b131058a8a8f,A Google user,https://play-lh.googleusercontent.com/EGemoI2NTXmTsBVtJqk8jxF9rh8ApRWfsIMQSt2uE4OcpQqbFu7f7NbTK05lx80nuSijCz7sc3a277R67g,Awesome,4,0,5.6,2024-02-04 20:04:28,Happy to know you're liking our app. We strive for excellence and your 5-star rating will boost our spirits!,2024-02-04 21:11:39,5.6
492f68d2-9f5b-4959-90bb-d75dce889757,A Google user,https://play-lh.googleusercontent.com/EGemoI2NTXmTsBVtJqk8jxF9rh8ApRWfsIMQSt2uE4OcpQqbFu7f7NbTK05lx80nuSijCz7sc3a277R67g,Its very good,5,0,5.6,2024-02-04 16:15:02,"We're delighted to know that our app met your expectations. Should you have any further suggestions or queries, don't hesitate to write to us at zugarmobility@gmail.com.",2024-02-04 17:01:24,5.6
19776c95-bbf4-4d62-94ed-eedc0c4615c5,A Google user,https://play-lh.googleusercontent.com/EGemoI2NTXmTsBVtJqk8jxF9rh8ApRWfsIMQSt2uE4OcpQqbFu7f7NbTK05lx80nuSijCz7sc3a277R67g,First time instead app not open it was not working,1,0,5.6,2024-02-04 15:00:58,"We understand your disappointment and are eager to make things right. Help us improve by sharing your suggestions via email at zugarmobility@gmail.com. Rest assured, we're committed to creating a more satisfying experience.",2024-02-04 17:01:26,5.6
e8d8c65a-77a8-4137-91ad-d7330c9d35bc,A Google user,https://play-lh.googleusercontent.com/EGemoI2NTXmTsBVtJqk8jxF9rh8ApRWfsIMQSt2uE4OcpQqbFu7f7NbTK05lx80nuSijCz7sc3a277R67g,Mashallah,5,0,5.6,2024-02-04 12:52:37,,,5.6
9ff5a57f-3e68-494e-a44f-dfd870b40c9e,A Google user,https://play-lh.googleusercontent.com/EGemoI2NTXmTsBVtJqk8jxF9rh8ApRWfsIMQSt2uE4OcpQqbFu7f7NbTK05lx80nuSijCz7sc3a277R67g,Contains inappropriate ads. People would do anything for money nowadays.,1,1,5.6,2024-02-04 11:47:59,We regret any inconvenience. Ads are essential to sustain our work. Your understanding is truly appreciated.,2024-02-04 12:51:23,5.6
19876924-8155-4f35-839b-1b93272af35c,A Google user,https://play-lh.googleusercontent.com/EGemoI2NTXmTsBVtJqk8jxF9rh8ApRWfsIMQSt2uE4OcpQqbFu7f7NbTK05lx80nuSijCz7sc3a277R67g,hindi,2,0,5.6,2024-02-04 09:53:30,,,5.6
e13915f8-ac43-4c7f-be12-3c8591851680,A Google user,https://play-lh.googleusercontent.com/EGemoI2NTXmTsBVtJqk8jxF9rh8ApRWfsIMQSt2uE4OcpQqbFu7f7NbTK05lx80nuSijCz7sc3a277R67g,Nice application,5,0,5.6,2024-02-04 03:31:58,"We're delighted to know that our app met your expectations. Should you have any further suggestions or queries, don't hesitate to write to us at zugarmobility@gmail.com.",2024-02-04 04:31:23,5.6
6a9aa4e3-c86b-4a29-8697-62378df280a4,A Google user,https://play-lh.googleusercontent.com/EGemoI2NTXmTsBVtJqk8jxF9rh8ApRWfsIMQSt2uE4OcpQqbFu7f7NbTK05lx80nuSijCz7sc3a277R67g,Good app,5,0,,2024-02-04 01:09:41,"We're delighted to know that our app met your expectations. Should you have any further suggestions or queries, don't hesitate to write to us at zugarmobility@gmail.com.",2024-02-04 04:31:25,
a146c48a-01de-4472-b77c-5b43d06597f6,A Google user,https://play-lh.googleusercontent.com/EGemoI2NTXmTsBVtJqk8jxF9rh8ApRWfsIMQSt2uE4OcpQqbFu7f7NbTK05lx80nuSijCz7sc3a277R67g,Nice,5,0,5.6,2024-02-04 00:57:49,"We're delighted to know that our app met your expectations. Should you have any further suggestions or queries, don't hesitate to write to us at zugarmobility@gmail.com.",2024-02-04 04:31:28,5.6
6b1d7444-aab7-41e0-b7f5-3ac935fae34e,A Google user,https://play-lh.googleusercontent.com/EGemoI2NTXmTsBVtJqk8jxF9rh8ApRWfsIMQSt2uE4OcpQqbFu7f7NbTK05lx80nuSijCz7sc3a277R67g,Nice,5,0,5.6,2024-02-03 17:54:06,"We're delighted to know that our app met your expectations. Should you have any further suggestions or queries, don't hesitate to write to us at zugarmobility@gmail.com.",2024-02-03 18:06:28,5.6
1b4da35a-861f-47b1-9258-ddf6bee1170a,A Google user,https://play-lh.googleusercontent.com/EGemoI2NTXmTsBVtJqk8jxF9rh8ApRWfsIMQSt2uE4OcpQqbFu7f7NbTK05lx80nuSijCz7sc3a277R67g,Plz🙏 Don’t download this app. Because this app is very slow and shows a lot of ads which are very annoying.,1,55,5.6,2024-02-03 11:47:09,We regret any inconvenience. Ads are essential to sustain our work. Your understanding is truly appreciated.,2024-02-03 11:51:25,5.6
19e2cbf3-3e8e-4322-8348-b54d63d4d55e,A Google user,https://play-lh.googleusercontent.com/EGemoI2NTXmTsBVtJqk8jxF9rh8ApRWfsIMQSt2uE4OcpQqbFu7f7NbTK05lx80nuSijCz7sc3a277R67g,Mashallah,5,0,5.6,2024-02-03 11:17:15,,,5.6
e7917628-2da5-406d-8566-d1659028a387,A Google user,https://play-lh.googleusercontent.com/EGemoI2NTXmTsBVtJqk8jxF9rh8ApRWfsIMQSt2uE4OcpQqbFu7f7NbTK05lx80nuSijCz7sc3a277R67g,🤲🤲🤲,5,0,5.6,2024-02-03 08:42:03,,,5.6
cd0f54f0-3333-4de7-afd3-76c3f2176234,A Google user,https://play-lh.googleusercontent.com/EGemoI2NTXmTsBVtJqk8jxF9rh8ApRWfsIMQSt2uE4OcpQqbFu7f7NbTK05lx80nuSijCz7sc3a277R67g,Good,4,0,5.6,2024-02-03 05:27:04,Happy to know you're liking our app. We strive for excellence and your 5-star rating will boost our spirits!,2024-02-03 05:36:25,5.6
4848a090-4a99-463a-b1e4-95a5013ba0a0,A Google user,https://play-lh.googleusercontent.com/EGemoI2NTXmTsBVtJqk8jxF9rh8ApRWfsIMQSt2uE4OcpQqbFu7f7NbTK05lx80nuSijCz7sc3a277R67g,Wala sikhane wpala,5,0,5.6,2024-02-03 03:43:09,,,5.6
c7a7fa62-735c-4aa6-8fc1-d815cb60b693,A Google user,https://play-lh.googleusercontent.com/EGemoI2NTXmTsBVtJqk8jxF9rh8ApRWfsIMQSt2uE4OcpQqbFu7f7NbTK05lx80nuSijCz7sc3a277R67g,Nice beautiful,5,0,5.6,2024-02-03 01:24:24,"We're delighted to know that our app met your expectations. Should you have any further suggestions or queries, don't hesitate to write to us at zugarmobility@gmail.com.",2024-02-03 01:27:46,5.6
104754d7-a9f7-491f-a7ed-f9b54dcae274,A Google user,https://play-lh.googleusercontent.com/EGemoI2NTXmTsBVtJqk8jxF9rh8ApRWfsIMQSt2uE4OcpQqbFu7f7NbTK05lx80nuSijCz7sc3a277R67g,সুন্দর,5,0,5.6,2024-02-03 00:54:05,"We're delighted to know that our app met your expectations. Should you have any further suggestions or queries, don't hesitate to write to us at zugarmobility@gmail.com.",2024-02-03 01:27:47,5.6
0a474c21-ee5c-48e6-9131-3277e745e9ab,A Google user,https://play-lh.googleusercontent.com/EGemoI2NTXmTsBVtJqk8jxF9rh8ApRWfsIMQSt2uE4OcpQqbFu7f7NbTK05lx80nuSijCz7sc3a277R67g,Good app,5,0,,2024-02-02 22:45:16,"We're delighted to know that our app met your expectations. Should you have any further suggestions or queries, don't hesitate to write to us at zugarmobility@gmail.com.",2024-02-02 23:21:25,
22b9cb7f-3d82-4b96-8008-d818890ab76f,A Google user,https://play-lh.googleusercontent.com/EGemoI2NTXmTsBVtJqk8jxF9rh8ApRWfsIMQSt2uE4OcpQqbFu7f7NbTK05lx80nuSijCz7sc3a277R67g,Good appa,5,0,5.6,2024-02-02 21:22:21,"We're delighted to know that our app met your expectations. Should you have any further suggestions or queries, don't hesitate to write to us at zugarmobility@gmail.com.",2024-02-02 23:21:27,5.6
562c9b8d-120a-4518-801b-8fd655acc2f1,A Google user,https://play-lh.googleusercontent.com/EGemoI2NTXmTsBVtJqk8jxF9rh8ApRWfsIMQSt2uE4OcpQqbFu7f7NbTK05lx80nuSijCz7sc3a277R67g,nice,5,0,5.6,2024-02-02 17:54:01,"We're delighted to know that our app met your expectations. Should you have any further suggestions or queries, don't hesitate to write to us at zugarmobility@gmail.com.",2024-02-02 19:11:34,5.6
0409926c-4e5a-4f9b-b8c3-0b47d1b4801b,A Google user,https://play-lh.googleusercontent.com/EGemoI2NTXmTsBVtJqk8jxF9rh8ApRWfsIMQSt2uE4OcpQqbFu7f7NbTK05lx80nuSijCz7sc3a277R67g,Best app,5,0,5.6,2024-02-02 17:34:24,"We're delighted to know that our app met your expectations. Should you have any further suggestions or queries, don't hesitate to write to us at zugarmobility@gmail.com.",2024-02-02 19:11:35,5.6
b9d0afa9-f5e1-4570-ad2a-d8ea5c5657f1,A Google user,https://play-lh.googleusercontent.com/EGemoI2NTXmTsBVtJqk8jxF9rh8ApRWfsIMQSt2uE4OcpQqbFu7f7NbTK05lx80nuSijCz7sc3a277R67g,Nice,5,0,5.6,2024-02-02 16:29:39,"We're delighted to know that our app met your expectations. Should you have any further suggestions or queries, don't hesitate to write to us at zugarmobility@gmail.com.",2024-02-02 17:06:26,5.6
9c8d181b-0424-449d-9575-af4131c95cf4,A Google user,https://play-lh.googleusercontent.com/EGemoI2NTXmTsBVtJqk8jxF9rh8ApRWfsIMQSt2uE4OcpQqbFu7f7NbTK05lx80nuSijCz7sc3a277R67g,No playback on my device sound,2,0,,2024-02-02 13:57:48,,,
5fac5bd6-d5d7-46b7-b57a-b790d7f5d4da,A Google user,https://play-lh.googleusercontent.com/EGemoI2NTXmTsBVtJqk8jxF9rh8ApRWfsIMQSt2uE4OcpQqbFu7f7NbTK05lx80nuSijCz7sc3a277R67g,Moses App,5,0,5.6,2024-02-02 13:35:58,,,5.6
88a96e84-84c5-406a-9a9e-650d58d55177,A Google user,https://play-lh.googleusercontent.com/EGemoI2NTXmTsBVtJqk8jxF9rh8ApRWfsIMQSt2uE4OcpQqbFu7f7NbTK05lx80nuSijCz7sc3a277R67g,"Magar ,,isme multi language nahi he ,, Hindi , gujrati",5,0,5.6,2024-02-02 06:47:38,,,5.6
c883ed47-ec0e-4257-8932-52523f67a8f5,A Google user,https://play-lh.googleusercontent.com/EGemoI2NTXmTsBVtJqk8jxF9rh8ApRWfsIMQSt2uE4OcpQqbFu7f7NbTK05lx80nuSijCz7sc3a277R67g,Masallah,3,0,5.6,2024-02-02 03:12:20,,,5.6
692fbe12-e58a-4498-af83-d4041b32388f,A Google user,https://play-lh.googleusercontent.com/EGemoI2NTXmTsBVtJqk8jxF9rh8ApRWfsIMQSt2uE4OcpQqbFu7f7NbTK05lx80nuSijCz7sc3a277R67g,Not suer 2024.2.3,5,0,5.6,2024-02-02 01:37:39,,,5.6
30ab5958-5dba-4c58-9ee8-64a987d98df5,A Google user,https://play-lh.googleusercontent.com/EGemoI2NTXmTsBVtJqk8jxF9rh8ApRWfsIMQSt2uE4OcpQqbFu7f7NbTK05lx80nuSijCz7sc3a277R67g,Nice,4,1,5.6,2024-02-01 20:57:38,Happy to know you're liking our app. We strive for excellence and your 5-star rating will boost our spirits!,2024-02-01 22:21:25,5.6
34da7346-bb28-4064-b74e-b3879a06a606,A Google user,https://play-lh.googleusercontent.com/EGemoI2NTXmTsBVtJqk8jxF9rh8ApRWfsIMQSt2uE4OcpQqbFu7f7NbTK05lx80nuSijCz7sc3a277R67g,Good,5,0,5.6,2024-02-01 17:54:05,"We're delighted to know that our app met your expectations. Should you have any further suggestions or queries, don't hesitate to write to us at zugarmobility@gmail.com.",2024-02-01 18:11:35,5.6
c7bab30f-d465-421c-ad57-f463a38206cc,A Google user,https://play-lh.googleusercontent.com/EGemoI2NTXmTsBVtJqk8jxF9rh8ApRWfsIMQSt2uE4OcpQqbFu7f7NbTK05lx80nuSijCz7sc3a277R67g,Thank you,5,0,5.6,2024-02-01 16:38:51,"We're delighted to know that our app met your expectations. Should you have any further suggestions or queries, don't hesitate to write to us at zugarmobility@gmail.com.",2024-02-01 18:11:36,5.6
bd1470de-5915-4eb5-81f1-38e36c41a284,A Google user,https://play-lh.googleusercontent.com/EGemoI2NTXmTsBVtJqk8jxF9rh8ApRWfsIMQSt2uE4OcpQqbFu7f7NbTK05lx80nuSijCz7sc3a277R67g,Menu yg tidak lengkap tidak ada yg perlu di ubah,4,1,5.6,2024-02-01 14:50:20,,,5.6
9b0b6dfd-2b7c-4a61-8883-bbaea6ed1825,A Google user,https://play-lh.googleusercontent.com/EGemoI2NTXmTsBVtJqk8jxF9rh8ApRWfsIMQSt2uE4OcpQqbFu7f7NbTK05lx80nuSijCz7sc3a277R67g,I finding this a very good,5,0,5.6,2024-02-01 13:40:22,"We're delighted to know that our app met your expectations. Should you have any further suggestions or queries, don't hesitate to write to us at zugarmobility@gmail.com.",2024-02-01 14:01:23,5.6
5737f609-6840-4075-b260-0cf8b7d7803f,A Google user,https://play-lh.googleusercontent.com/EGemoI2NTXmTsBVtJqk8jxF9rh8ApRWfsIMQSt2uE4OcpQqbFu7f7NbTK05lx80nuSijCz7sc3a277R67g,Thank you for the outstanding services,5,0,5.6,2024-02-01 05:01:11,"We're delighted to know that our app met your expectations. Should you have any further suggestions or queries, don't hesitate to write to us at zugarmobility@gmail.com.",2024-02-01 05:41:27,5.6
e771c76c-95cf-4c91-bf7e-5eb4eab7fb19,A Google user,https://play-lh.googleusercontent.com/EGemoI2NTXmTsBVtJqk8jxF9rh8ApRWfsIMQSt2uE4OcpQqbFu7f7NbTK05lx80nuSijCz7sc3a277R67g,Good,5,0,5.6,2024-02-01 01:49:53,"We're delighted to know that our app met your expectations. Should you have any further suggestions or queries, don't hesitate to write to us at zugarmobility@gmail.com.",2024-02-01 03:36:29,5.6
218d4141-4b1b-4e85-8a9f-2738cfdc68ab,A Google user,https://play-lh.googleusercontent.com/EGemoI2NTXmTsBVtJqk8jxF9rh8ApRWfsIMQSt2uE4OcpQqbFu7f7NbTK05lx80nuSijCz7sc3a277R67g,Good,5,0,5.6,2024-02-01 01:31:36,"We're delighted to know that our app met your expectations. Should you have any further suggestions or queries, don't hesitate to write to us at zugarmobility@gmail.com.",2024-02-01 03:36:30,5.6
4283d6bd-b3bc-4c89-9d59-9ec4f2708327,A Google user,https://play-lh.googleusercontent.com/EGemoI2NTXmTsBVtJqk8jxF9rh8ApRWfsIMQSt2uE4OcpQqbFu7f7NbTK05lx80nuSijCz7sc3a277R67g,Nice,5,0,5.6,2024-01-31 23:54:43,"We're delighted to know that our app met your expectations. Should you have any further suggestions or queries, don't hesitate to write to us at zugarmobility@gmail.com.",2024-02-01 01:31:24,5.6
1c769759-7282-44b5-9a4f-07db28c36311,A Google user,https://play-lh.googleusercontent.com/EGemoI2NTXmTsBVtJqk8jxF9rh8ApRWfsIMQSt2uE4OcpQqbFu7f7NbTK05lx80nuSijCz7sc3a277R67g,Best app,5,0,5.6,2024-01-31 23:25:18,"We're delighted to know that our app met your expectations. Should you have any further suggestions or queries, don't hesitate to write to us at zugarmobility@gmail.com.",2024-01-31 23:27:35,5.6
2f77b070-e8c9-4cad-8f40-8768bc75f46b,A Google user,https://play-lh.googleusercontent.com/EGemoI2NTXmTsBVtJqk8jxF9rh8ApRWfsIMQSt2uE4OcpQqbFu7f7NbTK05lx80nuSijCz7sc3a277R67g,Very good,5,0,5.6,2024-01-31 22:13:46,"We're delighted to know that our app met your expectations. Should you have any further suggestions or queries, don't hesitate to write to us at zugarmobility@gmail.com.",2024-01-31 23:27:38,5.6
668e50bb-7459-4fc6-8abe-4f785bf2acf4,A Google user,https://play-lh.googleusercontent.com/EGemoI2NTXmTsBVtJqk8jxF9rh8ApRWfsIMQSt2uE4OcpQqbFu7f7NbTK05lx80nuSijCz7sc3a277R67g,Nice,5,0,5.6,2024-01-31 21:19:22,"We're delighted to know that our app met your expectations. Should you have any further suggestions or queries, don't hesitate to write to us at zugarmobility@gmail.com.",2024-01-31 21:21:26,5.6
183c5dcc-391d-4452-a51f-c21fbf2d15b9,A Google user,https://play-lh.googleusercontent.com/EGemoI2NTXmTsBVtJqk8jxF9rh8ApRWfsIMQSt2uE4OcpQqbFu7f7NbTK05lx80nuSijCz7sc3a277R67g,Masha allah,4,0,5.6,2024-01-31 11:17:10,,,5.6
5c0fe200-7fb3-400f-9937-574afecb7882,A Google user,https://play-lh.googleusercontent.com/EGemoI2NTXmTsBVtJqk8jxF9rh8ApRWfsIMQSt2uE4OcpQqbFu7f7NbTK05lx80nuSijCz7sc3a277R67g,Easy to use,5,0,5.6,2024-01-31 07:09:04,,,5.6
ad1c6fbf-5f31-449e-bdd8-f6f559eedaff,A Google user,https://play-lh.googleusercontent.com/EGemoI2NTXmTsBVtJqk8jxF9rh8ApRWfsIMQSt2uE4OcpQqbFu7f7NbTK05lx80nuSijCz7sc3a277R67g,Mashallah,5,0,5.6,2024-01-31 02:21:43,,,5.6
31551b48-e1e7-4c13-898d-d6ee1c8d3e53,A Google user,https://play-lh.googleusercontent.com/EGemoI2NTXmTsBVtJqk8jxF9rh8ApRWfsIMQSt2uE4OcpQqbFu7f7NbTK05lx80nuSijCz7sc3a277R67g,Good,5,0,5.6,2024-01-31 01:35:51,"We're delighted to know that our app met your expectations. Should you have any further suggestions or queries, don't hesitate to write to us at zugarmobility@gmail.com.",2024-01-31 02:36:28,5.6
0040abe3-7bff-484a-ba42-ff7accc7b1cd,A Google user,https://play-lh.googleusercontent.com/EGemoI2NTXmTsBVtJqk8jxF9rh8ApRWfsIMQSt2uE4OcpQqbFu7f7NbTK05lx80nuSijCz7sc3a277R67g,جيد,5,0,,2024-01-31 00:06:24,"We're delighted to know that our app met your expectations. Should you have any further suggestions or queries, don't hesitate to write to us at zugarmobility@gmail.com.",2024-01-31 00:31:25,
78c837e9-77eb-4702-af6a-224da677f0c2,A Google user,https://play-lh.googleusercontent.com/EGemoI2NTXmTsBVtJqk8jxF9rh8ApRWfsIMQSt2uE4OcpQqbFu7f7NbTK05lx80nuSijCz7sc3a277R67g,Were good best grait I like app,5,0,5.6,2024-01-30 23:59:49,"We're delighted to know that our app met your expectations. Should you have any further suggestions or queries, don't hesitate to write to us at zugarmobility@gmail.com.",2024-01-31 00:31:27,5.6
efe65195-4130-4d1d-862b-6e0690746d7b,A Google user,https://play-lh.googleusercontent.com/EGemoI2NTXmTsBVtJqk8jxF9rh8ApRWfsIMQSt2uE4OcpQqbFu7f7NbTK05lx80nuSijCz7sc3a277R67g,🥰🥰,4,0,5.6,2024-01-30 23:09:17,,,5.6
0b6b3270-2ab1-4956-8e0e-2b8a215ba050,A Google user,https://play-lh.googleusercontent.com/EGemoI2NTXmTsBVtJqk8jxF9rh8ApRWfsIMQSt2uE4OcpQqbFu7f7NbTK05lx80nuSijCz7sc3a277R67g,Superb app,5,0,5.6,2024-01-30 19:23:33,"We're delighted to know that our app met your expectations. Should you have any further suggestions or queries, don't hesitate to write to us at zugarmobility@gmail.com.",2024-01-30 20:21:24,5.6
e92ee1d0-47bf-436c-ab10-23b1957f2495,A Google user,https://play-lh.googleusercontent.com/EGemoI2NTXmTsBVtJqk8jxF9rh8ApRWfsIMQSt2uE4OcpQqbFu7f7NbTK05lx80nuSijCz7sc3a277R67g,Safuruddin,5,0,5.6,2024-01-30 06:38:44,,,5.6
a74cd1cc-8ef0-47e3-800c-453ce3291067,A Google user,https://play-lh.googleusercontent.com/EGemoI2NTXmTsBVtJqk8jxF9rh8ApRWfsIMQSt2uE4OcpQqbFu7f7NbTK05lx80nuSijCz7sc3a277R67g,Super good thanks app,5,0,5.6,2024-01-30 00:32:55,"We're delighted to know that our app met your expectations. Should you have any further suggestions or queries, don't hesitate to write to us at zugarmobility@gmail.com.",2024-01-30 01:36:25,5.6
771ca51f-3c2f-4dea-85fa-1f0b39f667ae,A Google user,https://play-lh.googleusercontent.com/EGemoI2NTXmTsBVtJqk8jxF9rh8ApRWfsIMQSt2uE4OcpQqbFu7f7NbTK05lx80nuSijCz7sc3a277R67g,सुपर,5,0,5.6,2024-01-30 00:28:52,"We're delighted to know that our app met your expectations. Should you have any further suggestions or queries, don't hesitate to write to us at zugarmobility@gmail.com.",2024-01-30 01:36:27,5.6
d6823af9-93d2-4348-b14f-7fd1ab9078b2,A Google user,https://play-lh.googleusercontent.com/EGemoI2NTXmTsBVtJqk8jxF9rh8ApRWfsIMQSt2uE4OcpQqbFu7f7NbTK05lx80nuSijCz7sc3a277R67g,Good idea 💡,5,0,5.6,2024-01-29 23:17:20,"We're delighted to know that our app met your expectations. Should you have any further suggestions or queries, don't hesitate to write to us at zugarmobility@gmail.com.",2024-01-29 23:31:23,5.6
70eef9fb-1c02-4002-8ca6-2a8371a63916,A Google user,https://play-lh.googleusercontent.com/EGemoI2NTXmTsBVtJqk8jxF9rh8ApRWfsIMQSt2uE4OcpQqbFu7f7NbTK05lx80nuSijCz7sc3a277R67g,Subhanallah,5,0,5.6,2024-01-29 22:50:06,,,5.6
790fd66a-59f2-4a80-b195-73d023d9ffb5,A Google user,https://play-lh.googleusercontent.com/EGemoI2NTXmTsBVtJqk8jxF9rh8ApRWfsIMQSt2uE4OcpQqbFu7f7NbTK05lx80nuSijCz7sc3a277R67g,good,4,0,5.6,2024-01-29 22:47:02,Happy to know you're liking our app. We strive for excellence and your 5-star rating will boost our spirits!,2024-01-29 23:31:24,5.6
47d22504-b36c-4eb4-a46d-643bc8733e60,A Google user,https://play-lh.googleusercontent.com/EGemoI2NTXmTsBVtJqk8jxF9rh8ApRWfsIMQSt2uE4OcpQqbFu7f7NbTK05lx80nuSijCz7sc3a277R67g,Excellent like very much,5,0,5.6,2024-01-29 21:59:19,"We're delighted to know that our app met your expectations. Should you have any further suggestions or queries, don't hesitate to write to us at zugarmobility@gmail.com.",2024-01-29 23:31:27,5.6
f8c3d11a-3ac3-4902-923a-9e5fc64b61fc,A Google user,https://play-lh.googleusercontent.com/EGemoI2NTXmTsBVtJqk8jxF9rh8ApRWfsIMQSt2uE4OcpQqbFu7f7NbTK05lx80nuSijCz7sc3a277R67g,Assalamu alaikum,5,0,5.6,2024-01-29 21:04:26,,,5.6
2bdd4076-3ad5-4498-b9eb-ab466a3e28a5,A Google user,https://play-lh.googleusercontent.com/EGemoI2NTXmTsBVtJqk8jxF9rh8ApRWfsIMQSt2uE4OcpQqbFu7f7NbTK05lx80nuSijCz7sc3a277R67g,I love the app and am really enjoying it.. May Almighty Allah bless those behind these app .. Mashala,5,2,5.6,2024-01-29 16:07:21,"We're delighted to know that our app met your expectations. Should you have any further suggestions or queries, don't hesitate to write to us at zugarmobility@gmail.com.",2024-01-29 17:16:24,5.6
b6b112fd-b35a-4754-84ce-bf5b14d98626,A Google user,https://play-lh.googleusercontent.com/EGemoI2NTXmTsBVtJqk8jxF9rh8ApRWfsIMQSt2uE4OcpQqbFu7f7NbTK05lx80nuSijCz7sc3a277R67g,Nice,5,0,5.6,2024-01-29 01:47:55,"We're delighted to know that our app met your expectations. Should you have any further suggestions or queries, don't hesitate to write to us at zugarmobility@gmail.com.",2024-01-29 02:41:33,5.6
e1fa4777-2327-458a-ac72-85e04ed216c0,A Google user,https://play-lh.googleusercontent.com/EGemoI2NTXmTsBVtJqk8jxF9rh8ApRWfsIMQSt2uE4OcpQqbFu7f7NbTK05lx80nuSijCz7sc3a277R67g,Niche,5,0,5.6,2024-01-29 01:47:42,,,5.6
0df205dc-79b4-472a-a93f-9378a41d314e,A Google user,https://play-lh.googleusercontent.com/EGemoI2NTXmTsBVtJqk8jxF9rh8ApRWfsIMQSt2uE4OcpQqbFu7f7NbTK05lx80nuSijCz7sc3a277R67g,This application is very good,5,1,5.6,2024-01-28 23:05:56,"We're delighted to know that our app met your expectations. Should you have any further suggestions or queries, don't hesitate to write to us at zugarmobility@gmail.com.",2024-01-29 00:36:27,5.6
81cd958a-bb7f-40b8-85e3-505a5257ceca,A Google user,https://play-lh.googleusercontent.com/EGemoI2NTXmTsBVtJqk8jxF9rh8ApRWfsIMQSt2uE4OcpQqbFu7f7NbTK05lx80nuSijCz7sc3a277R67g,I liked this application,5,1,5.6,2024-01-28 20:17:30,"We're delighted to know that our app met your expectations. Should you have any further suggestions or queries, don't hesitate to write to us at zugarmobility@gmail.com.",2024-01-28 20:27:42,5.6
db4901a8-ff43-40b4-b698-a63f72c4fa38,A Google user,https://play-lh.googleusercontent.com/EGemoI2NTXmTsBVtJqk8jxF9rh8ApRWfsIMQSt2uE4OcpQqbFu7f7NbTK05lx80nuSijCz7sc3a277R67g,👍,4,0,5.6,2024-01-28 18:00:00,,,5.6
7e32dfa9-7647-446d-8326-1ca0c753e3ed,A Google user,https://play-lh.googleusercontent.com/EGemoI2NTXmTsBVtJqk8jxF9rh8ApRWfsIMQSt2uE4OcpQqbFu7f7NbTK05lx80nuSijCz7sc3a277R67g,Nice it,5,0,,2024-01-28 17:51:04,"We're delighted to know that our app met your expectations. Should you have any further suggestions or queries, don't hesitate to write to us at zugarmobility@gmail.com.",2024-01-28 18:21:23,
0f914293-e0d8-4c15-b479-2f9d62fee624,A Google user,https://play-lh.googleusercontent.com/EGemoI2NTXmTsBVtJqk8jxF9rh8ApRWfsIMQSt2uE4OcpQqbFu7f7NbTK05lx80nuSijCz7sc3a277R67g,Good,5,0,5.6,2024-01-28 17:42:49,"We're delighted to know that our app met your expectations. Should you have any further suggestions or queries, don't hesitate to write to us at zugarmobility@gmail.com.",2024-01-28 18:21:24,5.6
d38543cf-1c53-486a-9b90-34faad09d6ee,A Google user,https://play-lh.googleusercontent.com/EGemoI2NTXmTsBVtJqk8jxF9rh8ApRWfsIMQSt2uE4OcpQqbFu7f7NbTK05lx80nuSijCz7sc3a277R67g,Asfi,5,0,5.6,2024-01-28 17:21:55,,,5.6
7bcefeb6-0858-4acd-a552-d718bc12296d,A Google user,https://play-lh.googleusercontent.com/EGemoI2NTXmTsBVtJqk8jxF9rh8ApRWfsIMQSt2uE4OcpQqbFu7f7NbTK05lx80nuSijCz7sc3a277R67g,Good,5,0,5.6,2024-01-28 12:53:17,"We're delighted to know that our app met your expectations. Should you have any further suggestions or queries, don't hesitate to write to us at zugarmobility@gmail.com.",2024-01-28 14:11:36,5.6
b2693dff-15cf-4be7-839a-66cf62c46cd3,A Google user,https://play-lh.googleusercontent.com/EGemoI2NTXmTsBVtJqk8jxF9rh8ApRWfsIMQSt2uE4OcpQqbFu7f7NbTK05lx80nuSijCz7sc3a277R67g,good,5,0,5.6,2024-01-28 06:57:54,"We're delighted to know that our app met your expectations. Should you have any further suggestions or queries, don't hesitate to write to us at zugarmobility@gmail.com.",2024-01-28 07:56:33,5.6
fff302fa-4eff-4801-80d3-3f02cf9ac18c,A Google user,https://play-lh.googleusercontent.com/EGemoI2NTXmTsBVtJqk8jxF9rh8ApRWfsIMQSt2uE4OcpQqbFu7f7NbTK05lx80nuSijCz7sc3a277R67g,Very good app for kids,5,2,5.6,2024-01-27 14:06:18,"We're delighted to know that our app met your expectations. Should you have any further suggestions or queries, don't hesitate to write to us at zugarmobility@gmail.com.",2024-01-27 15:16:25,5.6
fc9209b5-808a-4421-b335-32864f7305a2,A Google user,https://play-lh.googleusercontent.com/EGemoI2NTXmTsBVtJqk8jxF9rh8ApRWfsIMQSt2uE4OcpQqbFu7f7NbTK05lx80nuSijCz7sc3a277R67g,Subhan Allah,5,0,5.6,2024-01-27 06:40:36,,,5.6
5a1c6eff-c34d-4ff2-a9bc-47de8f6174cb,A Google user,https://play-lh.googleusercontent.com/EGemoI2NTXmTsBVtJqk8jxF9rh8ApRWfsIMQSt2uE4OcpQqbFu7f7NbTK05lx80nuSijCz7sc3a277R67g,Very good,5,0,5.6,2024-01-27 01:52:08,"We're delighted to know that our app met your expectations. Should you have any further suggestions or queries, don't hesitate to write to us at zugarmobility@gmail.com.",2024-01-27 02:46:27,5.6
20e2d155-703c-45fb-ad59-038cc95a08ae,A Google user,https://play-lh.googleusercontent.com/EGemoI2NTXmTsBVtJqk8jxF9rh8ApRWfsIMQSt2uE4OcpQqbFu7f7NbTK05lx80nuSijCz7sc3a277R67g,Good,5,0,5.6,2024-01-27 00:43:32,"We're delighted to know that our app met your expectations. Should you have any further suggestions or queries, don't hesitate to write to us at zugarmobility@gmail.com.",2024-01-27 02:46:28,5.6
c386542a-7092-4d9f-838a-6631de20dc97,A Google user,https://play-lh.googleusercontent.com/EGemoI2NTXmTsBVtJqk8jxF9rh8ApRWfsIMQSt2uE4OcpQqbFu7f7NbTK05lx80nuSijCz7sc3a277R67g,Good,5,0,5.6,2024-01-27 00:18:50,"We're delighted to know that our app met your expectations. Should you have any further suggestions or queries, don't hesitate to write to us at zugarmobility@gmail.com.",2024-01-27 00:41:35,5.6
108fe406-759d-4243-9214-490b43c11143,A Google user,https://play-lh.googleusercontent.com/EGemoI2NTXmTsBVtJqk8jxF9rh8ApRWfsIMQSt2uE4OcpQqbFu7f7NbTK05lx80nuSijCz7sc3a277R67g,nice very nice,5,1,5.6,2024-01-26 23:14:06,"We're delighted to know that our app met your expectations. Should you have any further suggestions or queries, don't hesitate to write to us at zugarmobility@gmail.com.",2024-01-27 00:41:37,5.6
e37d7412-71c7-4eed-94b5-52ffa994c8f1,A Google user,https://play-lh.googleusercontent.com/EGemoI2NTXmTsBVtJqk8jxF9rh8ApRWfsIMQSt2uE4OcpQqbFu7f7NbTK05lx80nuSijCz7sc3a277R67g,Love this app,5,1,5.6,2024-01-26 21:31:02,"We're delighted to know that our app met your expectations. Should you have any further suggestions or queries, don't hesitate to write to us at zugarmobility@gmail.com.",2024-01-26 22:36:25,5.6
932de31a-cad0-47e9-9410-63e96cfe6334,A Google user,https://play-lh.googleusercontent.com/EGemoI2NTXmTsBVtJqk8jxF9rh8ApRWfsIMQSt2uE4OcpQqbFu7f7NbTK05lx80nuSijCz7sc3a277R67g,Good,5,1,5.6,2024-01-26 21:09:34,"We're delighted to know that our app met your expectations. Should you have any further suggestions or queries, don't hesitate to write to us at zugarmobility@gmail.com.",2024-01-26 22:36:26,5.6
7e0b7e30-e680-4a3d-82ca-8300ca66e336,A Google user,https://play-lh.googleusercontent.com/EGemoI2NTXmTsBVtJqk8jxF9rh8ApRWfsIMQSt2uE4OcpQqbFu7f7NbTK05lx80nuSijCz7sc3a277R67g,Very good and helpful app,5,1,5.6,2024-01-26 18:23:39,"We're delighted to know that our app met your expectations. Should you have any further suggestions or queries, don't hesitate to write to us at zugarmobility@gmail.com.",2024-01-26 18:28:14,5.6
a39fead7-59a9-409c-a5a9-a3c00126b00d,A Google user,https://play-lh.googleusercontent.com/EGemoI2NTXmTsBVtJqk8jxF9rh8ApRWfsIMQSt2uE4OcpQqbFu7f7NbTK05lx80nuSijCz7sc3a277R67g,Nice video,5,0,5.6,2024-01-26 17:42:16,"We're delighted to know that our app met your expectations. Should you have any further suggestions or queries, don't hesitate to write to us at zugarmobility@gmail.com.",2024-01-26 18:28:16,5.6
b520dd76-a09e-4630-bd6b-ebb4c240d996,A Google user,https://play-lh.googleusercontent.com/EGemoI2NTXmTsBVtJqk8jxF9rh8ApRWfsIMQSt2uE4OcpQqbFu7f7NbTK05lx80nuSijCz7sc3a277R67g,Very good app,5,1,5.6,2024-01-26 01:58:00,"We're delighted to know that our app met your expectations. Should you have any further suggestions or queries, don't hesitate to write to us at zugarmobility@gmail.com.",2024-01-26 03:51:23,5.6
c8ec4cee-3b3e-43bb-92ec-01b9f4c1148c,A Google user,https://play-lh.googleusercontent.com/EGemoI2NTXmTsBVtJqk8jxF9rh8ApRWfsIMQSt2uE4OcpQqbFu7f7NbTK05lx80nuSijCz7sc3a277R67g,Naice,5,0,5.6,2024-01-26 01:07:29,"We're delighted to know that our app met your expectations. Should you have any further suggestions or queries, don't hesitate to write to us at zugarmobility@gmail.com.",2024-01-26 01:46:27,5.6
d98ba267-cbf1-4d82-b1b2-0d8f572ba24c,A Google user,https://play-lh.googleusercontent.com/EGemoI2NTXmTsBVtJqk8jxF9rh8ApRWfsIMQSt2uE4OcpQqbFu7f7NbTK05lx80nuSijCz7sc3a277R67g,Good,5,0,5.6,2024-01-25 20:47:44,"We're delighted to know that our app met your expectations. Should you have any further suggestions or queries, don't hesitate to write to us at zugarmobility@gmail.com.",2024-01-25 21:36:27,5.6
b4cdafd2-1793-4ea4-9eb8-19e662a0eb6c,A Google user,https://play-lh.googleusercontent.com/EGemoI2NTXmTsBVtJqk8jxF9rh8ApRWfsIMQSt2uE4OcpQqbFu7f7NbTK05lx80nuSijCz7sc3a277R67g,Good,3,0,5.6,2024-01-25 19:53:53,Happy to know you're liking our app. We strive for excellence and your 5-star rating will boost our spirits!,2024-01-25 21:36:28,5.6
0ba45529-a749-46d1-a467-7b79c599760e,A Google user,https://play-lh.googleusercontent.com/EGemoI2NTXmTsBVtJqk8jxF9rh8ApRWfsIMQSt2uE4OcpQqbFu7f7NbTK05lx80nuSijCz7sc3a277R67g,Mashaallah this app is very greatfull for me.....,5,1,5.6,2024-01-25 15:42:27,"We're delighted to know that our app met your expectations. Should you have any further suggestions or queries, don't hesitate to write to us at zugarmobility@gmail.com.",2024-01-25 17:27:30,5.6
c60f3cdc-e9ff-44cd-b951-8227d7c84303,A Google user,https://play-lh.googleusercontent.com/EGemoI2NTXmTsBVtJqk8jxF9rh8ApRWfsIMQSt2uE4OcpQqbFu7f7NbTK05lx80nuSijCz7sc3a277R67g,Great app ❤️,5,0,5.6,2024-01-25 13:30:31,"We're delighted to know that our app met your expectations. Should you have any further suggestions or queries, don't hesitate to write to us at zugarmobility@gmail.com.",2024-01-25 15:21:23,5.6
fa83810d-9e14-4769-891c-70ffc90721cf,A Google user,https://play-lh.googleusercontent.com/EGemoI2NTXmTsBVtJqk8jxF9rh8ApRWfsIMQSt2uE4OcpQqbFu7f7NbTK05lx80nuSijCz7sc3a277R67g,♥♥,5,0,5.6,2024-01-25 11:48:57,,,5.6
ffa8f55f-d74f-488e-ac28-ec8c519724f8,A Google user,https://play-lh.googleusercontent.com/EGemoI2NTXmTsBVtJqk8jxF9rh8ApRWfsIMQSt2uE4OcpQqbFu7f7NbTK05lx80nuSijCz7sc3a277R67g,The best I have seen so far,5,1,5.6,2024-01-25 10:58:07,"We're delighted to know that our app met your expectations. Should you have any further suggestions or queries, don't hesitate to write to us at zugarmobility@gmail.com.",2024-01-25 11:11:34,5.6
dc8deedb-0180-4362-8340-e2e52b75c9d8,A Google user,https://play-lh.googleusercontent.com/EGemoI2NTXmTsBVtJqk8jxF9rh8ApRWfsIMQSt2uE4OcpQqbFu7f7NbTK05lx80nuSijCz7sc3a277R67g,I love this app,5,1,5.6,2024-01-25 09:54:33,"We're delighted to know that our app met your expectations. Should you have any further suggestions or queries, don't hesitate to write to us at zugarmobility@gmail.com.",2024-01-25 11:11:35,5.6
56290fa0-04cd-45a4-8d5e-fa772fbcbce9,A Google user,https://play-lh.googleusercontent.com/EGemoI2NTXmTsBVtJqk8jxF9rh8ApRWfsIMQSt2uE4OcpQqbFu7f7NbTK05lx80nuSijCz7sc3a277R67g,Alhamdulillah Bahut khush hu is app ko pa kr Aapka bahut bahut shukriya ❤️❤️❤️❤️,5,0,5.6,2024-01-25 01:50:34,"We're delighted to know that our app met your expectations. Should you have any further suggestions or queries, don't hesitate to write to us at zugarmobility@gmail.com.",2024-01-25 02:51:26,5.6
ba131540-e251-451e-9d87-97b3e1c61ef6,A Google user,https://play-lh.googleusercontent.com/EGemoI2NTXmTsBVtJqk8jxF9rh8ApRWfsIMQSt2uE4OcpQqbFu7f7NbTK05lx80nuSijCz7sc3a277R67g,Super super Bhai,5,0,5.6,2024-01-25 00:40:27,"We're delighted to know that our app met your expectations. Should you have any further suggestions or queries, don't hesitate to write to us at zugarmobility@gmail.com.",2024-01-25 00:46:26,5.6
fe92f1f6-24fb-4542-8c1f-41f255bfc253,A Google user,https://play-lh.googleusercontent.com/EGemoI2NTXmTsBVtJqk8jxF9rh8ApRWfsIMQSt2uE4OcpQqbFu7f7NbTK05lx80nuSijCz7sc3a277R67g,Zjid,5,0,5.6,2024-01-25 00:00:05,,,5.6
97437532-c995-4a14-a7dc-805a5a51f018,A Google user,https://play-lh.googleusercontent.com/EGemoI2NTXmTsBVtJqk8jxF9rh8ApRWfsIMQSt2uE4OcpQqbFu7f7NbTK05lx80nuSijCz7sc3a277R67g,Nice,5,0,5.6,2024-01-24 23:54:22,"We're delighted to know that our app met your expectations. Should you have any further suggestions or queries, don't hesitate to write to us at zugarmobility@gmail.com.",2024-01-25 00:46:27,5.6
2de0b8c0-2ecc-44f1-ab23-2ff4e1879962,A Google user,https://play-lh.googleusercontent.com/EGemoI2NTXmTsBVtJqk8jxF9rh8ApRWfsIMQSt2uE4OcpQqbFu7f7NbTK05lx80nuSijCz7sc3a277R67g,good apps,5,0,5.6,2024-01-24 19:36:17,"We're delighted to know that our app met your expectations. Should you have any further suggestions or queries, don't hesitate to write to us at zugarmobility@gmail.com.",2024-01-24 20:36:25,5.6
0919d03f-84e7-47f9-a762-55e91c4ddc25,A Google user,https://play-lh.googleusercontent.com/EGemoI2NTXmTsBVtJqk8jxF9rh8ApRWfsIMQSt2uE4OcpQqbFu7f7NbTK05lx80nuSijCz7sc3a277R67g,good GOB,5,0,5.6,2024-01-24 09:53:11,"We're delighted to know that our app met your expectations. Should you have any further suggestions or queries, don't hesitate to write to us at zugarmobility@gmail.com.",2024-01-24 10:11:28,5.6
11744bdf-5645-4055-bb9b-abdff05110bd,A Google user,https://play-lh.googleusercontent.com/EGemoI2NTXmTsBVtJqk8jxF9rh8ApRWfsIMQSt2uE4OcpQqbFu7f7NbTK05lx80nuSijCz7sc3a277R67g,Good app,5,0,5.6,2024-01-24 01:57:47,"We're delighted to know that our app met your expectations. Should you have any further suggestions or queries, don't hesitate to write to us at zugarmobility@gmail.com.",2024-01-24 03:56:44,5.6
80b576d8-f838-47f7-a87b-9137651d4538,A Google user,https://play-lh.googleusercontent.com/EGemoI2NTXmTsBVtJqk8jxF9rh8ApRWfsIMQSt2uE4OcpQqbFu7f7NbTK05lx80nuSijCz7sc3a277R67g,I like this APK.,4,2,5.6,2024-01-24 01:51:09,Happy to know you're liking our app. We strive for excellence and your 5-star rating will boost our spirits!,2024-01-24 01:51:24,5.6
394d3fb2-7c8f-4dda-911a-57637d3c9d36,A Google user,https://play-lh.googleusercontent.com/EGemoI2NTXmTsBVtJqk8jxF9rh8ApRWfsIMQSt2uE4OcpQqbFu7f7NbTK05lx80nuSijCz7sc3a277R67g,Masha Allah islamic app hm jese upan logoke li mashaallah bahut khub,5,0,5.6,2024-01-24 00:03:09,,,5.6
5c1066ae-fe00-4aa2-969b-0e966f48d469,A Google user,https://play-lh.googleusercontent.com/EGemoI2NTXmTsBVtJqk8jxF9rh8ApRWfsIMQSt2uE4OcpQqbFu7f7NbTK05lx80nuSijCz7sc3a277R67g,Very helpful app 👍🙂,5,1,5.6,2024-01-23 21:41:48,"We're delighted to know that our app met your expectations. Should you have any further suggestions or queries, don't hesitate to write to us at zugarmobility@gmail.com.",2024-01-23 23:46:26,5.6
cab107a8-4627-406d-bae0-75b5556cbe83,A Google user,https://play-lh.googleusercontent.com/EGemoI2NTXmTsBVtJqk8jxF9rh8ApRWfsIMQSt2uE4OcpQqbFu7f7NbTK05lx80nuSijCz7sc3a277R67g,🇮🇳,5,0,5.6,2024-01-23 20:39:04,,,5.6
e1416530-e5ed-4d3b-9ca0-452b9d91aca5,A Google user,https://play-lh.googleusercontent.com/EGemoI2NTXmTsBVtJqk8jxF9rh8ApRWfsIMQSt2uE4OcpQqbFu7f7NbTK05lx80nuSijCz7sc3a277R67g,Very good,5,0,5.6,2024-01-23 19:57:27,"We're delighted to know that our app met your expectations. Should you have any further suggestions or queries, don't hesitate to write to us at zugarmobility@gmail.com.",2024-01-23 21:41:32,5.6
d319dd8b-53bd-4872-85e8-78e096ad5a05,A Google user,https://play-lh.googleusercontent.com/EGemoI2NTXmTsBVtJqk8jxF9rh8ApRWfsIMQSt2uE4OcpQqbFu7f7NbTK05lx80nuSijCz7sc3a277R67g,This apps is very helpful in our regular life,5,1,5.6,2024-01-23 18:35:18,"We're delighted to know that our app met your expectations. Should you have any further suggestions or queries, don't hesitate to write to us at zugarmobility@gmail.com.",2024-01-23 19:36:26,5.6
2336765a-642b-41b5-8346-7884a2f2192c,A Google user,https://play-lh.googleusercontent.com/EGemoI2NTXmTsBVtJqk8jxF9rh8ApRWfsIMQSt2uE4OcpQqbFu7f7NbTK05lx80nuSijCz7sc3a277R67g,মোটামুটি,5,0,5.6,2024-01-23 18:31:14,,,5.6
e1a40cea-810f-476e-bacd-77eebed81429,A Google user,https://play-lh.googleusercontent.com/EGemoI2NTXmTsBVtJqk8jxF9rh8ApRWfsIMQSt2uE4OcpQqbFu7f7NbTK05lx80nuSijCz7sc3a277R67g,Good,5,0,5.6,2024-01-23 06:19:50,"We're delighted to know that our app met your expectations. Should you have any further suggestions or queries, don't hesitate to write to us at zugarmobility@gmail.com.",2024-01-23 07:06:27,5.6
4d8d8113-b971-48ff-b449-830f86cc5930,A Google user,https://play-lh.googleusercontent.com/EGemoI2NTXmTsBVtJqk8jxF9rh8ApRWfsIMQSt2uE4OcpQqbFu7f7NbTK05lx80nuSijCz7sc3a277R67g,Perfect Baraka N Allah ufikoum,5,0,5.6,2024-01-23 02:11:34,"We're delighted to know that our app met your expectations. Should you have any further suggestions or queries, don't hesitate to write to us at zugarmobility@gmail.com.",2024-01-23 02:56:34,5.6
36c732b4-b176-4536-ba65-b00822bcf66f,A Google user,https://play-lh.googleusercontent.com/EGemoI2NTXmTsBVtJqk8jxF9rh8ApRWfsIMQSt2uE4OcpQqbFu7f7NbTK05lx80nuSijCz7sc3a277R67g,Fantastic,5,0,5.6,2024-01-23 01:54:19,"We're delighted to know that our app met your expectations. Should you have any further suggestions or queries, don't hesitate to write to us at zugarmobility@gmail.com.",2024-01-23 02:56:35,5.6
2cc435fa-906e-4197-b0f2-cb91c390e4ff,A Google user,https://play-lh.googleusercontent.com/EGemoI2NTXmTsBVtJqk8jxF9rh8ApRWfsIMQSt2uE4OcpQqbFu7f7NbTK05lx80nuSijCz7sc3a277R67g,"All I have to say, is that May Almighty Allah bless all the Muslims unmah around the world and I love all Muslims apps Masha Allah",5,2,5.6,2024-01-22 23:16:03,"We're delighted to know that our app met your expectations. Should you have any further suggestions or queries, don't hesitate to write to us at zugarmobility@gmail.com.",2024-01-23 00:51:23,5.6
c6991aba-2625-4f90-adfb-2d8af8e03950,A Google user,https://play-lh.googleusercontent.com/EGemoI2NTXmTsBVtJqk8jxF9rh8ApRWfsIMQSt2uE4OcpQqbFu7f7NbTK05lx80nuSijCz7sc3a277R67g,Nice,5,0,5.6,2024-01-22 23:15:33,"We're delighted to know that our app met your expectations. Should you have any further suggestions or queries, don't hesitate to write to us at zugarmobility@gmail.com.",2024-01-23 00:51:24,5.6
a12b5151-2789-4fc1-87d8-c759fa23a337,A Google user,https://play-lh.googleusercontent.com/EGemoI2NTXmTsBVtJqk8jxF9rh8ApRWfsIMQSt2uE4OcpQqbFu7f7NbTK05lx80nuSijCz7sc3a277R67g,Very nice I like it,5,1,5.6,2024-01-22 22:08:05,"We're delighted to know that our app met your expectations. Should you have any further suggestions or queries, don't hesitate to write to us at zugarmobility@gmail.com.",2024-01-22 22:46:31,5.6
a3be6212-e6c9-4283-8d47-1228f21bafc0,A Google user,https://play-lh.googleusercontent.com/EGemoI2NTXmTsBVtJqk8jxF9rh8ApRWfsIMQSt2uE4OcpQqbFu7f7NbTK05lx80nuSijCz7sc3a277R67g,Good app,5,0,5.6,2024-01-22 20:37:46,"We're delighted to know that our app met your expectations. Should you have any further suggestions or queries, don't hesitate to write to us at zugarmobility@gmail.com.",2024-01-22 22:46:33,5.6
ef986b0e-725b-4ab2-a50c-c25bf36a1532,A Google user,https://play-lh.googleusercontent.com/EGemoI2NTXmTsBVtJqk8jxF9rh8ApRWfsIMQSt2uE4OcpQqbFu7f7NbTK05lx80nuSijCz7sc3a277R67g,World school,5,0,5.6,2024-01-22 20:28:34,,,5.6
4f5a7104-8092-46a5-abbd-9ec11b279333,A Google user,https://play-lh.googleusercontent.com/EGemoI2NTXmTsBVtJqk8jxF9rh8ApRWfsIMQSt2uE4OcpQqbFu7f7NbTK05lx80nuSijCz7sc3a277R67g,Alhamdulillah,5,0,5.6,2024-01-22 19:14:57,,,5.6
cddde1dd-4519-40ab-aa96-7d042b77786b,A Google user,https://play-lh.googleusercontent.com/EGemoI2NTXmTsBVtJqk8jxF9rh8ApRWfsIMQSt2uE4OcpQqbFu7f7NbTK05lx80nuSijCz7sc3a277R67g,Nice App,4,0,5.6,2024-01-22 18:02:28,Happy to know you're liking our app. We strive for excellence and your 5-star rating will boost our spirits!,2024-01-22 18:36:25,5.6
733ec882-5655-4dd0-bc10-3e4b4f05099c,A Google user,https://play-lh.googleusercontent.com/EGemoI2NTXmTsBVtJqk8jxF9rh8ApRWfsIMQSt2uE4OcpQqbFu7f7NbTK05lx80nuSijCz7sc3a277R67g,Masallah,5,0,5.6,2024-01-22 14:12:50,,,5.6
97871dee-3451-4c4c-a521-277b09b3f9c5,A Google user,https://play-lh.googleusercontent.com/EGemoI2NTXmTsBVtJqk8jxF9rh8ApRWfsIMQSt2uE4OcpQqbFu7f7NbTK05lx80nuSijCz7sc3a277R67g,Mashaa allah,5,0,5.6,2024-01-22 13:11:11,,,5.6
84849751-9006-4e31-a46f-f045ea5d4aca,A Google user,https://play-lh.googleusercontent.com/EGemoI2NTXmTsBVtJqk8jxF9rh8ApRWfsIMQSt2uE4OcpQqbFu7f7NbTK05lx80nuSijCz7sc3a277R67g,good,5,0,5.6,2024-01-22 11:09:12,"We're delighted to know that our app met your expectations. Should you have any further suggestions or queries, don't hesitate to write to us at zugarmobility@gmail.com.",2024-01-22 12:21:23,5.6
799e8589-91b4-4f95-9760-109c1b569f29,A Google user,https://play-lh.googleusercontent.com/EGemoI2NTXmTsBVtJqk8jxF9rh8ApRWfsIMQSt2uE4OcpQqbFu7f7NbTK05lx80nuSijCz7sc3a277R67g,It's has alot of benefits,5,1,5.6,2024-01-22 02:05:46,,,5.6
0eb0fc90-9766-4b79-955e-cf43e89dc42c,A Google user,https://play-lh.googleusercontent.com/EGemoI2NTXmTsBVtJqk8jxF9rh8ApRWfsIMQSt2uE4OcpQqbFu7f7NbTK05lx80nuSijCz7sc3a277R67g,Good,5,0,5.6,2024-01-22 01:06:45,"We're delighted to know that our app met your expectations. Should you have any further suggestions or queries, don't hesitate to write to us at zugarmobility@gmail.com.",2024-01-22 01:56:42,5.6
60c7154a-170c-49b9-a896-d7e0d6b6d88c,A Google user,https://play-lh.googleusercontent.com/EGemoI2NTXmTsBVtJqk8jxF9rh8ApRWfsIMQSt2uE4OcpQqbFu7f7NbTK05lx80nuSijCz7sc3a277R67g,माशा अल्लाह awesomeness,5,0,5.6,2024-01-21 18:44:14,"We're delighted to know that our app met your expectations. Should you have any further suggestions or queries, don't hesitate to write to us at zugarmobility@gmail.com.",2024-01-21 19:41:40,5.6
e1ba9985-0238-4a89-8c65-3eb5e7fecd7b,A Google user,https://play-lh.googleusercontent.com/EGemoI2NTXmTsBVtJqk8jxF9rh8ApRWfsIMQSt2uE4OcpQqbFu7f7NbTK05lx80nuSijCz7sc3a277R67g,Ok,5,0,5.6,2024-01-21 15:19:31,,,5.6
d769101c-0a10-4e24-8f90-db65236b9fd9,A Google user,https://play-lh.googleusercontent.com/EGemoI2NTXmTsBVtJqk8jxF9rh8ApRWfsIMQSt2uE4OcpQqbFu7f7NbTK05lx80nuSijCz7sc3a277R67g,It's very helpful for us,5,1,5.6,2024-01-21 00:39:46,"We're delighted to know that our app met your expectations. Should you have any further suggestions or queries, don't hesitate to write to us at zugarmobility@gmail.com.",2024-01-21 00:56:42,5.6
163852c1-70a3-4670-b805-1261c2ea1549,A Google user,https://play-lh.googleusercontent.com/EGemoI2NTXmTsBVtJqk8jxF9rh8ApRWfsIMQSt2uE4OcpQqbFu7f7NbTK05lx80nuSijCz7sc3a277R67g,Fantastic..... Good..... Perfect....,5,1,5.6,2024-01-20 22:33:24,"We're delighted to know that our app met your expectations. Should you have any further suggestions or queries, don't hesitate to write to us at zugarmobility@gmail.com.",2024-01-20 22:51:27,5.6
46a423ac-6558-43f7-817f-f2bfe6e48404,A Google user,https://play-lh.googleusercontent.com/EGemoI2NTXmTsBVtJqk8jxF9rh8ApRWfsIMQSt2uE4OcpQqbFu7f7NbTK05lx80nuSijCz7sc3a277R67g,I really like this app. With the reminders for each prayer it's great,5,14,5.6,2024-01-20 21:46:03,"We're delighted to know that our app met your expectations. Should you have any further suggestions or queries, don't hesitate to write to us at zugarmobility@gmail.com.",2024-01-20 22:51:29,5.6
ee8f2d5d-959c-420d-b018-2b46a7b7a4fa,A Google user,https://play-lh.googleusercontent.com/EGemoI2NTXmTsBVtJqk8jxF9rh8ApRWfsIMQSt2uE4OcpQqbFu7f7NbTK05lx80nuSijCz7sc3a277R67g,ما شاء الله تبارك الرحمن,5,0,5.6,2024-01-20 11:41:03,,,5.6
291220ed-a456-4a10-ab35-1c7f830a2e48,A Google user,https://play-lh.googleusercontent.com/EGemoI2NTXmTsBVtJqk8jxF9rh8ApRWfsIMQSt2uE4OcpQqbFu7f7NbTK05lx80nuSijCz7sc3a277R67g,Nic,5,0,5.6,2024-01-20 09:07:09,,,5.6
06ccdeff-7df4-447a-a96f-187466ac4f10,A Google user,https://play-lh.googleusercontent.com/EGemoI2NTXmTsBVtJqk8jxF9rh8ApRWfsIMQSt2uE4OcpQqbFu7f7NbTK05lx80nuSijCz7sc3a277R67g,गुड expirens,5,0,5.6,2024-01-20 08:42:53,"We're delighted to know that our app met your expectations. Should you have any further suggestions or queries, don't hesitate to write to us at zugarmobility@gmail.com.",2024-01-20 10:21:23,5.6
2e779a37-02e1-440d-8f03-8c9644e80d6d,A Google user,https://play-lh.googleusercontent.com/EGemoI2NTXmTsBVtJqk8jxF9rh8ApRWfsIMQSt2uE4OcpQqbFu7f7NbTK05lx80nuSijCz7sc3a277R67g,Very good app,5,1,5.6,2024-01-20 08:14:52,"We're delighted to know that our app met your expectations. Should you have any further suggestions or queries, don't hesitate to write to us at zugarmobility@gmail.com.",2024-01-20 08:16:26,5.6
7e89d57a-1546-4c8c-8550-f11697575227,A Google user,https://play-lh.googleusercontent.com/EGemoI2NTXmTsBVtJqk8jxF9rh8ApRWfsIMQSt2uE4OcpQqbFu7f7NbTK05lx80nuSijCz7sc3a277R67g,Good,5,0,5.6,2024-01-20 00:34:27,"We're delighted to know that our app met your expectations. Should you have any further suggestions or queries, don't hesitate to write to us at zugarmobility@gmail.com.",2024-01-20 02:01:24,5.6
08ca10a9-539b-4e07-be80-eefcc1dffb97,A Google user,https://play-lh.googleusercontent.com/EGemoI2NTXmTsBVtJqk8jxF9rh8ApRWfsIMQSt2uE4OcpQqbFu7f7NbTK05lx80nuSijCz7sc3a277R67g,Very good,5,0,5.6,2024-01-19 17:41:38,"We're delighted to know that our app met your expectations. Should you have any further suggestions or queries, don't hesitate to write to us at zugarmobility@gmail.com.",2024-01-19 19:46:26,5.6
c959011c-c9cf-4f4d-90f5-aefca385d7fa,A Google user,https://play-lh.googleusercontent.com/EGemoI2NTXmTsBVtJqk8jxF9rh8ApRWfsIMQSt2uE4OcpQqbFu7f7NbTK05lx80nuSijCz7sc3a277R67g,Alhamdulillah,5,0,5.6,2024-01-19 14:27:07,,,5.6
0156ee6c-b4a4-45d7-8465-d2c93cb8829d,A Google user,https://play-lh.googleusercontent.com/EGemoI2NTXmTsBVtJqk8jxF9rh8ApRWfsIMQSt2uE4OcpQqbFu7f7NbTK05lx80nuSijCz7sc3a277R67g,Very convenient.....every Muslim in this land should use this,5,2,5.6,2024-01-19 01:52:28,,,5.6
eecab81b-1f86-4c5a-87cd-244b2c6a859c,A Google user,https://play-lh.googleusercontent.com/EGemoI2NTXmTsBVtJqk8jxF9rh8ApRWfsIMQSt2uE4OcpQqbFu7f7NbTK05lx80nuSijCz7sc3a277R67g,Good,5,0,5.6,2024-01-18 22:32:24,"We're delighted to know that our app met your expectations. Should you have any further suggestions or queries, don't hesitate to write to us at zugarmobility@gmail.com.",2024-01-18 22:56:34,5.6
46ba8e00-9d03-4e15-a867-27d29c3eae2a,A Google user,https://play-lh.googleusercontent.com/EGemoI2NTXmTsBVtJqk8jxF9rh8ApRWfsIMQSt2uE4OcpQqbFu7f7NbTK05lx80nuSijCz7sc3a277R67g,Best,5,0,5.6,2024-01-18 21:57:14,"We're delighted to know that our app met your expectations. Should you have any further suggestions or queries, don't hesitate to write to us at zugarmobility@gmail.com.",2024-01-18 22:56:36,5.6
58ee82d0-a188-49be-9507-2d1187a494c5,A Google user,https://play-lh.googleusercontent.com/EGemoI2NTXmTsBVtJqk8jxF9rh8ApRWfsIMQSt2uE4OcpQqbFu7f7NbTK05lx80nuSijCz7sc3a277R67g,Nice and good,5,1,5.6,2024-01-18 21:50:24,"We're delighted to know that our app met your expectations. Should you have any further suggestions or queries, don't hesitate to write to us at zugarmobility@gmail.com.",2024-01-18 22:56:37,5.6
bb5efcbc-c858-47f3-9474-edc69c54475c,A Google user,https://play-lh.googleusercontent.com/EGemoI2NTXmTsBVtJqk8jxF9rh8ApRWfsIMQSt2uE4OcpQqbFu7f7NbTK05lx80nuSijCz7sc3a277R67g,Very good,5,0,5.6,2024-01-18 20:15:50,"We're delighted to know that our app met your expectations. Should you have any further suggestions or queries, don't hesitate to write to us at zugarmobility@gmail.com.",2024-01-18 20:51:23,5.6
d4a665ae-87ee-42fd-bc2f-9f8d3dcb01a9,A Google user,https://play-lh.googleusercontent.com/EGemoI2NTXmTsBVtJqk8jxF9rh8ApRWfsIMQSt2uE4OcpQqbFu7f7NbTK05lx80nuSijCz7sc3a277R67g,No accuracy in location selection and prayer times,2,2,,2024-01-18 17:45:19,,,
ca97b6e2-c47d-440f-aae2-a3a2e637b7d0,A Google user,https://play-lh.googleusercontent.com/EGemoI2NTXmTsBVtJqk8jxF9rh8ApRWfsIMQSt2uE4OcpQqbFu7f7NbTK05lx80nuSijCz7sc3a277R67g,Very good aap,5,1,5.6,2024-01-18 15:47:06,"We're delighted to know that our app met your expectations. Should you have any further suggestions or queries, don't hesitate to write to us at zugarmobility@gmail.com.",2024-01-18 18:46:28,5.6
1f2cf225-f34e-426c-b4fc-1b846a321e32,A Google user,https://play-lh.googleusercontent.com/EGemoI2NTXmTsBVtJqk8jxF9rh8ApRWfsIMQSt2uE4OcpQqbFu7f7NbTK05lx80nuSijCz7sc3a277R67g,Mahalakshmi Allah,5,0,5.6,2024-01-18 00:13:38,,,5.6
1244a231-f1c0-48ff-bf6a-a7c9cc351177,A Google user,https://play-lh.googleusercontent.com/EGemoI2NTXmTsBVtJqk8jxF9rh8ApRWfsIMQSt2uE4OcpQqbFu7f7NbTK05lx80nuSijCz7sc3a277R67g,I read all surah was so amazing apps,5,1,5.6,2024-01-17 04:39:50,"We're delighted to know that our app met your expectations. Should you have any further suggestions or queries, don't hesitate to write to us at zugarmobility@gmail.com.",2024-01-17 05:16:26,5.6
b7645483-2a7d-42d0-a3f5-014f65436a54,A Google user,https://play-lh.googleusercontent.com/EGemoI2NTXmTsBVtJqk8jxF9rh8ApRWfsIMQSt2uE4OcpQqbFu7f7NbTK05lx80nuSijCz7sc3a277R67g,It's really good app and very helpful 👍 jazaq Allah 👌,5,1,5.6,2024-01-16 14:50:18,"We're delighted to know that our app met your expectations. Should you have any further suggestions or queries, don't hesitate to write to us at zugarmobility@gmail.com.",2024-01-16 16:46:26,5.6
141d4b14-6ddd-4752-a5c7-01374ab092c0,A Google user,https://play-lh.googleusercontent.com/EGemoI2NTXmTsBVtJqk8jxF9rh8ApRWfsIMQSt2uE4OcpQqbFu7f7NbTK05lx80nuSijCz7sc3a277R67g,Kaka install plang peo sure aqu ayos toh,5,0,5.6,2024-01-16 14:00:00,,,5.6
840fd321-b2cc-457c-9fe8-5ea5222dc955,A Google user,https://play-lh.googleusercontent.com/EGemoI2NTXmTsBVtJqk8jxF9rh8ApRWfsIMQSt2uE4OcpQqbFu7f7NbTK05lx80nuSijCz7sc3a277R67g,Falidahnanono,5,0,5.6,2024-01-16 12:48:01,,,5.6
fe11360a-6101-4b81-b6fa-b6143ca9be50,A Google user,https://play-lh.googleusercontent.com/EGemoI2NTXmTsBVtJqk8jxF9rh8ApRWfsIMQSt2uE4OcpQqbFu7f7NbTK05lx80nuSijCz7sc3a277R67g,اشنا,5,0,5.6,2024-01-16 09:32:43,,,5.6
43416721-db24-4b54-ba20-c82598461ef6,A Google user,https://play-lh.googleusercontent.com/EGemoI2NTXmTsBVtJqk8jxF9rh8ApRWfsIMQSt2uE4OcpQqbFu7f7NbTK05lx80nuSijCz7sc3a277R67g,Nice,5,0,5.6,2024-01-15 21:54:15,"We're delighted to know that our app met your expectations. Should you have any further suggestions or queries, don't hesitate to write to us at zugarmobility@gmail.com.",2024-01-15 22:01:23,5.6
5157af37-4776-4573-bd59-3b2e34ad068e,A Google user,https://play-lh.googleusercontent.com/EGemoI2NTXmTsBVtJqk8jxF9rh8ApRWfsIMQSt2uE4OcpQqbFu7f7NbTK05lx80nuSijCz7sc3a277R67g,Can't put Sydney,1,0,5.6,2024-01-15 03:27:13,,,5.6
a4a069f2-583d-4d96-805f-de704041e8fa,A Google user,https://play-lh.googleusercontent.com/EGemoI2NTXmTsBVtJqk8jxF9rh8ApRWfsIMQSt2uE4OcpQqbFu7f7NbTK05lx80nuSijCz7sc3a277R67g,Good,5,0,5.6,2024-01-14 16:07:12,"We're delighted to know that our app met your expectations. Should you have any further suggestions or queries, don't hesitate to write to us at zugarmobility@gmail.com.",2024-01-14 16:51:23,5.6
589698f2-9852-4bcf-ae44-2a4bab4422a4,A Google user,https://play-lh.googleusercontent.com/EGemoI2NTXmTsBVtJqk8jxF9rh8ApRWfsIMQSt2uE4OcpQqbFu7f7NbTK05lx80nuSijCz7sc3a277R67g,স্বাগতম,5,0,5.6,2024-01-14 05:32:56,,,5.6
d304cd5e-2131-4807-b331-21b6ea717e67,A Google user,https://play-lh.googleusercontent.com/EGemoI2NTXmTsBVtJqk8jxF9rh8ApRWfsIMQSt2uE4OcpQqbFu7f7NbTK05lx80nuSijCz7sc3a277R67g,Good app,5,0,5.6,2024-01-14 04:18:17,"We're delighted to know that our app met your expectations. Should you have any further suggestions or queries, don't hesitate to write to us at zugarmobility@gmail.com.",2024-01-14 04:21:24,5.6
e3ec1f50-8678-46eb-87c3-bb52ae69bf79,A Google user,https://play-lh.googleusercontent.com/EGemoI2NTXmTsBVtJqk8jxF9rh8ApRWfsIMQSt2uE4OcpQqbFu7f7NbTK05lx80nuSijCz7sc3a277R67g,aslmlikum,5,0,5.6,2024-01-13 23:32:56,,,5.6
86356ef6-4dc0-413a-a2b2-2d58eb418500,A Google user,https://play-lh.googleusercontent.com/EGemoI2NTXmTsBVtJqk8jxF9rh8ApRWfsIMQSt2uE4OcpQqbFu7f7NbTK05lx80nuSijCz7sc3a277R67g,Best application I have experience,4,2,5.6,2024-01-13 18:58:27,Happy to know you're liking our app. We strive for excellence and your 5-star rating will boost our spirits!,2024-01-13 20:01:25,5.6
e2d6093c-9822-44c9-a59c-771ef1cf0757,A Google user,https://play-lh.googleusercontent.com/EGemoI2NTXmTsBVtJqk8jxF9rh8ApRWfsIMQSt2uE4OcpQqbFu7f7NbTK05lx80nuSijCz7sc3a277R67g,It's super,5,4,5.6,2024-01-12 11:35:17,"We're delighted to know that our app met your expectations. Should you have any further suggestions or queries, don't hesitate to write to us at zugarmobility@gmail.com.",2024-01-12 12:46:27,5.6
e5ffd0f0-51ea-4b2a-b64a-ae0209082f98,A Google user,https://play-lh.googleusercontent.com/EGemoI2NTXmTsBVtJqk8jxF9rh8ApRWfsIMQSt2uE4OcpQqbFu7f7NbTK05lx80nuSijCz7sc3a277R67g,Masha Allah,5,0,5.6,2024-01-12 11:14:29,,,5.6
b72a02b1-af1c-4e8f-9eb3-105dd463c7f0,A Google user,https://play-lh.googleusercontent.com/EGemoI2NTXmTsBVtJqk8jxF9rh8ApRWfsIMQSt2uE4OcpQqbFu7f7NbTK05lx80nuSijCz7sc3a277R67g,Nice app,5,0,5.6,2024-01-11 23:59:15,"We're delighted to know that our app met your expectations. Should you have any further suggestions or queries, don't hesitate to write to us at zugarmobility@gmail.com.",2024-01-12 00:16:27,5.6
3aeb87ae-a679-47b1-90c7-a50e3a134d00,A Google user,https://play-lh.googleusercontent.com/EGemoI2NTXmTsBVtJqk8jxF9rh8ApRWfsIMQSt2uE4OcpQqbFu7f7NbTK05lx80nuSijCz7sc3a277R67g,Good,5,0,5.6,2024-01-11 10:41:27,"We're delighted to know that our app met your expectations. Should you have any further suggestions or queries, don't hesitate to write to us at zugarmobility@gmail.com.",2024-01-11 11:46:26,5.6
b50bc820-aca8-4fb5-91a3-fdb18df280fe,A Google user,https://play-lh.googleusercontent.com/EGemoI2NTXmTsBVtJqk8jxF9rh8ApRWfsIMQSt2uE4OcpQqbFu7f7NbTK05lx80nuSijCz7sc3a277R67g,Free download Family,5,0,5.6,2024-01-10 04:20:33,,,5.6
7dca474c-b3b0-4bb9-bfe1-2ae4460027a1,A Google user,https://play-lh.googleusercontent.com/EGemoI2NTXmTsBVtJqk8jxF9rh8ApRWfsIMQSt2uE4OcpQqbFu7f7NbTK05lx80nuSijCz7sc3a277R67g,Ok,5,0,5.6,2024-01-09 15:50:08,,,5.6
7edac999-44be-4279-8caf-8dcee28f2b66,A Google user,https://play-lh.googleusercontent.com/EGemoI2NTXmTsBVtJqk8jxF9rh8ApRWfsIMQSt2uE4OcpQqbFu7f7NbTK05lx80nuSijCz7sc3a277R67g,Well organized,5,0,,2024-01-08 00:48:07,"We're delighted to know that our app met your expectations. Should you have any further suggestions or queries, don't hesitate to write to us at zugarmobility@gmail.com.",2024-01-08 02:31:24,
8d5776de-6c1a-4963-b10a-ff24d32fa6ca,A Google user,https://play-lh.googleusercontent.com/EGemoI2NTXmTsBVtJqk8jxF9rh8ApRWfsIMQSt2uE4OcpQqbFu7f7NbTK05lx80nuSijCz7sc3a277R67g,খুব ভালো আলহামদুললিলা,5,0,5.6,2024-01-07 23:35:17,"We're delighted to know that our app met your expectations. Should you have any further suggestions or queries, don't hesitate to write to us at zugarmobility@gmail.com.",2024-01-08 00:27:47,5.6
d1479448-23bc-4e1c-8ae2-9f18a70db61f,A Google user,https://play-lh.googleusercontent.com/EGemoI2NTXmTsBVtJqk8jxF9rh8ApRWfsIMQSt2uE4OcpQqbFu7f7NbTK05lx80nuSijCz7sc3a277R67g,Excellent and smoothly,5,3,5.6,2024-01-06 20:36:27,"We're delighted to know that our app met your expectations. Should you have any further suggestions or queries, don't hesitate to write to us at zugarmobility@gmail.com.",2024-01-06 21:21:24,5.6
ef1f1ee8-3d74-49b9-a20c-be5816cf4313,A Google user,https://play-lh.googleusercontent.com/EGemoI2NTXmTsBVtJqk8jxF9rh8ApRWfsIMQSt2uE4OcpQqbFu7f7NbTK05lx80nuSijCz7sc3a277R67g,This app is good,1,1,5.6,2024-01-06 01:31:15,Happy to know you're liking our app. We strive for excellence and your 5-star rating will boost our spirits!,2024-01-06 02:36:25,5.6
17c10148-c8ee-4230-a094-4ef231d53483,A Google user,https://play-lh.googleusercontent.com/EGemoI2NTXmTsBVtJqk8jxF9rh8ApRWfsIMQSt2uE4OcpQqbFu7f7NbTK05lx80nuSijCz7sc3a277R67g,Best,5,0,5.6,2024-01-06 00:25:15,"We're delighted to know that our app met your expectations. Should you have any further suggestions or queries, don't hesitate to write to us at zugarmobility@gmail.com.",2024-01-06 00:31:24,5.6
6f7ad884-cfd1-4bcf-8a00-786d1c4ed793,A Google user,https://play-lh.googleusercontent.com/EGemoI2NTXmTsBVtJqk8jxF9rh8ApRWfsIMQSt2uE4OcpQqbFu7f7NbTK05lx80nuSijCz7sc3a277R67g,Very nice aaps,5,1,5.6,2024-01-05 19:51:05,"We're delighted to know that our app met your expectations. Should you have any further suggestions or queries, don't hesitate to write to us at zugarmobility@gmail.com.",2024-01-05 21:14:19,5.6
d3ff4f65-bb84-401e-b959-f16e00dda095,A Google user,https://play-lh.googleusercontent.com/EGemoI2NTXmTsBVtJqk8jxF9rh8ApRWfsIMQSt2uE4OcpQqbFu7f7NbTK05lx80nuSijCz7sc3a277R67g,All,4,0,5.6,2024-01-05 16:08:50,,,5.6
244af4ea-88ac-4abe-85d1-8a76e0b2efc6,A Google user,https://play-lh.googleusercontent.com/EGemoI2NTXmTsBVtJqk8jxF9rh8ApRWfsIMQSt2uE4OcpQqbFu7f7NbTK05lx80nuSijCz7sc3a277R67g,Very nice,5,0,5.6,2024-01-03 23:56:01,"We're delighted to know that our app met your expectations. Should you have any further suggestions or queries, don't hesitate to write to us at zugarmobility@gmail.com.",2024-01-04 03:34:18,5.6
225b4c61-9559-431a-8ad7-6dfe58fcc090,A Google user,https://play-lh.googleusercontent.com/EGemoI2NTXmTsBVtJqk8jxF9rh8ApRWfsIMQSt2uE4OcpQqbFu7f7NbTK05lx80nuSijCz7sc3a277R67g,"Looks OK, but you can't change the city and too many adverts.",4,23,5.6,2024-01-03 19:59:54,,,5.6
921c45ab-c726-48f7-9dee-e710fbee864e,A Google user,https://play-lh.googleusercontent.com/EGemoI2NTXmTsBVtJqk8jxF9rh8ApRWfsIMQSt2uE4OcpQqbFu7f7NbTK05lx80nuSijCz7sc3a277R67g,Good 👍,5,0,5.6,2024-01-03 11:39:21,"We're delighted to know that our app met your expectations. Should you have any further suggestions or queries, don't hesitate to write to us at zugarmobility@gmail.com.",2024-01-03 12:59:17,5.6
dafde41b-bc89-4165-b136-d0f0d67510fc,A Google user,https://play-lh.googleusercontent.com/EGemoI2NTXmTsBVtJqk8jxF9rh8ApRWfsIMQSt2uE4OcpQqbFu7f7NbTK05lx80nuSijCz7sc3a277R67g,The app is amazing. I therefore recommend it for all Muslims,5,0,,2024-01-03 11:00:44,"We're delighted to know that our app met your expectations. Should you have any further suggestions or queries, don't hesitate to write to us at zugarmobility@gmail.com.",2024-01-03 12:59:18,
7e58ae4c-d2e0-4128-b922-ee49787f7035,A Google user,https://play-lh.googleusercontent.com/EGemoI2NTXmTsBVtJqk8jxF9rh8ApRWfsIMQSt2uE4OcpQqbFu7f7NbTK05lx80nuSijCz7sc3a277R67g,"I was excited to try this app. Unfortunately, after downloading it just kept crashing. It would open and crash almost immediately. Also, the number of ads seems to be a bit excessive. I don't mind a few, as I understand the need to help support the app. However, they seem to be constant. Perhaps something needs to be fixed and I'm just experiencing a bug in the system. I will leave it installed for a few days and Inshallah it will work correctly.",1,398,5.6,2023-12-31 23:58:54,We regret any inconvenience. Ads are essential to sustain our work. Your understanding is truly appreciated.,2024-01-01 00:34:18,5.6
bb47a6bf-4eee-43dc-bd55-0bf02fbf6f3d,A Google user,https://play-lh.googleusercontent.com/EGemoI2NTXmTsBVtJqk8jxF9rh8ApRWfsIMQSt2uE4OcpQqbFu7f7NbTK05lx80nuSijCz7sc3a277R67g,Very helpful to remember prayer times and small ayat to read daily to have Allah protection for all day with you.,5,99,5.6,2023-12-31 16:58:38,"We're delighted to know that our app met your expectations. Should you have any further suggestions or queries, don't hesitate to write to us at zugarmobility@gmail.com.",2023-12-31 18:19:18,5.6
bec504f9-3875-4c4f-ad3e-bbe9dd428a47,A Google user,https://play-lh.googleusercontent.com/EGemoI2NTXmTsBVtJqk8jxF9rh8ApRWfsIMQSt2uE4OcpQqbFu7f7NbTK05lx80nuSijCz7sc3a277R67g,Nic,5,0,5.6,2023-12-30 23:16:47,,,5.6
973f8d09-7c00-4f58-8c7c-82c5a48651d7,A Google user,https://play-lh.googleusercontent.com/EGemoI2NTXmTsBVtJqk8jxF9rh8ApRWfsIMQSt2uE4OcpQqbFu7f7NbTK05lx80nuSijCz7sc3a277R67g,Very nicely 😃,5,0,5.6,2023-12-29 02:44:55,"We're delighted to know that our app met your expectations. Should you have any further suggestions or queries, don't hesitate to write to us at zugarmobility@gmail.com.",2023-12-29 05:38:49,5.6
17f754e0-16ad-4227-8629-ccae0196595c,A Google user,https://play-lh.googleusercontent.com/EGemoI2NTXmTsBVtJqk8jxF9rh8ApRWfsIMQSt2uE4OcpQqbFu7f7NbTK05lx80nuSijCz7sc3a277R67g,Nice one app,5,2,5.6,2023-12-28 16:42:36,"We're delighted to know that our app met your expectations. Should you have any further suggestions or queries, don't hesitate to write to us at zugarmobility@gmail.com.",2023-12-28 17:08:47,5.6
4f2fc0f4-ffc2-48dc-86d8-a1ad4aa074c9,A Google user,https://play-lh.googleusercontent.com/EGemoI2NTXmTsBVtJqk8jxF9rh8ApRWfsIMQSt2uE4OcpQqbFu7f7NbTK05lx80nuSijCz7sc3a277R67g,Excellent,5,0,5.6,2023-12-27 16:34:53,"We're delighted to know that our app met your expectations. Should you have any further suggestions or queries, don't hesitate to write to us at zugarmobility@gmail.com.",2023-12-27 18:13:48,5.6
41f2892f-7cee-426d-8537-7fd8b884be48,A Google user,https://play-lh.googleusercontent.com/EGemoI2NTXmTsBVtJqk8jxF9rh8ApRWfsIMQSt2uE4OcpQqbFu7f7NbTK05lx80nuSijCz7sc3a277R67g,Very good,5,0,5.6,2023-12-26 20:20:20,"We're delighted to know that our app met your expectations. Should you have any further suggestions or queries, don't hesitate to write to us at zugarmobility@gmail.com.",2023-12-26 21:23:48,5.6
fecbad86-4ff7-44a5-acff-6e969e03f913,A Google user,https://play-lh.googleusercontent.com/EGemoI2NTXmTsBVtJqk8jxF9rh8ApRWfsIMQSt2uE4OcpQqbFu7f7NbTK05lx80nuSijCz7sc3a277R67g,This app is amazing,5,1,5.6,2023-12-26 01:38:24,"We're delighted to know that our app met your expectations. Should you have any further suggestions or queries, don't hesitate to write to us at zugarmobility@gmail.com.",2023-12-26 02:38:48,5.6
11238f8f-238a-4e88-8d83-5599f1ef63c5,A Google user,https://play-lh.googleusercontent.com/EGemoI2NTXmTsBVtJqk8jxF9rh8ApRWfsIMQSt2uE4OcpQqbFu7f7NbTK05lx80nuSijCz7sc3a277R67g,X boleh buka,1,0,5.6,2023-12-25 16:33:16,,,5.6
c750f5c3-2486-43e1-b1c0-4b3eb3b66f9f,A Google user,https://play-lh.googleusercontent.com/EGemoI2NTXmTsBVtJqk8jxF9rh8ApRWfsIMQSt2uE4OcpQqbFu7f7NbTK05lx80nuSijCz7sc3a277R67g,Good app,5,0,5.6,2023-12-23 03:45:52,"We're delighted to know that our app met your expectations. Should you have any further suggestions or queries, don't hesitate to write to us at zugarmobility@gmail.com.",2023-12-23 03:48:48,5.6
18789589-fa56-4d13-9bdd-6fcc415e6c62,A Google user,https://play-lh.googleusercontent.com/EGemoI2NTXmTsBVtJqk8jxF9rh8ApRWfsIMQSt2uE4OcpQqbFu7f7NbTK05lx80nuSijCz7sc3a277R67g,Nice app,5,0,5.6,2023-12-21 00:21:51,"We're delighted to know that our app met your expectations. Should you have any further suggestions or queries, don't hesitate to write to us at zugarmobility@gmail.com.",2023-12-21 01:48:47,5.6
d2e7dc09-8dd6-4c72-8fe1-c283f474a26c,A Google user,https://play-lh.googleusercontent.com/EGemoI2NTXmTsBVtJqk8jxF9rh8ApRWfsIMQSt2uE4OcpQqbFu7f7NbTK05lx80nuSijCz7sc3a277R67g,Well execute.. Help me much. Tq app developer,5,1,5.6,2023-12-20 18:26:58,"We're delighted to know that our app met your expectations. Should you have any further suggestions or queries, don't hesitate to write to us at zugarmobility@gmail.com.",2023-12-20 21:38:49,5.6
0a0eab4e-7251-4127-ace8-be88f7ff2d6b,A Google user,https://play-lh.googleusercontent.com/EGemoI2NTXmTsBVtJqk8jxF9rh8ApRWfsIMQSt2uE4OcpQqbFu7f7NbTK05lx80nuSijCz7sc3a277R67g,Nice,5,0,5.6,2023-12-18 20:58:23,"We're delighted to know that our app met your expectations. Should you have any further suggestions or queries, don't hesitate to write to us at zugarmobility@gmail.com.",2023-12-18 21:43:48,5.6
509dcad9-e953-48c0-acb9-d874491ec225,A Google user,https://play-lh.googleusercontent.com/EGemoI2NTXmTsBVtJqk8jxF9rh8ApRWfsIMQSt2uE4OcpQqbFu7f7NbTK05lx80nuSijCz7sc3a277R67g,Great,5,0,5.6,2023-12-18 17:13:41,"We're delighted to know that our app met your expectations. Should you have any further suggestions or queries, don't hesitate to write to us at zugarmobility@gmail.com.",2023-12-18 19:38:49,5.6
673e478c-8aab-4545-a6f9-a75aa298bc70,A Google user,https://play-lh.googleusercontent.com/EGemoI2NTXmTsBVtJqk8jxF9rh8ApRWfsIMQSt2uE4OcpQqbFu7f7NbTK05lx80nuSijCz7sc3a277R67g,He was very good,5,1,5.6,2023-12-17 23:07:30,"We're delighted to know that our app met your expectations. Should you have any further suggestions or queries, don't hesitate to write to us at zugarmobility@gmail.com.",2023-12-18 00:53:48,5.6
b84a5f6b-d79b-4d82-a6a0-4100b9d063c1,A Google user,https://play-lh.googleusercontent.com/EGemoI2NTXmTsBVtJqk8jxF9rh8ApRWfsIMQSt2uE4OcpQqbFu7f7NbTK05lx80nuSijCz7sc3a277R67g,Nice,5,0,5.6,2023-12-16 23:52:08,"We're delighted to know that our app met your expectations. Should you have any further suggestions or queries, don't hesitate to write to us at zugarmobility@gmail.com.",2023-12-16 23:53:48,5.6
6c5da332-1df5-4a2c-bf16-7e037d6d8810,A Google user,https://play-lh.googleusercontent.com/EGemoI2NTXmTsBVtJqk8jxF9rh8ApRWfsIMQSt2uE4OcpQqbFu7f7NbTK05lx80nuSijCz7sc3a277R67g,This Islamic app is very nice time to time get alarm of Azan and all updates.,5,19,5.6,2023-12-14 05:14:19,"We're delighted to know that our app met your expectations. Should you have any further suggestions or queries, don't hesitate to write to us at zugarmobility@gmail.com.",2023-12-14 07:18:49,5.6
81ac600e-2186-4248-abc2-2f31dfa937c0,A Google user,https://play-lh.googleusercontent.com/EGemoI2NTXmTsBVtJqk8jxF9rh8ApRWfsIMQSt2uE4OcpQqbFu7f7NbTK05lx80nuSijCz7sc3a277R67g,nice,5,0,5.6,2023-12-13 20:35:38,"We're delighted to know that our app met your expectations. Should you have any further suggestions or queries, don't hesitate to write to us at zugarmobility@gmail.com.",2023-12-13 20:53:48,5.6
d4eddfac-cf00-4fc6-a110-9760fa1174ee,A Google user,https://play-lh.googleusercontent.com/EGemoI2NTXmTsBVtJqk8jxF9rh8ApRWfsIMQSt2uE4OcpQqbFu7f7NbTK05lx80nuSijCz7sc3a277R67g,Verry good,5,0,5.6,2023-12-10 08:00:21,"We're delighted to know that our app met your expectations. Should you have any further suggestions or queries, don't hesitate to write to us at zugarmobility@gmail.com.",2023-12-10 09:33:49,5.6
2a149c75-b83b-4284-94c0-7e2861681e22,A Google user,https://play-lh.googleusercontent.com/EGemoI2NTXmTsBVtJqk8jxF9rh8ApRWfsIMQSt2uE4OcpQqbFu7f7NbTK05lx80nuSijCz7sc3a277R67g,Good,5,0,5.6,2023-12-09 03:39:40,"We're delighted to know that our app met your expectations. Should you have any further suggestions or queries, don't hesitate to write to us at zugarmobility@gmail.com.",2023-12-09 04:23:47,5.6
b6d2f55c-1d0b-4cef-a354-4cb254291f1d,A Google user,https://play-lh.googleusercontent.com/EGemoI2NTXmTsBVtJqk8jxF9rh8ApRWfsIMQSt2uE4OcpQqbFu7f7NbTK05lx80nuSijCz7sc3a277R67g,Allah Aqbar,5,0,5.6,2023-12-07 04:55:21,,,5.6
7988d3aa-90a3-4669-be50-7ab42c80e54e,A Google user,https://play-lh.googleusercontent.com/EGemoI2NTXmTsBVtJqk8jxF9rh8ApRWfsIMQSt2uE4OcpQqbFu7f7NbTK05lx80nuSijCz7sc3a277R67g,So good,5,0,5.6,2023-12-06 15:41:20,"We're delighted to know that our app met your expectations. Should you have any further suggestions or queries, don't hesitate to write to us at zugarmobility@gmail.com.",2023-12-06 15:58:48,5.6
f4021419-7649-4ad3-8abf-8ed9bb37b0f4,A Google user,https://play-lh.googleusercontent.com/EGemoI2NTXmTsBVtJqk8jxF9rh8ApRWfsIMQSt2uE4OcpQqbFu7f7NbTK05lx80nuSijCz7sc3a277R67g,"Too much ads, bugs every second. Athan is not setted properly",1,18,5.6,2023-12-04 17:09:30,We regret any inconvenience. Ads are essential to sustain our work. Your understanding is truly appreciated.,2023-12-04 18:08:50,5.6
3721e859-8070-485f-836c-6b50e3ed8b8c,A Google user,https://play-lh.googleusercontent.com/EGemoI2NTXmTsBVtJqk8jxF9rh8ApRWfsIMQSt2uE4OcpQqbFu7f7NbTK05lx80nuSijCz7sc3a277R67g,Good,5,0,5.6,2023-12-02 21:28:23,"We're delighted to know that our app met your expectations. Should you have any further suggestions or queries, don't hesitate to write to us at zugarmobility@gmail.com.",2023-12-02 22:23:48,5.6
2f5f4e1d-8438-4e77-9fbd-f92d3b95f5b0,A Google user,https://play-lh.googleusercontent.com/EGemoI2NTXmTsBVtJqk8jxF9rh8ApRWfsIMQSt2uE4OcpQqbFu7f7NbTK05lx80nuSijCz7sc3a277R67g,Nice apps,5,0,5.6,2023-12-02 20:02:49,"We're delighted to know that our app met your expectations. Should you have any further suggestions or queries, don't hesitate to write to us at zugarmobility@gmail.com.",2023-12-02 20:18:48,5.6
f812f72c-0aef-4ea3-a965-fbc5cb8b6ebb,A Google user,https://play-lh.googleusercontent.com/EGemoI2NTXmTsBVtJqk8jxF9rh8ApRWfsIMQSt2uE4OcpQqbFu7f7NbTK05lx80nuSijCz7sc3a277R67g,it is very good for me and I love it very much so it good,5,1,5.4,2023-11-19 20:59:20,"We're delighted to know that our app met your expectations. Should you have any further suggestions or queries, don't hesitate to write to us at zugarmobility@gmail.com.",2023-11-19 23:58:48,5.4
34636bd1-1c0c-4ea5-9516-148f42283c93,A Google user,https://play-lh.googleusercontent.com/EGemoI2NTXmTsBVtJqk8jxF9rh8ApRWfsIMQSt2uE4OcpQqbFu7f7NbTK05lx80nuSijCz7sc3a277R67g,Nice,5,0,5.4,2023-11-17 22:14:40,"We're delighted to know that our app met your expectations. Should you have any further suggestions or queries, don't hesitate to write to us at zugarmobility@gmail.com.",2023-11-18 00:03:48,5.4
60f536db-f7a3-4b77-a79d-d9c4d81efc14,A Google user,https://play-lh.googleusercontent.com/EGemoI2NTXmTsBVtJqk8jxF9rh8ApRWfsIMQSt2uE4OcpQqbFu7f7NbTK05lx80nuSijCz7sc3a277R67g,Good,5,0,5.4,2023-11-17 07:59:10,"We're delighted to know that our app met your expectations. Should you have any further suggestions or queries, don't hesitate to write to us at zugarmobility@gmail.com.",2023-11-17 09:28:48,5.4
c934b65a-18a0-4711-a176-daaf4ec9c016,A Google user,https://play-lh.googleusercontent.com/EGemoI2NTXmTsBVtJqk8jxF9rh8ApRWfsIMQSt2uE4OcpQqbFu7f7NbTK05lx80nuSijCz7sc3a277R67g,Good,5,0,5.2,2023-11-13 23:01:21,"We're delighted to know that our app met your expectations. Should you have any further suggestions or queries, don't hesitate to write to us at zugarmobility@gmail.com.",2023-11-14 00:13:48,5.2
e3373c97-16ee-435d-b40d-c5290381aa87,A Google user,https://play-lh.googleusercontent.com/EGemoI2NTXmTsBVtJqk8jxF9rh8ApRWfsIMQSt2uE4OcpQqbFu7f7NbTK05lx80nuSijCz7sc3a277R67g,Good I'm really happy 🥰🥰🥰,5,1,5.2,2023-11-12 14:07:04,"We're delighted to know that our app met your expectations. Should you have any further suggestions or queries, don't hesitate to write to us at zugarmobility@gmail.com.",2023-11-12 14:53:48,5.2
8715c3db-2f81-4570-bf98-8d51e3259670,A Google user,https://play-lh.googleusercontent.com/EGemoI2NTXmTsBVtJqk8jxF9rh8ApRWfsIMQSt2uE4OcpQqbFu7f7NbTK05lx80nuSijCz7sc3a277R67g,very good app,5,1,5.2,2023-11-10 08:01:53,"We're delighted to know that our app met your expectations. Should you have any further suggestions or queries, don't hesitate to write to us at zugarmobility@gmail.com.",2023-11-10 08:43:49,5.2
4eb979c4-6237-4fa7-b330-0a7c3ed3f4fa,A Google user,https://play-lh.googleusercontent.com/EGemoI2NTXmTsBVtJqk8jxF9rh8ApRWfsIMQSt2uE4OcpQqbFu7f7NbTK05lx80nuSijCz7sc3a277R67g,Great app for praying,5,1,5.2,2023-11-10 00:31:02,"We're delighted to know that our app met your expectations. Should you have any further suggestions or queries, don't hesitate to write to us at zugarmobility@gmail.com.",2023-11-10 02:28:48,5.2
8be89f52-78a7-435c-a150-5e7320258771,A Google user,https://play-lh.googleusercontent.com/EGemoI2NTXmTsBVtJqk8jxF9rh8ApRWfsIMQSt2uE4OcpQqbFu7f7NbTK05lx80nuSijCz7sc3a277R67g,It is the best app to remember the praying time.,5,11,5.2,2023-11-09 16:18:38,"We're delighted to know that our app met your expectations. Should you have any further suggestions or queries, don't hesitate to write to us at zugarmobility@gmail.com.",2023-11-09 18:08:47,5.2
54d68307-1805-4b6d-b03b-df8bf3edfb03,A Google user,https://play-lh.googleusercontent.com/EGemoI2NTXmTsBVtJqk8jxF9rh8ApRWfsIMQSt2uE4OcpQqbFu7f7NbTK05lx80nuSijCz7sc3a277R67g,Good for our Muslims,5,0,5.2,2023-11-09 13:19:52,"We're delighted to know that our app met your expectations. Should you have any further suggestions or queries, don't hesitate to write to us at zugarmobility@gmail.com.",2023-11-09 13:58:48,5.2
7e2005b5-2b39-4a8a-859d-71d9ad704096,A Google user,https://play-lh.googleusercontent.com/EGemoI2NTXmTsBVtJqk8jxF9rh8ApRWfsIMQSt2uE4OcpQqbFu7f7NbTK05lx80nuSijCz7sc3a277R67g,Good,5,0,5.2,2023-11-09 06:10:04,"We're delighted to know that our app met your expectations. Should you have any further suggestions or queries, don't hesitate to write to us at zugarmobility@gmail.com.",2023-11-09 07:43:47,5.2
cd557fc2-3e4a-407c-9537-5698d92cf6ba,A Google user,https://play-lh.googleusercontent.com/EGemoI2NTXmTsBVtJqk8jxF9rh8ApRWfsIMQSt2uE4OcpQqbFu7f7NbTK05lx80nuSijCz7sc3a277R67g,برنامج لابأس به ، لو أمكن تطويره وأضافة خدمات أخري له تتعلق بحفظ القرآن وتجويده سيكون الأفضل بلا منازع.,4,0,5.2,2023-11-08 09:27:16,Happy to know you're liking our app. We strive for excellence and your 5-star rating will boost our spirits!,2023-11-08 10:53:48,5.2
524f106e-d7b3-4c1f-95a0-1669887c4eaa,A Google user,https://play-lh.googleusercontent.com/EGemoI2NTXmTsBVtJqk8jxF9rh8ApRWfsIMQSt2uE4OcpQqbFu7f7NbTK05lx80nuSijCz7sc3a277R67g,Useful app,5,0,5.2,2023-11-08 00:35:15,,,5.2
ab48349a-80a2-4265-88c6-86953b393335,A Google user,https://play-lh.googleusercontent.com/EGemoI2NTXmTsBVtJqk8jxF9rh8ApRWfsIMQSt2uE4OcpQqbFu7f7NbTK05lx80nuSijCz7sc3a277R67g,😲,5,0,5.2,2023-11-05 03:39:02,,,5.2
90e29b66-8208-4a14-8580-7840f704d71f,A Google user,https://play-lh.googleusercontent.com/EGemoI2NTXmTsBVtJqk8jxF9rh8ApRWfsIMQSt2uE4OcpQqbFu7f7NbTK05lx80nuSijCz7sc3a277R67g,majnu,5,0,5.2,2023-11-04 16:15:17,,,5.2
9781b97f-907c-4a7e-a255-5538cced83a4,A Google user,https://play-lh.googleusercontent.com/EGemoI2NTXmTsBVtJqk8jxF9rh8ApRWfsIMQSt2uE4OcpQqbFu7f7NbTK05lx80nuSijCz7sc3a277R67g,UI is attractive and user-friendly but settings and ADs are annoying. In Reminder prayer time is not similar to my location. Please add Tahajjud reminder. Paid app for remove ads seems better. Until then good bye,2,103,5.2,2023-11-03 14:35:28,We regret any inconvenience. Ads are essential to sustain our work. Your understanding is truly appreciated.,2023-11-01 14:18:51,5.2
379f2194-b1a6-41e5-a757-9087cac4d177,A Google user,https://play-lh.googleusercontent.com/EGemoI2NTXmTsBVtJqk8jxF9rh8ApRWfsIMQSt2uE4OcpQqbFu7f7NbTK05lx80nuSijCz7sc3a277R67g,Bahut achha,5,0,5.2,2023-11-02 19:50:56,"We're delighted to know that our app met your expectations. Should you have any further suggestions or queries, don't hesitate to write to us at zugarmobility@gmail.com.",2023-11-02 21:33:54,5.2
d7d4dbfe-6ff7-4bc7-8292-836222782f77,A Google user,https://play-lh.googleusercontent.com/EGemoI2NTXmTsBVtJqk8jxF9rh8ApRWfsIMQSt2uE4OcpQqbFu7f7NbTK05lx80nuSijCz7sc3a277R67g,عمران بجير,5,0,5.2,2023-11-01 22:24:42,,,5.2
0cc9b42b-c86d-4e1a-9813-a8aad5aaa27d,A Google user,https://play-lh.googleusercontent.com/EGemoI2NTXmTsBVtJqk8jxF9rh8ApRWfsIMQSt2uE4OcpQqbFu7f7NbTK05lx80nuSijCz7sc3a277R67g,Let me see,5,0,5.2,2023-11-01 11:19:29,,,5.2
e29733c6-e7de-43ef-a971-1d8380248c17,A Google user,https://play-lh.googleusercontent.com/EGemoI2NTXmTsBVtJqk8jxF9rh8ApRWfsIMQSt2uE4OcpQqbFu7f7NbTK05lx80nuSijCz7sc3a277R67g,Great app,5,0,5.2,2023-11-01 03:24:29,"We're delighted to know that our app met your expectations. Should you have any further suggestions or queries, don't hesitate to write to us at zugarmobility@gmail.com.",2023-11-01 03:53:48,5.2
1daedbc7-30d9-4674-9cc8-fc5260856863,A Google user,https://play-lh.googleusercontent.com/EGemoI2NTXmTsBVtJqk8jxF9rh8ApRWfsIMQSt2uE4OcpQqbFu7f7NbTK05lx80nuSijCz7sc3a277R67g,Shows qibla very accuratly,5,0,5.2,2023-10-31 22:10:34,,,5.2
2150be4b-218f-4a5a-ab43-77c562ec89f1,A Google user,https://play-lh.googleusercontent.com/EGemoI2NTXmTsBVtJqk8jxF9rh8ApRWfsIMQSt2uE4OcpQqbFu7f7NbTK05lx80nuSijCz7sc3a277R67g,nice apps,5,0,5.2,2023-10-31 19:28:55,"We're delighted to know that our app met your expectations. Should you have any further suggestions or queries, don't hesitate to write to us at zugarmobility@gmail.com.",2023-10-31 21:38:48,5.2
96b8e1bb-5a21-4165-99f5-52d0c26be73d,A Google user,https://play-lh.googleusercontent.com/EGemoI2NTXmTsBVtJqk8jxF9rh8ApRWfsIMQSt2uE4OcpQqbFu7f7NbTK05lx80nuSijCz7sc3a277R67g,I am proud to be a Muslim,5,0,5.2,2023-10-31 16:43:56,,,5.2
7f41d91e-30ac-4a08-aced-2e946bf7623c,A Google user,https://play-lh.googleusercontent.com/EGemoI2NTXmTsBVtJqk8jxF9rh8ApRWfsIMQSt2uE4OcpQqbFu7f7NbTK05lx80nuSijCz7sc3a277R67g,Shimla kidhar hai dekhne ka option,5,0,5.2,2023-10-31 14:37:42,,,5.2
cd0d4a12-4254-41e6-8d6b-c2bab3f19679,A Google user,https://play-lh.googleusercontent.com/EGemoI2NTXmTsBVtJqk8jxF9rh8ApRWfsIMQSt2uE4OcpQqbFu7f7NbTK05lx80nuSijCz7sc3a277R67g,Very nice g,5,0,5.2,2023-10-31 12:33:07,"We're delighted to know that our app met your expectations. Should you have any further suggestions or queries, don't hesitate to write to us at zugarmobility@gmail.com.",2023-10-31 13:18:49,5.2
a0a91b2a-06cd-44a6-8aff-b603e2180dd8,A Google user,https://play-lh.googleusercontent.com/EGemoI2NTXmTsBVtJqk8jxF9rh8ApRWfsIMQSt2uE4OcpQqbFu7f7NbTK05lx80nuSijCz7sc3a277R67g,Nice,5,0,5.2,2023-10-30 00:19:14,"We're delighted to know that our app met your expectations. Should you have any further suggestions or queries, don't hesitate to write to us at zugarmobility@gmail.com.",2023-10-30 01:53:48,5.2
7746cd90-e61a-4dc1-91bb-98e5c7cb0217,A Google user,https://play-lh.googleusercontent.com/EGemoI2NTXmTsBVtJqk8jxF9rh8ApRWfsIMQSt2uE4OcpQqbFu7f7NbTK05lx80nuSijCz7sc3a277R67g,Good,5,0,5.2,2023-10-29 19:52:27,"We're delighted to know that our app met your expectations. Should you have any further suggestions or queries, don't hesitate to write to us at zugarmobility@gmail.com.",2023-10-29 21:43:48,5.2
da872f32-5209-4a52-857a-208144193961,A Google user,https://play-lh.googleusercontent.com/EGemoI2NTXmTsBVtJqk8jxF9rh8ApRWfsIMQSt2uE4OcpQqbFu7f7NbTK05lx80nuSijCz7sc3a277R67g,THERE IS NO GOD BUT GOD 💯,5,0,5.2,2023-10-29 09:32:39,,,5.2
9269bc58-06b4-4a2c-ae61-750802e3b48d,A Google user,https://play-lh.googleusercontent.com/EGemoI2NTXmTsBVtJqk8jxF9rh8ApRWfsIMQSt2uE4OcpQqbFu7f7NbTK05lx80nuSijCz7sc3a277R67g,Good,5,0,5.2,2023-10-27 22:31:50,"We're delighted to know that our app met your expectations. Should you have any further suggestions or queries, don't hesitate to write to us at zugarmobility@gmail.com.",2023-10-27 23:53:49,5.2
5773de07-30c0-429b-85c5-5322c4761640,A Google user,https://play-lh.googleusercontent.com/EGemoI2NTXmTsBVtJqk8jxF9rh8ApRWfsIMQSt2uE4OcpQqbFu7f7NbTK05lx80nuSijCz7sc3a277R67g,Nice,5,0,5.2,2023-10-25 01:47:04,"We're delighted to know that our app met your expectations. Should you have any further suggestions or queries, don't hesitate to write to us at zugarmobility@gmail.com.",2023-10-25 03:08:47,5.2
a32df5c0-a976-42b9-bfe4-c5b305c11ca5,A Google user,https://play-lh.googleusercontent.com/EGemoI2NTXmTsBVtJqk8jxF9rh8ApRWfsIMQSt2uE4OcpQqbFu7f7NbTK05lx80nuSijCz7sc3a277R67g,Good,5,0,5.2,2023-10-24 05:41:49,"We're delighted to know that our app met your expectations. Should you have any further suggestions or queries, don't hesitate to write to us at zugarmobility@gmail.com.",2023-10-24 06:18:53,5.2
b59b6e2b-9f59-4f87-a20e-a16fa4b23c20,A Google user,https://play-lh.googleusercontent.com/EGemoI2NTXmTsBVtJqk8jxF9rh8ApRWfsIMQSt2uE4OcpQqbFu7f7NbTK05lx80nuSijCz7sc3a277R67g,Times not accurate 100%,4,1,5.2,2023-10-23 15:40:42,,,5.2
a7b4558f-3ea9-4db1-8457-a3555caf42c2,A Google user,https://play-lh.googleusercontent.com/EGemoI2NTXmTsBVtJqk8jxF9rh8ApRWfsIMQSt2uE4OcpQqbFu7f7NbTK05lx80nuSijCz7sc3a277R67g,It's help me to pray in the perfect time,5,0,5.2,2023-10-17 11:06:47,"We're delighted to know that our app met your expectations. Should you have any further suggestions or queries, don't hesitate to write to us at zugarmobility@gmail.com.",2023-10-17 13:53:49,5.2
402349f6-b68f-4f41-bd4b-1c85e5e7a762,A Google user,https://play-lh.googleusercontent.com/EGemoI2NTXmTsBVtJqk8jxF9rh8ApRWfsIMQSt2uE4OcpQqbFu7f7NbTK05lx80nuSijCz7sc3a277R67g,Alhamdolilah,5,0,5.2,2023-10-16 12:43:26,"We're delighted to know that our app met your expectations. Should you have any further suggestions or queries, don't hesitate to write to us at zugarmobility@gmail.com.",2023-10-16 12:53:48,5.2
3bd9949d-a0a7-4f78-9647-21ec52880ebf,A Google user,https://play-lh.googleusercontent.com/EGemoI2NTXmTsBVtJqk8jxF9rh8ApRWfsIMQSt2uE4OcpQqbFu7f7NbTK05lx80nuSijCz7sc3a277R67g,ok,5,0,5.2,2023-10-07 22:10:20,,,5.2
36b9977a-4d4e-4032-91f1-fb6ab4a83cbc,A Google user,https://play-lh.googleusercontent.com/EGemoI2NTXmTsBVtJqk8jxF9rh8ApRWfsIMQSt2uE4OcpQqbFu7f7NbTK05lx80nuSijCz7sc3a277R67g,Bahraln,5,0,5.2,2023-10-07 00:48:45,,,5.2
25cc20bf-3934-4b5a-86c2-e96857c20e40,A Google user,https://play-lh.googleusercontent.com/EGemoI2NTXmTsBVtJqk8jxF9rh8ApRWfsIMQSt2uE4OcpQqbFu7f7NbTK05lx80nuSijCz7sc3a277R67g,Assm Aijulhoque,5,0,,2023-10-06 10:18:34,,,
3d1e9ab3-01ae-4c95-9f45-7ee6072bd95d,A Google user,https://play-lh.googleusercontent.com/EGemoI2NTXmTsBVtJqk8jxF9rh8ApRWfsIMQSt2uE4OcpQqbFu7f7NbTK05lx80nuSijCz7sc3a277R67g,Ok,5,0,5.2,2023-10-05 19:04:42,,,5.2
c25b69f0-f535-4238-841b-10fae706a047,A Google user,https://play-lh.googleusercontent.com/EGemoI2NTXmTsBVtJqk8jxF9rh8ApRWfsIMQSt2uE4OcpQqbFu7f7NbTK05lx80nuSijCz7sc3a277R67g,Nine app,5,0,5.2,2023-10-05 12:32:15,,,5.2
f0507086-b3ca-4e86-98e1-e4bdf36d9173,A Google user,https://play-lh.googleusercontent.com/EGemoI2NTXmTsBVtJqk8jxF9rh8ApRWfsIMQSt2uE4OcpQqbFu7f7NbTK05lx80nuSijCz7sc3a277R67g,Nic..... goddd,5,0,5.2,2023-10-05 04:30:05,,,5.2
e6555dbe-9534-4857-b7b0-84abe7cb0b3b,A Google user,https://play-lh.googleusercontent.com/EGemoI2NTXmTsBVtJqk8jxF9rh8ApRWfsIMQSt2uE4OcpQqbFu7f7NbTK05lx80nuSijCz7sc3a277R67g,Good,4,1,5.2,2023-10-04 04:34:36,Happy to know you're liking our app. We strive for excellence and your 5-star rating will boost our spirits!,2023-10-05 20:38:51,5.2
d493666f-747b-42b6-ad2f-96a063394c96,A Google user,https://play-lh.googleusercontent.com/EGemoI2NTXmTsBVtJqk8jxF9rh8ApRWfsIMQSt2uE4OcpQqbFu7f7NbTK05lx80nuSijCz7sc3a277R67g,Its Okay,3,0,5.2,2023-10-03 00:18:22,,,5.2
bb767141-7d95-403d-a330-d1cbcc2bb8dd,A Google user,https://play-lh.googleusercontent.com/EGemoI2NTXmTsBVtJqk8jxF9rh8ApRWfsIMQSt2uE4OcpQqbFu7f7NbTK05lx80nuSijCz7sc3a277R67g,I like it,5,0,5.2,2023-10-02 10:19:46,"We're delighted to know that our app met your expectations. Should you have any further suggestions or queries, don't hesitate to write to us at zugarmobility@gmail.com.",2023-10-05 20:38:56,5.2
4d6aa708-2c09-4eb7-84e6-71940ec0f732,A Google user,https://play-lh.googleusercontent.com/EGemoI2NTXmTsBVtJqk8jxF9rh8ApRWfsIMQSt2uE4OcpQqbFu7f7NbTK05lx80nuSijCz7sc3a277R67g,Maa shaa Allha 🥰🥰🤲🤲🤲🤲,5,0,5.2,2023-10-02 00:26:36,,,5.2
e94c425d-cb61-42ba-b73e-17d9614ed108,A Google user,https://play-lh.googleusercontent.com/EGemoI2NTXmTsBVtJqk8jxF9rh8ApRWfsIMQSt2uE4OcpQqbFu7f7NbTK05lx80nuSijCz7sc3a277R67g,Very good app,5,0,5.2,2023-10-01 08:35:29,"We're delighted to know that our app met your expectations. Should you have any further suggestions or queries, don't hesitate to write to us at zugarmobility@gmail.com.",2023-10-05 20:38:59,5.2
db59c48b-c097-4b8a-a554-852fd2530ff9,A Google user,https://play-lh.googleusercontent.com/EGemoI2NTXmTsBVtJqk8jxF9rh8ApRWfsIMQSt2uE4OcpQqbFu7f7NbTK05lx80nuSijCz7sc3a277R67g,Bahut badhiya,5,0,5.2,2023-09-30 19:24:01,,,5.2
5d4046dc-a44d-4daa-b82c-49c07cc62190,A Google user,https://play-lh.googleusercontent.com/EGemoI2NTXmTsBVtJqk8jxF9rh8ApRWfsIMQSt2uE4OcpQqbFu7f7NbTK05lx80nuSijCz7sc3a277R67g,Good,5,0,5.2,2023-09-29 09:19:04,"We're delighted to know that our app met your expectations. Should you have any further suggestions or queries, don't hesitate to write to us at zugarmobility@gmail.com.",2023-10-05 20:39:05,5.2
17ef69c4-49b6-41d3-a40b-dd6e4acc0545,A Google user,https://play-lh.googleusercontent.com/EGemoI2NTXmTsBVtJqk8jxF9rh8ApRWfsIMQSt2uE4OcpQqbFu7f7NbTK05lx80nuSijCz7sc3a277R67g,Good,5,0,5.2,2023-09-29 00:17:53,"We're delighted to know that our app met your expectations. Should you have any further suggestions or queries, don't hesitate to write to us at zugarmobility@gmail.com.",2023-10-05 20:39:08,5.2
af3d9bde-bd24-4845-8400-4b4225f05fa5,A Google user,https://play-lh.googleusercontent.com/EGemoI2NTXmTsBVtJqk8jxF9rh8ApRWfsIMQSt2uE4OcpQqbFu7f7NbTK05lx80nuSijCz7sc3a277R67g,Great,5,0,5.2,2023-09-28 15:09:31,,,5.2
9ba7c820-67d4-45b7-91c8-62fa5c49959c,A Google user,https://play-lh.googleusercontent.com/EGemoI2NTXmTsBVtJqk8jxF9rh8ApRWfsIMQSt2uE4OcpQqbFu7f7NbTK05lx80nuSijCz7sc3a277R67g,Good App,5,0,5.2,2023-09-28 04:39:06,,,5.2
275478b9-f494-4263-bc9d-bd49f79419a1,A Google user,https://play-lh.googleusercontent.com/EGemoI2NTXmTsBVtJqk8jxF9rh8ApRWfsIMQSt2uE4OcpQqbFu7f7NbTK05lx80nuSijCz7sc3a277R67g,Good,5,0,5.2,2023-09-27 11:54:27,,,5.2
a3ef7028-957e-4a42-b51a-2f101e8b8b8d,A Google user,https://play-lh.googleusercontent.com/EGemoI2NTXmTsBVtJqk8jxF9rh8ApRWfsIMQSt2uE4OcpQqbFu7f7NbTK05lx80nuSijCz7sc3a277R67g,Good,5,0,5.2,2023-09-25 21:09:19,,,5.2
2171a099-5a2b-422a-af6b-2c3f55f067a3,A Google user,https://play-lh.googleusercontent.com/EGemoI2NTXmTsBVtJqk8jxF9rh8ApRWfsIMQSt2uE4OcpQqbFu7f7NbTK05lx80nuSijCz7sc3a277R67g,Great app Masha Allah,5,0,5.2,2023-09-25 20:49:22,,,5.2
6db6a72c-6055-4747-ad52-391b723db832,A Google user,https://play-lh.googleusercontent.com/EGemoI2NTXmTsBVtJqk8jxF9rh8ApRWfsIMQSt2uE4OcpQqbFu7f7NbTK05lx80nuSijCz7sc3a277R67g,Good,5,0,5.2,2023-09-24 18:45:30,,,5.2
5489fe94-4449-41ac-808a-8e3cdebe5f99,A Google user,https://play-lh.googleusercontent.com/EGemoI2NTXmTsBVtJqk8jxF9rh8ApRWfsIMQSt2uE4OcpQqbFu7f7NbTK05lx80nuSijCz7sc3a277R67g,Alhamdulillah,5,0,5.2,2023-09-24 04:36:15,,,5.2
a940fccc-7de7-42e8-8d98-a69843ad8c1e,A Google user,https://play-lh.googleusercontent.com/EGemoI2NTXmTsBVtJqk8jxF9rh8ApRWfsIMQSt2uE4OcpQqbFu7f7NbTK05lx80nuSijCz7sc3a277R67g,Good app,5,0,5.2,2023-09-22 16:39:54,,,5.2
cb623dc8-8874-4834-8c9d-bf4b4cd9c838,A Google user,https://play-lh.googleusercontent.com/EGemoI2NTXmTsBVtJqk8jxF9rh8ApRWfsIMQSt2uE4OcpQqbFu7f7NbTK05lx80nuSijCz7sc3a277R67g,ok,5,0,5.2,2023-09-22 14:45:03,,,5.2
c1852181-7d5b-4449-8d37-7ede6b088d69,A Google user,https://play-lh.googleusercontent.com/EGemoI2NTXmTsBVtJqk8jxF9rh8ApRWfsIMQSt2uE4OcpQqbFu7f7NbTK05lx80nuSijCz7sc3a277R67g,"Very helpful app, but Azan timing are not same as my location",5,33,5.2,2023-09-21 09:25:53,,,5.2
81ae0804-8b09-443c-b522-cf7545180b05,A Google user,https://play-lh.googleusercontent.com/EGemoI2NTXmTsBVtJqk8jxF9rh8ApRWfsIMQSt2uE4OcpQqbFu7f7NbTK05lx80nuSijCz7sc3a277R67g,I like the app. It is very important and very useful.,1,4,5.2,2023-09-14 17:24:01,,,5.2
c18640f9-3d41-418e-992a-50029e220e30,A Google user,https://play-lh.googleusercontent.com/EGemoI2NTXmTsBVtJqk8jxF9rh8ApRWfsIMQSt2uE4OcpQqbFu7f7NbTK05lx80nuSijCz7sc3a277R67g,It's amazing app,5,0,5.2,2023-09-13 02:45:19,,,5.2
6751d00f-406c-4226-bc47-926a669a453b,A Google user,https://play-lh.googleusercontent.com/EGemoI2NTXmTsBVtJqk8jxF9rh8ApRWfsIMQSt2uE4OcpQqbFu7f7NbTK05lx80nuSijCz7sc3a277R67g,Good,5,0,5.2,2023-09-12 23:09:16,,,5.2
1fcfa7f2-a8c6-4ee0-8e0b-681ca53f9c08,A Google user,https://play-lh.googleusercontent.com/EGemoI2NTXmTsBVtJqk8jxF9rh8ApRWfsIMQSt2uE4OcpQqbFu7f7NbTK05lx80nuSijCz7sc3a277R67g,Good,4,0,5.2,2023-09-12 17:45:13,,,5.2
28e2b229-6fe0-436d-aac4-e2edfc74dfae,A Google user,https://play-lh.googleusercontent.com/EGemoI2NTXmTsBVtJqk8jxF9rh8ApRWfsIMQSt2uE4OcpQqbFu7f7NbTK05lx80nuSijCz7sc3a277R67g,It worked for one time only,1,1,5.2,2023-09-11 06:29:17,,,5.2
803724bd-6cd1-408d-8117-1d56bb61eb67,A Google user,https://play-lh.googleusercontent.com/EGemoI2NTXmTsBVtJqk8jxF9rh8ApRWfsIMQSt2uE4OcpQqbFu7f7NbTK05lx80nuSijCz7sc3a277R67g,Good wery good,5,0,5.2,2023-09-09 21:28:40,,,5.2
5ff46222-4bf2-4ea2-ab4d-f41a870a32a9,A Google user,https://play-lh.googleusercontent.com/EGemoI2NTXmTsBVtJqk8jxF9rh8ApRWfsIMQSt2uE4OcpQqbFu7f7NbTK05lx80nuSijCz7sc3a277R67g,Ok,5,0,5.2,2023-09-09 14:19:58,,,5.2
d3174c65-69aa-475b-a830-10ece1239458,A Google user,https://play-lh.googleusercontent.com/EGemoI2NTXmTsBVtJqk8jxF9rh8ApRWfsIMQSt2uE4OcpQqbFu7f7NbTK05lx80nuSijCz7sc3a277R67g,farmankhan,1,0,5.2,2023-09-08 02:57:56,,,5.2
fcbbf964-f467-44d0-970d-1a9c52957809,A Google user,https://play-lh.googleusercontent.com/EGemoI2NTXmTsBVtJqk8jxF9rh8ApRWfsIMQSt2uE4OcpQqbFu7f7NbTK05lx80nuSijCz7sc3a277R67g,Awesome,5,0,5.2,2023-09-07 18:02:11,,,5.2
21952759-5f0a-4253-868a-52bf237998cb,A Google user,https://play-lh.googleusercontent.com/EGemoI2NTXmTsBVtJqk8jxF9rh8ApRWfsIMQSt2uE4OcpQqbFu7f7NbTK05lx80nuSijCz7sc3a277R67g,Very nice application remind you for prayer tim ... I love it may Allah bless you,5,53,5.2,2023-09-07 11:52:34,,,5.2
6b32f2d1-5631-48ab-a4e6-e3827da94c0a,A Google user,https://play-lh.googleusercontent.com/EGemoI2NTXmTsBVtJqk8jxF9rh8ApRWfsIMQSt2uE4OcpQqbFu7f7NbTK05lx80nuSijCz7sc3a277R67g,Good 👍,5,0,5.2,2023-09-07 07:24:22,,,5.2
6534d407-38d0-426e-be32-1fc20e968e4a,A Google user,https://play-lh.googleusercontent.com/EGemoI2NTXmTsBVtJqk8jxF9rh8ApRWfsIMQSt2uE4OcpQqbFu7f7NbTK05lx80nuSijCz7sc3a277R67g,So good,5,0,5.2,2023-09-07 05:53:20,,,5.2
9553053c-9814-426a-b374-abab9356a0b7,A Google user,https://play-lh.googleusercontent.com/EGemoI2NTXmTsBVtJqk8jxF9rh8ApRWfsIMQSt2uE4OcpQqbFu7f7NbTK05lx80nuSijCz7sc3a277R67g,Bahut badhiya app hai,5,0,5.2,2023-09-04 14:28:13,,,5.2
ed9c4422-bfaa-4351-8ac0-1072466a7f13,A Google user,https://play-lh.googleusercontent.com/EGemoI2NTXmTsBVtJqk8jxF9rh8ApRWfsIMQSt2uE4OcpQqbFu7f7NbTK05lx80nuSijCz7sc3a277R67g,Al,1,0,5.2,2023-09-04 12:04:16,,,5.2
b7870d85-bd10-4104-a275-6e68c05979ed,A Google user,https://play-lh.googleusercontent.com/EGemoI2NTXmTsBVtJqk8jxF9rh8ApRWfsIMQSt2uE4OcpQqbFu7f7NbTK05lx80nuSijCz7sc3a277R67g,Osm,5,0,5.2,2023-09-04 01:24:03,,,5.2
80f7f6ed-fb79-4be8-bb1e-8b956c61b31b,A Google user,https://play-lh.googleusercontent.com/EGemoI2NTXmTsBVtJqk8jxF9rh8ApRWfsIMQSt2uE4OcpQqbFu7f7NbTK05lx80nuSijCz7sc3a277R67g,SUBANALLAH THIS VERY NICE,5,0,5.2,2023-09-04 00:08:13,,,5.2
579cffe8-1dcd-41dc-814e-e904de97f2b0,A Google user,https://play-lh.googleusercontent.com/EGemoI2NTXmTsBVtJqk8jxF9rh8ApRWfsIMQSt2uE4OcpQqbFu7f7NbTK05lx80nuSijCz7sc3a277R67g,Good to use,5,0,5.2,2023-09-01 17:49:35,,,5.2
c62b528d-dddb-42eb-a3c1-160a7e3abda9,A Google user,https://play-lh.googleusercontent.com/EGemoI2NTXmTsBVtJqk8jxF9rh8ApRWfsIMQSt2uE4OcpQqbFu7f7NbTK05lx80nuSijCz7sc3a277R67g,Nice,5,1,5.2,2023-08-29 15:44:46,,,5.2
e6290bc7-6f83-49c2-ac1d-47711e85ed86,A Google user,https://play-lh.googleusercontent.com/EGemoI2NTXmTsBVtJqk8jxF9rh8ApRWfsIMQSt2uE4OcpQqbFu7f7NbTK05lx80nuSijCz7sc3a277R67g,It's simply good.,5,0,5.2,2023-08-27 20:55:33,,,5.2
a735b5ef-23fd-47f6-bb67-469b8221ae97,A Google user,https://play-lh.googleusercontent.com/EGemoI2NTXmTsBVtJqk8jxF9rh8ApRWfsIMQSt2uE4OcpQqbFu7f7NbTK05lx80nuSijCz7sc3a277R67g,It's very good app,5,0,5.2,2023-08-24 08:11:50,,,5.2
621e0d03-c2bc-4eab-9b9d-7e42be94c12e,A Google user,https://play-lh.googleusercontent.com/EGemoI2NTXmTsBVtJqk8jxF9rh8ApRWfsIMQSt2uE4OcpQqbFu7f7NbTK05lx80nuSijCz7sc3a277R67g,Mashallah good app 💚💚,5,0,5.2,2023-08-19 01:41:30,,,5.2
46737278-554f-4662-9046-bcb568090b6a,A Google user,https://play-lh.googleusercontent.com/EGemoI2NTXmTsBVtJqk8jxF9rh8ApRWfsIMQSt2uE4OcpQqbFu7f7NbTK05lx80nuSijCz7sc3a277R67g,Good,5,0,5.2,2023-08-18 03:29:34,,,5.2
55ed3324-22d7-4b36-ad3d-87b477288311,A Google user,https://play-lh.googleusercontent.com/EGemoI2NTXmTsBVtJqk8jxF9rh8ApRWfsIMQSt2uE4OcpQqbFu7f7NbTK05lx80nuSijCz7sc3a277R67g,Amazing and easy to use,5,35,5.2,2023-08-12 23:09:51,,,5.2
340e6e80-c98d-4604-80bf-c8c48717832b,A Google user,https://play-lh.googleusercontent.com/EGemoI2NTXmTsBVtJqk8jxF9rh8ApRWfsIMQSt2uE4OcpQqbFu7f7NbTK05lx80nuSijCz7sc3a277R67g,Nice,5,0,5.0,2023-08-06 21:19:58,,,5.0
7ff11ee1-fd61-4f50-845e-fee4c8ffee61,A Google user,https://play-lh.googleusercontent.com/EGemoI2NTXmTsBVtJqk8jxF9rh8ApRWfsIMQSt2uE4OcpQqbFu7f7NbTK05lx80nuSijCz7sc3a277R67g,Good luck,5,0,5.0,2023-07-31 23:01:37,,,5.0
a673e737-2c64-48bb-9ef2-a4e7f796d22f,A Google user,https://play-lh.googleusercontent.com/EGemoI2NTXmTsBVtJqk8jxF9rh8ApRWfsIMQSt2uE4OcpQqbFu7f7NbTK05lx80nuSijCz7sc3a277R67g,very very poor app only designed for ads not one. correct fact about it very poor sittings takes minutes to even start stay as far as you can from this developer,1,31,5.0,2023-07-31 07:20:22,,,5.0
7f0a39f6-e211-4697-ae68-b9ac0ab6076d,A Google user,https://play-lh.googleusercontent.com/EGemoI2NTXmTsBVtJqk8jxF9rh8ApRWfsIMQSt2uE4OcpQqbFu7f7NbTK05lx80nuSijCz7sc3a277R67g,Awesome,5,0,5.0,2023-07-30 21:31:35,,,5.0
64f8e7ec-b4ca-405c-b824-c4e1f4a0c093,A Google user,https://play-lh.googleusercontent.com/EGemoI2NTXmTsBVtJqk8jxF9rh8ApRWfsIMQSt2uE4OcpQqbFu7f7NbTK05lx80nuSijCz7sc3a277R67g,Very good,5,0,5.0,2023-07-24 16:48:47,,,5.0
e323c1bd-bb98-4812-9920-5cc154daf36f,A Google user,https://play-lh.googleusercontent.com/EGemoI2NTXmTsBVtJqk8jxF9rh8ApRWfsIMQSt2uE4OcpQqbFu7f7NbTK05lx80nuSijCz7sc3a277R67g,Maashaa Allah Jazaakumullaah keeyran,5,1,5.0,2023-07-23 09:13:13,,,5.0
1dafc812-1317-446d-ab43-44c3db130afe,A Google user,https://play-lh.googleusercontent.com/EGemoI2NTXmTsBVtJqk8jxF9rh8ApRWfsIMQSt2uE4OcpQqbFu7f7NbTK05lx80nuSijCz7sc3a277R67g,جميل,5,0,5.0,2023-07-17 03:54:13,,,5.0
8ad072f3-f2e9-4b03-8749-c4243c861136,A Google user,https://play-lh.googleusercontent.com/EGemoI2NTXmTsBVtJqk8jxF9rh8ApRWfsIMQSt2uE4OcpQqbFu7f7NbTK05lx80nuSijCz7sc3a277R67g,Good,5,1,5.0,2023-07-12 22:28:52,,,5.0
957f3f9b-f60e-4dea-9839-1eeea3e34acc,A Google user,https://play-lh.googleusercontent.com/EGemoI2NTXmTsBVtJqk8jxF9rh8ApRWfsIMQSt2uE4OcpQqbFu7f7NbTK05lx80nuSijCz7sc3a277R67g,عالی,1,0,5.0,2023-07-10 13:02:33,,,5.0
6da1f64d-26ac-4d22-a568-a3b2d190a782,A Google user,https://play-lh.googleusercontent.com/EGemoI2NTXmTsBVtJqk8jxF9rh8ApRWfsIMQSt2uE4OcpQqbFu7f7NbTK05lx80nuSijCz7sc3a277R67g,صفحه نمایش,5,0,5.0,2023-06-28 23:25:43,,,5.0
3c618c9d-73ea-414e-bd10-78b99ad3f207,A Google user,https://play-lh.googleusercontent.com/EGemoI2NTXmTsBVtJqk8jxF9rh8ApRWfsIMQSt2uE4OcpQqbFu7f7NbTK05lx80nuSijCz7sc3a277R67g,Beautiful app,5,0,5.0,2023-06-27 19:00:06,,,5.0
b0ed28af-b646-460d-b101-286adea8b711,A Google user,https://play-lh.googleusercontent.com/EGemoI2NTXmTsBVtJqk8jxF9rh8ApRWfsIMQSt2uE4OcpQqbFu7f7NbTK05lx80nuSijCz7sc3a277R67g,Quite good n aplicable,4,1,5.0,2023-06-26 11:32:39,,,5.0
cf0be126-eccc-410c-a604-f5bfdff6b9d5,A Google user,https://play-lh.googleusercontent.com/EGemoI2NTXmTsBVtJqk8jxF9rh8ApRWfsIMQSt2uE4OcpQqbFu7f7NbTK05lx80nuSijCz7sc3a277R67g,excellent and the very best information to muslim to used it. thanks u.,5,18,5.0,2023-06-25 16:53:45,,,5.0
43f01f28-8240-434e-8c90-66d0a512c115,A Google user,https://play-lh.googleusercontent.com/EGemoI2NTXmTsBVtJqk8jxF9rh8ApRWfsIMQSt2uE4OcpQqbFu7f7NbTK05lx80nuSijCz7sc3a277R67g,اهم برنامج لمواقيت الصلاة هنا في برازيل,5,1,5.0,2023-06-23 20:45:15,,,5.0
fab0bfd9-6aaf-41be-a77c-979f145169f6,A Google user,https://play-lh.googleusercontent.com/EGemoI2NTXmTsBVtJqk8jxF9rh8ApRWfsIMQSt2uE4OcpQqbFu7f7NbTK05lx80nuSijCz7sc3a277R67g,Easy-to-use,5,9,5.0,2023-06-23 17:17:51,,,5.0
a39a55f0-1e2c-448a-861b-64457b2a05b5,A Google user,https://play-lh.googleusercontent.com/EGemoI2NTXmTsBVtJqk8jxF9rh8ApRWfsIMQSt2uE4OcpQqbFu7f7NbTK05lx80nuSijCz7sc3a277R67g,Very nice,5,0,5.0,2023-06-20 17:02:55,,,5.0
37072534-1156-40bf-a11c-77a385b8efd5,A Google user,https://play-lh.googleusercontent.com/EGemoI2NTXmTsBVtJqk8jxF9rh8ApRWfsIMQSt2uE4OcpQqbFu7f7NbTK05lx80nuSijCz7sc3a277R67g,Good 👍,5,2,5.0,2023-06-17 22:23:03,,,5.0
4cb0b7cb-0e28-423f-8e29-fdf0cbc272a4,A Google user,https://play-lh.googleusercontent.com/EGemoI2NTXmTsBVtJqk8jxF9rh8ApRWfsIMQSt2uE4OcpQqbFu7f7NbTK05lx80nuSijCz7sc3a277R67g,Excellent,5,1,5.0,2023-06-06 09:02:21,,,5.0
8d79f593-8dae-4e10-9872-a35a31c217b8,A Google user,https://play-lh.googleusercontent.com/EGemoI2NTXmTsBVtJqk8jxF9rh8ApRWfsIMQSt2uE4OcpQqbFu7f7NbTK05lx80nuSijCz7sc3a277R67g,So far this app is very important to me and my family,4,18,5.0,2023-06-02 13:14:37,,,5.0
e1abf492-6196-4669-9530-46d95ef91b5f,A Google user,https://play-lh.googleusercontent.com/EGemoI2NTXmTsBVtJqk8jxF9rh8ApRWfsIMQSt2uE4OcpQqbFu7f7NbTK05lx80nuSijCz7sc3a277R67g,همت ١٢٣٤٤٥,5,2,5.0,2023-04-19 08:20:50,,,5.0
dd537256-e776-4192-93c9-51583f619be3,A Google user,https://play-lh.googleusercontent.com/EGemoI2NTXmTsBVtJqk8jxF9rh8ApRWfsIMQSt2uE4OcpQqbFu7f7NbTK05lx80nuSijCz7sc3a277R67g,٥ب,5,2,,2023-04-07 05:39:39,,,
9a5e69be-9472-4ede-999f-95f8e6bd3e9d,A Google user,https://play-lh.googleusercontent.com/EGemoI2NTXmTsBVtJqk8jxF9rh8ApRWfsIMQSt2uE4OcpQqbFu7f7NbTK05lx80nuSijCz7sc3a277R67g,Cool 😎,5,1,,2023-04-04 05:31:37,,,
2d0ecd15-cd5b-4ac1-9f79-b788dad2df08,A Google user,https://play-lh.googleusercontent.com/EGemoI2NTXmTsBVtJqk8jxF9rh8ApRWfsIMQSt2uE4OcpQqbFu7f7NbTK05lx80nuSijCz7sc3a277R67g,Awesome,5,10,5.0,2023-04-03 01:01:30,,,5.0
8063d455-2761-4645-850f-1b55112411f5,A Google user,https://play-lh.googleusercontent.com/EGemoI2NTXmTsBVtJqk8jxF9rh8ApRWfsIMQSt2uE4OcpQqbFu7f7NbTK05lx80nuSijCz7sc3a277R67g,Beautiful application fr qibla direction .thanx,5,11,5.0,2023-03-31 03:20:52,,,5.0
