reviewId,userName,userImage,content,score,thumbsUpCount,reviewCreatedVersion,at,replyContent,repliedAt,appVersion
8a7c20d3-74cb-4218-9f42-c869e5bc30e2,S Pa,https://play-lh.googleusercontent.com/a/ACg8ocJ81a2tLYirRIExsHHfTC5Bi2KOTM3fjV-QfUXsxvWG0OBX8hU=mo,Collects data,1,0,1.2.3,2026-08-17 14:55:40,,,1.2.3
da12f1f8-2f2b-4b96-897e-cdb953bc824e,MAIN UDDIN,https://play-lh.googleusercontent.com/a-/ALV-UjXl5ki2sxjc9yv8YLcV6M8cwuymnvFPs8K4UuI2DIwaCtUtXTq5UA,Good and ad-free apps,5,0,,2026-08-15 18:46:06,,,
5b92429b-f524-4eec-a199-504cb0763a95,Ameer Yac,https://play-lh.googleusercontent.com/a/ACg8ocL54WjM1dDBWlQpA2QpJI2IJOhVr-bQFiWL29ETh72aelbwdw=mo,incredible app with a very simple design and no adds whatsoever.,5,0,2.3.8,2026-08-09 06:33:26,,,2.3.8
36352645-f530-4e5c-9e25-97b3dfe8bbb9,MrSAM1TN,https://play-lh.googleusercontent.com/a-/ALV-UjUnKk1frgHJKaYmiYUthSE5ljqV4OxUDSWMi83XwV0btLNXz0aT,amazing machaAllah 2 suggestions: 1- add a jumuaa salaat to the tracker. 2- add a volume controller to the adhan alarm.,4,0,2.3.8,2026-08-07 17:23:43,,,2.3.8
c0e471ba-c4eb-41e3-aab5-4f6aaa24d786,raza haq,https://play-lh.googleusercontent.com/a/ACg8ocJawQQuWmOdGWQvKTFyL5AEC3x2vGnx27kQhpgY-tY0GUZkA3WF=mo,I love this app it is very useful for me......,5,0,,2026-08-06 17:20:05,,,
61a9dce7-cd56-4b84-9971-ac31b470741a,Alemiga Amali,https://play-lh.googleusercontent.com/a/ACg8ocJbnDBeawUARTTm_Tlvjp7yn0ZBmicwP4YUDWKPxlLbCIbR-w=mo,"very very good, l like it",5,0,,2026-08-04 01:38:52,,,
510dac34-26c3-4aca-8376-c7e9cd6e3f00,Mir ayeshu1909,https://play-lh.googleusercontent.com/a-/ALV-UjXnE9kQd8tfneO6WYjVNCf3sLOe5zDBwQbWX3fUGgkfnbWAM_-O1A,best islamic app ever ❤,5,0,2.3.8,2026-08-02 23:16:13,,,2.3.8
748e8951-a261-47c3-9e3b-b2446426354f,Huda Aman,https://play-lh.googleusercontent.com/a/ACg8ocKU2cL3MX-fUsOaCW5aiRB44A3-kEN5XWxy4v2SNEOF_qkwWw=mo,"such a great app! kept me on track and never let me muss any prayers. so good , must try !",5,0,2.3.8,2026-07-30 22:31:49,,,2.3.8
5611e551-ef5b-40a8-b627-02d2a3b8c120,Cream,https://play-lh.googleusercontent.com/a-/ALV-UjVpt6JFicf3zcLNvsXc8Cc7nSxiEYfvsg4So8mf9mPQ-x6_oUMRQA,"Absolutely love this app. I use it frequently. It's got everything you need from the timing of prayer, direction of Qibla, menstruation and even fasting. Love love love. Great job guys! 💛",5,0,2.3.8,2026-07-24 19:37:07,,,2.3.8
62ebc946-2d76-48c8-a2c7-1af0276503d6,Sadik Khan,https://play-lh.googleusercontent.com/a-/ALV-UjUTKPjAJ9712ibORxJt71c59fJfbdO5rJ8Rgk0FiabExFTCsepy,"This app is so good, they didn't even ask for a review - and yet I'm here. This is the best prayer time app I've ever used. Modern, clean looking UI, zero glitches and also no ads something I've never encountered in the app. The Qibla compass on this app is also really neat on how they use the vibrations and haptics to show you the right direction. One thing I wish this app had is the midnight timing. That would've legit made me cry lol",5,0,2.3.8,2026-07-24 05:21:54,,,2.3.8
ed8117b1-ba64-406b-a937-38722057771f,akhil pasha s,https://play-lh.googleusercontent.com/a/ACg8ocIinUQTEutkUzP0h2yyHTI8fp6xmvWPvMW0wnfP5KKd3gz1L2c=mo,does not show qibla in right way,1,0,2.3.8,2026-07-19 11:45:14,,,2.3.8
36729aa8-e53b-4e79-9b91-379bf81d63c5,Yusuf,https://play-lh.googleusercontent.com/a/ACg8ocID3SZ95VT0jn1Cw0O1qfmYQxR-BFLJhJyH4fkape29xrqs0g=mo,Why on earth can't I manually input my location instead of being pestered for location permissions? It's such an obvious feature to add,2,0,2.3.8,2026-07-17 22:36:22,,,2.3.8
d1d2af49-ef50-4d7a-8a6f-9afd42969e05,Suma,https://play-lh.googleusercontent.com/a-/ALV-UjVLZR-Fl9uRV5kinl5Va_f9vdpj8h8kQZzgpvVZa4ph2YeEG74l,good app ever see,5,0,2.3.8,2026-07-14 01:27:56,,,2.3.8
fe4ff06b-37ae-49ba-beab-47de8d2b0446,M. C Ka,https://play-lh.googleusercontent.com/a-/ALV-UjWMEcWV-oORweP45_P7j-amr514x5zk88lrR-4UMTkIRU12UhJz0Q,good thing is no add. and i moved to this app and i Want use this app from now on. however prayer timings not accurate for nigeria . remember earth shape is not a circle . its elips. so timing calculating based on circle never be accurate. you cannot fix this issue its difficult. and by the way all other prayer time applications timing for prayers also not correct .,3,0,2.3.8,2026-07-12 11:00:43,,,2.3.8
bae58dfa-5a0c-4a48-a7fe-f8c8d3472da1,sadiya tafheen,https://play-lh.googleusercontent.com/a-/ALV-UjWAZ4Nh2hJTJuQmtS7IZ8ztWB4VgD3DIPRd6aB41ZGRgHjbOtZLTg,"previously i was using this app on iphone and it was working pretty well ,now with samsung the azaan timings page isn’t displaying in the app neither am i getting namaz timings notification (which i think was the main purpose of this aap) same with the salah tracker,i tried installing and un-installing multiple times still facing the same issue.",1,0,2.3.8,2026-07-11 12:20:18,,,2.3.8
0b87c0ca-6cc4-4bc4-9232-1c885ea9ecca,Rayhanah Rizwan khan,https://play-lh.googleusercontent.com/a/ACg8ocIiWW9fwUNnjr-8jn9niCFpTWQ3fnd0RLR-4dzVBhwMc7hmcg=mo,"salam, honestly this is a amazing app no adds just peace ✌🏻 I wanted a app where I can track my prayers and this is perfect ❤️ thank you for making such a good app . I am very much satisfied . anyway I just want a way where others can also track the prayers in the same app same account if that is possible it would be really helpful",5,0,2.3.8,2026-07-10 20:56:12,,,2.3.8
3cfbad22-c66f-411f-b188-38128be8d5f6,Huraiya Tassneem,https://play-lh.googleusercontent.com/a/ACg8ocIsiNotYHl7zTpK6oHT08XvL5eVp-aFAc7u0ZpXVpoklNB4Bg=mo,💗,5,0,2.3.8,2026-07-06 19:14:35,,,2.3.8
88408b84-1dc0-4f34-8a3a-f1fd2bdf1c0a,Junaid Ahmed,https://play-lh.googleusercontent.com/a-/ALV-UjX3FCqdgpgcNG_vIYz4a86RiKWBcP9PKkao5lp_XrmqDCnYc5uG,love it,5,0,2.3.8,2026-06-21 17:56:12,,,2.3.8
a9fa5f4b-3490-40a5-9365-91ab9a61a9d3,Unas Muhammad,https://play-lh.googleusercontent.com/a/ACg8ocL0dyorpdtAhSVWZpiUy_Pd9s4fH62zrvcqH7LbERVTYOpWiw=mo,helping app,5,0,2.3.8,2026-06-20 12:30:09,,,2.3.8
1fbc1cb2-c523-4fe6-8c4b-4711d1208123,Aminnur Rasyid,https://play-lh.googleusercontent.com/a-/ALV-UjV8CXAB0GUPX8Q5LvGpOhRM2Hp97dAkfYd1baL4h5HX6d0jlomJ,I just simply love the apps. Easy to navigate and no ads is something I like actually. It is solely operate based on our donation.,5,0,2.3.8,2026-06-17 12:30:27,,,2.3.8
329e416c-10e9-40b1-b90a-bdd7881e0ff2,Gulahmed Butt,https://play-lh.googleusercontent.com/a/ACg8ocLv3AdAXVB5ehgXtLRPk6xJ9KUk_X2le3x1w1n3mutSK2w7Uuo=mo,very neat very bussin,5,0,2.3.8,2026-06-16 00:12:49,,,2.3.8
b25fd919-f8a9-4973-bc37-09ce3d1ce5e2,Ibn Sina,https://play-lh.googleusercontent.com/a-/ALV-UjXtLwat5atZLjXEg6-dWeJy37Gp_Nfy6Y4tYXuJ6n2tihQSp3Y,It just does exactly what it says it will do! The App so minimalistic and to-the-point! My only comment is that the app name doesn't make it easy to discover (I asked Gemini to recommend something to me because manual search on Google play didn't produce satisfactory results to use.,5,1,2.3.8,2026-06-13 14:43:58,,,2.3.8
aeed65d3-9d64-4567-a3eb-e1ae60ad448c,Muhammad Izzat Muhammad Rafie,https://play-lh.googleusercontent.com/a-/ALV-UjVvmMBqZ2yu27E4aFrrAQBp_fjxS1_JDFWotOq2pWjJw4cTM-fo,the solat time doesn't follow jakim published time for my city. we can get it from jakim website.,2,0,2.3.8,2026-06-10 19:02:38,,,2.3.8
e64d1a97-9afc-4c87-bc17-c2a5cf67d240,Mahfuz Ali,https://play-lh.googleusercontent.com/a/ACg8ocI1I-biRfG2O5VuEJb_IVUfFMSIELPx-yJqMIFIvRZUIkqi6Q=mo,best app with no in app purchase required. on top of that no advertisement. really deserve the 5 star. JazzakAllah for this beautiful app. please keep it like this with no in app purchase and ads,5,0,2.3.8,2026-06-09 12:33:17,,,2.3.8
c5d2d9f2-8a7e-4267-8a48-e960eca0c793,Sumayya Fathima,https://play-lh.googleusercontent.com/a-/ALV-UjUBF0aaUS-i3Yg2C6IC5STj9RiHRB7e52Db0jx9SrLzElLmb2MY,"Assalamualaikum Although I've just started using this app I really love the features it has for tracking our salah I request the creators of the app to please try to add in the feature of nawafil prayers too (Ishraq, Chast, Awwabeen, Tahajjud) It might help the users to get more attached to salah and please do include the benefits of the salah too Overall I love the app Thank you",4,0,2.3.8,2026-06-07 08:52:01,,,2.3.8
32102e3b-1147-4d75-84a6-c271dff2e61d,Rehan Muhammad rehan shafeekh,https://play-lh.googleusercontent.com/a-/ALV-UjXFYCCs9qo4hBxzFEz12e8Ngk4pWuyLyiIZM0tYWWQkamXn5Fs,wow I can finally pray because of watching social media in my device and not hearing aadhan also mosque is far but this app gives adhan and tell us pray and show qibla worth downloading and also freeeeeeeeeeeeee,5,1,2.3.8,2026-06-07 02:39:14,,,2.3.8
165e4ed7-d607-4e25-9092-0b19a771becf,afthab musthafa,https://play-lh.googleusercontent.com/a-/ALV-UjWpURrp25TKSAaPXaETF0lR3HWp8_WiPYq1wuwXl3ov1Y8pX8yq,it's okay but u should add something so u can read quran as well,3,0,2.3.8,2026-06-05 16:57:19,,,2.3.8
b7839cad-915f-48f9-ab41-95ea84281a1c,M Udd,https://play-lh.googleusercontent.com/a/ACg8ocKKwoSSHhyCezWvSbnxM4Syqg5408B19EnmIYjh0CisBp4yERk=mo,would be nice to have variety of options for widgets. Can you please implement display for current time on widget + weather and prayer time. Im having to have a seperate widget on my Samsung phone to see time etc,2,0,2.3.8,2026-06-02 13:38:09,,,2.3.8
556ec650-b29c-4ebf-a59b-10f6e0d6585a,Muhammadsodiq Ravshanbekov,https://play-lh.googleusercontent.com/a-/ALV-UjW7yeS167z6MG0np8_U4h3574wGHysTqJ1Hh-qLaGFeKuYhu2M,perfect,5,0,,2026-06-02 00:49:21,,,
c33a92b2-d24b-40b9-84e2-c4d162222286,Latifa Chentouf,https://play-lh.googleusercontent.com/a/ACg8ocK_HYckOWuMVFlNLSE5FdYEqH0HqzcpjoVB77VGUNZC229A1Q=mo,I love the simplicity: iy give the prayers times not teach me how to cook etc that could get me distracted! adpat automaticaly when I travel! Thank you to the team:),5,0,2.3.8,2026-06-01 12:08:43,,,2.3.8
ff55e703-479c-428a-9748-c35a9b4d353d,f0616ch,https://play-lh.googleusercontent.com/a-/ALV-UjVbrdFgfY8_9U_6uCx7rxfczolba55U0d5dBD1RRLsqzmHOWgTr,I'm not sure but it's always 20 minutes early now in Algeria...,1,0,2.3.8,2026-05-28 20:22:14,,,2.3.8
6cb14499-0e9c-40f5-8fe9-2cbd6d8e62a2,Hassan Saam El-khatib,https://play-lh.googleusercontent.com/a-/ALV-UjVTlhmD4vN1eDaPP3WIYuIe3Wc_jzmbIc1lHEdLat1QtOkMR4JBvQ,Simple app with a good amount of settings to adjust the times,5,0,2.3.8,2026-05-28 03:20:01,,,2.3.8
9dcd5cb4-0cec-4ce1-bd01-6d3a7d1128f8,Amaan Ahmed,https://play-lh.googleusercontent.com/a/ACg8ocKE0vTqjpKHUMuoPiuw_Fz_yBzMvdpfptq5uH5L8BwRg63s=mo,"The app is very good , I have it on my iPhone. may allah bless you people it's not working on this android, I mean I can install it open it after the third slide, giving it the permission of location it just goes grey , please check and update the same , so I can use the same.",5,0,2.3.8,2026-05-26 02:14:39,,,2.3.8
3e0bf20b-1298-4bf7-971a-1d16a2500b0a,*,https://play-lh.googleusercontent.com/a/ACg8ocKNn2lMWtAxbBmjthsvyT762Qpty3OHfxbSsGzel0XCQpLPZEg=mo,"Mobile - Samsung Galaxy S24, Android 16, App launched, configuration- till Location. Post that White blank screen.",1,18,2.3.8,2026-05-19 07:38:19,"Salam Alaykum,
Thank you for reaching out. Could you also let us know the type of phone? This will help us ensure the fix works smoothly for everyone and reproduce the bug. We truly appreciate your patience and understanding.",2025-07-28 22:28:25,2.3.8
9cb60b36-3f35-44d2-a7f8-47b197e3c868,Mahira Butt,https://play-lh.googleusercontent.com/a/ACg8ocJkJ7BSkJpmfpiRMIijEGKiZ0vYxdvwDDYWiHTej7B3Ek9aLw=mo,"I did like the app but the adhaan kept playing out loud at the incorrect times and even after deleting the app, the adhaan continues to play out loud (again at the wrong times) - this has been ongoing for about a year now. I have rebooted my phone, gone through my settings, redownload and deleted the app but nothing can make this stop.",2,0,2.3.8,2026-05-18 04:18:19,,,2.3.8
46e825f9-ff8b-4462-b00a-1b6681277cca,Mariyam Khan,https://play-lh.googleusercontent.com/a/ACg8ocIL6Z5mRprTrrRsipQ-V_a3-TtrYgyF-rf-PnmcirOzouQC_t9C=mo,app not working properly..last 3-5 days...id not login my phones ..plz correct this,1,0,2.3.8,2026-05-13 03:22:36,,,2.3.8
803285d2-1d29-4cb9-bb86-521e5ac6493b,fardowsa hassan,https://play-lh.googleusercontent.com/a/ACg8ocK08ZqdvGqSMJd64V3SyyMQttLs5f82mu1ywyOYy3GkW5bkEw=mo,good service,5,0,2.3.8,2026-05-08 02:44:21,,,2.3.8
d27bedf8-eda2-4a07-aa72-99ae950bbb4a,Salah Boulenouar,https://play-lh.googleusercontent.com/a/ACg8ocIj34L9oJISKi82_K0IygpTJjswCfQrN08ExBMMNFeWfsouRg=mo,"really great comprehensive app, but I keep getting inaccurate prayer times after comparing to the internet, and that in various locations.",2,0,2.3.8,2026-05-07 00:41:57,,,2.3.8
0406840d-f2c4-4c67-a4b1-fef2651f4a5a,Halima Ahmed Bello,https://play-lh.googleusercontent.com/a/ACg8ocIl7aZmy1tSK5Y0ttmPbzV7W1Cupx0abu2zKJTm33dTCJo87Q=mo,You have to pay to enjoy itt,4,0,2.3.8,2026-04-30 20:16:10,,,2.3.8
e2f0477d-981c-495d-b854-ffbb3f731da9,syahmi amzah,https://play-lh.googleusercontent.com/a/ACg8ocJ0rOJbY8B6W9bMIh4VwHBdW21L1VqS0FP85J3U5qk_zk4nNA=mo,Thanks developern team. its reallly help my prayers time,5,0,2.3.8,2026-04-27 16:18:10,,,2.3.8
4fa1a1a7-dd90-4f06-9b94-0ea8b1e68d5a,Ataur Rahman,https://play-lh.googleusercontent.com/a/ACg8ocICUyjKk6ugJwKKVS0Akr6PH1CYIlh1IPKZ8ob5b3eOGEYJPg=mo,"I really like this app, especially the tracker feature and how it doesn't have any ads. One thing I would love to see that would make this app even better is a widget where you can tick all the prayers off, that'd be great!!",5,0,2.3.8,2026-04-25 01:21:00,,,2.3.8
fda1109c-ef01-4aa8-9a71-4003c0f52356,Ratih Cahyaningtyas,https://play-lh.googleusercontent.com/a-/ALV-UjU8cqMeI2u4d1eFxuuhFg_UwKVALVO7Jvj6kwyhJGDjNu1jFFDO,I can't open Pillars on my phone S26 Ultra :(( It's a good apps tho,2,0,2.3.8,2026-04-22 09:56:09,,,2.3.8
a4454711-d421-4ce8-a74a-340dfdeab663,Mohamed D,https://play-lh.googleusercontent.com/a/ACg8ocImjHBLkPmZthBtVUjfKrfFkHWITb4iYMQMFJ6fnTWOMmoq-Q=mo,Amazing App Alhamdulilah. May Allah Reward the whole team with good in this world and after and protect the whole team from the hell fire. Ameen,5,0,,2026-04-20 09:07:03,,,
96c33d92-60f8-44e1-a8c8-99c8f905579f,Zeba Hamid,https://play-lh.googleusercontent.com/a-/ALV-UjWiia_GGp7ufyTI6qcJ28Qf8cyAdJ2DJlU2ZblQ3ebG4NaAh38b-g,Really appreciate this app it's so helpful that you can tick off your prayers.,5,0,2.3.8,2026-04-20 06:42:44,,,2.3.8
a40af5aa-06ea-4406-81e0-49a40f53d19f,Mahmudul Mannan,https://play-lh.googleusercontent.com/a/ACg8ocJRkKlOrXB5kAKA0kTm1QJEAvCEt_24NHt2hXHB2BlSKke7Aw=mo,"Need a volume control for the prayer time alarm, since it seems too loud. Tried using Samsung sound assistant but does not work for this app.",5,0,2.3.8,2026-04-19 07:35:09,,,2.3.8
d2baf8e2-a9d6-4858-bd60-65313677b894,dih,https://play-lh.googleusercontent.com/a/ACg8ocLKNYPjlsKSTOp0caA8s5iQyDqCbyfVSmqsF02Iqh6FUq3SYA=mo,"This app is amazing for women it gives us a menstruation button to stop giving us prayer notifications during menstruation and you can choose between wanting your notification to have adhan or not but, how do i get the fast tracker to work because mine can't for some reason but otherwise i really recommend this app ❤️",5,0,2.3.8,2026-04-17 14:43:01,,,2.3.8
83b5e46e-0d2d-49a5-947d-7434705c4c06,O W,https://play-lh.googleusercontent.com/a/ACg8ocLu-pYsdWn-E3OOayPAN4hrI1PK1UH0Jy9N8phElYh3NAgQVg=mo,amazing app with amazing mission and reliable!,5,0,2.3.8,2026-04-08 00:35:30,,,2.3.8
d7a618df-4bd7-465c-ab25-64d8c5391800,Amin Patel,https://play-lh.googleusercontent.com/a-/ALV-UjWDVAB_qJENcVwyk8rujyoYdFGjVOyr-BEl8xdRQyXy0Ei-uF41,"loved it, functionality wise great",5,0,,2026-04-02 14:57:23,,,
8b2e02bc-14e0-4c47-b52d-bcec0a8051cb,Mr.Ahnaful,https://play-lh.googleusercontent.com/a-/ALV-UjVRdTYgCKCLso4aWG6pfOj9tw8-41FxLGgggpLTQE5GHcytvw,👍👍👍,5,0,,2026-04-02 08:55:59,,,
f403a1bd-d8db-479f-9030-603f78fc1230,Ya Hu,https://play-lh.googleusercontent.com/a/ACg8ocJlwLd5OjB5k0T3bU7xhFYceDpvUBq7LFduAmSVCiKdQFbd29M=mo,"don't like the location permission, just give me location city. prayer time is not going to change more than 1 minutes for at least 100km radius",1,0,,2026-03-29 18:39:59,,,
661765fb-ac87-48e9-a99b-224a475134ef,Umair Siddiqui,https://play-lh.googleusercontent.com/a-/ALV-UjXploDXkZqRupYv7mzkUdLY0EXC3M_hXtjFyIzzqO47SOMnnn78,"I have been using this app from more than a year on my Samsung S23 Ultra and had no issues.. but now I am using S26 Ultra.. and tried to install the app on other devices like iPhone and Nokia (Android) we are having ONE issue, the full Azaan does not play anymore, although all notification settings are open and permissions are granted... please help? once this is solved, can give 5 star rating !",1,3,2.3.8,2026-03-25 02:15:43,,,2.3.8
d994540d-7d09-4b34-92c4-3b938eff759c,Yüsra Kızılırmak,https://play-lh.googleusercontent.com/a/ACg8ocJWN8-lXF8SJakiSAtvJ9CmZXwQN34UP-S-Tdn3_ND74yghZA=mo,I've been using for a long time and I really like it.,5,0,,2026-03-22 21:29:40,,,
663a8de9-95e9-4eaf-ac2f-3d5114142992,Med Tam,https://play-lh.googleusercontent.com/a/ACg8ocJ4jgeOdvEcp4-KejO9xSLM-AKeurD0tYDiVyCFDoFNP3VH-Q=mo,"Nice app, without unnecessary ads. I love it",5,0,2.3.8,2026-03-21 19:07:00,,,2.3.8
e5a4e135-8a93-4bd9-b65c-de351a49e5d7,Salahoden Mamadra,https://play-lh.googleusercontent.com/a-/ALV-UjU5vqvEog3D4u9jOpZOEGxH0rsXFZoSZii16DLpGkytmMwsq2e4nA,good,5,0,,2026-03-21 18:57:56,,,
e0d830c7-0bc8-4d0c-974c-be8684b0060d,Saba Shaikh,https://play-lh.googleusercontent.com/a-/ALV-UjVVXIJ4-5vuRx_d6NsJxVyBnFg-Jz7NMwM-5YwH7JrvFWlukIanJw,"1 star rating only to catch attention. The app doesn't open in my Xiaomi phone, it is not going past a white screen. Otherwise the app is really nice, I'm using it on another phone.",1,0,2.3.8,2026-03-20 23:43:22,,,2.3.8
9c315606-84c1-401d-bec8-57b641a9e0fb,Nabil Seid,https://play-lh.googleusercontent.com/a/ACg8ocLWue8nwhTwJXC4YRKK9xVxhRiieoVT3amqxlKa0BRR9nOjag=mo,Just perfect and the customizable alert is very useful.,5,0,2.3.8,2026-03-20 22:51:40,,,2.3.8
c7dfd8b6-5851-4f0b-81f5-52533eae6a21,Ingonyama Nengwenamabala,https://play-lh.googleusercontent.com/a-/ALV-UjVPsKYB10c3TXS16SL12x2O3nDyau6LhW8EN6OIT_v-kPF-Pb7S,"Simple, to the point. May Allah reward the developers.. ameen.",5,0,2.3.8,2026-03-18 06:53:20,,,2.3.8
d57b3089-f9ca-4226-9bcb-a8473fefd7d8,Mohamed Mady,https://play-lh.googleusercontent.com/a-/ALV-UjU_6X3avx3ndvqtbr6bhinvBMkDa5WQPPYtObmFClBpBv-a7jE,"God bless you, great app.",5,0,2.3.8,2026-03-16 09:04:40,,,2.3.8
b8bdd132-2cb1-4bf9-85f6-e685e6164022,Muhammad Fahad Abid,https://play-lh.googleusercontent.com/a-/ALV-UjUBvC1TB_tkBWQwVZMHA2TuPoAYGBAKkB4xHB5UbeW0cs8rhZML,Best 😊.,5,0,2.3.8,2026-03-16 06:01:00,,,2.3.8
9e779f30-dc15-4ee7-9c13-4f90355dcb41,awais siddiqui,https://play-lh.googleusercontent.com/a-/ALV-UjXHNr5A4o_X1YDQxBlb44EF7OvTZE4MUItwAvta_vGPOKWTNd-j,best app for all islamic information,5,0,2.3.8,2026-03-16 01:27:40,,,2.3.8
5a74e32b-5b19-4ab3-b54a-e227b6ad6696,Gulwasha Zaman,https://play-lh.googleusercontent.com/a-/ALV-UjX_ZxUksdJUx3sX0cr0ZkrZnd-1ZKP2YrdxrdHb_c0Zn4bN1iNo,"it keeps giving me notifications at the wrong time , itll say it's time for asr while the time stamp is 5 minutes in advance than the actual time. it also now shows the name for Dhuhr as Dhua",1,0,2.3.8,2026-03-09 23:15:18,,,2.3.8
7f984f7c-174b-413f-a1fd-9d95e1808248,Arslan Tariq,https://play-lh.googleusercontent.com/a-/ALV-UjXl-E1QLRxVVdjRk63UvuKUZ9mRdU6rQLWvm5nuABzJU83T7pm6,Wonderful straightforward app without ads. JazakAllah creators.,5,0,2.3.8,2026-03-09 06:17:14,,,2.3.8
d673088b-c187-417c-ae32-ef7dcde2483b,Ahmed Medhat,https://play-lh.googleusercontent.com/a-/ALV-UjVJ6Mfz0kbz3U4pQLxN82A8bxGq7IXOzQcHtIeqHUIjvoY-IwE_,Arabic u people Arabic support all those developers and no Arabic and enable entering country manually,4,0,2.3.8,2026-03-06 16:03:00,,,2.3.8
c5d9dde5-e2ad-4f0b-97fb-1599888a38a4,Mohammed Ramzan,https://play-lh.googleusercontent.com/a-/ALV-UjXa4nD5vLCukRAf0iTO6b3_1__NqMQUy-XvMIUpX8JBS1W2DGNyfw,mashallah.,5,0,,2026-03-04 03:08:25,,,
f9a6e2e2-ec42-465a-b33e-ae3b36f56abf,Mugahed Izzeldin,https://play-lh.googleusercontent.com/a/ACg8ocJ8-bk3Dmz_HN3zgmQo2K7YXnipQz7reFtKw4Oy8i_oDhPTGQ=mo,"please add Pixel Watch companion App, thanks",5,0,2.3.8,2026-03-03 06:18:51,,,2.3.8
f92d8449-5adb-4f65-9ffd-f1f6ba31b391,Hafsa Sohaib,https://play-lh.googleusercontent.com/a-/ALV-UjWsgEn-oPW6emYLTyTy-hhVz4Et1ZaPrbJ9EDOHQ9KFEKF57mX--w,I never come back to rate the apps but for Pillars I had to. I struggle with remembering my prayers and usually had issues remembering when I wrote them down for some reason I trusted no one with it and was really anxious about it. But the best part about pillars is that I can track it down and since I started using it it has been my favourite thing on this app... Jazakillah khair to the creator of this app honestly I'm so grateful..,5,0,2.3.8,2026-03-01 19:38:05,,,2.3.8
debf81f2-51ac-492f-885c-d8dd989f2821,Terry Yuting,https://play-lh.googleusercontent.com/a/ACg8ocId-oY42sLIacQU2VISAqgbL--AK_X0Cu2d7W81Y3IkJ1Yq8w=mo,"Love this app! So far the only bug I have found is that for some weird reason, every evening it now adds a ""made up a fast"" from last years ramadan - which I already made up last year & logged them appropriately. I'm very precise with my logging so now I get very frustrated that there's incorrect info in my logs. My original ""made up a fast"" gets deleted from real days. It also says I have ""3 days to make up"" from this year while I have 6 missed days, it will even show -2 days, pls fix this!",4,5,2.3.8,2026-02-26 15:30:44,,,2.3.8
510832ec-a304-45f9-8973-144b9c0a6a8d,ABDUL AHAB BARBHUIYA,https://play-lh.googleusercontent.com/a-/ALV-UjWPtDIl4DQEv7hB3U0qpy3iRVQTuX7OYYH6wZWfh3wmZy533xY,😞 bad,1,0,,2026-02-25 11:53:42,,,
3d0271fe-4194-4eb3-8930-a7581f791fcc,Tomasz Osadzinski,https://play-lh.googleusercontent.com/a/ACg8ocKxY9rQ9ZnS_WsWWHJQcVIX8ETMmhzqerhHzKD6vpiUnYN4AQ=mo,thank you. a good example for the other apps that spam your face with ads alongside the prayer times or even the Mushaf il-'Adheem. woe to those who sell AAyat for a cheap price. we are here to pray 5 times a day and die. not become millionaires and tech CEOs. may Allah bless the developers of this. thank you. I pray Allah blesses you with much better for foregoing ads and personal info theft. Ramadan mubarak.,5,0,2.3.8,2026-02-25 08:11:16,,,2.3.8
6f1ca90a-3666-48c3-a9a6-dee20512f062,Zuhaib,https://play-lh.googleusercontent.com/a-/ALV-UjX-C7OCx9Cs_M3-u4sy3djuDyUMX0auzlOI1HQuOMSCUuMAl2z3gw,Very nice app and nice ui but there's a bug where when you click on the qibla button a pop up shows up and it doesn't go away unless you turn on location and re-open the app.,4,0,2.3.8,2026-02-23 17:16:50,,,2.3.8
6bc8cdb8-6e94-4a8d-b478-236882e41df2,Kanza Kashif,https://play-lh.googleusercontent.com/a/ACg8ocJ_mgpi35GBfS1tnoIC2rJiMQHTD6tmFJG5RBbdIbRT9LPTaQ=mo,"good app with a friendly UI. Love that there's no ads, just wish they added a Quran option for recitation",4,0,2.3.8,2026-02-22 17:12:57,,,2.3.8
127110a5-e079-4259-a4ae-cadd89cd5993,Nick B.,https://play-lh.googleusercontent.com/a-/ALV-UjXdtS9vm15AdFecg6qUSseBHiMdr1hMIeySkgkeHkD_7dp_Ip0,"Simple, not cluttered, no ads, easy to navigate. 10/10",5,0,2.3.8,2026-02-22 16:31:26,,,2.3.8
74238517-97d5-44e3-ac83-0ca2281477db,MD Nayeem Nayeem,https://play-lh.googleusercontent.com/a/ACg8ocJE8HmaDR4BwT8R1X1C7yAl9KfZzEffboUH67ilu5uBNVZHJpw=mo,Assalamualaikum! this app is perfect to track prayers. jazakallahu Khairan!! add features like tracking prayers for years and setting goals to pray 5 times for like a week or month please!. overall it's good 👍🏻.,5,0,2.3.8,2026-02-22 15:55:51,,,2.3.8
659a67a2-bc1b-44ce-91ba-ed32c366c764,Umme Hani,https://play-lh.googleusercontent.com/a-/ALV-UjV-QtEQXPhT55ZpunjmxSnZOBMe266hr4QSUnX3cPgl7nsnhFQC,What are wonderful features in this app I will make a habit of salah . try it,5,0,2.3.8,2026-02-21 17:40:31,,,2.3.8
66d1e4b4-16bf-4d29-bdf3-356058c699e8,Md Qhasim,https://play-lh.googleusercontent.com/a-/ALV-UjWL9tS7JzbME-2FO26rsg6a0G9YLH5QsKHTQXAvARC4iHEXxtq13w,Laggy and Getting too much bugs all the time,1,0,2.3.8,2026-02-21 16:43:43,,,2.3.8
aa749d53-a587-42f0-afe0-3dfa86f32965,Mubtasim Tahmid,https://play-lh.googleusercontent.com/a/ACg8ocIycYE8QFsRjTkFV_0H9sco3c1ucwT71i_9fU5w9mqQPnX9fQ=mo,"Simple but does the job well, with NO ads at that!",5,0,2.3.8,2026-02-21 12:24:31,,,2.3.8
d4549702-6cd6-46c5-a3d6-bf286fbee5db,Hisa MA,https://play-lh.googleusercontent.com/a-/ALV-UjV1aZuDpjXLqmkNy-3Fe4hx7Wl8pNfqA9BoQxmOz9GFzxq-sp4,The adhan time is not accurate. any feature to track our fast (not in Ramadan),4,0,2.3.8,2026-02-20 14:22:38,,,2.3.8
2731d05c-13b1-4249-8273-1288b370f390,Manal Siddiqui,https://play-lh.googleusercontent.com/a-/ALV-UjUeoPnxTVN3VW2MXwxuboaqHHmFOSWuz1YxsH0yWa8qGOv92ksZ,it's good but the app is always a bit different from the mosque also the tracker wouldn't let me put qada anymore it was only read or misses,3,0,2.3.8,2026-02-20 05:14:49,,,2.3.8
e23c47d5-5eb3-4e8b-84aa-492111e9e448,JANAAN AHMED,https://play-lh.googleusercontent.com/a-/ALV-UjXg2YP67c3vB60OidFjgQOguNT2ZmHVHvCgduim-YubL4heX6gd,"Simple, minimal, and user friendly! Plus no ads or clutter!!",5,0,,2026-02-20 01:29:01,,,
5c5fa4fb-93a6-4bdb-8087-770e50c4048e,Muhammad Bux,https://play-lh.googleusercontent.com/a-/ALV-UjXDbJLiMxRl9wGEXocj5J0Ae7mZXgOFXp_EQq8dGx9dL6SgYpMU,"There is a lot I can say about this app but I only have limited words, but I'll try cover the main points. The timings for prayer are pretty accurate which is great, the feature to track not only prayers, but fasts for Ramdan is amazing, as you can explain why, so if you dont have a valid excuse you can be more motivated into making sure it doesnt happen again, at least thats how I feel personally. Its not a 5 star because I dont think Ive gotten the full experience, but الحمد الله its good",4,3,2.3.8,2026-02-19 19:02:49,,,2.3.8
5b619221-b703-4d90-a061-686c720c0856,SHAHID,https://play-lh.googleusercontent.com/a-/ALV-UjVb_mrqqh2zbOB4J0ummoRM2lLhCgPnVwquWwmGLh1XBE4BZQwXwQ,app is not working in india. it gets stuck after location step next screen come out blank and is not moving forward,1,1,2.3.8,2026-02-18 10:20:17,,,2.3.8
0828fa84-601f-4691-ba2e-da32c7ff9222,WAGDI CHAKIB SAID,https://play-lh.googleusercontent.com/a/ACg8ocKolCNi6_7Q2qT9keDFOe2NcBLjqXJ77vup-eiE-8s1ox5-tw=mo,mashaa ALLAH,5,0,,2026-02-18 04:41:25,,,
4c46a31f-f86c-4d27-a277-77eff86a59e7,Hanna Nechikkadan,https://play-lh.googleusercontent.com/a-/ALV-UjWblkBNyPqtELSCmCpt44_lwXL7aQeYa9-RJcCVay93QU1fHCDj,Was very happy with this app on my old pixel phone. I changed my phone to samsung flip. Very sad it does not work on samsung flip 7 phone. I think it is not built for larger screen resolution. It shows a white blank scree. 🥲,2,0,2.3.8,2026-02-16 16:19:09,,,2.3.8
92ab9f61-172a-422e-84ef-3e9103b7de25,Aqueel Rahman,https://play-lh.googleusercontent.com/a-/ALV-UjXmuu6lrmXRs6w9ALjNe1n2_Fxatx7DxUDBDtm73wygstJSvPUStQ,"The perfect app for Namaz timing, nothing more nor nothing less. It has Qibla, Prayer Times and Salah tracker (newly introduced badges are smart). The app also has the capability to adjust Salah timing according to your fiqh, school of thought and even use degree of inclination for Asr and Isha. May Allah give proper Ajr to the team for this wonderful app.",5,0,2.3.8,2026-02-12 09:14:12,,,2.3.8
298e82e2-2592-4da9-9d6e-3b953b4972df,dadadadadaad dadadaadad,https://play-lh.googleusercontent.com/a/ACg8ocLPCGTf3XhHqIif5G4r7IYorRD1khhP43vXUsGKmPLAb_Z9=mo,I love it,5,0,2.3.8,2026-02-10 21:57:58,,,2.3.8
fec8726a-7f61-48c5-9ea4-f1d0e2268fde,Daily,https://play-lh.googleusercontent.com/a-/ALV-UjVgBLBDl8KJzbPidDrO7aTr9w7QqElQ2lZkdq6cyF8BkdW4bBCH,PLEASE STOP BEGGING FOR MY LOCATION PERMISSONS I have them off 24/7 and the app is basically unuseable without them off let me just manually set a location and thats IT,1,2,2.3.8,2026-02-03 09:08:50,,,2.3.8
48a4b5ff-0fde-424d-bdce-99413190c485,Maisha Khanom,https://play-lh.googleusercontent.com/a/ACg8ocITYI5TNM7OdAZ78nrD8ylfOPqZYwAmlFX125Vx4zVpYECLcg=mo,Allahumma barik such an amazing app. highly recommend💕💕,5,0,,2026-02-03 04:24:14,,,
3b4a19b4-b445-43f1-9c61-5806ae8e2584,MOHD.SHAHEER SIDDIQUI,https://play-lh.googleusercontent.com/a-/ALV-UjVDeCQePG-2z1FH65v316HreQ29Bmi0jV7TIoLHnd_zosgn9SI,MashaAllah,5,0,2.3.8,2026-01-30 21:48:55,,,2.3.8
2de88051-3f26-4924-9c72-ef39c9c551f6,Raheela Kousar,https://play-lh.googleusercontent.com/a-/ALV-UjXcy5-tMEQ8dtjmTaKmtopPDT1VmhYzOkJT1I_Fa3n5Xj31ub7P,“Very easy and straightforward to use.”,5,0,,2026-01-29 22:26:04,,,
4dffc673-1d57-431c-8d66-a41e288dcf58,Ahmad Bazli,https://play-lh.googleusercontent.com/a-/ALV-UjWkgmnV_Di0zuXyZAojxm0rhaANjHSO4LPtSkz4iIZcQfT8ptcE,"Just intalled, so far so good. Prayer times in Malaysia (although the is following JAKIM calculation) is off by 1 minute. Fajr time is off by 10 mins. Otherwise good. thanks.",4,0,2.3.8,2026-01-29 14:55:45,,,2.3.8
bb31b3c4-9db2-4abf-ba07-396e61d42d7a,محمد شافع,https://play-lh.googleusercontent.com/a-/ALV-UjUVCaQFgc8Egt0EFqSt757AEzMYEv0JMPk2vV90t1huRzNihRTm,prayer timings do not match with my local timing. most prayers have a 1-2 difference. but in Isha it's 6-7 minutes early. can fix the issue?,1,0,2.3.8,2026-01-29 10:39:59,,,2.3.8
19f8b30f-0e94-49fc-8891-eb3c2ea1f8fa,Rashida Tijjani,https://play-lh.googleusercontent.com/a-/ALV-UjX5_NoW11drUySA3niGG80cqwfgU4ARq509V2otjYid_y71by_k,It encourages me to pray on time! I absolutely love the app!,5,0,2.3.8,2026-01-27 15:33:51,,,2.3.8
0a44a2a3-0b71-4791-9a39-9c557796e911,Mohamed aaz,https://play-lh.googleusercontent.com/a/ACg8ocIb6RBK4X3E0XDTyCXaxIZaQij5FItW2qRwHYVBvID_eKwPSg=mo,fix time accuracy for locations and app is good overall,5,0,2.3.8,2026-01-23 13:39:29,,,2.3.8
aed4a606-cf8a-4670-a801-0221b33f8733,Burhan Ahmad,https://play-lh.googleusercontent.com/a-/ALV-UjXnqXzfzfiT9oh0Jjfji0yfg1_jbcWd9r22LKU6xxfV_HDHXKYt,So far very great app but if the homescreen widgets corners were rounded it would look better and if it had some sort of blurred glass or opaque theme it would br awesome and also a mode for ramadan where you can set goals and track tarawih and stuff.,4,0,2.3.8,2026-01-21 18:35:15,,,2.3.8
cc1d2dc1-4845-4b72-b5b3-40f526917157,Orange Blossom,https://play-lh.googleusercontent.com/a-/ALV-UjXnDEPuU3narrH9N74lNop4QedAEdfH9p9lakCX2BtSxQTCAQAD,"unable to use the app unless GPS is constantly on -the pop up requesting GPS to be turned on prevents you from using any feature of the app. This must be a bug as this didn't use to happen - you could enter your town/city manually and it would work. Also, would greatly appreciate a half the night calculation to be added! Barakallaahu feek",1,21,2.3.8,2026-01-20 14:00:31,,,2.3.8
6bc4d788-0926-42bb-987d-f10f603e7fd9,Niaz AzamKhan,https://play-lh.googleusercontent.com/a/ACg8ocJVWLI3qebbFMgOqwvpNkn4orNcd0iEou5r0a3NWBokr_C8-Q=mo,"Clean, Straight to the Point and Not intrusive with silly and vulgar ads. It worked well until yesterday when I noticed the Salaat tracker doesn't have a tick anymore, it just grays out when you tap on it.",4,0,2.3.8,2026-01-18 00:16:11,,,2.3.8
71474dd7-7da8-409e-bd3c-ef58dcaad387,Mohmed S,https://play-lh.googleusercontent.com/a-/ALV-UjWz9_Up7Yu6iFTDMoPyksZIsmyvzCpwHhyb2o9doSPl5RDm5kb1Qg,"Moved over to this app after 15 years of using Muslim Pro as a Premium User. This app reminds me of that that app used to be - but even better and up to date with today's standards. Absolutely love this app, it's clean, easy to use, and clearly made with a lot of thought and love. May Allah bless all those that made this app, and all those that use it. JazakAllah khair for making this amazing tool!",5,0,2.3.8,2026-01-16 22:48:59,,,2.3.8
de3469bf-35a4-4932-8af3-5432ad158421,Faraz A,https://play-lh.googleusercontent.com/a-/ALV-UjX5CVyc_2kBeE4V3PSFnftR6k4FjvWdqWQuM8RN6tdzg67nZvK1,"Good UI, no ads, and not bloated like other prayer time apps. Qiblah compass is accurate but would love a map overlay view.",4,0,2.3.8,2026-01-16 09:34:44,,,2.3.8
36b40aed-25f5-4050-b64f-49b14c3e22ea,Andy Hailani,https://play-lh.googleusercontent.com/a-/ALV-UjXaJXXSTvHwkcH3xl88_ifUP_V3WnogE1uBCG9lEgGXXPay3rrtDQ,alhamdulillah no ads and subs thanks you 👍,5,0,2.3.8,2026-01-16 04:15:11,,,2.3.8
8f5073b8-3aea-4669-a321-409de8ecb880,dhiaul fikri,https://play-lh.googleusercontent.com/a-/ALV-UjWN3p712r9G_uwoCyxwdY58iLIyero9WU9w3-9UC76gLrE3uUi8cg,"clean app, really good",5,0,2.3.8,2026-01-14 09:16:11,,,2.3.8
4eb53cf3-b84b-497b-8bd8-2f942840853f,Er AnsAr Mughal,https://play-lh.googleusercontent.com/a-/ALV-UjXF1zBbOHbRu98YlxXBkj7CJqp3K5uRiBMs0wFRNDBMtJNM2I-h,One of the best app need an Islamic or Hijri calendar,5,0,2.3.8,2026-01-14 00:25:28,,,2.3.8
df28a13c-1703-41cd-a47f-11854835c034,Mohamed Dirie,https://play-lh.googleusercontent.com/a-/ALV-UjUXKxPeJlE2MXKmPfLz97eHbPSU6-Gaf9N3rYg-E0KFbaavGRfD,"Jazak Allahu khare to the Whole team that made this app. no ads, you have no idea I had Muslim Pro for years but the last few years it got ridiculous with there ads and if you want to remove it you have to pay extra thats crazy. all I want is a simple prayer app for time and Qibla. again I wish I found this prayer app before. Alhamdulilah. Jazak Allahu khare again to the whole team",5,0,2.3.8,2026-01-13 09:37:38,,,2.3.8
f5dfe5df-609a-4d18-afb7-9fe09e84b78f,Abul Ahmed,https://play-lh.googleusercontent.com/a-/ALV-UjWv8a1taRz29FkEiuW7BMATpQbBF0yDoSgtn4aNvc49jARmu0aigg,"Alhamdulillah, may Allah bless the team behind this application. Simple and to the point - prayer time app with qibla. Would love having a feature for notification before prayer (i.e. 15 minutes/customised time before prayer). Also different athaans would be nice but it's just another nice to have as long as core features are functional and there is the resources to develop it :)",5,1,2.3.8,2026-01-10 08:16:12,,,2.3.8
749b6059-c27d-4965-9de2-203bad1f9ae8,Tala Sabha,https://play-lh.googleusercontent.com/a-/ALV-UjVSCXnyUmACJaN9RgZ-Q9IeBJrhhvXopQxiF5aFkyUDJHTxWbTb,"I honestly love this app have been using it fore months,it's so easy to use, and it encourages me to do my prayers.i really wish I had found it earlier.",5,0,2.3.8,2026-01-10 00:53:20,,,2.3.8
02dff794-91b0-4675-b640-b4ba1f0f0254,Ludmila T,https://play-lh.googleusercontent.com/a-/ALV-UjVylxgn0zvLMmA-vb9-tk_adTBGTYKSBcBsSe5DcjDbjOJf3xI,"I love that the tracker includes option to pause for women. The minimalist design is beautiful. Even fast tracker ❤️ it would be great if adhan notifications get paused too, so you don't have to silent each prayer individually and then set notifications again for each prayer",5,3,2.3.8,2026-01-08 03:57:10,,,2.3.8
b5396ceb-39d1-4b39-8b27-57c5c332b9a5,Saima Ghazal,https://play-lh.googleusercontent.com/a/ACg8ocJk4PFtufSamCvS0-KhiFv1a69Iv4TqP9-EnKMnrdSMtX6xvg=mo,I really love the App,5,0,2.3.8,2026-01-07 16:26:58,,,2.3.8
226db8d4-6abf-42f1-b3ff-dd0506bc6ad5,Min Yoongi,https://play-lh.googleusercontent.com/a-/ALV-UjXyrJZLPy511i2h2wICIJoZ1ehSyVrQcZae1a9ZZCCKV8pKcoQ,🤍,5,0,2.3.8,2026-01-07 05:45:00,,,2.3.8
21dcdbb8-e29b-4522-ad67-42b6ba513a7c,Muhammad Ssempala,https://play-lh.googleusercontent.com/a/ACg8ocJlgk6TL8Gzqa05A_VWRFgfeALVVnnqqyCdthlnV2PSFT2Mpvc=mo,very very nice app,5,0,2.3.8,2026-01-04 05:57:55,,,2.3.8
6c53af34-1176-4353-ae32-d5a3c5692f51,humayun,https://play-lh.googleusercontent.com/a/ACg8ocLbSYZMIyJ2yCkCIJN1dK0fkzpedNGvOP2mAkDDAfeOJo65haCR=mo,"solid 4.5 stars so far. love the clean design and how focused the app feels. if a minimal tasbeeh and optional duas were added at some point, this would probably be a near-perfect prayer app for my daily use. definitely one of the best out there.",4,0,2.3.8,2026-01-02 19:49:16,,,2.3.8
5c128263-c116-41b8-9272-c3031172be7f,Tahir Imtiaz,https://play-lh.googleusercontent.com/a-/ALV-UjV1wMZodehwAdR1ygu85WlyFKXeq6omZPcRq0tIvc4m5H9N2JU,can You please add fasting times all around the year so for missed fasts one could get up for sehar,5,0,2.3.8,2026-01-02 09:53:53,,,2.3.8
53302e4c-0c94-4e64-9ecd-7a9e897e1c02,Mohmmed Hafil,https://play-lh.googleusercontent.com/a-/ALV-UjVmfOn9Q8oH5i3mFvNOOTuUa_GDaPJDVQ9246zpX3NytN_RAw,nice,5,0,2.3.8,2025-12-31 21:17:31,,,2.3.8
61e5aec0-cfa3-48fa-aa1e-e2693e067c28,Ethan Archibald,https://play-lh.googleusercontent.com/a-/ALV-UjUbHZrkCs5VXtsEUY1mcQ718hiZqsNCtOy3mvLE36v86L9IwY4N,"Very clean and clear UI, made prayer easier.",5,0,2.3.8,2025-12-30 03:39:37,,,2.3.8
69d0c39d-b98e-4b9e-8c6a-32e97b136fb0,Belal Uddin,https://play-lh.googleusercontent.com/a/ACg8ocLk_cY2ugfy0hrAuVLB4jEOEr_NvMSqtivLamoSkE0Koc9bqQ=mo,Very accurate and very simple,5,0,,2025-12-28 05:58:51,,,
c921e0c9-1510-4c52-89bc-3a5b1160d3ea,sofea,https://play-lh.googleusercontent.com/a-/ALV-UjXxC67GvRujPtBYF-Q_Ob-Y8NEEVcViV9EJx-StnWzSu1Zal0GdHw,"Despite its aesthetic interface ad-free app, it still managed to disappoint me when I realised the prayer times were wrong which could have mislead me. The qibla compass works well and the app colours are pleasant to look at.",3,0,2.3.8,2025-12-26 18:21:09,,,2.3.8
4bae71c8-6443-4e92-abc5-a0171ddc305f,julian hyi,https://play-lh.googleusercontent.com/a-/ALV-UjU7NWnDvEIuolZeePXHcCiL-vBWjdwFsftxkltxGa09vlV4l8E,My experience with Pillars: Prayer Times app is so beautiful 😍 🤩 👌 ❣️ the app helped me get closer to Allah. While also helping Allah guide me to a better future. Assalum O lakam My sister's and brothers.,5,0,2.3.8,2025-12-22 03:10:02,,,2.3.8
e3a4250a-0eea-447e-b4b6-c37609a75f3a,Rafshad Mahamood,https://play-lh.googleusercontent.com/a-/ALV-UjWPFxvDjRIWwFRN2VS8Kf9_gr6LZuPXiYiTN2XmOMOxQ1D3ZEP6Bg,not able to setup on vivo x300 origin os 6. pls fix it dev,1,0,2.3.8,2025-12-14 22:07:18,,,2.3.8
35b471ca-3756-490f-b797-41b148dc1224,A,https://play-lh.googleusercontent.com/a/ACg8ocK7N-71iUeMepBHrIPB6plj9Thp33jxdFW8199gPi_QhJhM9Lw=mo,"Alhamdulillah amazing, just feedback that a transparent version of the widget would make this perfect 👌 I use two apps when it could just be this one if only it was transparent",5,0,2.3.8,2025-12-11 01:45:58,,,2.3.8
2287165c-f28f-47a3-bbf8-77650b80cf84,N,https://play-lh.googleusercontent.com/a-/ALV-UjWWe4l778u-e_Y3KHWqN2iIHwBnB_44TZoDx6DEHib0pLboqSlXPg,"just installed the app.... re installed it multiple times because the app freezes after the location setting, now uninstalling it",1,0,2.3.8,2025-12-10 06:04:41,,,2.3.8
0d8319e0-7ecd-4932-aac5-5cacc02ff084,Ibtissem B,https://play-lh.googleusercontent.com/a-/ALV-UjWk46iLdHXmoS6H_Ov1ELL1qvYi5UkAydEsoLb6n3kSq99c5KRF,"Best praying app I ever used!! using since two days only and never missed a single prayer, on time. it's very discreet and allows you to log your prayers. I just love it. I hope the creators of this app will get the same rewards as me, of my prayers for the rest of my life.",5,0,2.3.8,2025-12-07 08:17:10,,,2.3.8
0615612a-8719-4fe4-b020-0b609607d5af,Sabeer P M Naseer,https://play-lh.googleusercontent.com/a-/ALV-UjUoeF0dxCXfcj5aFO8fFHlq9rcQb3vgDDveYyIVTrwVkt7j_zjZ,this app is not workingg,1,0,2.3.8,2025-12-04 18:53:53,,,2.3.8
832e1567-0135-4ed2-8870-c31f2f9f2cd5,Madone Amia,https://play-lh.googleusercontent.com/a-/ALV-UjWF8eHZpCf2xjD_ikweZMaFLexjxh_CX11P-6ykzy_ZOdAeyq0,"great app, please if possible can we get different widgets maybe customizable or resizable as currently it's too wide. minor issue but would be nice. thanks for the app",5,0,2.3.8,2025-12-03 17:30:55,,,2.3.8
70f84734-9180-4e08-9455-b8c9be4cad0f,Aya,https://play-lh.googleusercontent.com/a-/ALV-UjWB-dJiiG5acaoZmtiaNoQ7lFLhiIXbsuqI6fZm9mx44W-aNfTH,This app is really amazing wAllah so perfect and beautiful mashaAllah barakaAllah fikum⚘️,5,0,2.3.8,2025-12-02 06:18:30,,,2.3.8
b1df261c-7b2b-42cc-90f3-f530d52b2075,bupl,https://play-lh.googleusercontent.com/a-/ALV-UjVvPog2Z_zn4xJKAmavHI97DHySfNydFZFlb0Z50g9auW-i5O90,"amazing app and no ads all free I love it so much, rare to find such great apps. i have abit problem with qibla finder but mostly good",5,0,2.3.8,2025-12-01 21:45:57,,,2.3.8
7c79eb91-70ed-41be-9fcd-fdab8d3e9899,Muaz Osman,https://play-lh.googleusercontent.com/a-/ALV-UjVedrByIKYFp-T4LTLs8e-bjcgseYp4G96inMZ4k2_AA9d5MelzQQ,App was great until the recent updates that started to not show notifications and no athanasius even when the app is open. So I had to downgrade to an older version of the app from last year that works better than the new updates,5,24,2.3.8,2025-12-01 05:05:15,,,2.3.8
9517279c-bfc2-4f39-ae64-e2bd75dd4228,azad mahdzir,https://play-lh.googleusercontent.com/a/ACg8ocKjVhASzFjrTG7q6feyztqhTM0342ZJp0xcvSQOI5tK4TqSWQ=mo,The prayer time is not accurate. Please take note,1,0,2.3.8,2025-11-29 17:56:02,,,2.3.8
b34beb31-d064-4d22-935d-3b3e6c126a35,Amir Aliyu,https://play-lh.googleusercontent.com/a/ACg8ocJWXqkk7WZDNfiwPEIkJ9ED52JCR1xE5FH4c00MDDxZ8rMRJbU=mo,location canot be set manualy and even if set to ask every time does not respond to changes.,2,0,2.3.8,2025-11-29 12:02:04,,,2.3.8
c33c6dcf-7727-4927-91b8-a236f258f1ff,Zakirah Bux,https://play-lh.googleusercontent.com/a/ACg8ocJ002vWJf1WKzLa_59uhrktlr9jyNnCUYF4hVJX8AigG2X0ZA=mo,"love the app. only problem is when adhaan is going , it cuts off ,if it is disrupted by a notification on the phone and does not continue to play in the background like other apps. please check on this. it also cuts off it i have to open my phone to use it.",3,0,2.3.8,2025-11-27 20:44:03,,,2.3.8
607be020-0c6c-414f-923c-5d81bd444cf7,abdul aziz,https://play-lh.googleusercontent.com/a/ACg8ocIrYRkkoC3v-R0Ko5Cl2aftVhnz2EnopUbIiGbLJ2xggg1Rhw=mo,"I am using a Redmi Note 14 Pro Plus 5G, in India. and I could not launch the app after it asked for the location access, which I gave.",1,0,2.3.8,2025-11-27 01:54:34,,,2.3.8
ce669d33-d9d7-4446-9d36-b2bb26fbc33f,aa a,https://play-lh.googleusercontent.com/a-/ALV-UjWljJ3_h-asg5emzQbRYrm0uwHSogeV0za1ugWCdAgBb9mN7OM,most accurate app i have used,5,0,2.3.8,2025-11-24 22:01:44,,,2.3.8
129449a0-32a8-44d3-a6c6-c09ff0130067,Lolla Mass (Lollas),https://play-lh.googleusercontent.com/a-/ALV-UjUc2XJ_4k8rb4pfX_UBpNH3kicHqfApzILBzJ2mU2k4Her1rUUGbA,perfect,4,0,2.3.8,2025-11-22 18:01:43,,,2.3.8
21e5e7bf-4add-4474-b496-3e159534c1e2,Muhammad Soliman,https://play-lh.googleusercontent.com/a/ACg8ocKpPd0919R8HgDAB9xiNLZCoTS9ZzrW1zxz0KWOB5ytCu2livQ8=mo,"Amazing prayer times app, have been using for years and no issues.",5,0,2.3.8,2025-11-10 14:46:13,,,2.3.8
fdd86c8f-30e8-4a3a-bea5-fac3ff0ab7ab,Galib Bin Bakhtair,https://play-lh.googleusercontent.com/a-/ALV-UjXjmFNRl7m202O6k6J_vI8NodNEcD9rNoZdwgW4q4saFkOaqVhP,easy to use no ads Ma Shaa Allah this app is wonderful,5,0,,2025-11-09 23:38:00,,,
8e3ca448-518c-4a10-963f-af68f2e100f1,yusra barwary,https://play-lh.googleusercontent.com/a/ACg8ocINTxSLRd-Xh8_MWU8MsSQG7GbpHyHaStbvbWsdMUGRdRlDtJg=mo,without ads😍🤲🏻,5,0,2.3.8,2025-11-06 18:19:21,,,2.3.8
c9517841-0266-4b40-9f90-0280e1792d79,Zakī,https://play-lh.googleusercontent.com/a/ACg8ocJ7V9K834xs6Ry2Bm5jki-R_5rQL4wzt8PtcZBO4KHAOs7c5w=mo,app is not working,1,0,2.3.8,2025-10-29 19:43:33,,,2.3.8
44c9205d-dc7c-421a-9e6b-4f5285644e36,Saniya,https://play-lh.googleusercontent.com/a/ACg8ocLJ0Z23lnu7zBI36mBIO2_OhlK1Y9APYqyVU6mn_aqguA_RT74=mo,"Please Fix The Errors , Prayer Section Nothing is Visible from almost 1-2 months . Disappointed a bit",3,0,2.3.8,2025-10-29 06:25:33,,,2.3.8
4b7bf31b-1b4b-4f1f-9823-38fe4489bf1f,GOLDEN D,https://play-lh.googleusercontent.com/a-/ALV-UjW-TYvpMxM3gygQiCJsrw4-0wWXSfnXpxVTOx0HpdF9_oTHdiyH,app is going blank after selecting location in first time open,1,0,2.3.8,2025-10-25 16:06:41,,,2.3.8
4b1f3f19-44e3-4c15-a725-2d9e08ad3bec,Mehnaz Parveen,https://play-lh.googleusercontent.com/a/ACg8ocK6CM6o_28wCWbdMQwOkAk60MxglDwZm-2JX5q-gdD9PXk_9g=mo,"Asslamualaikum! I don't usually write reviews, but this app was beyond my expectations, so I had to write one. I’ve been using this app regularly, and I really appreciate how clean and intuitive the interface is. I would really appreciate it if each prayer had a dropdown menu for additional sunnah prayers. For example, under Dhuhr, there could be options to mark the 4 sunnah before and 2 sunnah after. This way, the tracker would also help me track my sunnah prayers.",5,1,2.3.8,2025-10-23 20:59:39,,,2.3.8
dfbe88cd-c3e7-416a-94f9-c89e6db3f402,Altin Kukaj,https://play-lh.googleusercontent.com/a-/ALV-UjV2BqXj8AfSy9ji_nKOEdDxPAA85DkJimx9MLsJGooVfTGbEut4xA,"until now the app is really good, elhamdulilah. but could you add widget for Galaxy watch also and for Galaxy phones so not only one widget but have more? may Allah bless you",5,0,2.3.8,2025-10-18 22:43:04,,,2.3.8
316b82f4-44c8-4c72-9db0-c06025bddb8c,Mohamed Roshdy,https://play-lh.googleusercontent.com/a-/ALV-UjXMF5FBin4RyilWZaHbap3oTb5p1oMV0Ak6zeFjbelz8s3NgtUE,Cannot be replaced..... I just hope u guys add a prayer reminder before the prayers time,5,0,2.2.30,2025-10-17 08:25:37,,,2.2.30
ca82ba76-865b-49d9-b64f-09a42983886a,Kahkashan Perveen Siddiqui,https://play-lh.googleusercontent.com/a/ACg8ocKITdS72u6T5RveM-7VzH7qUZCjoZWFPJSnXjtdwgl9tU_8Bl7v=mo,"i started using this app 2 years back, It accidentally got uninstalled from my phone , when I installed it again, it didn't allow me to pass on after the location page... I'm using vivo v29 phone.. I've been trying to use this app again since last 2 months, kindly fix this bug at the earliest possible please, this is the best prayer tracking app that also included the reason of missing the prayer especially for women due to their menstruation.. please help me get in the app once again",3,2,2.3.8,2025-10-16 19:55:21,,,2.3.8
a1ef4440-4de2-4572-a05f-c4fb40d0c6bf,Muhammad Asad,https://play-lh.googleusercontent.com/a-/ALV-UjWOW6Z7jeZD7-OGs-P4q98u9XRP4YoUxQyjpcIWsyzrBNUPNA,"It's good application, but the main drawback is that it's fonts are very small specially in the widget. Moreover there is no option to change the size of fonts. Developer should consider this.",4,0,2.3.8,2025-10-15 10:02:56,,,2.3.8
cc2a7067-a37b-4571-93fd-78afa06b7cdf,Rain Bow,https://play-lh.googleusercontent.com/a/ACg8ocKROkny_1ZeS_vnTmKzYmDwKP96ESaum91bbt4IMdJnxr0ZEA=mo,It's not getting launched it got stuck after the location access,1,0,2.3.8,2025-10-14 19:11:35,,,2.3.8
1514f2e3-13f8-46fb-8856-98da3c2178fc,Nadim Dasoo,https://play-lh.googleusercontent.com/a/ACg8ocIS_-Um-XmYjE2UBh8ZGk6ntO8bAi6tecoBI5cITdXLaq9Duw=mo,"Beautiful app, however I cannot find anywhere in the settings where I can add 'sunrise' to the widget. Please help. Shukran.",4,0,2.3.8,2025-10-13 09:58:51,,,2.3.8
bfa4da3b-9a14-4b8e-9765-12ad2c97f869,abyss,https://play-lh.googleusercontent.com/a-/ALV-UjVd34IEqjHivwd9SK9pgewD_ox7O9jXm5MbhJXacWFa5MM6h-0,"this is the best prayer app on the app store. its clean, concise, respectful, to the point. it works very well with no distractions or ads",5,0,2.3.8,2025-10-11 05:21:07,,,2.3.8
b2908e62-87ca-4f2a-b863-b133d71a36de,Faatu 28,https://play-lh.googleusercontent.com/a-/ALV-UjUuym6FGnY_ZhGU3YSFZgUQkxl5xwhX5RVWcpWbwuyIxOSPX6Kj,This app is easy to use and really good at tracking prayers and telling me prayer times. I use it a lot,5,0,2.3.8,2025-10-10 07:05:41,,,2.3.8
5feedf13-c763-4f1d-87c8-6ec686b18f71,Sakil Akter Khan,https://play-lh.googleusercontent.com/a-/ALV-UjWm1jVIHt0c4UooJj6qERv4E53hFGD4SX7uv791IBik-6zmjIhR,helpful,5,0,2.3.8,2025-10-09 23:15:01,,,2.3.8
af39ff3b-2aac-4f6c-9173-b0740b2d4488,M Shibili,https://play-lh.googleusercontent.com/a-/ALV-UjWM6PKisAlSKOGbxNVixKuJjK0t9J82ccTHzoQnhp2OWeWvlVzQ,"Great effort, Clean and good. May Allah bless you all👍👍👍",5,0,2.3.8,2025-10-04 00:33:56,,,2.3.8
d1d91813-0c09-481f-a225-e77aa871ab19,M Ali,https://play-lh.googleusercontent.com/a/ACg8ocLrBuV0-Xm8EC_zujBcSAmvSi2GMoCV0hsX8tp42VqUSUnmgg=mo,best app ads free. wonderful experience using it more than 2 years.,5,0,,2025-09-23 04:33:58,,,
32ea1f35-44c7-4e01-aa8a-7181e1c7b49d,Gaffan Gazi,https://play-lh.googleusercontent.com/a/ACg8ocKelDP5CLsmFbD7Ez2pRFvPvNYN2ZUUyhY9dcdB3eXQCJggXQ=mo,"useful app thanks, but from last 2 days the home page didn't working or loading",4,1,,2025-09-21 00:14:02,,,
e8375eed-017c-4946-98c0-a10d20e6e092,xplodingeggo,https://play-lh.googleusercontent.com/a-/ALV-UjVc3LRjAjD6n1meG6TxGwbLkTvDIV_pW8m5RJ04O5cMx_rpxN3n,The widgets are amazing and the design is really nice and you can check the times for the prayers extremely quickly. They aren't 100% to your local mosque but it is at most 2 minutes off which isn't that big of a difference,5,8,2.3.8,2025-09-17 11:36:19,,,2.3.8
be5c6b22-8788-4efa-ba68-d2d1de40ddcb,Ahmed,https://play-lh.googleusercontent.com/a/ACg8ocK6HMX4T44xB_7R7MINNT1Iv8uB-67aM3TmChq01B6VOiek_w=mo,"Removing the ability to set location manually is a deal breaker for me. I relied on that feature, and without it, the app no longer meets my needs",1,0,2.3.8,2025-09-12 18:38:29,,,2.3.8
31c46ecd-3cc8-41e6-af8f-edda8630c6b5,M,https://play-lh.googleusercontent.com/a/ACg8ocKgL3TQRkrHZSUCU2tQm-teY9WoJ6QO4g3-Yrg9DybtNO2j0as=mo,No option for manual location. There should be a way to set it manually.,1,1,,2025-09-10 06:42:33,,,
9a81a81c-1983-4cd3-a9b7-c2713dbe6df5,Hero,https://play-lh.googleusercontent.com/a-/ALV-UjWrphpOo-kSIyxvn3LwPJWLumAI-OsGBW55dBr2PFIO9jg4Ao3u,ممتاز بس لو فيه ميزة تصميت الهاتف وقت الصلوات بيكون مثالي,4,0,2.3.8,2025-09-05 17:09:25,,,2.3.8
fdbcc8b5-3b77-49c3-a55e-a9c9a24007d5,ALI IQBAL,https://play-lh.googleusercontent.com/a-/ALV-UjV0UABNTccyPYeUcaHGh_fpYcTuyZQ4xpb7P4Vjd7p9VXharuxq,"Overall. Application is best. but I have problem with widgets of this app. it doesn't auto correct and follows prayer time according.daily I have to manually click the widget. that takes me to app. then the widget is corrected. some time, in reality it's time for Isha. but time shown on widget is of asr. as I have noticed that in hurryI don't look at the name. I just look at time for next prayer. I ask dev to correct this issue. because it can cause people to delay their prayer.Jazak Allah Khair",4,0,2.3.8,2025-08-26 20:17:12,,,2.3.8
ab2025e0-360f-4ad2-b95e-15620db5b6ed,Nazaneen Nakinuka,https://play-lh.googleusercontent.com/a/ACg8ocIiV5fOQijKOv3Cc7AQkQ9lNZJdFevVUKlxgEri1-koapT0WQ=mo,this is the best app ever it's really helpful love it,5,0,2.3.8,2025-08-15 00:02:07,,,2.3.8
ae99cb4b-49b1-4123-baa6-19dd79991661,A J,https://play-lh.googleusercontent.com/a/ACg8ocJWeXnAohXZ8DaAsqWWmeOY-B4EqS9sX9CL6BgEKFMnupBxdQc=mo,best no nonsense Prayer Times App.,5,0,2.3.8,2025-08-14 10:13:34,,,2.3.8
c7b59163-3c9c-4371-ba97-e138d401e507,Zul,https://play-lh.googleusercontent.com/a-/ALV-UjWO1zNmaIR99tQsipwJwX4DevkK4gnkRBWRVm3H4GIbTIjG5vB_,A great app for prayer times. The qibla direction feature does not work correctly on my Sony and Xiaomi phones. Seems like the app couldn't find the gyroscope. No issues on my Samsung.,4,0,2.3.8,2025-08-04 17:01:57,,,2.3.8
2b6ddb25-f07f-45ce-809c-1ee4e1aac26e,H. Haq,https://play-lh.googleusercontent.com/a/ACg8ocIgE1EIGYFnS01RsmERv_CnNcjilR0DhZE9xHfWboFY7DI_KA=mo,"AoA, This is the best app for prayer times MaShaAllah, so clear UI , no ads and just such a great feel overall",5,0,2.3.8,2025-08-04 14:28:41,,,2.3.8
d33a99f4-c5f8-4b45-8e5b-e8c92062e835,Saleel Anthrathodiyil,https://play-lh.googleusercontent.com/a-/ALV-UjXzedfEq-adkYdmDtVx68cTLpMTfYefMC3a50pWD0duojkVVYvVdw,very nice. switched over from Muslim pro and happy here.,5,0,2.3.8,2025-08-04 08:24:44,,,2.3.8
0809df5a-015c-4269-a589-28a59198e6b5,salman rasheed,https://play-lh.googleusercontent.com/a/ACg8ocIhSp9B_iUiHz4A80J3IbPRQtmsJZ2R_V1GQJzVbQzpHtx4rAgI=mo,"the constant location request, not every one wants to have their data turned on al the time. And let's say, i have given the permission for the location, the app should remember it, instead of requesting location all the time, I am only using this for prayer timings. i have uninstalled it, and will rather just use Google to get the prayer timing.",2,4,2.2.30,2025-08-02 05:20:28,,,2.2.30
429d9b30-7901-450e-a40d-8b9b0dad9bd1,Jawad Anwar,https://play-lh.googleusercontent.com/a-/ALV-UjXx_DBAFPXU9yWMePGFxbnFRCjYhh9rLW1s4pQUJb1bu-maKgxO,"Easy & simple, without hassle from ads. Kindly support them to improve and bring more stuff to the App.",5,0,2.3.8,2025-08-01 22:46:02,,,2.3.8
df34e949-eb8d-4ae8-b7ab-89dff5ecf713,Abdullahi Sani,https://play-lh.googleusercontent.com/a-/ALV-UjWvoqqWqNxukBOrfARY1PadlBFBcYa34YCT0FIjarhc7nUTsCXC,Fantastic,5,0,2.2.30,2025-07-29 21:51:18,,,2.2.30
f4babc50-2873-4e73-8be5-55848bfcd625,Mariam Abdelsalam’s,https://play-lh.googleusercontent.com/a/ACg8ocJWni5K6mo3sSqKdSOxZwOf6w7N3j28L65gpWJs6YZnvPnE-A=mo,I just installed this app and i don't know what's wrong but I can't get past determining my location,1,1,2.3.8,2025-07-27 10:36:32,"Alsalam Alaykum, Could you please submit a bug report with a screenshot through the following link: https://www.thepillarsapp.com/? Also, please include the type of phone you’re using. This will help us diagnose and resolve the issue more quickly. We truly appreciate your patience and support.",2025-07-28 22:32:34,2.3.8
85f92061-0406-406c-a310-5259bd9572b3,Abdul Sabiq,https://play-lh.googleusercontent.com/a-/ALV-UjVC4R_-ts-wh1wvbEVk2OWXCtU3byJtr8xuFNynBDXONReSNnGMWA,can't pass the welcome screen itself,1,0,,2025-07-26 15:31:15,"Alsalam Alaykum,
Could you please submit a bug report with a screenshot through the following link: https://www.thepillarsapp.com/? Also, please include the type of phone you’re using. This will help us diagnose and resolve the issue more quickly. We truly appreciate your patience and support.",2025-07-28 22:31:56,
c64dc5bb-152c-4f68-a342-777167a6cbe7,Sabawoon Sherani,https://play-lh.googleusercontent.com/a-/ALV-UjXzXBe1S7m9XZzamOdVOx3uhD0Fv1FOGM6-vxnH1F04bxAk_WoY,This app is very straightforward and very well developed and designed the interface is minimalist and easy to navigate nice job may Allah guide us all on the right path,5,0,2.3.8,2025-07-24 22:35:19,,,2.3.8
1835eeea-f28c-4daa-9319-53aacbb66dea,salem,https://play-lh.googleusercontent.com/a-/ALV-UjViqkxnoQFkU9HzhtgL2yzUnVVw-U9uq5NZCovf2Eb-D81jmIqI,my wifi was out all day today and I was worried I wouldn't know the prayer times but the app still functions perfectly without wifi alhamdulilah,5,0,2.3.8,2025-07-23 11:31:22,,,2.3.8
c2ba7981-819b-45d3-b8f4-dcc35cf1fbb8,Abdelmatine Bourakkadi,https://play-lh.googleusercontent.com/a/ACg8ocIjRZRbNj86LbiQXyBvd6eTwvoQe-dtGkO7qRTY0w5RdRLcMw=mo,a very lovely app,5,0,,2025-07-19 15:57:21,,,
612a916e-3b68-4c0c-a133-440630467aff,Maaz Sindha,https://play-lh.googleusercontent.com/a/ACg8ocLUf6Cwz4qnYAC6tdZx76R_QI0rB4RWCKSC0vrd-Q6U5B-v=mo,great to increase your iman,5,0,2.3.8,2025-07-18 02:31:11,,,2.3.8
e763c4d8-db8a-4fda-9d8c-3793dc18ef91,Yaseen shaik,https://play-lh.googleusercontent.com/a-/ALV-UjUzOjBXqbWmY5Dt9HxmuNGiQnf47o5fCvEUOPXeSF5pE7J-wr-G1A,app is not working,1,0,2.3.8,2025-07-15 14:57:06,"Salam Alaykum,

Thank you for reaching out. We are releasing a new build soon. We appreciate your patience and understanding.",2025-07-28 22:26:32,2.3.8
0e8c085d-7aca-42bc-849c-1b072bac7715,Tauheed Sayyed,https://play-lh.googleusercontent.com/a-/ALV-UjVPg-5JH5AezC5ybGN5i_E8xwxR_l7eCjffai-qBKEE09pkxKBxYA,"Assalamualaikum hey, firstly great app, but I want miss something so kindly add them in future updates. every mosque have slightly different prayer time then others so kindly let us adjust prayer time manually, and I read different different Surah after each prayer, so kindly provide blank box where we can write Surah name along with prayer, if you provide Surah tracking like prayer tracking then it will be super useful, and it's optional but if you provide sunni razvi books.",4,1,2.3.8,2025-07-13 12:58:31,,,2.3.8
99ad5b6a-b8bd-40ce-bcdb-81e03d4795a1,Ahyaan,https://play-lh.googleusercontent.com/a-/ALV-UjVV6IRfyZAEgBclZ9c6QALNXdUC7EYy6iEDSR-00YKlr95lomv6_A,"assalamualaikum, this is an extremely user friendly app that is beautifully made . I'm having no problems but like to suggest you guys adding more widgets as the 4*2 is way to big and would like variety of widgets . jazakallah khair.",5,0,2.3.8,2025-07-09 22:12:17,,,2.3.8
d5bcf9da-7877-4dde-ba17-2e3e73b980ac,Uzair,https://play-lh.googleusercontent.com/a/ACg8ocICPT8OJ4EfUnmTSDhbL_GpGuMPRkROMQDuC0oe-yZXM_jN21w=mo,Beautiful design and user interface. Smooth app experience.,5,0,2.3.8,2025-07-08 12:29:49,,,2.3.8
bd8ed6f9-d8a6-461e-b6b6-961c4e189f2f,Ali Al Mohammad,https://play-lh.googleusercontent.com/a-/ALV-UjVz7Vvx6lh2GqP7BSQ-p5h0iz2m4HweQycT3ciO0C3hrD6c8BbRTw,the only app I could find that is not focused on profits and is mostly focused on its users experience. it has a wonderful user interface and has no ads anywhere to be seen.,5,0,2.3.8,2025-07-03 02:04:41,,,2.3.8
5f811bb6-9464-4573-8d1e-90d21621d8da,Marisa Q8,https://play-lh.googleusercontent.com/a-/ALV-UjVbzb1lsejYDGxHfaaSBrTdOk-Oa6mj5vbCDF0YEb7HT9GRyUyq,I have a Samsung flip 5 phone. location is turned on but the app keeps asking for permission before showing qibla direction,2,1,2.3.8,2025-07-01 02:07:02,,,2.3.8
e8b518b0-8435-428e-aa45-54575ab8a899,Ecys,https://play-lh.googleusercontent.com/a-/ALV-UjVDmNuJ2kGBaclxL5dyvM4tbQjVM7xFgu57olcL0QzMVGFZ9xv4,blank screen,1,0,2.3.8,2025-06-30 19:24:17,,,2.3.8
b4535f72-efb5-4296-a97d-50ed26f4ac50,sohail khurshid,https://play-lh.googleusercontent.com/a-/ALV-UjUN3JWuFYHwWCjS309W_RLdinQg0OVdJlri9ylDMjB4pkpG0wnD,is there any problem with the app After location the page doesn't load anything it becomes blank Before this app was working well and I literally loved it,5,0,,2025-06-30 04:35:54,,,
175809be-b89e-4e7a-8649-e224f2bcc22d,Anna A. Malik,https://play-lh.googleusercontent.com/a-/ALV-UjUiuU4y4A8oLnmH0h_nxsrCT5kB4C5Wml8sr771EACHLoHydUO_,"amazing thank you for this app. Alhamdulillah. If you could add the tracker options in the widgets, it'd just perfection. Love it.",5,0,2.3.8,2025-06-28 00:30:09,,,2.3.8
3ef8724b-7f17-4a92-a9e9-91c0b620425c,Zaheen Ahmed Deep,https://play-lh.googleusercontent.com/a-/ALV-UjU9UvS1hz580Xw6zd0DtecA-fRdUBy2h4I6VqdfZlBV0Ty7wFzx,Wonderful design. The home screen widget is super useful. The other features like compass and adhan are neat too. No ads. It's lean and does what it's supposed to do best.,5,0,2.3.8,2025-06-24 03:12:21,,,2.3.8
8d221750-c065-4c55-8b1c-ebc5e664b68e,Allison Thomas,https://play-lh.googleusercontent.com/a-/ALV-UjUl4w6lBKHxAYOa78jKBy4rT7b-QFuO3vMymD2LD9fG6py8EsY,Qibla is never accurate but it isn't on all the apps I have. I love all the other features.,5,0,2.3.8,2025-06-21 23:07:57,,,2.3.8
a29a2b62-d5bc-45dc-9d59-2fced6ad1948,Muhammad,https://play-lh.googleusercontent.com/a-/ALV-UjVoHUd49JIxtKzeRkZq5rF2Zyk6Zw5C1b0wJqyjFyEVqMP0rBNF,"i only wish i could acess the calendar and the app automarks the prayer, because I very often forget to mark. and i don't know which day i had a problem with prayers",5,0,2.3.8,2025-06-19 21:20:32,,,2.3.8
c1a6fff7-3ccc-4a2f-827b-67b7a7f514d2,M R,https://play-lh.googleusercontent.com/a/ACg8ocKALDOGgBWPxdt3eOHJfmDlI_uN6XIsNiltYZXs6lc5AsYK=mo,"Great but VERY hand-holdy. Needs Advanced options: Fajr Azan and custom Azan & vol, a less aggressive location request system (if global location has been disabled), the Qibla direction doesn't use old location to at least use the magnetometer (even if a disclaimer has to be given) and doesn't use custom coordinates (with history) making privacy only dev-facing. It is also bloated and users insist on features that could be separate apps (even if they integrate together) of which is concerning…",3,2,2.3.8,2025-06-18 12:39:14,,,2.3.8
e1090c9b-de54-45d1-9bc1-e1b1b041a092,Hafizullah Sabri,https://play-lh.googleusercontent.com/a-/ALV-UjUVXFr3_BnBFdCr-Kr2zD5UYkYvcDdvuVH4VErzQUIsPoJmJz7C,The interface is amazingly minimal. Just the way I like it. Just to suggest if you guys could develop a widget for the prayer tracker. 👍👍🙌,5,0,,2025-06-17 11:24:19,,,
7fd9df0e-4a00-47c7-b20e-ad701d8a1c85,Zakariya Ali,https://play-lh.googleusercontent.com/a-/ALV-UjXdzeu8ZyPNlyAIcBMtKufYc5fU01wE1dETy2yIIr_fl2xJnRM,I can't go through the setup because a page is just gray with no way to pass. (I'm on android),1,0,2.3.8,2025-06-15 04:00:23,"Salam alaykum, sorry to hear you're having trouble with the setup. Could you please let us know the model of your Android phone and the version of Android it's running? That’ll help us better understand what might be going wrong.
Looking forward to your reply!",2025-06-17 13:34:04,2.3.8
a350c3af-8ab3-4b2c-a4b5-07cf850f2b51,Atufah Hamid,https://play-lh.googleusercontent.com/a/ACg8ocJr4yMazNvW6eN88kVveRQvBCdQA5ok3RJPnOgt2G_4abyVAA=mo,"I have used since the past five years, very simple and easy apps without advs",5,0,2.3.8,2025-06-14 14:34:24,,,2.3.8
7b12130e-88b6-4a92-84bd-5ef443cab119,Abdulmateen Ahmed Nurudeen,https://play-lh.googleusercontent.com/a-/ALV-UjWAZwBv6sj66xAnubzoi3pwoA1nZI6dzdZCV8kdosWJF2qt9Bw,"great app, no ads, sublime design. very calming and has accurate prayer times based on your location",5,0,,2025-06-12 09:12:26,,,
7df3634f-0afb-4099-86b5-34829f6b03c5,Raiyaan Uddin,https://play-lh.googleusercontent.com/a/ACg8ocIqATKsDEdsrFkv1Ge7OzO87yielji4AAx5znzEelFd8xsPn10=mo,Really good and well made. Could you add a watch companion app please?,5,0,2.3.8,2025-06-11 21:53:34,,,2.3.8
174cf68b-697d-4d2c-816b-2cfdf0ac31c5,Sheikh,https://play-lh.googleusercontent.com/a/ACg8ocJnPCO4WD6J2jNA1hc2k6rg_LBKTbHrMxESmGTj-AjTXknaug=mo,good,4,0,2.3.8,2025-06-06 23:34:58,,,2.3.8
e562100d-0573-4610-af20-1fbb5dc21e79,Syed Nasim Rizvi,https://play-lh.googleusercontent.com/a-/ALV-UjWWhJ32epUWQEznEQqMNlWamIhVwEtyxlGUQy0QZjl1LOzym7Kc,"i am not able to see the paryer screen, pathetic experience",1,0,,2025-06-06 22:06:56,"Salam alaykum,

Thank you for reaching out. Could you please report this issue using the following link so our team can investigate it further?

👉 https://www.thepillarsapp.com/support

We appreciate your help in improving the app!

JazakAllahu khair,
The Pillars Team",2025-06-08 16:20:05,
c1ae4a29-ba7f-4e1b-8076-4a6aa51511f2,Ursila,https://play-lh.googleusercontent.com/a-/ALV-UjVPGSJCzLGCoVnu3b-KpUW6Sf8846AjfhPKOhsX9WDhpEpMwiZ_,"Use this for athan notification, really recommended",5,0,2.3.8,2025-06-05 04:01:37,,,2.3.8
0496442c-4e0a-4f03-b816-2dce1599735e,Mohammad Arafath,https://play-lh.googleusercontent.com/a-/ALV-UjWK0TWzvW7vSb_BXjnfvk4-yFHFVkTFUGMHS_VNSzresrbTCx4JbQ,this app is the best and the most accurate one I used no ads time for prayers and the qibla everything is really accurate Love the UI too,5,0,2.3.8,2025-06-04 23:12:40,,,2.3.8
3142eea7-ebc1-43bd-9092-3a3e2efce320,ibradul,https://play-lh.googleusercontent.com/a-/ALV-UjXLgHynse5sm8-67NUyTGSrmtju0-v7bYdFBF0tp_suVCSe9rJd,"PLEASE REMOVE THIS CONSTANT ""TURN ON LOCATION"" MESSAGE. If I wanted it I'd have turned on in the settings. Everytime I click no, it comes again, it's the most annoying bug. I'm not using the qibla finder, I just use this app for the time. Update: IT IS STILL MAKING THE APP UNUSABLE. PLEASE FIX IT ASAP.",4,12,2.3.8,2025-06-04 22:59:50,,,2.3.8
02952bcd-6859-4191-a9ed-67bc9d76c8db,Abdul Latif Hajiry,https://play-lh.googleusercontent.com/a-/ALV-UjXDnUkaKbWj95LzC_X1hWnvzq8TOMsxOHmVKPv5QmJK3HbDfqMrug,"I cannot complain about anything about this app, only compliments. This is the best app available for muslim praying and fasting needs. I have tried countless apps, Pillars is the most stable, accurate with good UI/UX. I wish the developer would add a feature to donate to the developer itself. I know this app is for umat and could be sadaqah jariyah for the developer, but still a good work needs to be appreciated and compensated.",5,1,2.3.8,2025-06-03 07:09:35,"Salam alaykum,

Thank you for reaching out. Could you please report this issue using the following link so our team can investigate it further?

👉 https://www.thepillarsapp.com/support

We appreciate your help in improving the app!

JazakAllahu khair,
The Pillars Team",2025-06-08 16:19:40,2.3.8
bc0b946d-722b-4748-acc8-9c1ac7ed769d,Ali Abdelbadie,https://play-lh.googleusercontent.com/a/ACg8ocIafeQWuYH9NmJ1RFg5I-jh-PpofgrRjcDeyxz17vq6jCf7ixo=mo,"I saw a friend using this app and it looked extremely user friendly! However, it is unfortunate that I cant get past the welcome setup pages due to a bug that hides the ""Next"" button. update: the dev team is extremely accommodating and responsive! thank you. Please fix it for Android 15 OS. The phone is Google Pixel Pro (the smaller one, not the big/max version). Edit: Can you please provide me with an email where I can send the screenshot?",5,11,2.3.8,2025-06-01 21:48:40,"Salam Alaykum,
Thank you for reaching out and for your kind words about the app.
Here is a link to our supporter page: https://www.thepillarsapp.com/support",2025-06-04 00:25:45,2.3.8
7ee78ad3-e52e-462c-a085-c604f607ba92,Haider Chaudry,https://play-lh.googleusercontent.com/a-/ALV-UjVlW7QYy5kKAKI8Tg3GhMFKI9wLuu3ngqx17vnAKcZ51pIGo6P3fg,"i like the new update where it clarifies possible uncertainity of which day is being referred to cause after maghrib the new day begins in the islamic calendar but in the standard clander, a new day starts after 24:00.",5,0,2.3.8,2025-05-31 01:58:37,,,2.3.8
7e2f7d41-d813-407c-a943-56383c54fec5,Ilan Muhammad,https://play-lh.googleusercontent.com/a-/ALV-UjUGi9ZRiDuXfFEqXVtAOTn8uz9YvtnQeDNCNgg9bwwohe5UI3D1,"best app guys, truly recommend. no ads at all.",5,1,2.3.8,2025-05-25 21:00:50,,,2.3.8
b196483b-ca26-4b2b-be21-50e285025475,Rafi Chowdhury,https://play-lh.googleusercontent.com/a-/ALV-UjWMfjVpCEJ0bHpGLR6IGYfDogTnYWBQfzbOpFgpGgulUN94l-Uu,"Assalamualaikum brother. There is a bug I think, I only can set adan for fajr. But overall this app is good and I recommend it. edit: I really love your Salah tracker idea how about implementing a widget about it",4,0,2.3.8,2025-05-22 16:18:48,"Wa alaikum assalam,
Thank you so much for your valuable feedback! We're glad to hear you're enjoying the app and especially the Salah tracker feature.
Regarding the Adhan issue, we appreciate you bringing this to our attention — we'll investigate the bug limiting Adhan settings to Fajr and work on a fix as soon as possible, inshaAllah.",2025-05-23 13:38:57,2.3.8
1c270490-bddf-4852-960e-62086e12d737,A Google user,https://play-lh.googleusercontent.com/EGemoI2NTXmTsBVtJqk8jxF9rh8ApRWfsIMQSt2uE4OcpQqbFu7f7NbTK05lx80nuSijCz7sc3a277R67g,"Alhamdulillah, Masha Allah",5,0,2.3.5,2025-05-14 14:13:03,,,2.3.5
63d93197-2339-4fb9-81e7-5a20cb818c34,k. sulaiman,https://play-lh.googleusercontent.com/a/ACg8ocLSvYg7OEor9uC1_vUEXabSTg0ue8HiLEKaFFc1OFxdi9XHgQ=mo,Fantastic. Gives the timings without having to to enter a location.,5,0,2.3.5,2025-05-05 13:14:26,,,2.3.5
8f5a7a34-818d-4040-8bd6-53df131bd3e7,Ahmed Bedair,https://play-lh.googleusercontent.com/a-/ALV-UjUFfsNV7qyCpA_cdHtm6vTTvEIkLqkHxK4mfo5rWxUpInAUjVhVcQ,Only used the prayer time widgets to be honest. but they are so reliable I had to give this 5 stars.,5,0,2.3.5,2025-04-29 07:46:08,,,2.3.5
b3c4f4d1-cd96-4ff2-b5be-578600a250ea,Arslan Ahmad,https://play-lh.googleusercontent.com/a-/ALV-UjXq1F99h8qZB4OBT03gd4Fudu7sLDkZUl09U6LCURdVfKyuqah6,"a perfect app to maintain your prayer streak and to also keep track of those prayers those qaza you have to offer. MOST MOST IMPORTANTLY ""IT IS A Perfect App For FEMALES""",5,0,2.3.5,2025-04-28 20:20:26,,,2.3.5
0c970dbe-7e6a-4adb-a36f-759c84a4e45a,Imane Sarah,https://play-lh.googleusercontent.com/a-/ALV-UjXGCoLnFS-qYPcssyBYSaxCnyhDRFdDQIwfhN8GyoUZoZ29IoLW,"the app is so clean and simple, yet I find it aesthetic the colors are also calming, I love it",5,0,2.3.5,2025-04-26 18:56:28,,,2.3.5
6f22baba-2586-4b77-8d6d-c89d5b6e6096,Kamil Uddin,https://play-lh.googleusercontent.com/a/ACg8ocKDUgEqRrQeJHL80ZdZmO1-v-uKtQHOUnUOPp-HfeUEzCCMnw=mo,i want to know how to add the widget to my screen but overall a good app,4,0,2.3.5,2025-04-24 02:36:29,,,2.3.5
6dfc62e9-476e-4a0a-a0ba-61df25505ead,Abdimalik Warsame,https://play-lh.googleusercontent.com/a-/ALV-UjXD8ALq-QTcnDIBplRiTp2rx-QGy49GXpKgabmYTw7rlLoKN_So,"No Ads, easy to use and navigate. Above all look very nice. Best of it's class.",5,0,2.3.5,2025-04-22 01:10:39,,,2.3.5
51397946-1d97-4bb1-8fb0-8cc7817018fc,Kamrul Islam,https://play-lh.googleusercontent.com/a-/ALV-UjWgwjo_bUkV3X_IbdARWoIz-vYivVK9OLAXc8cwVivcz8_w7VAD4w,"this app is wayy better than Muslim pro. firstly I want to start with how clean the UI is and how easy it is to find everything that you need on the app, and I thank the Devs for not shoving like a billion different ads when opening and navigating the app like some people ehm Muslim pro, however there are some issues first, if you leave the app left open on the qibla compus the phone continues to vibrate even after you've left the app lastly, it seems that to notifications never sound for prayer",4,2,2.3.5,2025-04-20 01:19:02,,,2.3.5
87afe3f3-7d7d-4ab7-b8de-f6226c6d1255,Kashif Hussain,https://play-lh.googleusercontent.com/a-/ALV-UjUAupW9Mq1y6Ko4QdGv3pktPU7vocmPXq52LQg2h-yV-UDBXS3x,Could do with a seconds left to next prayer. Be careful with qibla. Usually it's the phone. They should have a guide. Also allow sattelite view with a line pointing to Kaabah so a user can double check,4,0,2.3.5,2025-04-18 20:27:43,,,2.3.5
9bb9e49a-036b-4798-9aae-62e87251cbda,Said,https://play-lh.googleusercontent.com/a-/ALV-UjU3r4oB08KIQ5I04SebF7hCd-2IgZi0JlNA5rHurI3CYa-ZbEVE,"alhamdulilah, this is the best app for athan and its super organized",5,0,2.3.5,2025-04-16 06:40:40,,,2.3.5
070ee70b-6a3d-4475-a7fd-ef223a042f75,Sajid Khan,https://play-lh.googleusercontent.com/a/ACg8ocJO1U9p4PDOSl3_dT9Fe1yNQeaEY91_P0KYUoOtIXbVFvyLMw=mo,Very simple interface. loved a lot! Jazakallah to all the team!,5,0,2.3.5,2025-04-14 22:57:07,,,2.3.5
385dae22-069d-4ee7-bf69-d2dfeaa08565,A Asal,https://play-lh.googleusercontent.com/a-/ALV-UjVpIKQxr_NDNhAhCXlmT6nlUzlyMbFFAulafyoIZ8sMbKmLiszsOA,nice app need to add iqamh time reminders,5,0,2.3.5,2025-04-13 04:37:42,,,2.3.5
629fc9e1-727b-4ee4-af49-60fa7b3f3476,Safia Mundath,https://play-lh.googleusercontent.com/a-/ALV-UjV_FPaVvbeO9G_4HWinPbvoxiV51cVQxZrrW5nMgI0jipshkik,"The app is great overrall especially on iOS. It has a clean interface, no ads and is gives some priority to our privacy. But as for Android it is a really buggy experience, I removed battery optimisation for the app and tried troubleshooting as much as I could but it was still pretty buggy. Other than that I don't have any other problems just a few recommendation like having a way to customise the audio for the adhan and some more widgets would be nice.",4,3,2.3.5,2025-04-12 21:56:05,,,2.3.5
15fff062-4179-4c65-87a8-ce2caac59281,kosit bunyasurakul,https://play-lh.googleusercontent.com/a/ACg8ocJCRE8c2eBRwWMCVW9fAEjbNUvH1NNPbelXxdZ_6BGtz2JQMA=mo,very good no ads save my time,5,1,2.3.5,2025-04-12 09:38:02,,,2.3.5
a47208c8-48bc-4816-8129-ea9cc7eb1703,Abreema Afroz,https://play-lh.googleusercontent.com/a/ACg8ocLU462q9Rmh8siXLxP4OUPy5_2Mod07-xr93sZm-46bgGOkKw=mo,"really good app , may Allah bless the ones who made it 💗",5,0,2.3.5,2025-04-07 21:15:00,,,2.3.5
3f9f12b1-359b-4ec0-b84a-6af5da7eb451,frosty papaya,https://play-lh.googleusercontent.com/a-/ALV-UjUsn-dI0ZPIX8dH1gJ6KzV3PniPl1K3K_nxv-uF37bbTluPDJpy,"I love the clean user interface. It's not overstimulating at all, with beautiful colours and only essential information. The fact that it has no ads is amazing, unlike some other apps where I have gotten literally gambling ads, it makes opening the app to check prayer times a much calmer, happier, and less frustrating experience. I highly recommend this app! Thank you so much for making it ad free ❤️",5,15,2.3.5,2025-04-06 15:37:14,,,2.3.5
17acc3ac-88a8-4cf2-91cb-b651bd2ff97b,Seid Adem,https://play-lh.googleusercontent.com/a/ACg8ocJFijSn5z6eZgkR0ggORi73P6A3hZnoQ49MzbWV-Y8w2xcfeQ=mo,wellahi i loved this app so much the ui the accurate of time based on my location is perfect. love #pillars,5,0,2.3.5,2025-04-05 08:14:21,,,2.3.5
ba11a1d4-9eb4-4fe9-930a-b872b1c244fc,Abubakr Mohamed,https://play-lh.googleusercontent.com/a/ACg8ocKtJKFt_I8iG0zDu_QPI_k-oI-wHB0IgCtS9htDe9FpUXiasNym=mo,Amazing. Very accurate.,5,0,2.3.5,2025-04-05 00:51:54,,,2.3.5
9e0f618d-1faa-48b6-8934-c7da8523dfa6,Sana Sathik,https://play-lh.googleusercontent.com/a-/ALV-UjXuzN6Iqoozn_RDaw4hMUFXVDFmp5hiC5jFp79Ke1ud4PZyUVc,This app is not working for my new mobile cmf nothing android version 15..kindly clear the bug,3,0,2.3.5,2025-04-04 02:07:42,,,2.3.5
d992639a-2d80-466c-a799-c2ac84b94d7c,Naurah Syamimi,https://play-lh.googleusercontent.com/a-/ALV-UjXbGExgzkUqhYKAzjw6lLMVOyOSWjf3dkDKT2zSAPBwd-hfei8T-A,"really love the app, but I’ve noticed an issue with the tracker and the period button. When I activated period mode and didn’t check the daily prayer, the tracker still marked the prayer as completed automatically, even though I hadn’t selected it. Could you please look into fixing this? Thanks!",4,2,2.3.5,2025-04-02 07:34:53,,,2.3.5
2ce5d460-bd28-4a6a-a6a4-08a9bde90db8,Park Yeunjee,https://play-lh.googleusercontent.com/a/ACg8ocK08FvGVtplPajZIF2b3MLhVV_S1Cs3BrUTUrRjXeuru0lD6A=mo,"Had high hopes for this, but sadly, I couldn't even get past the permission page. Although I did give permission, I couldn't get past it. I have no idea what the problem is or how to fix it. But it's clear I have to look for a different app now.",1,0,2.3.5,2025-03-31 02:06:55,,,2.3.5
af152277-3eb7-4ef0-82db-74a806654042,Daniëlle Daniëlle,https://play-lh.googleusercontent.com/a-/ALV-UjUeNeKsL3ScHJ4OcyPGFIpgzTfooCYhQ6e4ciJTdg18ikZ9UXX-,"Alhamdulillah Very accurate prayer times. The app and widget looks beautiful. Qibla direction is working good. Also the function of missed days in Ramadan is nice as a reminder. And you can track your prayers. Good notifications. I give it all the stars because I think it's the best prayer time-app. May Allah reward you for the work you've done so far 🤲 Jazakallah Khair New function: Ramadan is perfect. You can see how long you have to fast, the missed fast days due to several reasons etc.",5,4,2.3.5,2025-03-29 13:55:23,,,2.3.5
44d30f00-55b4-4ffe-88cf-dfd908189329,Shaffaf Ahmed,https://play-lh.googleusercontent.com/a-/ALV-UjWb2rtX4avvWvutQ1FU0Vdi1KM41PUXp0ihsYL8HukqpxukYy7aIg,Massive service to the ummah.,5,0,2.3.5,2025-03-27 01:14:14,,,2.3.5
cbaaab25-9c67-479e-8217-31f93634ee60,Gulfam Khan,https://play-lh.googleusercontent.com/a-/ALV-UjWoF0hjB4ZCduoetcONywwuNUT-TrtnB_YeoL_6smM9IrDl2DPA,app not open after download,1,0,,2025-03-26 13:07:37,,,
4c2a3548-16db-41b7-88e8-42cefccfe9bd,Leelas,https://play-lh.googleusercontent.com/a-/ALV-UjWFAUW7c7HdsOIybezEde2WwPI-PDCWZkWjq7l7T3exasvGTug,love this app,5,0,2.3.5,2025-03-26 10:45:06,,,2.3.5
b7dabde5-12a3-41a7-8746-d411d78fe260,Wasim Bari,https://play-lh.googleusercontent.com/a/ACg8ocLB_jt37HL64HyPHUkK2q1L-5rFdLJL3j-KrAznH3SqBrk3Ng=mo,"Finally , a prayer app without add",5,0,2.3.5,2025-03-25 13:50:47,,,2.3.5
82ec0e1a-5694-4260-9ea1-4f73afecbd54,Usman -,https://play-lh.googleusercontent.com/a/ACg8ocIxRND-Zn14EdGzlM9giiKKx4hOUYOlq_xgOcwso5UarthmYjo=mo,would be 5 stars but being forced to turn on my location with a pop up each time is annoying,3,1,2.3.5,2025-03-25 10:56:20,,,2.3.5
829e99c4-fd07-4df6-a85c-59f8074f4665,Alhaji Omar M Sesay,https://play-lh.googleusercontent.com/a-/ALV-UjVbMMEKVoCQxemmxFOT8irTffepncu0RuA2McXcxHzlZec-HNxAog,I like the app,4,0,2.3.5,2025-03-23 23:52:01,,,2.3.5
9ad00738-51fa-47f1-8eeb-93982e2c8616,"Dr. Osama Al Agha, M.D.",https://play-lh.googleusercontent.com/a-/ALV-UjVC5Qv9A2aXDNAR_8ZLXnOvA_dTXF130EI19egUpcL-I3Pg6foK,Very well made.. No ads..one of the best apps I've ever seen. Highly recommended. The qibla tracer is the best.. Overall this app is fabulous.,5,0,2.3.5,2025-03-23 22:10:45,,,2.3.5
720ddcc5-05c1-4480-ae04-be4b77c85aee,Khadirova,https://play-lh.googleusercontent.com/a-/ALV-UjU-_yYo-6dGKP5lGbgoMyMA6_wfSh-pROaDmRYAoInxmEApTLA,"this is the best app to track Salah, fast and missed ones too!!",5,0,2.3.5,2025-03-22 23:47:21,,,2.3.5
f3a6ea90-da9e-4914-9b9b-d5a96767c362,Mohammed Younus,https://play-lh.googleusercontent.com/a/ACg8ocJy2wrp7F__gzBuo45KzaHqaNedag5XuKs1r54Qt2910_7mnA=mo,Unable to open the app even after installing multiple times. The screen goes white while opening that's it.,1,0,2.3.5,2025-03-21 05:48:03,,,2.3.5
a2af5985-6334-4608-9612-2261641232ba,Abdul Syed,https://play-lh.googleusercontent.com/a-/ALV-UjU4MoeY_iF0lq7ZpPQrxZ88pLMFC7CBRI7rK4abl-ASMQ8Hj74,the best prayer app on the App store and playstore.,5,0,,2025-03-20 19:39:10,,,
3982faac-bfcf-4437-a1c2-a1c61b76cfb6,ADULTS,https://play-lh.googleusercontent.com/a-/ALV-UjVeIfD8bcIM0o4LNFvpLrVjbxk5086Z7K67weguh7SDyejFRhq4yg,"Love this app, mashallah really good, best I have used. updates for Ramdan keeping track of fasts and menstrual cycle for us women.xxx",5,0,2.3.5,2025-03-20 11:09:25,,,2.3.5
75052172-9665-4fa4-9c88-859ba6780063,FuriousPho3nix,https://play-lh.googleusercontent.com/a-/ALV-UjW3fPOIXYl3LB103zofbVRB-Vq-xtPDgkbgv8HNKCUvZieaq6JQ,"alhamdulillah wonderful app, as it is more private and won't get bombarded with ads, just one suggestion if this is possible, quran on this app would make this 5 stars to make it more convenient",4,0,2.3.5,2025-03-19 10:44:10,,,2.3.5
284b87fd-4abd-4680-93e6-b7516b4ea242,Anisa Perez,https://play-lh.googleusercontent.com/a-/ALV-UjUzwp_9a81DsCBMIyih_bxaa72JlVbdDXqShs9GfHtX3rOsPl381w,I don't think the orayer times are accurate,4,0,2.3.5,2025-03-19 10:00:02,,,2.3.5
fc67ee0d-4d75-48c8-9540-105cee01fec6,K West,https://play-lh.googleusercontent.com/a-/ALV-UjX1Wnj-IOiWffoWwDGLnvFz0M7t6WRcQzl9kdzoGUZmOA9qdlQ,"it was great until it wasn't. The feature for making up fasts re-adds fasts I've already made up - so I'd go from having 1 day to make up this year and 5 additional fasts to make up from the previous year. When I go back to the date via daily prayer times, I made up a particular fast, it indicates I did indeed fast on that day, but isn't reflected on the fasting/reasons list. It's the one thing I really loved about this app, I'll have to see if i can find another.",3,1,2.2.27,2025-03-19 03:11:04,,,2.2.27
50137505-a6d4-4684-93cf-cdafa3ab047b,Ameena Mohammed K M,https://play-lh.googleusercontent.com/a/ACg8ocLg3EdbBWnYZ4poYZ3-7vXDRoM6ERTIx_EiZApXHCEE4eAhdg=mo,It's a good app. But the ramadan date showing on the app is wrong and I don't see an option to change it. It's showing one day ahead. Please help rectify,4,0,2.3.5,2025-03-18 19:58:04,,,2.3.5
5295aebf-dcaa-44ce-b928-de1eae78d3df,Abdurrehman Ali,https://play-lh.googleusercontent.com/a-/ALV-UjXx9fIfPVK4SWPHzzTDQO4W16NvLJqWp4_03kiQWpRuKhmf2tGX,I do highly recommend this app! it has all the basics and even a table so you can record your prayes and stuff even a compass so you can face the qibla (kaba) and also no adds! e.c.t,5,0,2.3.5,2025-03-18 18:11:29,,,2.3.5
8ef5f4cf-b42a-4d0a-a089-d277874d1066,Oussama Bonnor,https://play-lh.googleusercontent.com/a-/ALV-UjW_fC3vTuTRtXc83tnuBYaUSMexmhfHTAKXavKfP98OzCodf3s,I would recommend that the prayer trends is given more focus. Its very helpful and should be its own page. Somewhere where we can control which month we're viewing. Amazing app. Allah ybarek.,5,0,,2025-03-18 10:57:53,,,
a2b23fff-07c7-48f2-8955-f23f96af43f8,ashu chini,https://play-lh.googleusercontent.com/a-/ALV-UjWLMTPZ7Y5otoU4ICc2__D-JL4sQBwYKwVfuvPXwcy_Jh199B44,"Very close to uninstalling and looking for an alternate one. Keeps prompting to turn on location every time I launch it and I could keep selecting ""no thanks"" multiple times, but the problem doesn't go away.",2,4,2.3.5,2025-03-17 23:49:28,,,2.3.5
ce689af1-75f2-4160-978e-755d91f04bfe,Ibrahim,https://play-lh.googleusercontent.com/a-/ALV-UjU8E7ATid8VFoqSLvHbuPZ4wtqTyWPX3mfGPtbCoctfuXIUzRge,We need custom azan notification eg 20m before azan.,1,0,2.3.5,2025-03-17 22:57:30,,,2.3.5
6ed47ae7-db18-4bf6-92af-a4d4053d76d7,Karim Zeid,https://play-lh.googleusercontent.com/a-/ALV-UjXXH2gi-K8HkOgDyLmjL-NioHs7Z_XYXq6uW_uJdgWmejhUZhX5,Is the best app I tried in my life for Muslim,5,0,2.3.5,2025-03-17 20:30:14,,,2.3.5
9219aefa-94c1-4001-b831-700661d24645,Zela Norasiah,https://play-lh.googleusercontent.com/a/ACg8ocLfotasrFi96puwdEvZHkMKjvWjps8Bx4BKkX3mbt9oehChyQ=mo,THE BEST SO FAR!,5,0,2.3.5,2025-03-16 14:37:39,,,2.3.5
a7fbc9b2-9697-4bc0-83d4-cf87582bd217,Abul Monsur,https://play-lh.googleusercontent.com/a-/ALV-UjVvbVVBQeE44JZmSKkiEJKY1ML74G5H6uAIGqd0_fHv2pFTYldZ7w,"Request for feature to be added, please. Can we customise the azan to a file of our own choice?",5,0,2.3.5,2025-03-16 08:53:12,,,2.3.5
5684ef58-bdfe-40bc-ba63-052e1290bd56,Mohammad Akram,https://play-lh.googleusercontent.com/a-/ALV-UjXnTLbxlPOMCLd8b__2L_1oH9FbshHuFS8OexTfLgkYPtMiHjVPDQ,Would be great if there was an Islamic calender widget!,4,0,2.3.5,2025-03-16 08:07:53,,,2.3.5
3b061f7b-27d5-4228-8ae0-1c635cb4e4b8,Saif,https://play-lh.googleusercontent.com/a/ACg8ocKeenPC0hFibk9U_K1ecqvMJhwdhFNc8vqyiPwpsjZKT2-3FqY=mo,"This is probably the best athan app I've used and I can actually trust it with my location and to run in the background with little battery usage. The UI Is clean and there are no ads. My only problem is that I don't get the athan when on vibrate, I think there should be an option to make the athan count as an alarm instead of just a notification. Also I love the widget & Qibla finder for this",5,20,2.3.5,2025-03-14 23:19:35,,,2.3.5
7dc4d06e-e730-48b7-b76a-820f5e3e6293,Messaoud Z,https://play-lh.googleusercontent.com/a-/ALV-UjUcxl--x5Kzx9KTKl6v_wLM2G10H2Ne-ZK55B3qTOf_KpAxuxE,"Best adhan app and great appreciation for ads free. Fixed time accuracy, run full adhan notifications which I love it.",5,0,2.3.5,2025-03-14 10:25:55,,,2.3.5
260453d8-262c-4504-9745-42b858e1b07c,Shahibur Rahman,https://play-lh.googleusercontent.com/a-/ALV-UjVkti8Rd5y-2EJtUkDdjKzJNVIEQ_gFJE63_0Wgit4aNzM2c3mC,"Location permission issue! Why should the application need location permission ""all the time"" and ""precise location""? I believe ""alow only while using the application"" is the suitable location permission. As I open this app at least 5 times. Just leaving the application.",1,3,,2025-03-14 08:14:56,,,
a3d601d5-f697-4239-879e-762c2b1a6fc4,Mr FAIZULLAH,https://play-lh.googleusercontent.com/a-/ALV-UjWPWO2vg3qyCE_YD2EaOzRoGpiTtcUOs8NLf7MgoTcy09zvJKhb,app not opening in my device it get crashed. screen is completely white and not showing any content. TEAM please resolve this.,1,1,2.3.5,2025-03-14 07:36:19,,,2.3.5
41b3a690-6e9c-46ea-bb7e-b2c5e2c99ea7,Ra I (Davo),https://play-lh.googleusercontent.com/a/ACg8ocJBkP_2WVgydyKPISJQ-lYr-oUyt0nZbqo_FLNZ0Sf3iLxdQA=mo,"Asking to turn on geolocation, everytime app launched, pressing no thanx button, but still insists, make it stop pls. Overall great app, thank you.",5,1,2.3.5,2025-03-14 06:50:39,,,2.3.5
d125c8b7-74e9-4a40-a6cc-7ca24b577feb,Chanelle Lewis,https://play-lh.googleusercontent.com/a-/ALV-UjVb7GHLPzIqbiB7H18OPJxHd_0g64GLhTLY5A_dMKreZag5dEaw,The Asr prayer was off by an hour in my location,3,0,2.3.5,2025-03-12 06:52:42,,,2.3.5
86d38c20-6a0b-486c-b9b4-3ba33bb5ce68,Ali H,https://play-lh.googleusercontent.com/a-/ALV-UjUivbqIf_3WQ9qNPqtQqAMr8PQoD2-pg9Upx57RP0G8_D8fSckEUA,Amazing app. No ads clean design. Everything perfect,5,0,2.3.5,2025-03-12 02:21:10,,,2.3.5
a895e91f-2261-4698-b5f8-8f43a6baec8c,no name,https://play-lh.googleusercontent.com/a-/ALV-UjVQPOxExtM_VwXwzDjt8lteyuaERln9DwQw06s3XHLDIEtX6NB6TA,"1. no possibility to correct prayer time manually. 2. no possibility to correct the time between summer and winter manually. 3. Although the mobile screen is large, all the details and information within the application do not appear, especially on Android devices. For example: on the prayer times page, the Isha prayer time does not appear. And cannot move lowered to see the rest of the page. 4. The font is too small. 5. no possibility to specify a special Azan tone from my device files",1,4,2.3.5,2025-03-11 14:46:13,,,2.3.5
688811cc-fbab-4c4c-ae3f-cb1469d819bc,Megat Aqif,https://play-lh.googleusercontent.com/a-/ALV-UjW1_l8RVoyiRTGbX2S1ts3zyLHwWhqi2PDw7aYl0faVTOGpR0M_,"I used this apps until for a while when I started to noticed that Pillars didn't follow my region's adzhan time. If it just 1-2 min range, it still fine, I guess but there's an adzhan that gone beyond 10 min difference. I hope they looked onto these issue in the future.",4,0,,2025-03-11 04:12:15,,,
0009d834-9a92-4ed5-85a4-371b51c101d6,Irfaan Chaudhry,https://play-lh.googleusercontent.com/a-/ALV-UjUvoh6qDGmUfnYR8VagessNeud1gNkmVU2C1Pr4Ny-LsUO5jbvZ,"I've given up on Muslim Pro after a decade. Pillars is just plain better. Streamlined, clean, and focused on what a Muslim actually needs from an app. And not an ad in sight. May those involved be rewarded for their efforts.",5,0,,2025-03-10 17:10:22,,,
c1a930b8-0c78-454d-847f-28b0d246902c,Asmae Fares,https://play-lh.googleusercontent.com/a-/ALV-UjW2Pp9yNsy7yftoHTWjwyRgXjHSF0XT7Z0I-gVhR0KbnLaDAgG3,uninstalling only because prayer times are always a few minutes off and that simply won't do (especially in ramadan) as i can't change the calculation method,4,2,2.3.5,2025-03-10 11:45:36,,,2.3.5
eb4eee1e-7d5a-4cb1-83c4-fc43f37e7fa8,M,https://play-lh.googleusercontent.com/a-/ALV-UjUp20IbIz9328-V7MYxmGtNZTTU45PLskCMAQCuHKzy_FBmXxoHzw,Cannot set location manually and wants precise location. It should have option for manual location and for approximate location.,1,7,2.3.5,2025-03-10 00:35:23,,,2.3.5
14fc20cd-1588-42f1-93cd-6cef5e2f18eb,Seher Khan,https://play-lh.googleusercontent.com/a/ACg8ocJz1VEnznbVrBkLZ7oRUmhNDjDcmx0rLJQGMsoyMoi2T1O2iA=mo,Exactly what I was looking for after trying to find an alternate for the garbage Muslim pro free version has become. Honestly I'd be happy to become a donor for an app like this. Please always keep your interface this sleek and simple. JAZAKALLAH!,5,0,2.3.5,2025-03-09 04:20:10,,,2.3.5
f571f116-4bfb-4090-b285-421cab756aae,Eisa Lal Mohammad,https://play-lh.googleusercontent.com/a-/ALV-UjVkAXnRpFij56meqLwWeCfI_MujWrmr3coqq4e60FOWS3Ah22-fig,Best Prayer time and adhan app out there. 💯💯💯,5,0,2.3.5,2025-03-08 08:07:21,,,2.3.5
d6ee3031-e481-4ca7-8b63-4c27e4eff495,Nurul Ain,https://play-lh.googleusercontent.com/a-/ALV-UjUvstqL681e4bsMP7_KmO8-e1InVZx7H7ucMzL3nVPf8tELLJk,I already send feedback to you about this but I don't know if you receive it or not. The prayer time is wrong. Singapore follow time prayer posted by MUIS and your Maghrib is 2 or 3 mins earlier than it was supposed too. And it is very dangerous especially in fasting month Ramadhan. I really hope you could make the time prayer for Singapore refer to MUIS. I like you feature to check which we prag or not or when we need to skip because of period. I hope we could see the prayer trends by months,1,8,2.3.5,2025-03-08 01:06:36,,,2.3.5
2aa68f72-9b1e-4eb8-bc3f-40c4fcf0a9a4,Basheer Khan,https://play-lh.googleusercontent.com/a-/ALV-UjXGPfb4Me06oDUL2_EqHVZFy_MiszPeRnht74csUcYwpW6SYOMT1w,Wrong Ramzan Date Show,1,0,,2025-03-07 23:22:04,,,
e74dad98-37dd-468f-91ba-5969924bd3e8,M LADD,https://play-lh.googleusercontent.com/a/ACg8ocJIyFEWclqmtIcummaNZn5DL_mwh_WW14osgIF89Aix3S7a_Q=mo,I really like this app. I like that the Arabic is included with the translation and transliteration. My only problem is that l can't adjust the font for the translation. It is too small. It would also be great if the app could automatically move to the next surah. I hope to see these changes in the near future. Jazhakh Allah khair.,4,2,2.3.5,2025-03-07 16:59:25,,,2.3.5
c5c352d7-f3e6-4324-8ccd-1467fef9a6a7,Waqar Butt,https://play-lh.googleusercontent.com/a/ACg8ocKM895cUrCjaOglbQzxbQIH26YPF652AX-NLgmL0JA0UfcyRg=mo,"Useless. Random notification, doesn't sound adhan even after choosing option. Did once.",1,0,,2025-03-07 10:56:02,,,
a5f62442-8f36-402d-ba73-1e71f52c0e79,M Aalim chana M Aalim chana,https://play-lh.googleusercontent.com/a-/ALV-UjURVw0P2wYhVeTLw9uF-xQPLLykyLmhy85HEwZQoWQvrFamiBg,Masha allah subhanallah very good aap,5,0,2.3.5,2025-03-07 07:40:55,,,2.3.5
c21fd190-754f-4663-8d8d-2f0cddade5f6,Reina 5,https://play-lh.googleusercontent.com/a-/ALV-UjWsubYOmDccomXrSUnWJDpB1x0Yv588e5a5LKH5QK9zZZBqk-U,Thank you so much for fixing the notification on android phones 🫶🏻🫂,5,0,2.3.5,2025-03-06 16:10:53,,,2.3.5
161bab3e-70bd-4216-9203-8ae2749e8049,mohamed AR,https://play-lh.googleusercontent.com/a/ACg8ocLjff9cJa3_gRprN2mCN6eGRVjbUwyuoaWA69yWjphn8XjLJg=mo,This app not work in india chennai timing,2,0,,2025-03-06 13:21:32,,,
ace5f9ef-7b3d-4fdb-bdfe-64c71f3b8078,Mohamed Babkir,https://play-lh.googleusercontent.com/a-/ALV-UjVqiJaMBttEcNzg8Ly3Hi3muiRXd3UvjkL0Y6QVAOkzJC1mdu9c,"I'm not one for rating appd and leaving reviews but this deserves the effort. Great interface and with absolutely no ads whatsoever. The only time I had an issue with notifications not being delivered, I submitted a report and literally 6 hours later there was an update that fixed the issue.",5,0,,2025-03-06 02:46:26,,,
3c89e47f-aaa9-4ea5-b4c6-885ce17ea9ef,Ali- Tanisha Fahmida,https://play-lh.googleusercontent.com/a-/ALV-UjVXmkyt8FiCcvVdZJYLrWLjH0gytPC1ysmTEKRZdqXcxmHHkwo,I love how there's no ads and how u don't have to sign up,5,0,2.3.5,2025-03-06 01:12:13,,,2.3.5
ac86c2f8-8022-4a88-ad9b-8902032a34b4,ARaheem,https://play-lh.googleusercontent.com/a-/ALV-UjXlXzGXBoiZ-B2SmcfXZaj6rkOWLWm_Zn187cFtepcumjXqN-Ws9A,"It's simple, ad-free and very well designed app.",5,0,2.3.5,2025-03-05 23:17:53,,,2.3.5
e41853ee-ba71-4287-92a7-5c2ec5ff16eb,Nadia Ilyas,https://play-lh.googleusercontent.com/a/ACg8ocIa2QCDlk8z_k15_MNCnovv9sI86ydIZ7rjS-5OdqTuyp6ntA=mo,I'm not being notified for prayer time 😔😔😔please fix thisssss,1,0,2.3.5,2025-03-05 23:10:10,,,2.3.5
aca370ca-47b7-414e-b822-3946607d3a23,Nisa Rahman,https://play-lh.googleusercontent.com/a/ACg8ocIzmSWRRTs5AvG0N4fLBqaDxVgfeLtQvynYT_QnBeaztdri1rU=mo,"Simple. Love how the interface looks. easy to track prayers, period, missed fasts etc. No ads. Alhamdulillah great app!",5,0,,2025-03-05 23:07:12,,,
5c9a0291-ced0-4ed4-b856-2385fa2b0447,Ahood Gubran,https://play-lh.googleusercontent.com/a-/ALV-UjVBzCvDwT_7ASfAD3kvm3hXX6ZPXE9vhahh3Sj7y_3lUhIqhLU,Simple & no ads ♡,5,0,,2025-03-05 23:06:46,,,
81effe9c-95a5-456e-9e18-24b7dd544393,Ali Smadi,https://play-lh.googleusercontent.com/a/ACg8ocJrp_CWTK4sQfbT3DZFuBpgnrvsRtkQJtcMRlpYo43pz_ZVhg=mo,جزاك الله خيرا,5,0,,2025-03-05 22:43:36,,,
b0fb5134-843c-41ec-9410-5b3ac8a2b56b,Ashar Hameed,https://play-lh.googleusercontent.com/a-/ALV-UjV3yKU_RN0PdOhQrj4oLvvLSFWNskolPiOlobBSNrBhhQhWC0wR7A,Loved this app but have to delete it. Broken again. No azan no feedback from the Devs. Every Ramadan they update and break it. The app has 1 main purpose AZAN!!! i don't care about anything rlse if the main purpose is not served..,1,17,2.3.4,2025-03-05 20:29:13,,,2.3.4
b27db102-14e8-4e99-a3a2-01bb1e9163d3,Syeda M. Graham,https://play-lh.googleusercontent.com/a-/ALV-UjWpC0G46jmwdPgAxIGomhybsz9dhUcry3SGF2TGTJZMK6_SR8wg1w,"AA, I noticed daylight savings time is not changing when it should on March 9, 2025. Do you even look at constructive criticism?",1,3,2.3.4,2025-03-05 17:42:01,,,2.3.4
9ae8aa06-5da8-4ec8-9b59-6bf3e23f5e3a,Syed Junaid Yousuf,https://play-lh.googleusercontent.com/a-/ALV-UjViawW_9N34jYOZf9mfaxBk4Nf5jTt1wYqzT9I7ne21kqCFK-8Vuw,Amazing app. Giving it 4 stars as recently on Android the Athan notification has stopped completely.,4,0,2.3.4,2025-03-05 16:12:35,,,2.3.4
6c66a0ea-6462-4ae2-a9f0-4e07421eb98a,ahnaf ishrak,https://play-lh.googleusercontent.com/a-/ALV-UjXbNDLsunqf8cyz8RY2azxwsXcHcgCjMm7VeH1Ii35NJYgTnJ6R,Honestly like it's a GREAT app to track prayers and what not but the qibla compass dosen't work unfortunately and also it'd be better if some statitcal diagram could demonstrate my prayer attendance. Anyways man it's a great app all in all :D,5,2,2.3.4,2025-03-05 13:50:19,,,2.3.4
f0351167-cc62-4ba5-b737-a33c8f17e7d9,Hak33m,https://play-lh.googleusercontent.com/a-/ALV-UjX3mabFyYDmcX6gfdwDLAMzUeCT69-AbJdO7lY1aQeZYPCxTh5-,Notifications don't work anymore. Please fix.,4,0,2.3.4,2025-03-05 12:51:37,,,2.3.4
847f7323-906f-4b07-a5ff-6e340d58a426,Sara Jamil,https://play-lh.googleusercontent.com/a-/ALV-UjWF72pQHkifua9gyBSPpXLvXXX1HWxz8n8dcD4qom-EflheWPcSKg,"The app has a clean UI and does what it does well and all completely ad free. My only gripe is the notifications not working. I'll update the review to five star once that's fixed. I already saw a few reviewers mentioning the notifications not working since update, so perhaps a fix is in the works.",4,0,2.3.4,2025-03-05 10:08:54,,,2.3.4
7475e1df-ce10-4dd5-8830-1f65adc70c93,Sam Solanji,https://play-lh.googleusercontent.com/a-/ALV-UjUCuJTFXECYSxZh734KxfVfUCdIBYC_LCYerf_ZK9XN2eMw04lF,Please fix the notifications. It's Ramadan and I would like to hear the Azan. Besides that.. the app is simple and very reliable.,5,0,2.3.4,2025-03-05 04:45:01,,,2.3.4
e0c63500-7083-484c-8468-8ed859b7c10f,Mohibul Islam,https://play-lh.googleusercontent.com/a-/ALV-UjXd0Pxd12Kw5U26Pj92U5AT56k2ylryf5R-etibHJvPAJVRwicT,Lovee using this app. Specially because there is no annoying ads everytime i open it,5,0,2.3.4,2025-03-04 17:48:13,,,2.3.4
cce0d6c0-dbac-4423-b02b-59aa6544f81e,Safeuq Mohamed,https://play-lh.googleusercontent.com/a-/ALV-UjUbzgWjrgzzvZuYr3B5nFRktPuC-IaG3Q_qVKazeRT8RplanOvwHQ,Awesome app to keep track of prayers and timings. Very beautifully written. Especially no ads. Kudos to the developers 👏🏼,5,0,2.3.4,2025-03-03 18:43:34,,,2.3.4
d89c27ea-f869-49a1-a696-512bcc2b7d1c,Mohammad Saifullah,https://play-lh.googleusercontent.com/a-/ALV-UjVW6h5POa1nLI73UrRfgPCZTh8kGfk7-jfxRN6XmR71mHFVKiE7,"After the last update the notifications have stopped completely. I've rechecked all the related options but it's just not working anymore. This is such a great app, please fix the bugs. Also, one suggestion, please add a recommended tag on the Method of calculation based on the geographic location for manual settings.",3,15,2.3.4,2025-03-03 18:19:54,,,2.3.4
0273ae1c-e2c5-408f-afbc-879cd0acaeae,Tehjeeb Abtahi,https://play-lh.googleusercontent.com/a-/ALV-UjWmT6Y73tReAhH2xKlx4MjdnbrFl9bTmpOvjYuVcs40lNTL-Y4,"I have been using it since last Ramadan. It was perfect. After the last update, however, the app has become completely non functional.",1,2,2.3.4,2025-03-03 14:19:35,,,2.3.4
d501759d-4ea3-4bc4-8074-17a9275f074c,saif,https://play-lh.googleusercontent.com/a/ACg8ocKlxWi29NmKGxmJ0y71FFRyf4Qco3ReE-e384OhCEzaElsP8g=mo,I've enjoyed using this app and still do but the recent update has broke notifications entirely. Hope they fix it ASAP as it's Ramadan,4,4,2.3.4,2025-03-02 23:47:16,,,2.3.4
a885fd21-f7cf-4a1d-a8a0-4f0ddb512d56,Babera Naaz,https://play-lh.googleusercontent.com/a-/ALV-UjWVXtHTun5csSAk_j9uupD-Lf4XCPHTxzV5UT5sT21Iwg5jHUydTQ,Why are the notifications not working since last update? Please fix this. جزاک اللہ خیرا,3,7,2.3.4,2025-03-02 23:11:48,,,2.3.4
02717f12-209b-459d-afc6-e4a79dfa33c2,Faisal Ibrahim,https://play-lh.googleusercontent.com/a-/ALV-UjXF_LWoJvCupe_lC_Nytls2AYE36YSxzkar9TXrilr6Hp8Sn9_r,The best prayer timing app I have ever used. Its free and it does not have any ads. Unlike muslim pro. I also love it that the app is minimal and does not populate your dashboard with a lot of details. My main use for the app is to get accurate prayer timing and thats what it does. Amazing ❤️,5,0,2.2.30,2025-03-02 20:56:31,,,2.2.30
57308a7c-5aac-4bb5-a7c9-2d4ca4c7f206,Tuba Rahat,https://play-lh.googleusercontent.com/a/ACg8ocJ-FOEOJIGWCIKGdsdrZpjptsfaz1cFpJ4MDN9Ghh5cdOuEng=mo,I used to love this love. It's very simple and useful but since I changed my phone it's not opening. I'm very sad to let this app go. I haven't found any other prayers trackers and liked them like this one. Please fix it.,2,0,2.3.4,2025-03-02 20:26:56,,,2.3.4
e481958c-8ca2-4aea-93a8-5ffc4ecb8599,Sajid Ahmed,https://play-lh.googleusercontent.com/a-/ALV-UjVxrLLZja56lZIts8FTlCf_o7cUJrF2VVjZJ-Y_3NAxQy2Sicqz,Why do you need precise location?,1,2,2.3.4,2025-03-02 06:21:24,,,2.3.4
c4fd8c35-bd3e-4ac2-ba34-4cb7e82f65cf,eastlndn,https://play-lh.googleusercontent.com/a-/ALV-UjUDyCf-zBFUzJgY96gUcz141D4nsuklx_ojMMCrdbrAoHG0Uh4,"Annoying as the location prompt keeps appearing on launch. And when declining it, it persists on prompting. As a result, I uninstalled it.",2,3,,2025-03-02 05:38:19,,,
7fc62084-42cd-4926-b113-e06788505fa7,Nadeem Ali,https://play-lh.googleusercontent.com/a-/ALV-UjXQQ6RhK38nCKMGSiXJbe_vEMh8gMyEcRD520FaZdFFipKSKa0,Best Ever seen,5,0,2.2.31,2025-03-02 01:15:58,,,2.2.31
06093c6b-480a-43b7-81cb-6c86d71c66d6,ahsan rafiq,https://play-lh.googleusercontent.com/a/ACg8ocI3LCHQVnwblDjdF61cjg_FJlBgk_nCglMvzlu1XcuZROehcA=mo,"It show wrong dates, manual location selection is not enabled. Not a complete package to read Quran and Aya.",1,2,2.3.4,2025-03-02 01:00:11,,,2.3.4
878dc902-85d0-4d34-aa19-cf5e8f05107b,Badr Bargach Mojahid,https://play-lh.googleusercontent.com/a-/ALV-UjU8O55iqacygNRxNuNjceAuRrPxJxfMPzPLlwDMIw3mCDeXdis,The notifications are not working,3,4,2.3.4,2025-03-01 21:51:09,,,2.3.4
aa87667c-e2a1-4b12-b146-8bf7cc6b83ee,shihab shishir,https://play-lh.googleusercontent.com/a-/ALV-UjUsa7xocpj99vekHlrM8vfr6EXAyOUu0VokoZ-zyCLoWnnuJ2Sf,2025 year calendar is not updated yet for Android. IOS users already got updated. Really POOR app development support from developers 🤔,1,2,,2025-03-01 09:49:01,,,
1a0b60eb-aa79-426a-89b3-d665f5b15416,Saima Babar,https://play-lh.googleusercontent.com/a/ACg8ocKDGWY5Vv-3BgvtHyx1k6G-iag4UArtInFl5d2dNXQFA6xO=mo,"I really love this app because it has helped me track my prayers as a Muslim and know the exact prayer times in my country. I really love this app from the bottom of my heart, thank you for making this. May Allah bless u.",5,0,2.2.30,2025-03-01 04:37:48,,,2.2.30
d1382fb6-0659-456a-8f6b-2cb63707da92,Rafiur Rahman,https://play-lh.googleusercontent.com/a-/ALV-UjWQsK2y-lC9M_v7uEkt2y33_IWCiN99rxXWjPpRvZs--74uoJg,Wrong Calendar,1,1,2.2.30,2025-03-01 03:33:11,,,2.2.30
24fbf4c5-06cb-4ad4-8d4c-3a0c88a87265,Stan Lee,https://play-lh.googleusercontent.com/a/ACg8ocKbyW0zrCPcsctxRqoX-bGcQ-5kjBdTKt-kFn4UfdGwg_LuAQ=mo,Best app I've come across so far!,5,0,2.2.30,2025-03-01 01:50:39,,,2.2.30
abb83b15-0fe8-4d5e-9f62-7949f30884e8,Tayyib Rizwan,https://play-lh.googleusercontent.com/a/ACg8ocKAOdII7J8OJh6-L39s7ih668KDgA4KcjwYnEL7NIpNkUUEyQ=mo,Very good and helpful,5,0,2.2.30,2025-02-28 23:31:07,,,2.2.30
db3bb338-5745-483c-ab25-a65a6abc5052,Imran Hussain,https://play-lh.googleusercontent.com/a-/ALV-UjV0WAf0mcyWGGo6Jsfw3Il8RhcK_SvVOu0ABZqmEquvqJ8s_F9x,Showing Saturday 28th February when it should be Friday.,3,0,2.2.30,2025-02-28 17:48:39,,,2.2.30
c336d191-207d-4cd4-a3ac-16c34e587a2c,kashif javed,https://play-lh.googleusercontent.com/a/ACg8ocL1kBtGaE2_jMA7Q5ZVqStSt5Pm7x1R7CxWdp5Rqi0fOnh6OrA=mo,In my app it shows wrong Day of the week. Today is 28th Friday but in app it shows 28th Feb Saturday.,5,0,2.2.30,2025-02-28 11:14:37,,,2.2.30
17b3a20a-9311-44ae-885e-959799cb1bc1,Zishan Wajid Begg,https://play-lh.googleusercontent.com/a-/ALV-UjXiIPdb-xunztSYUG8XxB9dcFUV1dXcOSA-llf2sgllew3MFs3Y,"The time is not updated, after uninstalling, it is not installing. There must be something wrong. Please fix it..",3,0,2.2.27,2025-02-28 10:58:12,,,2.2.27
09494d51-3c59-4efe-8ea2-9e144f7b8aa1,Saif Taj,https://play-lh.googleusercontent.com/a-/ALV-UjWQkfsLhRv-Ll5f7K1jeEecrBEnFQp27EU9cTWzb3dG-179pc9S,Your app for India timing is incorrect and shows wednesday instead of tuesday which is today,1,1,2.2.30,2025-02-25 19:51:07,,,2.2.30
6b32eb6d-96f1-45c4-9968-6b6cad0a1902,Tariq ur Rahman,https://play-lh.googleusercontent.com/a-/ALV-UjVxPEwhy5TpySyo6nKd1W1Zd3vG7bCH422NXqvc5A9Vv7fC6y39,"Hello team May I know why the date is not accurate? Today, it's 25th February and Tuesday , but the app is showing 25th Feb and wendesday. It's happening daily, and the date is mostly correct, but the days are not accurate",4,1,,2025-02-25 07:33:27,,,
b0896b46-db31-4db1-a09b-61986e0d1cec,Adnan B,https://play-lh.googleusercontent.com/a/ACg8ocJhDYd5FxkyTyasEoJT3xVt5S3cv0fBsH1JKJf2YluHyDH2ZqAf=mo,"Fantastic app BUT the day and date's aren't syncing up. For example, right now it's Monday 23rd February 2025 on the app.",3,1,2.2.30,2025-02-24 23:45:04,,,2.2.30
e619c12f-1f34-4c18-83ae-f3f36ea1404e,Musfirah Warhayu,https://play-lh.googleusercontent.com/a-/ALV-UjXT13A4ngeXKKQb31s87qMVFR-qkKZHziwmq7FLpkQdy43GNfS3,"I like this app, been using it for 3 years already, however can you fix the bug on the app. The day is wrong but the date is correct",5,1,2.2.30,2025-02-24 03:47:27,,,2.2.30
85c269c0-7c50-4dbe-9ddd-8955365d2fbe,Ramshad Abdulla,https://play-lh.googleusercontent.com/a-/ALV-UjUQqqMGQ_aLy_nHj6V1fSLbUsdKb-RkBBKvSvmxKXYlpU2QcIKs,Best app,5,0,2.2.31,2025-02-22 23:30:55,,,2.2.31
99205c63-8850-4725-bcb2-3af4f98c2d85,Shayan Faisal,https://play-lh.googleusercontent.com/a/ACg8ocIx_NbKt-i8RZAPkaArbNBQ97c7QKvhgdhvTvtQhBVoKL5T4g=mo,"Yes a complete 5 star. You guys deserve this. Bring more simple Ui With islamic related things. Not any social media thing, this app is ge tly amazing amd easy to use with optimized features. May Allah help you and bring barakah into your earning.",5,0,2.2.30,2025-02-22 16:34:37,,,2.2.30
c17a8ab8-4df2-44e8-ab51-7d69bda6c62e,maryam mohamed,https://play-lh.googleusercontent.com/a-/ALV-UjWgE_TO2EPqJt-DHHgTHM-IuHj49KmE3-iDs5y5sa1I4pdCWC4,Asalamu aleykum this app is very good but I have one problem that problem is the day today is Friday but it tells Saturday Please fix that problem and Ramadan is coming it gives me confusing thanks,3,2,2.2.30,2025-02-22 01:50:25,,,2.2.30
88dbc1a5-318e-462c-bbb6-4064df0890e8,Mawada Elmahgoub,https://play-lh.googleusercontent.com/a/ACg8ocLwLNn0adIXQyMRi5xT-fqjMsKCbkK9Ochj-ntvYfzyFryuYQ=mo,"The dates are wrong, please fix it!",3,3,,2025-02-21 13:05:19,,,
cd4a8b85-2fc3-4b58-887b-53bbb61c683b,Mohammad Jammal,https://play-lh.googleusercontent.com/a-/ALV-UjWBBX76hW81pvbJyKXwQw2Oqtnp1f_L7vH02lRSxukqa59VMwzE,Thank you so much!,5,0,2.2.30,2025-02-20 14:51:34,,,2.2.30
8f3707e4-ea58-46d3-9f05-339006ab819b,Addin Mohd,https://play-lh.googleusercontent.com/a-/ALV-UjV3gpiKyMPDs7yf-Cz9HQafmJS5_WsgBewACN2Jmvbe2JWr8sdY,Beautiful app but sadly the prayer time is not accurate.,2,0,2.2.27,2025-02-17 19:15:29,,,2.2.27
0beb9f9b-d4dd-447a-9c2b-1697e17cda3b,Kamruj Ali,https://play-lh.googleusercontent.com/a-/ALV-UjWv0LmnWawz7cMyY9EiYN5nVyyjFmG_iPyIyGdWdFKnvaA7-QQY,"Amazing app but recently it's showing the wrong day but with the correct date, for example it's saying Monday the 16th when it should say Sunday the 16th. Please fix.",3,6,2.2.30,2025-02-16 23:26:15,,,2.2.30
ce7f911e-8f8c-49de-9e1b-c773eb5001ec,Suheib Abdinadir,https://play-lh.googleusercontent.com/a-/ALV-UjWkRr1pH9HTOboK79EnAR3CJuUs9BT6KF5hc3rHyQbnAwfeOCA,Mashallah,5,0,2.2.30,2025-02-14 18:41:26,,,2.2.30
fd29946c-0bd6-4e2f-8dc4-845504d49340,Mehak Ansari,https://play-lh.googleusercontent.com/a-/ALV-UjVntvbc8UAkfOi0B3LPq1aN7OPUICYarhYrZPZhA3ePOdD8pESVcg,"This was just what I was looking for! No excessive data to overwhelm me. Just what I need, a simple tracker, with pleasant UI. It even has a feature to stop prayers when menstruating. I loved this app. I am glad that I found this alhamdulillah! Going to recommend this to more people! May Allah bless the developers!",5,0,2.2.30,2025-02-14 16:51:18,,,2.2.30
5935bc63-e4dc-4425-a037-8a2feea08395,Mohamad S,https://play-lh.googleusercontent.com/a/ACg8ocLPdBwEQyXx_BU5wU8YYW9ajzm0j9VczT8k3INKPeLXONI3uA=mo,Finally an Ad-Free simple to use prayer times app with a nice minimalist widget.,5,2,2.2.30,2025-02-14 00:56:18,,,2.2.30
fd55df2c-acbd-4aab-b608-426bbdfaf0be,Jamil Wahid,https://play-lh.googleusercontent.com/a-/ALV-UjUGmk_5KAbq0E2TzEOqUQ8gxrzLpDMy9J8jIkZztO-U4Y7Cz05p,"One of the best apps I have used l. But recently the tracker feature stopped working. Whenever I open the tab, I get a grey blank page. Please help bring it back.",2,0,2.2.31,2025-02-13 00:27:41,,,2.2.31
0bda8862-1292-4f68-9f45-208bf7570da8,Dodo IKR,https://play-lh.googleusercontent.com/a/ACg8ocKFmIVUKPK1hjgX4TyrQJOvYNPhTn4PMAhHmEDTIPfjmRuGoQ=mo,It's all good but why can't I adjust the date? The apps one day earlier than the actual date and I don't know how to fix this. Please help,3,6,,2025-02-11 17:59:03,,,
3a1afe89-f8c4-4607-baea-6b6b54696e8d,Ahnaf Hassan,https://play-lh.googleusercontent.com/a-/ALV-UjXeA1fsiM94Lt371S0-lQo3GkxyDkvUA17odXmRX64mA7G4voIHYg,"Clean ui, doesn't share or store data, what more could you want?",5,0,2.2.30,2025-02-10 23:26:12,,,2.2.30
03a2901c-9fed-404b-8577-7b9ba084b4b8,Amira Salu,https://play-lh.googleusercontent.com/a-/ALV-UjVUKHn442a3HcPWNHE899bYwmCpQBjrgEjEV0Km8sgz3c69bUQW,"This apps has actually helped me with keeps my track of my prayers and prayer times. Best thing is there's no ads or in app or purchases. It does it all for free. It also has athan and Islamic dates, and points you to the qibla. Love it totally recovered.",5,0,2.2.30,2025-02-10 06:37:48,,,2.2.30
f58f004d-cfac-436b-af9f-4a3dd325bb3e,Ahmed Ali,https://play-lh.googleusercontent.com/a-/ALV-UjXjWpWZGwqTseAapdtRLM8Zhr5UBfLcX9Tm26VtY54wYDRgAs7b,Perfect,5,0,2.2.30,2025-02-07 21:37:56,,,2.2.30
96815ab4-406e-46a0-9bd5-c7b6d7d23db3,yakubu lawal,https://play-lh.googleusercontent.com/a/ACg8ocL-Hd6_1dQnlzgtJ3EJwjx2mMTJVJsFHyZQ74Ywl_NfKlYEWg=mo,Fast and no ads. Excellent,5,0,,2025-02-06 21:53:47,,,
e5a573a0-2293-40d4-a6b6-5a2832357396,Nikolas Anton Hausenberg,https://play-lh.googleusercontent.com/a/ACg8ocISPE_iNsWVVttrPLEPMl8iziMiJ7Ri9Y4omWe7pL-LyKt66Q=mo,Rly good,5,0,2.2.30,2025-02-06 18:32:49,,,2.2.30
50602ebd-4531-498a-8277-0fb5921aaf9b,Nazmul Haque,https://play-lh.googleusercontent.com/a-/ALV-UjXm_cbFdUSEd9rQxriVpaTe-lIUhIbCFFjbkOcUg_7WrMbqSxSp,"The fact that the prayer time updates live to your location is a super useful feature. The only feedback I have, is that a version of the app compatible to smart watches would be an amazing feature!",5,0,2.2.30,2025-02-05 21:31:17,,,2.2.30
8fe1eeac-cb06-44ad-9678-5557c0f0b166,Ernesto Alicaway jr,https://play-lh.googleusercontent.com/a-/ALV-UjXt_HyeeavzybbSnXPQEQRnvwyusVD_W5XlYYYH_AwDLi2csVA,Nice apps,5,0,2.2.30,2025-02-05 11:28:10,,,2.2.30
d599199a-66e6-4e78-9dc0-7add35d2587c,Aqueel,https://play-lh.googleusercontent.com/a/ACg8ocKlZmwzCicgwGon3oQxUrs1zTQb2sitx2A2Uva8viui93D1mB8=mo,"The best app i have used with No ads. But recently it crashed and when i have installed it again, Its not working. App is not opening and closes automatically and screen is going complete white. I have also emailed the team but no response yet. Ramadan is coming and i hope i get a response quickly and my issue is fixed.",1,30,2.2.30,2025-02-04 20:21:51,,,2.2.30
a79cc7de-e140-4e54-8593-df502ee94012,Ismail A,https://play-lh.googleusercontent.com/a/ACg8ocIbj1tsum5llqyRJNx_Rt_11dQUrRt-L5rIRxHwJl746pvr6g=mo,"Works okay but the date showing is incorrect, has been so for the last month.",2,4,2.2.30,2025-02-02 22:36:34,,,2.2.30
c08056a6-3098-43ec-906c-430a72f6ef4c,Nadeem Akhter Rana,https://play-lh.googleusercontent.com/a/ACg8ocK0GKINy-tlLajPLwZ2NybjkQ_liIBdheS4FQ8Lw1y61Th_Kg=mo,Its the best prayer aap but you have to add Tahajud announcement a reminder or notification for Fasting on a special day like Meraj💞,5,0,2.2.30,2025-01-30 21:40:30,,,2.2.30
74e4b894-5a22-4234-b18d-4da54470f16f,Mehm3d_ Kar1m,https://play-lh.googleusercontent.com/a-/ALV-UjVMqGfcNIoqn494iOdFN3ITEdwPsvwSICEeB2ROETq9oMtPUaw,"Lot of good features ma Sha Allah, and I will delete this review when the issue is resolved in Sha Allah For some reason the app glitched, and it thinks that tomorrow is today (i.e. today's Monday, says it's Tuesday). The white days are wrong too. (Says it's Rajab 30, Shaban 1, and so on) I contacted them, no response. The tracker does not work, and when I open notifications it doesn't work either",1,6,2.2.31,2025-01-30 19:33:39,,,2.2.31
13dfd871-1a06-41dc-8ffc-e51b47b5791a,Fatima Zafar,https://play-lh.googleusercontent.com/a/ACg8ocLTHsFnPHxzqJzPXGnQx8g0BUNqmab5o6LGWyU0UwNZQfu8aw=mo,"This app is perfect, but I want to give some suggestions that there should be an option to increase the font size. Secondly, please add zawal time also like when the prayer is prohibited, so it will be very helpful. JazakAllah u khair.",5,0,2.2.30,2025-01-27 08:37:10,,,2.2.30
11ed8c0d-ffe3-41bf-bb5f-e8ee3fe5689d,Zahida Bint - Suleman,https://play-lh.googleusercontent.com/a/ACg8ocLeoSjXPveB_Y1PSzIxizy1Dgmrop1YiCJ68OnteLhJkRNMdg=mo,"It's a good app until today, it jumped one day ahead :-/ it's Sunday but its showing Monday",4,4,2.2.30,2025-01-26 22:36:02,,,2.2.30
b77ccfed-752c-4f95-9ff1-d4f4fa4b523d,Ibrahim Naif,https://play-lh.googleusercontent.com/a-/ALV-UjUrbiLi7oqUabLloqP8bBgiwp0uJZQaS9JQTt8KhZo_Gkcrrau0,Good,5,0,,2025-01-24 09:00:40,,,
eac08307-03bc-47e8-b716-857a948bd402,David,https://play-lh.googleusercontent.com/a/ACg8ocKQpcQrjNoDXjcwnelP_0vXTthqX6w5b-oviaTSMYKCBsxJ1A=mo,"Great app masha Allah, may Allah reward you! The Azan doesn't work at times despite the option being turned on, if you could kindly fix it.",5,5,2.2.30,2025-01-22 18:49:06,,,2.2.30
0c7fb21f-cfea-4f7b-b232-f9c423922fb2,Sam,https://play-lh.googleusercontent.com/a/ACg8ocLnlnmEHd68xl47ukqBe0Tqik4EecPXHhpwqR7bEwlSFrCF2A=mo,This app will do anything to get your location. There's no option to specify my location manually,1,2,2.2.30,2025-01-19 21:42:55,,,2.2.30
4b2688fd-57c5-4ee9-bfc6-77b54f472d1b,Mehreen Ali,https://play-lh.googleusercontent.com/a-/ALV-UjXSBsvGOmPHIRkvGjeY-A0Ig6lrK3FuZ2e5SvZzD8Bc1-194h_7,This was my favourite app to use because it's so simple but there is an issue after the last update during Ramadan I can't open the app it just shows blank white screen I tried to uninstall and install it restart my phone and everything. I hope this gets fixed or smt??,1,6,2.2.30,2025-01-17 15:06:54,,,2.2.30
1ba1e4cb-c3d3-41d7-98a4-77e165c36c2b,Muhammad Umair Farooqi,https://play-lh.googleusercontent.com/a-/ALV-UjXQbka7Q9IJXPljhjdRsvqyervI9BxrcBd0uM6fBeMKd9WV6hej,Great Experience!,5,0,2.2.30,2025-01-15 23:48:19,,,2.2.30
6da66aaa-2419-4736-94fb-5567720decc4,Fatimah Ali Malik,https://play-lh.googleusercontent.com/a/ACg8ocJZwUep4W-yXhm8klbHClSLOZvX-7myI5wsGyVYNbBDKr5tkw=mo,Very useful app,5,0,2.2.30,2025-01-15 22:09:30,,,2.2.30
b1947fec-2013-4074-8193-e17063ee495e,Hiba,https://play-lh.googleusercontent.com/a-/ALV-UjWIihFSMlJTJUYX0TTlVsoZRvlVjXapOE92cOSeqxOvyzugpwA,"This app is such an amazing app to track your prayers, and definitely helped me as someone who's struggling with my prayers. The only suggestion I'd give is if the menstruation button allowed an option to change the color of the prayers being tracked, just so you could recognise the menstration days from the normal days on the prayer trends tab. Otherwise, this app is perfect.",5,6,2.2.30,2025-01-14 07:05:12,,,2.2.30
8862e7d1-c88d-4d1f-8377-b3233588bcfe,Nurhani,https://play-lh.googleusercontent.com/a-/ALV-UjUwwuc72oS5XGShvyaE8dXNz-62xh28hrizb4t68Ypim64ijB6M,Very good. Has everything I needed,5,0,,2025-01-12 21:37:24,,,
65e1951c-8613-42f5-96fe-b24ebd2c1fae,Sari AlShamari,https://play-lh.googleusercontent.com/a/ACg8ocJWlJs0RZsHXQgRBW-y5oiZhxhJrwbG2zPSRuVJGE_eFl9XDi8=mo,"The best, the simplest, and ad free",5,0,2.2.30,2025-01-12 19:19:52,,,2.2.30
04e762b2-67c3-4861-b5ac-b0bd23f04f6f,Ravil Shainidze,https://play-lh.googleusercontent.com/a/ACg8ocLISz27fkHVnHID7__38lVeoqFeB1ykpSjGghCROSdxbW6_tOE=mo,"The best prayer times tracker app for muslims. I've tried many, but nothing is as plain and useful as this. It shows you the times the moment you enter the app. It has a visualization with the sun as well. It sends a good notification when the prayer time comes, without extra bs. It has a good widget as well. Clean app, does what it says, and no extra unnecessary things.",5,18,2.2.30,2025-01-12 02:39:18,,,2.2.30
ea89fe10-0af3-46b8-8cc8-37fed60f2fd5,Yusuf Musa,https://play-lh.googleusercontent.com/a-/ALV-UjXKfUEhIuL8_RideCZTE9m-uFw4U07d32zUWkjImYAxFEfUv9M,"I love everything about this app it is accurate, no ads, user friendly and has a smooth interface.... But the devs need to add more adhan voices cause people like me loves different adhan voices for each salat..",5,0,2.2.30,2025-01-09 00:37:18,,,2.2.30
90ed205c-b50b-4154-854d-a142f06fbb03,Gulam Hasan,https://play-lh.googleusercontent.com/a-/ALV-UjW5yK2I0iXlqkPz6qnlbkg7GBQKj4mWU2aVuyOY-Fxj4m6RAE55WA,"Needs improvements. Prayer times are not displayed correctly, widget doesn't work either. App also crashes often.",3,1,2.2.30,2025-01-08 18:29:03,,,2.2.30
1c73b3eb-2bab-497b-81a4-a61549d1825b,Ahmed Shaie,https://play-lh.googleusercontent.com/a/ACg8ocJ9j9cjG8IXUdDNb1sWmcQiGMT7QRpD5-HjZ2Arh6khyo9q078=mo,Thank you for taking the time to build this amazing app. I really enjoy the simplicity and function of this app. I was hoping if possible you can make this also work on the Galaxy Watch as well. That would be super awesome with wrist notifications,5,0,,2025-01-07 12:42:31,,,
ac4d897f-99e5-4e30-9ec4-15189bb2952f,Hyundai ioniq five N X Pokémon,https://play-lh.googleusercontent.com/a/ACg8ocKBcnP8cutHm6XQz_numZevpuxbki-F_dtKG73CVdjpv6qU6kA=mo,Best app,5,0,2.2.30,2025-01-06 14:45:19,,,2.2.30
c07a0d57-4e9f-4801-8a71-9699c7f613fe,nada abdelkain,https://play-lh.googleusercontent.com/a-/ALV-UjVCY6od7cC2UmIKJsQ6OMwOvF-rn7Ukt91FeExwkBzhD_XIyawu,I really enjoy using the app it's so practical and neat... I also appreciate the fact that it's add free. The only problem is that recently when I installed the app on my new android phone it doesn't work... I click on next the first two times and then when i click on enable location permissions the app suddenly closes... I hope the problem could be resolved as soon as possible and thanks 🩷🩷,4,13,2.2.30,2025-01-04 23:47:21,,,2.2.30
6cde5309-184d-4474-9a88-47bd1dde748c,Charlotte Butcher,https://play-lh.googleusercontent.com/a-/ALV-UjUrULO83thRurSk5ADrmy1BoJuGQ5TQFiVBaXKj7fWheLax3IJ2Mg,Tracker tab doesn't show anything. Only grey color blank.,1,1,2.2.31,2025-01-03 17:16:56,,,2.2.31
8ed02ab2-22b7-4bf0-bf5c-29f9f1da5db4,Saima Bano,https://play-lh.googleusercontent.com/a/ACg8ocKXfDvUJ7KZ23fwUT5kbGrRMq9j8m-e-deHyewGIkukNvVMhg=mo,Best app for tracking namaz,5,0,2.2.30,2025-01-03 15:23:13,,,2.2.30
a7ed8f52-55bb-43ac-84b9-bbbe73f89e4d,Robyn Malik,https://play-lh.googleusercontent.com/a-/ALV-UjVtpjX7SG3Tkz-SzszzUvwJHXoQ-VlTHkLkiUZ98TnmRKwID_PJ,"I'm not sure why, but the Asar notification was late by an hour. I turned on the location for this app, and still they gave me the wrong timing.",4,0,2.2.30,2025-01-02 13:26:49,,,2.2.30
83ac7255-50e8-4219-a56e-990251053a1d,Finn Hendriks,https://play-lh.googleusercontent.com/a-/ALV-UjUR2bCDlb7dUwyNoeMD1Df1BLj4fp6cURExlxKaXZGAPWFQjYNC,Nice application thanks,5,0,2.2.30,2025-01-02 00:28:51,,,2.2.30
3eb3fbf3-ccdf-4dbc-a3f7-8dc25cf3ece7,Saubir Yaseen,https://play-lh.googleusercontent.com/a-/ALV-UjVJPX7Pl8wWfujBHOEcFcZKhIp-X5sFQJz_t2hrXJ_KLLBiOMnQ,"Mashallah, this is a beautifully designed and helpful app. May Allah bless the devs. Not sure how they make money if it's free with no ads, but I'll assume the best and not worry about it 😅",5,0,2.2.30,2024-12-31 02:30:15,,,2.2.30
44303e55-0dbe-49fe-bb66-11fc3b22b058,Zain Osoul,https://play-lh.googleusercontent.com/a/ACg8ocI_Z6KoFpTVmlLnvZE4GiKlgKN94zTXA3gF-srflPvBPD0r6jI=mo,"Can't recommend it enough. Simple and to the point, plus ad free.",5,0,2.2.30,2024-12-25 13:49:12,,,2.2.30
2c12a134-c83c-41e9-a8a7-de22f224455a,M B,https://play-lh.googleusercontent.com/a-/ALV-UjUP53sK__GFCvaGT36XIO3RE_khUkp3zemsdXJm7RoD4Z4wBTCi,"Why do you need precise location, and not give an option for manual address input?",1,1,,2024-12-21 13:06:55,,,
a72d77cf-2b33-418d-ac10-d73f1b0c3bb1,ajmal haseeb,https://play-lh.googleusercontent.com/a-/ALV-UjXN6dP7UXP6xcR6OXKkn2BKpxEc4NvevEOyjCDAAG_3We3fH-o,Everything is Great Alhamdulillah but can you guys make some changes in the new update that one can see the Sun rise time also after Fajar in the widget as well as in app also time will constantly remind us to pray as early as possible,5,0,2.2.31,2024-12-21 07:05:47,,,2.2.31
4f105a77-1f41-4af7-8b1d-e0663a49ae5c,Aaminah Z,https://play-lh.googleusercontent.com/a/ACg8ocKN7JZcpUbWpiI5IdnmIklyvOtjT9Pq318C4U7YVtJKJIlNsA=mo,Best app especially for tracking prayers and fasting,5,0,2.2.30,2024-12-20 21:54:39,,,2.2.30
bac1306d-b751-41c9-94c4-3e830093b611,Harira Normal,https://play-lh.googleusercontent.com/a/ACg8ocL0Aa4XJVy6NxOQlQY8yYp9xJRTUvk-Rzygv2JLf_KuqSQlaA=mo,"Not working, just showing blank screen",2,1,2.2.30,2024-12-20 15:49:40,,,2.2.30
5b96dfc1-b971-4f8e-a9af-ddb2f2b1cb8d,Aliya Mahaboob,https://play-lh.googleusercontent.com/a/ACg8ocJsrpaL5GHdlHQcaveH7k0W-vuQIsep510GJLnjd9slfW-rlcs=mo,Doesn't work in android phone,1,0,,2024-12-17 11:59:39,,,
03bc5ad7-eaeb-45d9-9f6a-57620d251448,Irfan A.,https://play-lh.googleusercontent.com/a-/ALV-UjXqqWL_iBsY1HDCFqa36w3JOA9L2i6dezZnk9U8IK7p_agyHiI_xA,"Simple, clean, intuitive and nonintrusive design. Mashallah",5,0,2.2.30,2024-12-17 00:41:09,,,2.2.30
fd0774a7-9f09-4da6-91ef-a99a0f2e8052,Bilal Maleq,https://play-lh.googleusercontent.com/a-/ALV-UjXd6qnozjd_gHiqgsmZu4y8R7eLOqecBNcOi1usRKFHsu5g0P8ATg,No ads and helps keep track of prayers. May Allah bless the creator of the app. JazakAllah!,5,0,2.2.30,2024-12-13 17:59:58,,,2.2.30
9e62fd42-37fe-41ba-9500-4e96803baa57,Ramsha,https://play-lh.googleusercontent.com/a-/ALV-UjWE0LvVUp0L7Llsdc1wrGcEf2io4xySb1KC3hD1gG2eQW1Nd_D4,Allow us to connect it to our mail. I changed phones and all my tracking data is gone.,3,5,2.2.30,2024-12-09 09:39:31,,,2.2.30
809dd488-aac3-4c23-a42b-1e0acfbca46b,James Dean,https://play-lh.googleusercontent.com/a-/ALV-UjXxcboU8SaUc_U8_HRaCDSx2ZvrxCes2UnYeDjHGBMJV27iH_V8Pw,too many bugs app don't work,1,0,,2024-11-30 22:59:08,,,
9755e1f9-d0dc-4a07-b060-e43d0617ccb9,Imtiyaz Ahmed,https://play-lh.googleusercontent.com/a/ACg8ocI9vhzbZGd2DbHXDPWrxR12uqqsVJS-G5naUbDr_6gbelXMSk3Y=mo,"Clean, modern, simple, reliable while still offering everything you need. The default prayer times are also more accurate than other apps. I previous left a lower rating of 2 stars as the notifications didn't work reliability after updates this has been fixed, so updating the rating to 5 stars.",5,2,2.2.30,2024-11-28 00:48:56,,,2.2.30
e000605a-4ab0-49fd-a8b9-9d9e6157a2d9,Mohammad Tabouni,https://play-lh.googleusercontent.com/a-/ALV-UjWUkG3pofcyRsV98jPGUND1XyeZAm5B1FaTzoygy_81cmALAfg,I like the app alot and the prayer times are accurate where i live 👍,5,0,2.2.30,2024-11-27 07:37:35,,,2.2.30
d990d066-8fd0-4e1f-8f47-6144bbabdbe5,fnd2,https://play-lh.googleusercontent.com/a-/ALV-UjXdIY-wlFILlvScXzn9UlPFv46oTPHXT2YEShSLImb8MpRWAnY,keep up the good work... Mashallah 🤍,5,0,,2024-11-26 09:00:49,,,
d9a61c0e-d8d1-46a1-9e5f-a8546c9c01fe,Alima Soheal,https://play-lh.googleusercontent.com/a-/ALV-UjVdyMpz2UqCyKu7G_zHD05W4iyW_TpKazvmO_G-4EHZ0jidTGs,I love this app this app Is very useful for me ❤️,5,0,2.2.30,2024-11-25 05:18:47,,,2.2.30
48734ead-ea80-43b1-aa71-ea699f9f4c6e,Abdul Hanan (Hannnan),https://play-lh.googleusercontent.com/a-/ALV-UjXR_Yz1gdh_vSGuQsNB0YLOZINzmKom9bXW7tCSvsqnmX7JkL6jfQ,"After using many muslim apps , I have to say this is the best one of them all , my main issue was ads every second in almost app but this app don't got any .This app is fire , the ui is beautiful , no lag , great settings .. I know this app will blow up in no time 🔥🔥🔥👌",5,0,2.2.30,2024-11-21 21:33:25,,,2.2.30
e35dedd4-848f-4594-b653-1a4a7d330b27,Motasem Ragab,https://play-lh.googleusercontent.com/a-/ALV-UjXsoymheQ7BYWjGlUKOdWAlAtDlC79JexjcWiHE4ZIPtgbuvXfD,Great app.,5,0,2.2.30,2024-11-17 19:58:12,,,2.2.30
2d702af4-3a91-4fa2-8a32-f3b31afedb11,Rohail Shah,https://play-lh.googleusercontent.com/a-/ALV-UjX56dSU7L1tRPruthxtRs8ni4EMdyn5cms4QSrvIqsH1rLy6vb-VQ,Beautiful. And no ads!,5,0,2.2.30,2024-11-17 01:39:16,,,2.2.30
b35a5857-2853-4939-a3ca-5109aaa97f01,Sana Khan,https://play-lh.googleusercontent.com/a-/ALV-UjV98jXcMw8goqm63LDMslWdVGjbStcYTDRuhdO6fj-pSrUxORGVjQ,"Salam, This is an Amazing app. Easy to use and wonderful UI. Can you please add more widgets, please? Thank you.",5,0,2.2.30,2024-11-13 20:25:51,,,2.2.30
74ff9560-50d2-42a7-bd95-21a6f4b2ccfa,Sakeena Alam,https://play-lh.googleusercontent.com/a-/ALV-UjU8__FkURMn8ABE5k0YfadT7Lb5TkbeJY9dL-J_xMh4Vt8x-wdN,"This app isn't working at all. It just shows a plain white screen. I did restart my phone more than 3 times, yet it is the same, hence I am uninstalling it since I can't use it.",1,1,,2024-11-12 13:19:03,,,
6401d08f-463d-45d0-8a9c-b5bd97d2b64c,Mohd,https://play-lh.googleusercontent.com/a/ACg8ocLAcRHYKT_mgP7b67Jjh-uMLlk20lclAJNYiOiOWVtvKJqHaQ=mo,Asks for precise location while claiming to be a privacy focused app. Even after giving it precise location it still does not work.,1,0,2.2.31,2024-11-12 00:42:31,,,2.2.31
6a878591-d4fe-4f99-8ac1-8e2b9999ff43,Abdullah Talha,https://play-lh.googleusercontent.com/a-/ALV-UjU811qDJle0_hD6GAsnThGZLRcLlZUmRAbixNg2f-RHdZrfSiMO,"A free no ad, no distraction prayer timing app, so top of the class compared to all ad ridden. It could be some time to find this. I have been trying to find something like this for decades. I have been accepted by Islam properly from 2009.",5,0,2.2.30,2024-11-12 00:31:38,,,2.2.30
d53ad814-e755-4ecf-ba69-f87843e6a2c3,H A,https://play-lh.googleusercontent.com/a/ACg8ocJUSG9y-pzYL_GgR6Ngf8IzUuy9IpF9ZtrcxpEvQNajQ199aA=mo,One of the best apps I've had for this purpose - clean and easy to navigate - one feedback though it looks as if this is perfect for IOS however for android some features are not present like widgets there is only one 4x3 tile it would be perfect if there was a smaller widget jzk for the app!,5,0,2.2.30,2024-11-02 13:08:35,,,2.2.30
f97f173c-1836-48db-afb3-7d9f82083a18,Ayoub MS,https://play-lh.googleusercontent.com/a-/ALV-UjUuD_9zNLVO9OHAA0CjOirEP-4EAH3xmPyBqA3x-K7T8CRWo-k1YQ,"very clean and aesthetically pleasing, no ads even which is a big bonus, and works perfectly. Thank you to all the people who developed this jazakom allahu khairan.",5,0,2.2.30,2024-10-30 20:28:56,,,2.2.30
107eccf7-5be6-4a62-bc26-2891859d7a81,Lacen Azougarh,https://play-lh.googleusercontent.com/a-/ALV-UjWptvMWRR2Iqjbi3Pm4tC0h7MX95KZvVFjB1yvTea5BTehAablO,Please fix accuracy prayer times it's always late no matter what I do ! Other than that everything else is amazing but I'm not using it I hope you fix it,3,0,2.2.30,2024-10-30 18:30:41,,,2.2.30
bf353f88-cdb9-466d-b00b-7c8ea004e6c5,Bilaal Habib,https://play-lh.googleusercontent.com/a-/ALV-UjXmX-S96P3_MgClK9NNAtcy3X6G2IqFekTDMlwak0L-FtYAV_SJ,Please Make A Pure Black Screen,3,0,2.2.30,2024-10-29 23:30:23,,,2.2.30
44533a1b-1831-4fde-ac65-9a7896c0f1f2,Mr Boring,https://play-lh.googleusercontent.com/a-/ALV-UjUmX_8kF3ZdNnVLBpgu3dSzH5Wr-PJd2df0BVbRKT6029-_M1wQ,"It's a great app, although the times is not accurate to the location and no option for notification",5,0,2.2.30,2024-10-29 17:27:22,,,2.2.30
aa610fbf-594a-423a-a2dc-db1c69f0c97f,F G,https://play-lh.googleusercontent.com/a-/ALV-UjUbDGTS0HRZpvLipY7gaQ124VyWnOSXOZxPnAx5sfek_DV5QDI,Must use,5,0,2.2.30,2024-10-28 19:28:03,,,2.2.30
85cad381-9ff3-45a0-8088-dae6a99f44a9,Muhammed Yusuf,https://play-lh.googleusercontent.com/a-/ALV-UjXE21wHlyYkYap2LVpTe4dWSN_41bbNshQtA5bMqx8HG11OqEmC,Really nice! Athan notification doesn't work but it may be because of my OnePlus device,5,0,2.2.30,2024-10-28 08:27:22,,,2.2.30
edffa2cd-abb8-4d48-a1eb-49758f7066ee,Sakib Rahman,https://play-lh.googleusercontent.com/a-/ALV-UjVHUJUvz1qWlTZ8UuRlg21hWQ69uBComt-D5QMI3LNx7HM8Axp2,"It was a good app, but there has been suspicious changes for which I'd urge brothers to be wary of it. 1. WHY, OH WHY, is there no manual location setting? I had to allow not only location access, but always on, precise location that allows apps to pinpoint your location. 2. On top it asked to disable battery optimisation to send you 'notifications'. Doordash keeps sending them with battery optimisation so go figure. 3. If it's free then you're not the customer. You're the PRODUCT.",2,26,2.2.30,2024-10-25 03:22:33,,,2.2.30
9f26ac53-4de6-4364-9dfc-1f1d3e926ed7,azaan ak187yt,https://play-lh.googleusercontent.com/a/ACg8ocIPGpQz_RwXf8AhDagPAPnG4WWB6Oc5haHUeiBTWkp0Y-U2ww=mo,Never let me down. Simple amd concise. Thank you.,5,0,,2024-10-25 03:06:29,,,
6af272c9-add9-4d87-8dbf-e3d48d2caee0,Imran Ahmad,https://play-lh.googleusercontent.com/a-/ALV-UjUKxG0r8X4u8KDTDXlcJWOnziu8eDdBRhx0hVzvkGpshkkOjQpa,"It's pretty good, no intrusive and inappropriate ads",5,1,2.2.30,2024-10-23 23:40:47,,,2.2.30
ff518a55-f7b6-4940-a72e-dd6813d1d13d,Marzouq Hamid,https://play-lh.googleusercontent.com/a/ACg8ocIWsgsEFl0zjRoDXsHWjMQTpBSz0NiiaUw9bzhxeHK3n_I76w=mo,"Genuinely the best qibla and prayer app as it has 0 ads and has an extremely clean user interface, very underrated app😁",5,1,2.2.30,2024-10-23 11:32:51,,,2.2.30
6ee1e0d1-f812-4c03-b3fd-45d86367e3f3,wa mo,https://play-lh.googleusercontent.com/a/ACg8ocKBemQanLt_k69ZrdOgGVy9P4OYFxkwcFa9rKHarpRtVnSRwA=mo,Really amazing to have no ads. Very accurate time. Very easy to use. Best prayer and fasting tracker ever,5,1,2.2.30,2024-10-21 23:20:41,,,2.2.30
6bf3ca8c-7ab0-4e90-8930-703a756e0a26,Gulrukh Saeed,https://play-lh.googleusercontent.com/a-/ALV-UjWMlaS_aebOzO5G82U-NjamV2BafXqQ8Qts-4scVBHFRV90xraH,"very good app, alhumdolillah",5,0,2.2.30,2024-10-20 01:41:17,,,2.2.30
83be37e5-56ad-41d5-89e0-cdd124eaa98a,Emily Bush,https://play-lh.googleusercontent.com/a-/ALV-UjUihW_Q0VZa0N37cVYjECzIzfB4OsT9IJknDYUq_hQ0L8wS_mx_Xg,Nice looking app but the 'tracker' feature never loads,3,0,2.2.31,2024-10-16 22:33:47,,,2.2.31
f3d7f611-e1d4-4237-a5d4-b62a67c27cf9,Mustafa Jawansher,https://play-lh.googleusercontent.com/a-/ALV-UjWVfeRVPpWrTdcDwr3JCD39h-3vuInVNIE3N8qdHGbeMJB4x7Ik,"No ads, finally! It's so refreshing to see a prayer app without ads. The UI is great, and it even has prayer tracking, which could be useful for some people. There aren't any unnecessary popups or anything. The only problem is that the widget is way too big and not accurate, and you can't choose which adhan you want to play.",4,9,2.2.30,2024-10-16 17:59:26,,,2.2.30
62705911-1876-4694-aeb6-93d71c6c9415,Mohammed Firose K. A.,https://play-lh.googleusercontent.com/a-/ALV-UjXvCgs-PMB0ogoFe7MA-iVpPx24StEaM7u8m5RhRaiOKK6wP2hd,"Good app with good UI. But it only worked once in my phone after installing. After that, it keeps showing a gray screen whenever I try to open the app.",2,0,2.2.30,2024-10-14 13:03:24,,,2.2.30
e0b624c9-8923-4b84-a9e2-3f46b7a44097,Sultan,https://play-lh.googleusercontent.com/a-/ALV-UjVZ0znzi4Zq4RM8XCBxgbmxuq3P-Lm3XlVUmbULebuC5jpwTus,Perfect App for Muslims in this Dunya for prayer time and qibla. Thank you Pillars😁,5,0,2.2.30,2024-10-06 17:23:27,,,2.2.30
a287e075-b801-43c1-b6f3-edf1329b68a6,Nilofar,https://play-lh.googleusercontent.com/a-/ALV-UjW9iQycyCMLMBRpoZgaGeL73D_bX8Mi-raG0GgBzzCvvFuWHSz-,"Honestly it doesn't work at all, when I opened the app it kept closing the app🙁",1,0,,2024-10-04 00:51:48,,,
35fd6a2a-3e79-4e7d-b2dc-d35f9fb477ec,Asif Iqbal,https://play-lh.googleusercontent.com/a/ACg8ocJbzB8uYYyY0D5adaPN8CDlbF5tP4msFcNsb3L1R6GMfftV-z4P=mo,"I have a hard time keeping tracks, this works the best for me",5,0,,2024-10-03 22:44:50,,,
12f8f684-5963-4279-a2a6-77c7a58944ff,Layan Aljannan,https://play-lh.googleusercontent.com/a/ACg8ocK15qXU318VBSuW6RYmun_3InhjBeS5IeRXi-eFTPWeLEDZXQ=mo,"""This application is personally my favorite, but I wish it could include more features such as the Quran and its meanings, the Hijri date, and other useful tools.""",5,0,2.2.30,2024-10-03 17:38:07,,,2.2.30
be088cd9-f3d1-4a88-9cbb-889abc0dbe08,Ahnaf,https://play-lh.googleusercontent.com/a-/ALV-UjXqt4PPkWSaLU3VprXov2DfZBWHayAiEf0ADEIsa1oQZGUdeI3D,"Have been using this app since it launched and has been very helpful, I downloaded on my new phone (S24 ultra) but the tracker window does not work, maybe this a bug issue but would be very good if this sorted out JazakAllah Khairan",4,0,2.2.31,2024-10-02 14:17:55,,,2.2.31
818ad713-b42e-4411-a0fa-a7caca61300e,Basil Subh,https://play-lh.googleusercontent.com/a-/ALV-UjXxLCcdrf73ebwjcIU7YmXE2uYaeDKk816O282Fdx-Tq35cXNSQZQ,"This is a very nice and neat app. I do have 2 requests, if you could please add the Duha time that would be nice. And also a feature to be able set custom notifications would be fantastic. I use another app which has this feature so for example I can set up a notification for Tahajjud or I can set up a pre athan notification so say for Fajr I can set up an alarm to go off 15 mins before that is separate to the on time notification. I hope that makes sense. Jazakallahu khairun",5,9,2.2.30,2024-10-01 06:45:30,,,2.2.30
16203f6c-8c2f-4de3-96b3-fb41e9c4e123,Mohammed Rahamathulla,https://play-lh.googleusercontent.com/a/ACg8ocL6kfSl3nWw2qQwsfRldqME7b1KnKd9dNg5Z2u6GqfRoacOvw=mo,This app doesn't work in OnePlus 10R tried to update unistall reinstall but it doesn't work at all. Please check and get this fixed. Thank you.,1,0,2.2.30,2024-09-30 19:03:08,,,2.2.30
f7432797-9cef-4149-876f-5ef2d8a36cbe,027 Haidar Kalya Diar,https://play-lh.googleusercontent.com/a-/ALV-UjXCZmz9P42RUvjAwn9jE-aWLElXoa_4XNMXoPoRnoZySaddrtY,pillar has stopped bug,3,1,2.2.30,2024-09-28 18:33:36,,,2.2.30
bd7e5222-830c-45d7-96d9-814b68c20438,Imani,https://play-lh.googleusercontent.com/a/ACg8ocI5yoUFvfStgUKnkwVNtk5zpfPw7cIZUjiBKU4d9a3bO2Wk6fw=mo,No ads!!! Finally,5,0,2.2.30,2024-09-28 18:30:04,,,2.2.30
8ce95422-75e9-4ec6-84c9-5b93e5e182ca,Saad Uddin,https://play-lh.googleusercontent.com/a-/ALV-UjWRxZ-I5Vsg7pBHTtUagOEa31i6lf3GJi6K9BOSFKe5rbjSQuld,Well designed modern ui. Feature request: please add option to adjust prayer time in settings by fixed minutes so I can sync with my local Mosque. Thanks.,5,1,2.2.31,2024-09-26 02:19:00,,,2.2.31
77cd1df4-98f5-4060-8e78-a4c77f6e5de1,Ghulam Abbas,https://play-lh.googleusercontent.com/a/ACg8ocJvQdKJX2auTukGtljBazfYqTdcBNxjJvF6XoS_Lrx9-v2hhg=mo,so bad it is not opening I am trying from 1 day,1,0,2.2.30,2024-09-24 23:15:00,,,2.2.30
bf25c4cc-d01e-45c2-b2fd-1ad16091e089,Najma Islam,https://play-lh.googleusercontent.com/a-/ALV-UjUpSe3_CjccbBOsHgvEbQyKimq_ma33scTAW7U_T3F2CBRpT20EpQ,"Was so happy when I joined. Now, I find the app consistently crashes, the Athan doesn't sound despite my following all instructions. Would be great if it worked.",1,0,2.2.30,2024-09-24 22:54:07,,,2.2.30
a631df54-b5f1-4d55-804c-3f542e3f4a9d,Saiful Munna,https://play-lh.googleusercontent.com/a-/ALV-UjVDO9eZAOq-yaXWLaL4_E8aRAU6iPjHehFnNwMHk9CtGVzvug,"Assalamualaikum brother, this app works very well. But I'm worried about ISHA time. This app has a difference of around half an hour with all other apps. Could you please fix it. For example, its 8.14pm in the app for north Yorkshire today... But other apps says 8.55pm.",5,0,2.2.30,2024-09-24 01:06:52,,,2.2.30
168f88dc-cb30-4bea-9dbe-128f43952895,leen ahmad,https://play-lh.googleusercontent.com/a/ACg8ocJAfz0sCAYIk2f29ZXDQFq7Y4HFms3U3wQiDBA5KiYlhr-Dbg=mo,You have no idea how much this app helped me alhumdullilah I've been trying to pray at time for so long and this just works! May Allah bless you all 💗,5,0,2.2.30,2024-09-23 20:18:41,,,2.2.30
c81a65b7-3230-4d86-8756-25a6a3da2efc,Henna H Kabeer,https://play-lh.googleusercontent.com/a/ACg8ocKsQPprfn5ZPwGN0M4NavIoOaoyHW84nH_8jeynbI583zqvcQ=mo,"Amazing app!jazakkallahu hayr💓. just a small suggestion, can you add daily quran recitation tracker in prayer session? It would be very helpful.",4,0,2.2.30,2024-09-22 18:54:30,,,2.2.30
c61d238c-d017-42c8-829c-07d5b3821922,Mohamed Amla,https://play-lh.googleusercontent.com/a/ACg8ocIwmhEz1xV9BJJDSAssBwhzLTjZym3BJbWqaD-8doH_YUUP8Q=mo,So far so good,5,0,2.2.30,2024-09-21 22:09:26,,,2.2.30
f2d832e4-02e0-492e-944b-31e82e8815c2,Hanzla Mehmood,https://play-lh.googleusercontent.com/a/ACg8ocIP5MJ1J-fDVTDRdCUXENTVZm7W_coGjVKrAMtOPb_NOhf4yQ=mo,The fact that this app has not crossed millions kinda makes me sad. A brilliant app i just request and hope u keep on updating it and keeping the time and qibla as accurate as possible because its a matter of our religion which cannot be taken lightly...Thank u so much for this app!! May Allah bless the developer of this app and the team that does the maintenance and everyone else involved in this project....,5,7,2.2.31,2024-09-20 20:33:59,,,2.2.31
a3791793-f119-408b-af0d-4e3723977510,محمد رشید,https://play-lh.googleusercontent.com/a/ACg8ocKsaCc5cs-NyHjUgq7f6p7FcUnPLeYciQnNe2Qml2KN9JgTZRi4=mo,"Good, but we need more widgets for Android.",5,0,2.2.30,2024-09-20 18:49:55,,,2.2.30
9bdb264f-008d-4824-9e11-1f364225dcac,Dada Bhai,https://play-lh.googleusercontent.com/a-/ALV-UjUKvX7SQNI4eTm2PL6iezog1tIg2mLgU3zb8u6P5rfOEAmeqkNb,"Amazing app. Polished, precise and works beautifully. May Allah bless the team.begind this endeavour",5,0,2.2.30,2024-09-16 23:10:12,,,2.2.30
1613d7f5-4947-449b-b574-14f412cef188,Naseem Unnisa,https://play-lh.googleusercontent.com/a/ACg8ocJFBQIpX8uDlRf-_VYMUJRJq1kWIN9H7dSvOM17N-Hmpq5t1oVY=mo,I can't open this app in my phn Vivo Can I know the reason,1,0,,2024-09-07 00:43:41,,,
d3ac4116-c92b-4638-96ab-31a0ba5fbb5c,Mubarek Mudesir,https://play-lh.googleusercontent.com/a-/ALV-UjWGv9-dqVk5-Qw2Mq91pMlPNxmiYk-j3e2BGgpRdZz6kn4TrDg,💚💛❤️,5,0,2.2.30,2024-09-02 10:12:34,,,2.2.30
da080f65-3288-4fe1-96d7-d33a9e22b56c,Wan Luqman Hakeem,https://play-lh.googleusercontent.com/a/ACg8ocKFP5GspoZNLx0GzRK8qK-Np9E1ykAcjhI-n6ilg2Grjj6Erjo=mo,"Great app. However, the widget is not showing correct prayer times.",5,0,2.2.30,2024-09-02 09:14:35,,,2.2.30
55ea5a7a-e39c-4377-bd02-1469f11ea2dd,Shahid Afzal,https://play-lh.googleusercontent.com/a-/ALV-UjWspNp7Xe9aXvHj6Zx1DnIcO2Fb47SbM1vbvyn67tJQBmi0AdI,MA SHA'ALLAH beautiful application,5,0,2.2.30,2024-08-31 13:41:19,,,2.2.30
f4abdff2-0f8d-430a-9f25-54099104dc83,Fakhar Mushtaq,https://play-lh.googleusercontent.com/a-/ALV-UjV-TMGYm2mMuh-Tm79et9zRuET8FvI6VjC0Cg_ZBK5SNE89aEb3,Excellent with no ad.,5,1,2.2.30,2024-08-30 22:41:41,,,2.2.30
95332aff-6590-4421-9343-119ea6d7c83a,nakin44,https://play-lh.googleusercontent.com/a/ACg8ocJupvODZ37g_jmeWH-eEjl1t5mErqDTq5zZXVJTBtV8M8dgJW8=mo,Mashallah,5,0,,2024-08-30 14:58:04,,,
ce092ae3-c67f-423f-a3d0-4ffbf26e169b,Dini Rahmawati,https://play-lh.googleusercontent.com/a-/ALV-UjVAWUBwXPIPrhqKiY8Pmc1VM8YUsGL5hhbIIPGFLMbXA_hJrZ9j,The adhan times for fajr and isya is way off when you compare to any other prayer times available out there; I live in a European country and the difference can be an hour plus. I'm not sure what you use for your calculations but please fix this because it affects whether the prayer is accepted or not. The qibla feature also doesn't function even after calibrations.,2,1,2.2.30,2024-08-30 07:58:00,,,2.2.30
b8773e5c-83f2-4815-9838-0f776fcfb47e,Ahmed Mansoor,https://play-lh.googleusercontent.com/a/ACg8ocIkdc75IFFOLzeUnbDSd32eeiKcoVsip5fdlvhMnmRG45pAvw=mo,I like this app bc it's making me to close to deen I love it this app I'm so happy for this app that who make it,5,0,2.2.30,2024-08-30 03:28:19,,,2.2.30
35d245a9-9cf1-40be-8a23-0a5699b82132,Mustafa,https://play-lh.googleusercontent.com/a/ACg8ocJKjlQk9yIQQNVaOx1MJo0akpNgjyASnj-4sOK79oQtKgNdeA=mo,"It's not opening, it get's crash when i tap enable location, im using redmi note 9 pro max. I don't know why it's happening.... I've shifted to new place with my family nd it's best app I've used it before also but it's happening please debug it🥲",5,0,,2024-08-30 02:50:14,,,
f06b07b5-54ed-4d88-a57a-05c2b01db8fb,Abu Chohan,https://play-lh.googleusercontent.com/a-/ALV-UjWyfD_95kkc-pj6OWUYL7ThUFRxRBMk8_XQiKyl_EswQHxh9ymc,"Exceptional. Sharing with all friends, family and community. 10/10",5,0,2.2.30,2024-08-29 06:21:44,,,2.2.30
9f80105e-a796-4946-8e59-07ff5656187c,nafis ahmed,https://play-lh.googleusercontent.com/a-/ALV-UjUbXGMyqYYWDhm2Nuw0sHTMBYF0zbAeO55sCPjCSy3XcMa4wPtG5g,"Doesn't open, just struck with grey screen.",1,0,2.2.30,2024-08-26 22:55:01,,,2.2.30
7ff707d2-8f7b-494d-af70-f7679ba9c44e,Tasnim Tamanna,https://play-lh.googleusercontent.com/a-/ALV-UjUzCcb4PmyLqUQcLzqypdRqFLPspVgjGjOVlDVroj22A9kHrXaW,a really really good app i get to know the praye times I can track my prayers and fast it's really good I have another suggestion so when we don't pray a prayer on time we should double tap the mark but we have atleast praye it later on so u should give a light colour in the tracker circle so we can know that dark that is the normal colour is done on time light is not on time but still prayed and nothing means didn't do the prayer that's it thanks I really recommend this app💗,5,4,2.2.30,2024-08-25 14:07:15,,,2.2.30
5a9a2698-adcf-42d9-9989-5d2848759df2,Olumide Olusa,https://play-lh.googleusercontent.com/a-/ALV-UjVgsSfPlX9toeL59vj-sl-kqcWqPw_C2Ss8hB82II2LFfTmFg28,Easy to use with ads free👌.. Jazakumulah Khairan to all of the creators. Please consider including Islamic calendar. Shukran 🙏,5,0,2.2.30,2024-08-25 10:49:05,,,2.2.30
2640b2f6-b8fb-4b60-a998-b97b5236f6ad,Muhaymin,https://play-lh.googleusercontent.com/a/ACg8ocJUpad-W_3oB6TVDpwGjw02CyrfYvHw-dm9sHOnNG70phk94eL0=mo,Keeps force closing since recent update. Please also provide Wear OS support. No changes since and force closing every time when opening,2,3,2.2.30,2024-08-21 02:58:04,,,2.2.30
aea37043-25a3-4dcf-a8a4-1aed0fc3d3bb,Hutami Dwi Arthasari,https://play-lh.googleusercontent.com/a-/ALV-UjUFLj-y-8RxX9EwOB9A4FKfAZPTbOo6O-swkayuLDEYL3jjr2rBCQ,"I have turned off the battery optimization on my phone, but sadly, the adhaan notification is still not working",3,0,2.2.30,2024-08-17 21:28:51,,,2.2.30
789c2c11-1219-4620-95dc-0b39aa3f7902,Abdullah Chaudhary,https://play-lh.googleusercontent.com/a-/ALV-UjVVy8cBYQGzd4fYIpS6IDMSuMMK2a5tjSJOT_UB22THbPxYges,Assalamualaikum to all pillers team members I kindly request you to give my 6 month of data of the salah. because I mark there my remaining and complete salah and I want to complete that remaining salah so if possible then give my data . this was happened suddenly and app was crashed and I lose my data so If possible give my all data,5,0,2.2.11,2024-08-17 11:57:55,,,2.2.11
0edcec86-78de-4f9c-8bbf-7829f387c93b,Siraji Buule,https://play-lh.googleusercontent.com/a/ACg8ocK8R0zeiucScUhGx7pvFa8HQv-jLywVJPGvQYJ-eFrcoDadVg=mo,M.a this the best app I ever downloaded my phone,5,0,,2024-08-17 11:23:47,,,
0556efd7-b8b2-4069-afcc-a6b0553ffcc5,Khadija Nadat,https://play-lh.googleusercontent.com/a/ACg8ocKO3fvJBsRsWNUEcjL6tueI3ZcZKxTXJ2cRQeNurRui38lGIg=mo,"Update the app and make times accurate to location, also add quran and duaas to the app jzk",4,0,2.2.30,2024-08-16 03:58:30,,,2.2.30
3c38e47d-4f3d-4a14-8c85-7e5de55ffb7f,Nurdin,https://play-lh.googleusercontent.com/a-/ALV-UjXcdBJ4DkHgUPVPjyvuVSNJFoxxtvo4H8kghkCtxifmyaSlflVhng,Absolutely amazing app. HIGH QUALITY. No ads. Now I can focus on tracking my Salah without getting distracted by ads. May Allah (SWT) give you good deeds every time someone uses the app. Good experience,5,3,2.2.30,2024-08-16 00:22:10,,,2.2.30
633e7c52-3440-4a66-b639-1a28c1d12a20,safiyyah aina8,https://play-lh.googleusercontent.com/a-/ALV-UjU9IED9Li4DedLgWJKIOdJUp-HBFqu2qfVMOmr_o9Ex75o-mH9jEg,love this app so much,5,0,,2024-08-15 18:40:47,,,
8a6846af-75e9-4f44-86ca-6a53fd3da7ad,Google user,https://play-lh.googleusercontent.com/a-/ALV-UjWcsgwwlJ0XYeXFH50H4KO6ijPVN1Az8gt7xJ3_4EtXV5-3lhsg,App crashed and won't open,1,0,,2024-08-11 19:24:30,,,
0365b107-92b9-4008-a686-d5cf650f4fd3,vexoMC,https://play-lh.googleusercontent.com/a-/ALV-UjWAn23lK27Mh34lKOiadDtI5yrM0Li1W6uWppwhyw4RsQU-t0L6,Really good! No ads very clean ui i love it Tracker option is amazing.,5,0,2.2.30,2024-08-10 11:52:43,,,2.2.30
f6c87488-4491-4699-8a7e-228a633515e8,Naushad Alam,https://play-lh.googleusercontent.com/a-/ALV-UjULcPhu3cimlW9CS5srQcVbwFXchfjF3wf_K_AU1Ga__a51MXc1ng,"the app isn't working after recent update tried reinstalling the application but issue is still same, it asks for location permission and crashes after it. please fix this with an update ASAP",1,0,,2024-08-10 08:20:35,,,
1ade9616-f2cf-451c-875c-f99226d9f115,Irshad Alam,https://play-lh.googleusercontent.com/a/ACg8ocKd9tlb7mZxDIYj0BX5OnhQvzOTXCNWDRZDodMOMzlvzToFYt1O=mo,"First of all I want to thank the developers of this app for making such a good application, but at the same time I am very disappointed with the update. now I am unable to use the app as it starts and just not load anything, for your information I'm an android user. I request the team to please fix this issue ASAP, love your efforts team.",1,38,2.2.30,2024-08-10 08:11:43,,,2.2.30
8df4e6d1-10ee-4cb0-bd7f-477ff9d9c96f,AQSA,https://play-lh.googleusercontent.com/a-/ALV-UjXbvIXEY8jCOo1lQeVg8Z_FLILP1JPsDVkTH8xQ5hU2SmrIDcd0,nice app but i dont know why it ticks all the salahs as done if not used for a while,4,0,2.2.30,2024-08-09 01:57:52,,,2.2.30
195534f4-bb47-4c6a-aa7b-99183c2b89ff,Akramova Dilshoda,https://play-lh.googleusercontent.com/a/ACg8ocJ6e5pXdPKb05LlfenZ2Gv4dCAqs-yIsdavS5MJiVlhQ2fSNg=mo,Thank you very much,5,0,2.2.30,2024-08-08 16:49:30,,,2.2.30
601e391b-80eb-41f1-a74f-e177b90dff52,myiar,https://play-lh.googleusercontent.com/a-/ALV-UjXuWdamk1WB77yunMCnOWz-6GDiJiGmt3YPKwT0WMx0C-X99zCEXw,this app is great! however recently there has been this bug where the user just disappears and the app becomes unusable. i tried deleting and reinstalling it but nothing works. this bug is really affecting the usage of this app. please fix this bug soon! jazak-Allahu khairan.,3,4,2.2.30,2024-08-08 08:17:32,,,2.2.30
38fe1cb6-7cad-49cc-a4a0-4e2018e16b84,Md. Zahid Hossain,https://play-lh.googleusercontent.com/a-/ALV-UjX5w-JbualiYY4KEheZtxw9NkXS5H3nKF-51wFHVPx4DIIn9z8R,Alhamdulillah,5,0,2.2.30,2024-08-06 18:17:58,,,2.2.30
786436e2-e5c8-40fd-833b-e352fd0be01b,Nicola Ann Tunley (Aisha),https://play-lh.googleusercontent.com/a-/ALV-UjU4FMBKyD292fLCnWYoKQNAANaZplYr77mUvKliCKQVS97lch8t,Alhamdulillah!,5,0,2.2.30,2024-08-06 18:16:51,,,2.2.30
9b35f76e-f470-4316-8041-5b1975c2eb93,Heshaam Qureshi,https://play-lh.googleusercontent.com/a-/ALV-UjVb5ysd7-q-GQw94lYrY7e170VNghOJ5dN4h6QZDhJamYn_DbQ,"Great app for tracking prayers, checking prayers time, and qibla direction. Also sends notification for prayer time. Would recommend to any Muslim.",5,0,2.2.30,2024-08-04 17:44:31,,,2.2.30
8bb7c0ce-3454-4293-975e-05dd4adf4832,Salwa Mohamed,https://play-lh.googleusercontent.com/a/ACg8ocK-ib9S3T8iUN-oZZw3fjC4Jsao1m_2KOscthMXeo4OYkMIKCo=mo,"Good app, no ads, sleek design as well",5,0,,2024-08-03 01:36:39,,,
11e053d5-4687-4366-a8dc-1e357aa95476,A,https://play-lh.googleusercontent.com/a/ACg8ocJwvvBpRoLHoawM5fNHYdd7mg-NTejFzOjKPO7jwxVxGe7phw=mo,Amazing! Much better than Muslim Pro. There are no ads or paywalls as far as I've seen. It is very good for prayer times/reminders. I have not used its other features but I am sure they are just as good.,5,4,2.2.30,2024-08-01 07:38:12,,,2.2.30
b904bd99-255f-45ae-a445-933751b43333,Isma'il Mustafa,https://play-lh.googleusercontent.com/a-/ALV-UjUVnP2t4SEvie6qKtMhggxZw-sxrgFfwKS9o4jEupLaQIJWAo2H,They're making it too complicated. I don't want it to always need my location so I can check prayer times. You had a good thing.,3,0,2.2.30,2024-08-01 02:46:38,,,2.2.30
ae819a17-99fa-48e2-a798-42fe6799d216,Unknown Page,https://play-lh.googleusercontent.com/a-/ALV-UjVNi1Gg_wfmQ8dhlAlAiBRK4Z4tyFh5cx6tzhSVTK7YE4ZDc25y,Can you please add tahajjud prayer on the list?,5,0,2.2.30,2024-07-31 20:48:39,,,2.2.30
2070081a-94c4-42f7-bbaf-84ba3a53623a,irrfan jamal,https://play-lh.googleusercontent.com/a-/ALV-UjXl-I_xXKFcYUurApIskEwpOOL7cqiDKHXsr9b_AF_cYR5zEsm0,"The app itself is amazing. Must have for every Muslim. If this had a tasbeeh function and qiyam, if possible I'd even give it 6 stars",5,0,2.2.30,2024-07-31 15:29:00,,,2.2.30
d49b5b0e-cbe0-49d6-8353-9d74fef3df09,Ali Khan,https://play-lh.googleusercontent.com/a/ACg8ocJOOkIBBoD2KqnQjuIG0EBd20Sg_5XhPuFukwPfsE1Fml2vYA=mo,mashallah,5,0,2.2.31,2024-07-31 02:30:12,,,2.2.31
9dea698f-210f-4fe9-836a-f8ebf068df23,FATIMATA DIALLO,https://play-lh.googleusercontent.com/a-/ALV-UjUh-CRfuzJryAulPJ7Ws46WrjQGOB-RIQlqLBi3UqhXRTsI7M_B,"Guys use this instead of muslimPro, which is owned by non Muslims ☪️",5,1,2.2.30,2024-07-29 15:10:47,,,2.2.30
cadc8df8-7c63-402d-84f5-77305148fae8,zaude macatangcop,https://play-lh.googleusercontent.com/a-/ALV-UjV8LaCZiTo69KvD8n1n51-6O1vsXsYSRsUvNfZoQQlMoV7jaT8,wrong qibla here in the philippines,1,0,,2024-07-29 06:48:00,,,
a6dcd402-a708-4185-b426-59df060df2d3,Raji Malik,https://play-lh.googleusercontent.com/a/ACg8ocK4v-U4M5Fs8TmWprnEyVP4N9r7_hVJ2HPhVC3LcQn1WadPag=mo,Best solah tracking app,5,0,2.2.31,2024-07-28 14:08:47,,,2.2.31
4586d8aa-80ff-4ea5-a44d-9229406dc5fa,Abdullah Khatri,https://play-lh.googleusercontent.com/a/ACg8ocLrPnWjgDa3bWyo_VvCMO0S7O5MKWhR6Oo1whCkO-FSU9Qk9w=mo,"The perfect app. However, it doesn't update timings when I travel. And has a bug where when you open the app, it goes to a blank screen. Been persisting for months. Finally quitting the app.",1,0,1.0.1,2024-07-28 02:56:42,"Assalamu alaykum!

Barakallahu feek for your review. Alhamdullilah we have now added the widget feature to the app.

Please check out the latest update!

Kind regards,

The Pillars Team",2021-09-07 18:04:56,1.0.1
1d2763c5-1ba7-4fdb-94ea-b3a65b9db69e,no one,https://play-lh.googleusercontent.com/a/ACg8ocJP0avSFkMDkq5rOfBzzHRn4QffSXBZVw2rAX-D70n98piS=mo,"There is no Ja'fari or Tehran calculation timings, therefore app became useless to me and had to uninstall",1,0,2.2.30,2024-07-27 01:05:41,,,2.2.30
0f595a00-ae0c-4c7c-9f97-fbc2ccdaeb25,Ghenny Sadallah,https://play-lh.googleusercontent.com/a-/ALV-UjU4KazD2eXLfdnCCRFUCXT1x-p3Jozr_HKG9o_qoWKlwY3SoTve,Clean UI and accurate prayer times. Prayer time accuracy is pretty good. But when i go traveling some prayer times are off by hours. If this could be fixed it would be great. Furthermore the app is great!,5,8,2.2.30,2024-07-24 02:24:57,,,2.2.30
0a69ecb7-de0e-4595-82a0-8fbdbaf616d5,Elhana Nuredini,https://play-lh.googleusercontent.com/a/ACg8ocJ3qagaYdRNEfBt9Fv1dqryBz-5nE5e-h2pgvagqvDhM_MIRQ=mo,I think ìtts good i really love it good and for kids to all you pople should try it its really good for muslims and makse you pray cause somtims i forget to pray soo this is good,5,0,,2024-07-21 04:43:24,,,
13da1838-28aa-4da7-8e5c-9b9a06f606bf,Luna,https://play-lh.googleusercontent.com/a-/ALV-UjVqThU8E8DZLNlOmhTUP212xh8jmi_gSxgNczFUmoIsN7_mj7g,"Thank you, great app",5,0,2.2.30,2024-07-20 08:42:32,,,2.2.30
34243343-990d-434c-972b-6177d7fe3b35,Ayan Hanif,https://play-lh.googleusercontent.com/a-/ALV-UjUIk3yP_9e93N_WRB_qePCUV2M1xfe_hmZX38vd63tpUdUJahA,"Has everything a Muslim could need for tracking their prayer times etc. I'm a 13 yrs old boy and its complicated checking the paper tables or prayer times, but this app is absolutely perfect and I can set my school of thought that I follow and etc. Mashallah for the devs!",5,1,2.2.30,2024-07-20 02:40:45,,,2.2.30
e5ed0b1f-ab6e-453a-883d-d33e3a44fde2,Omowumi Hikmah,https://play-lh.googleusercontent.com/a-/ALV-UjVp9cSIsMASIVOOV7ugtuHd2Qp-VNctkaisL__k7aRAJTxR6brD,I love this app just that some time like this it's stop calling the prayer every thing else is good except that problem I experienced once,5,0,2.2.30,2024-07-17 13:59:56,,,2.2.30
d4e78307-4785-4b3a-bae5-bc41ffade9b8,mathematichen,https://play-lh.googleusercontent.com/a-/ALV-UjVpfMwZSg-VOFKMC8Ew9LaqybSavtMTQ7DvTUpL24hTfnT-mtud,"""Privacy-respecting"" but proprietary lololol who are you lying to",1,0,2.2.27,2024-07-12 03:00:07,,,2.2.27
f0e63de1-b27a-4f50-828c-a9ad7ce5bc49,Zubair Mohammad,https://play-lh.googleusercontent.com/a/ACg8ocIU0rSvYlTUy5Il7okfldrmaRNervpd8LGuwh0szcAYuoGm8A=mo,"Great and simple. But it would have been better if it had Quran, hadiths as well",4,0,2.2.30,2024-07-11 14:59:38,,,2.2.30
fdc90664-fd21-4497-9e2b-87acfac41960,Akbar Sabar,https://play-lh.googleusercontent.com/a-/ALV-UjV0DItW5M2nmKQXK9BBGDof7zYDxcjWS_a8dIHKYBXstP9oItZTWA,"After installing and clicking the ""Enable Location permissions"" the app crashes.",5,0,2.2.30,2024-07-11 04:52:43,,,2.2.30
cad0ae45-558c-4eef-99e7-ec5022162954,Farhan Tanvir,https://play-lh.googleusercontent.com/a-/ALV-UjXR-VMLgbpbNdgWPYdgF_G8h6AsVcMlfnykmaUXKrXGy79AFCvA,Best Prayer App by far. May Allah bless the creators and reward them Ameen!,5,0,2.2.30,2024-07-10 17:54:48,,,2.2.30
82ca7235-ce8a-4651-8b38-8e849f53680b,M H,https://play-lh.googleusercontent.com/a-/ALV-UjVBKhm0gJ48fL5T7wzspQSsKxHgXSxvVQuoPRoKT_b0W7fMV_y7lw,The app doesnt start,1,0,2.2.30,2024-07-10 12:57:00,,,2.2.30
a7e09b55-806d-4b38-a8a0-76abcb7b30bb,Iskandarbek,https://play-lh.googleusercontent.com/a/ACg8ocIU0CZdH1gEXUZXZtOmGZ9Hjim8lwtqszuSgQ7uVVzfmRF-Fg=mo,I just downloaded the app. Next -next - enable location permission - and crashes.,1,1,2.2.30,2024-07-08 22:29:29,,,2.2.30
4d557d23-9e73-403c-8b3d-7e289209bd65,Fares Bessrour,https://play-lh.googleusercontent.com/a-/ALV-UjU_mIiQz2NPKIwmv_CpVkfTKt4n2fdVxQxrJ4pTfL6m1N3UTQKK4g,"It doesn't work if I don't enable Location services, I suggest giving an option to enter the location manually Other than that, love the design, you should distribute this in F-Droid too",4,0,2.2.30,2024-07-08 07:39:51,,,2.2.30
48108fae-2d8f-4129-b364-97a51df64c32,Halim Miah,https://play-lh.googleusercontent.com/a-/ALV-UjUVr2cW_9oHTwvg8da1WjRiAIeQxi7DF4Ww45AiTFEsaQW7IMfGqw,Nice,5,0,2.2.30,2024-07-06 02:01:25,,,2.2.30
23052e2e-2720-40e4-a228-5e36bed0aac0,MAHASIN ANSARY,https://play-lh.googleusercontent.com/a-/ALV-UjUhCCNj1yOoPDKuQsTvN8ak7kSZ0AUgByieqOGg8p5IOuwNAvsm,I was in love with this app's UI. But now it's not opening. I did everything to open it but I can't open it...plz fix this.. I'm a android user..,5,0,2.2.30,2024-07-05 19:58:59,,,2.2.30
cdc01196-f78e-40ba-b9bd-af7f34790d17,Mohammed Ibrahim,https://play-lh.googleusercontent.com/a/ACg8ocLtsO8Z3sQkUF7yfSyUSiYCzq5NW4BDLFtZWvSGrapMqsvWiw=mo,The app is amazing much more easier to use the athan.,5,0,2.2.30,2024-07-03 02:30:23,,,2.2.30
eee9cc32-73c8-4a19-8ffa-511f926d3b44,Mujtaba Syed,https://play-lh.googleusercontent.com/a-/ALV-UjWDUir1WrDQNeJyLRs1moWG175k3AL8LDFWo7zqhR3ltYotJ2nk,"I am not 100 percent sure about other places, but in Medina the adhaan timings on the app perfectly match the adhan timings of prophets mosque and local masjids.",5,0,2.2.30,2024-07-02 16:31:04,,,2.2.30
de379188-006f-46a7-af04-236faa53bec0,Bilal Ahmed,https://play-lh.googleusercontent.com/a/ACg8ocJZIrtaCUPTh48VlDJcjADKRTkNaR9_O2Ol7KEFTHNHU_A9YA=mo,An app with great features Really useful.,5,0,2.2.30,2024-07-01 23:02:07,,,2.2.30
9f56073d-08c8-48f3-96b1-fa2d89b47645,Mohammed Haroon,https://play-lh.googleusercontent.com/a/ACg8ocLHHcqc0s_LQgwqewvh6OiAdcuA8P2U4y3p6-WK7ysjMSj7Yg=mo,App doesn't work waste of time don't download,1,0,,2024-07-01 14:11:57,,,
cbba0a09-26dd-41f6-9dec-eb98b9c7552a,Ather Ahmed,https://play-lh.googleusercontent.com/a/ACg8ocLP1G6dIKD5PjAccqd0noMwfapOV5IOV3Hsl2fQZMyRmF1uhP3X=mo,"Very clean interface and 5 star app. I still got to do the work to earn my place in Firdaus, but this app is a helpful tool in that process. There are some more features I wish for, but the app is so clean and uncluttered I am happy with it.",5,1,2.2.30,2024-06-27 21:53:16,,,2.2.30
f452f98f-c40f-4571-a53d-71c057dcb3bc,Muhammad Fahad Sheikh,https://play-lh.googleusercontent.com/a/ACg8ocLu5Zbm8GLKD2pgLtrtHzDUC6sepC-SgI8PSnbKM4K9UFTIVg=mo,"The app is not sounding Adhan. Before, it was Okay. Now its not working.",4,0,2.2.30,2024-06-27 21:06:02,,,2.2.30
10385103-77ff-48f2-bdcb-a7959ff9afdc,Riyan Syed,https://play-lh.googleusercontent.com/a-/ALV-UjWkSAFLqVz6oxd8Wcj1Iegi4PYutx4SFQUiSOUflI3JGplb4Y0,Have some issues but no ads I can manage,5,0,2.2.30,2024-06-25 21:52:48,,,2.2.30
a95078df-b04f-48a7-97d2-f82c05ad53d3,AlAmin Abdullah,https://play-lh.googleusercontent.com/a-/ALV-UjWl3_FDPEz08eqgptqUz7dySNd7Kf0BEcA-ZuYWJ2kgPzoLCwo,app crashes when location is denied,1,0,2.2.30,2024-06-24 23:26:15,,,2.2.30
99ef282c-c8f1-4a99-b94e-365fff6b8c1f,Mohammad Naqaweh,https://play-lh.googleusercontent.com/a/ACg8ocJMPJ5Hy7eZ4v_zaLuXyEYs8cbyCXsd8ORIdJPwQsA58JX0iA=mo,"Great App experience, i love that the app has no ads in it, unlike other apps in the same category where with every athan you get a pop up app. My only issue is the inaccuracy in the time of athans, here in Jordan every prayer is early by 5-10 mins, this is okay with every other athan except for Magrib and fajar where if a person uses pillars as his reference his fast is invalid. Please take alook at the times since i am moving to Germany soon and would love to get accurate times. Thanks",4,3,2.2.30,2024-06-21 22:58:30,,,2.2.30
27f6b914-60a4-4f82-8d5d-d658dcf8d070,aizah,https://play-lh.googleusercontent.com/a-/ALV-UjXuxxhiuBHiAzKUT6Mg1zk_q2XsXlqJ8KnYP26311yjx04rFQ9Ubw,"I love this app, it helps me alot!☪️",5,0,2.2.31,2024-06-20 04:14:03,,,2.2.31
ff2ef7cb-0c96-4099-a68c-c08fc3b7f6dc,Firas Alkadmani,https://play-lh.googleusercontent.com/a-/ALV-UjVcvReHOR70hzJGCHFyQwppMH6nH0bh9WVLWDeuIfQLSAla80Y,Great app but sometimes there are notification issues but the app gets uploaded all the time so i fully believe it going to be fixed soon,4,0,2.2.30,2024-06-18 00:52:03,,,2.2.30
1db53619-0f79-49a7-8946-3ce17ccf4c46,Fattah Arif,https://play-lh.googleusercontent.com/a/ACg8ocIbFeQcyirVvjrbjtynPtOjvFBmefwxjW5xAMdx0ZazA4-7RzQj=mo,The widget shows a different time for Fajr salaah than the app itself. The widget still shows the wrong prayer time.,4,1,2.2.30,2024-06-16 09:55:52,"Salam Alaykum, we have released a new version addressing the wrong prayer times on the widget.

",2024-06-07 00:16:44,2.2.30
7faf25f3-2d6d-4cae-a5bc-5a85111e1ee4,Tanbir Kabir,https://play-lh.googleusercontent.com/a-/ALV-UjXjUbmt8ZrFDeRHFqU294fiYhfv-1JvGtDftKeoihs3rKP8pm7K,Please add sunset time. A LOT of people been asking for this. This is needed to know when the forbidden time for Asr is.,5,0,2.2.30,2024-06-14 18:15:51,,,2.2.30
cf927a76-2e29-4c30-8bf6-524390d71382,Tooba Shaikh,https://play-lh.googleusercontent.com/a/ACg8ocIgqa_mbVGvo_KVHjKubVnk387xBaQ2YjKFKhgTKHN5SMDD1g=mo,Amazing add free app,5,0,2.2.30,2024-06-14 05:18:35,,,2.2.30
3c322265-aae7-4564-b7dd-5a97aa1eb1c0,Ahamed Abdullah,https://play-lh.googleusercontent.com/a-/ALV-UjU-3YN5OhYn5P34a8kiigJu478HPGIGlMQOgVJ5KoZo5APESA6dmg,"Need option to track if prayed on time in jamah or alone. Prayed late or missed. Should be able to access application without constant bickering to turn on location, if location is turned off just have a fallback to last known location. Give widget where we can have a prayer tracker",3,2,2.2.30,2024-06-13 23:45:17,,,2.2.30
2d7c02f6-a52a-44ce-a37d-e069008975fe,Rahat Aayaz,https://play-lh.googleusercontent.com/a-/ALV-UjXdCfs4yZBPMIotNjyIcIS6h6vWY-LFjI3aAg28fNx1_regnGS-,"Assalamualaikum, App is great. But doesn't have salat time range and forbidden prayer times. Everything else is beautifully crafted❤️. Kindly add these features ❤️",4,0,2.2.30,2024-06-12 19:10:25,,,2.2.30
d2e072b3-02b3-4ec4-bcdd-037761149532,rsha Omer,https://play-lh.googleusercontent.com/a/ACg8ocKTAabazU_rTFB6QJIyOPZhR5pOSBFT4yNBKBSMbW0sMRI0VA=mo,May the team add a quran as well to the app,4,0,,2024-06-12 09:58:50,,,
df70b8e7-40fa-40c5-aa1d-d68a30451016,Mahdi,https://play-lh.googleusercontent.com/a/ACg8ocJ9h27m7nqR6_NYPdG67mb9RzixFhuMpOwAF8Uh82aHXY38kw=mo,"Keeps crashing, can't even set my location",1,1,2.2.30,2024-06-11 03:40:51,,,2.2.30
13e9fe10-07c4-4137-a690-5d6d8786d0af,Hammad S,https://play-lh.googleusercontent.com/a-/ALV-UjUA_CtGaVlawfVpbUc-sf-TX4SK5Nz-m5GAsMiS8zcQyE9qzh4,"The app itself, when you open it up is good but the widget for Android, shows the wrong time.",3,1,2.2.30,2024-06-07 12:23:25,"Salam Alaykum, we have released a new version addressing the wrong prayer times on the widget.

",2024-06-08 23:45:00,2.2.30
cacc5a6e-fb7b-4761-81ce-0588be93cf07,Syeda Umber,https://play-lh.googleusercontent.com/a/ACg8ocKPfsZYv62R58Cc0cJxMZ1yttrelmhK23BbRVv8FJu7fbZsag=mo,best app for duas Alhamdullilah,5,0,2.2.30,2024-06-06 11:28:40,,,2.2.30
d814f3cd-9e1e-4aca-9b09-e12179d0874a,Amin Jabar,https://play-lh.googleusercontent.com/a-/ALV-UjUDV5INNUg9_1-u_XFyjCw7S5U81crmWO0d190Tt8m8bwM2TX_z,Minimal and clean prayer time app and ad free.,5,0,2.2.30,2024-06-03 18:37:12,,,2.2.30
a9ef1cb0-cbca-4721-bc56-0678a0ffee43,M,https://play-lh.googleusercontent.com/a-/ALV-UjUlUQKIu-cYEITece1Pe7h7IHIwBvSKolOWPwtkrWOKTXiuj_EO,"nice, simple, user friendly app, but please add arabic language option. add an option to choose athan that's downloaded on mobile. make the widget background transparent",4,0,,2024-06-01 19:13:19,,,
f2a3331d-80c8-4f1a-a1db-2f100991960e,Mrs.Salma Zaman,https://play-lh.googleusercontent.com/a-/ALV-UjU1SDrnEcW8GDudA6sF8pzE3jZU-seNvo5S--ulxIQYKCXe9Fs,🌷,5,0,2.2.30,2024-05-31 17:42:10,,,2.2.30
43240a35-efd3-4998-aaed-82c74e07505e,Nora hime,https://play-lh.googleusercontent.com/a-/ALV-UjWea_wxbQnPBNCS9cjSOTNB9aiDwbo8RQA0nclKVxcLnhFJB48,"Would have given it 5 stars if not for the widget showing wrong prayer time for fajr! Weirdly the app & notifications are showing right time, only the widget is showing wrong time!! kindly fix this!",3,1,2.2.30,2024-05-26 14:41:26,"Salam Alaykum, we have released a new version addressing the wrong prayer times on the widget.",2024-06-07 00:16:20,2.2.30
0247cbf9-cd9f-486d-a149-afa5a4561ff2,Shamna Thajudeen,https://play-lh.googleusercontent.com/a/ACg8ocJ6E_LGa3nFEnZ1N1kvcQhY20s1A3PpGIR0CBWm73Pndt_F6g=mo,The best for muslims out there !😭💗,5,0,2.2.30,2024-05-26 12:33:15,,,2.2.30
007a74dc-1f6a-4a7c-9b3e-cfaf95fb4309,Altasha Khan,https://play-lh.googleusercontent.com/a/ACg8ocJxB0cqG8QGV05SsLvOTquIJ8ajWnfGvN9NWmF8xG0-VLELxA=mo,This app was so good I am from Delhi ncr it's used to play all the azan on time without autopilot more now this app need my location all the time all the information disable battery optimisation why should I use this app now if you don't rectifying this I will uninstall this week,1,4,2.2.30,2024-05-24 19:31:48,,,2.2.30
a81a40c3-37fd-4eb3-9d62-2c4cb2d8cfca,amanh rahd,https://play-lh.googleusercontent.com/a/ACg8ocItnxztWTmryjHILw6pFirWGk58at1_aheJEqkGCJ2VqSAefA=mo,Mine's not working 🥲🥲😭😭😭,1,0,2.2.30,2024-05-24 18:53:58,,,2.2.30
0b3e6262-bc6e-4d09-951d-0aa8c2d88520,Mohammed Nasser,https://play-lh.googleusercontent.com/a-/ALV-UjVeIRw_HfdxAxTJUrErhnNM7INu1EcLnxgG6a82KXr2Jgc8V6Xd,Jazakumallahu khairan for this amazing app ❤️,5,0,2.2.30,2024-05-21 00:16:56,,,2.2.30
a169697d-b354-43b9-97aa-a7aa67a47085,Khaled Labib,https://play-lh.googleusercontent.com/a/ACg8ocI3hLvL4aDx9ziHkY4FAG_UrAKhwnR1V7QrZGOlIIql6zgNsw=mo,"My normal notification sound isn't working even when I set it in the app, but the adhan notification sound plays all the time.",4,0,,2024-05-17 00:24:12,,,
7d6119b7-a99e-40ac-ab49-7075f3132ac5,Noah Laidlaw,https://play-lh.googleusercontent.com/a-/ALV-UjV0ruKrxKxTkxQo6-WX6lroIeV5BgrhEkSppknqJGjZPEo-3Us,A useful ads free app for prayer times. Has some cool extra features as well. Nice colour scheme and beautiful UI.,5,0,2.2.30,2024-05-14 17:02:28,,,2.2.30
465f610f-1084-4206-af2c-74ae50739e26,muskan malik,https://play-lh.googleusercontent.com/a-/ALV-UjUzgSUGiGHWvuBBtq1mKnTQkVeX03D6NcrhVy4pBzdtmu4vev_7,Amazing 🤩,5,0,2.2.27,2024-05-14 11:21:27,,,2.2.27
bb5db0b4-fda5-4d6e-9796-1c1d3bf03726,Aisha Mohamed (AishaM2),https://play-lh.googleusercontent.com/a-/ALV-UjUfZAUdhC7L68VF5VG3-P1zpGhiOvAjs5Avj165VJbMKvwbdFg,I love this app but for some reason it keeps closing itself when I download it!,1,0,,2024-05-14 02:37:25,,,
406d6ab9-c8ca-4166-9cb4-ca75fe306116,Yusuf Renard,https://play-lh.googleusercontent.com/a/ACg8ocKnPdqLTrACpnXybBmVAJvAgq9RCaxWPOs3AOuKlrLGDd8znvDH=mo,Great app with no adds.,5,0,2.2.27,2024-05-11 14:02:28,,,2.2.27
53a0670d-1f14-4cd3-9f40-e6e940c77120,Lily Islam,https://play-lh.googleusercontent.com/a/ACg8ocK2zJQbjqT6Q23fSWBmNL0-xMfCulRMiKHeCpUZM2VQOYA4ag=mo,Notifications not working,3,3,2.2.30,2024-05-11 03:20:14,,,2.2.30
401e4379-ad35-41dd-891b-40a661e201d2,Shafiul Islam-Mehdi,https://play-lh.googleusercontent.com/a-/ALV-UjV72LS6DG70Y5_FF1dG0I2Dy0Im62zYUf9M3EUWT7IKy2b2POX_,Notifications not working,3,13,2.2.30,2024-05-11 03:11:34,,,2.2.30
cc35f407-966d-4856-9fa1-1f1e03f63366,Muaad ElSharif,https://play-lh.googleusercontent.com/a-/ALV-UjW8U0I608Hr7Y28fgz3kSYpQM6AqBGiKun3GmR8Vk04M3qcv7RC,I am unable to pass the location permission on two devices. A10 and A14. Please help.,2,0,2.2.30,2024-05-10 23:31:12,,,2.2.30
00a22231-6f25-444b-8ea8-e763736fab2d,Sial Ahmed,https://play-lh.googleusercontent.com/a/ACg8ocImRcMB-O-CH6fRaIRzfMHVuDY1FYFV-iZgQNuZHrxbCh1Zpg=mo,"love the app, nothin to complain about , just want a lil confetti when you complete your prayers for a day , even if they were late , maybe give less confetti or something than when you complete them on time :3 also, it would be nice if, in the future, there was an option to track which day u read the quran, overall , great 👍",4,0,2.2.30,2024-05-10 20:12:39,,,2.2.30
d6560274-f370-43e9-ba9f-253ff0c94266,Mohd Saad,https://play-lh.googleusercontent.com/a-/ALV-UjX-Hcu-z1j2wTCsvad3Vga1GBMEpTcUnWcuVsxQePdRxmSGnj6-,great app,5,0,2.2.27,2024-05-10 10:35:44,,,2.2.27
e2aa6ba0-7390-4acb-9787-71b07349a0fc,mobin ahmad,https://play-lh.googleusercontent.com/a/ACg8ocIgb4ChiS2XjzYr0u3RaApBGxxWr37vElamzjiLLSVZNQXNvNc=mo,Useful,5,0,2.2.27,2024-05-09 17:02:59,,,2.2.27
5b9cfdd0-04de-4437-bcf0-5746b1a2be22,Nur Afina,https://play-lh.googleusercontent.com/a/ACg8ocKcnLuAJ1HtmHS3OrVQoeb2rLheFyHnfJg9FmYTu3P6Rudqhg=mo,Very good app,5,0,2.2.11,2024-05-09 14:57:34,,,2.2.11
34f46be2-bf35-478b-8c4b-edb4571cebea,Marsha Piang,https://play-lh.googleusercontent.com/a-/ALV-UjVykp7x0OsDWjQsSTji3OMQJC1hXoVGn6P-lE4j0HrmSF-iG56S,i love this app 🩷,5,0,2.2.27,2024-05-08 22:36:31,,,2.2.27
64340cad-b95d-4aaf-9fca-283d84a25e35,Murtaza Zafari,https://play-lh.googleusercontent.com/a/ACg8ocLqkdMIet2n7f9X0qrW3VBAWEEIS19cTHhqSW1NRMDUgUh7TQ=mo,"it's really good at what it's for. my favorite feature is that it only shows you your prayers by day, not by week or month. which makes prayer far less overwhelming. This app has contributed heavily to me praying 5 times daily, may Allah grant the creator the reward ameen 🤲",5,0,2.2.27,2024-05-08 15:56:53,,,2.2.27
efcfafd1-0f7c-4c28-83e2-766fa1523ba7,Ahmed Saab,https://play-lh.googleusercontent.com/a-/ALV-UjUHNpKGvUWQnR3v3RkcFWuvN1XRfFVc5WxeHvmsEiuAQNIFm48,Best Islamic App I ever used.,5,0,2.2.27,2024-05-08 13:12:12,,,2.2.27
ab00ccb4-ab87-4903-88e3-acc0cb03839a,Yousaf Shah,https://play-lh.googleusercontent.com/a-/ALV-UjXIDILrNouzY1a59qBA7herJXQt9N6rbMyCmPd8Wg1eLoDKc2Se,awesome sauce,5,0,2.2.27,2024-05-08 08:16:07,,,2.2.27
faff48a3-0075-48dc-9427-e2fec93519a8,Safa Rufai,https://play-lh.googleusercontent.com/a-/ALV-UjVD70YhGCzO7lC8aOvvClDzEEioBAmdqCJSI6FKssEU5P0EhFZy,"Alhamdulillah. I have my own self-struggle, but it doesn't let me down, no matter what. I never give up, no matter what situation I face. I still am a resilient person. May Allah SWT guide us to the straight path and forgive us, and have mercy upon us. Ameen.",5,0,2.2.27,2024-05-08 03:39:55,,,2.2.27
b2f08806-e60a-4afa-9f96-0b47f3d82683,Aneeqa Shaikh,https://play-lh.googleusercontent.com/a-/ALV-UjX28WkcOV7FbXr8lFypnYwUOCGVKrMBBveIfLIohXD1j9c2SQY,"Fantastic app - such a lovely interface and really drives me to engage with salah, supporting me with tracking my success, knowing the correct times and finding the qiblah. It has changed my life.",5,4,2.2.27,2024-05-07 21:13:11,,,2.2.27
2e34f28e-7962-4ef6-806d-f8b1e764da41,Ahnaf Ishrak,https://play-lh.googleusercontent.com/a/ACg8ocIjLGxn9yu1ZuwSEVja2coaGl-97oCvkuNDi4FlvOCjBQmVog=mo,This app is really good... For real thanks for creating it... btw you should fix the qibla compass it ain't working well.,4,0,2.2.27,2024-05-07 20:53:46,,,2.2.27
6876a12e-645b-4c90-b526-e6d5bcd3086b,Omar Hussein,https://play-lh.googleusercontent.com/a-/ALV-UjUyaeZYk8aiZqTEJi8BvL3eJH3LSANP8TcXEtpaNfCAUy_guefa,"Make an update for the summer time please, egy time",5,0,2.2.27,2024-05-07 17:03:49,,,2.2.27
bc8a8ed0-e621-4dbb-9302-a8e24d9539bd,Hiba Sudheer,https://play-lh.googleusercontent.com/a-/ALV-UjUa0rhRlRdj46Wj6IMB6lRjG4eOT_2V7f_beJBQO7NIlXJBd0cB,Every Muslim must have this app!,5,0,2.2.27,2024-05-07 16:08:32,,,2.2.27
97a38ddb-3b44-4d23-81e6-c3ac19ed9000,Looth Abdulla,https://play-lh.googleusercontent.com/a/ACg8ocIh65YoVcf9RHcQAVwtd5DZTXMHEUvJTmBRel696xTPH8bnu4o=mo,"I highly recommend this prayer tracker app , it is free, and it helps out a ton!",5,4,2.2.27,2024-05-07 14:53:17,,,2.2.27
a1e09078-2618-479b-a50c-d7617c035f77,Heather Comstock,https://play-lh.googleusercontent.com/a-/ALV-UjWvi1RJA1gJAFT6bypXGJFtlV9gy7o_mfAxNxzc3vC9wG8TugWh,"This app is amazing, and so so helpful. I reverted about a month ago, and it has helped keep me on track with my Salah. I can't thank the people who made it enough!",5,0,2.2.27,2024-05-07 11:48:11,,,2.2.27
bc9657f8-16fd-497d-8bcc-a39ef384b565,Malyah Moore,https://play-lh.googleusercontent.com/a/ACg8ocL0UUJlueZKFxwrZcXRWK-T_qUdO2A869kDC4borg7L22FwLw=mo,I really like that this app Does Not share my info and no ads. ❤🤲🏾,5,0,2.2.27,2024-05-07 07:55:34,,,2.2.27
88e7db80-74bf-493e-b9c3-69eebb1b35db,Iza Afridi,https://play-lh.googleusercontent.com/a/ACg8ocK5Ddt2kpoRx-va1ogHwSX-zTlMANEY-WtUShfAzT1A6r8maA=mo,the only part I feel isn't as accurate is the qibla direction sometimes but otherwise it's really good,5,0,2.2.27,2024-05-07 02:56:34,,,2.2.27
9767486a-17a3-4d67-9e3b-1c4473e86eb7,Zainab Mansoor,https://play-lh.googleusercontent.com/a-/ALV-UjX2osvP5tXFMw18Pgkl0aOE7E82IJDwvND6Si5yd9f-FJ7EIQdg,"I absolutely love this app! The aesthetic is clean, modern and distraction-free. The menstruation feature is so smart, it allows you to seamlessly track salah while its your time of the month. Honestly this should be a common sense feature by now for other apps as well",5,17,2.2.27,2024-05-07 01:32:05,,,2.2.27
17bea3eb-fd7c-4dd1-9b8b-e6ff796b3ae6,Rio Masandi,https://play-lh.googleusercontent.com/a-/ALV-UjXf0rGOHVryzTzAsBNrN0m1eTbq69QOGIsJZj4_4toIcS7CRLo,"bagus bgt ui nya, cukup buat widget waktu sholat. sama kiblat. good",5,0,2.2.27,2024-05-06 23:02:38,,,2.2.27
5b9c449a-b1a4-44aa-9fdf-069e9012c67f,Ijlal,https://play-lh.googleusercontent.com/a/ACg8ocLuCt8rOxFJJn_STXIHWIfLCssxPKbWJLPdVKqCyIK5pF9aUgo=mo,"The app is great. Only issue is that when the Phone ringer is set on Vibrate or silent, all Azaan notifications are muted. I put my phone on silent at night but would still like to wake up for Fajr with the sound of the Azaan. Please add an 'Override mute' feature so that Azaan plays regardless of the phone's ringer settings.",3,4,2.2.27,2024-05-05 23:16:32,,,2.2.27
08f3e1ab-609e-484b-bbb0-02e103fbc885,Ahmed,https://play-lh.googleusercontent.com/a-/ALV-UjWPx350K4Iu_WzGCumwQh8FnYaGYrGMRDvODPL1jlFBgoLIOvLOnw,The app has been great most of the time until it becomes bloated with out-of-focus features. The main issue that led me to uninstall the app is not sending prayer times notification after a few weeks of use. It is really disappointing that such a basic feature is a pain for the users of this app that had a great potential!,2,2,,2024-05-05 18:57:04,,,
6e31f643-6826-441a-83ed-1f9f5cc952d6,Zubaidal Begum,https://play-lh.googleusercontent.com/a-/ALV-UjUGaqt0nDskOOxnW0TJ-nbN2QMjtxjdziO1pe2uDSWWrtXb4h6l,Great U.I,5,0,2.2.27,2024-05-05 18:32:23,,,2.2.27
a57808db-8b87-49ce-99b5-8e6ec73790b1,Bailando Wansuay,https://play-lh.googleusercontent.com/a-/ALV-UjXsaHB-sBq2oJGHeFP11WVOPD-bzYmOEqfJH1lLpvVK6VRjieG0,👍👍👍👍👍👍,5,0,2.2.27,2024-05-05 17:18:50,,,2.2.27
fc146deb-f479-47df-8083-39108be8febf,Maab Fakhri,https://play-lh.googleusercontent.com/a/ACg8ocJGmNQmPvXFLKqUygLSunbEwIIXhLh7-PSU0yFciC5V6fy7CQ=mo,He does not call the adan and notification does not always come,2,0,2.2.27,2024-05-05 06:21:45,,,2.2.27
d3fb275e-c3cb-46e5-8d17-767c41d55bd4,soyef ahmed,https://play-lh.googleusercontent.com/a/ACg8ocJm3kXPWE3EXSzRMPVYnHA9tWJzuxw8EU0KNKLF_QA0gRTtjw=mo,Excellently designed app with no ads,5,0,2.2.27,2024-05-04 07:22:14,,,2.2.27
6c3dc723-fb11-416d-a592-a1749f779abf,Luqman,https://play-lh.googleusercontent.com/a-/ALV-UjXEH6VHccQSWfIpZN4yy5whZqc5St2UBTfKSKlK_vvtgUcKXf92,Very good app but it suddenly stopped sending prayer notifications which is frustrating.,2,1,2.2.27,2024-05-04 03:03:06,,,2.2.27
552102f2-ab50-4f7f-a8af-3c1c57279d5e,En Baha,https://play-lh.googleusercontent.com/a-/ALV-UjUBrPBgJuxEhXZBpc4bw7aRLX6l0pab2wn29ktd42SqaOylG4q28A,"good simple and straightforward! love it , hope i can contribute to ur code, from malaysia time need to update ! you take imsak as fajr.. overall nice apps",5,0,2.2.27,2024-05-04 01:14:07,,,2.2.27
a114d857-ddd0-49ce-a855-c5ef09162622,Kamal Hussain,https://play-lh.googleusercontent.com/a-/ALV-UjU423U603-DlPqebH7MthpEPPCGwFB9kg8BZlmgQzBSp98xOgxY,This app is brilliant helps me a lot learning in day to day life,5,0,2.2.27,2024-05-01 11:36:55,,,2.2.27
f592969d-224e-4a8a-a425-4ba99a8b118e,It's Me,https://play-lh.googleusercontent.com/a/ACg8ocJa5VSLpr1_8yqcxjXH_E_BBSywDcjdwVRqR5zF53HWTdnnhA=mo,Jezakellah hayer it's very nice,5,0,2.2.27,2024-04-30 04:40:32,,,2.2.27
0d092bca-6c0f-44e1-87a7-7f00a8cdc7b8,Qamar Din (Cuezed),https://play-lh.googleusercontent.com/a-/ALV-UjUPNy-VOLzdAzvLEldaAo4ILxhEDBmyTx8XG-5mRUaRYw5BmCjOgg,Was great. But notifications have suddenly stopped working.,1,1,2.2.27,2024-04-30 01:35:24,,,2.2.27
1f2dc5c5-af3f-4efd-ba17-68a323fffdcf,Sayd Mateen,https://play-lh.googleusercontent.com/a-/ALV-UjUT1EcUGQxdMzrCzm66tJJW7PmDNpFjY1ssnQZMAZm7GJMe0qnH,Why does this app require precise location? Approximate gives within 3km that should be more than enough. App doesn't work right when you don't give them that permission which is weird. Other similar apps don't need it.,1,8,2.2.27,2024-04-28 09:04:51,,,2.2.27
1af38f4d-fe9e-4670-8812-c4f80ac1abca,Andre Rishi,https://play-lh.googleusercontent.com/a-/ALV-UjWCVLUCo88_iO8ft4GQMzzlm9uOtDfo98nCmsUZSqPyJ9pCrZQd,"Been using this app for about a year now and Subhanallah! What a wonderful, straightforward, and simple app to use. The UI is elegant, clean, and easy to navigate with the added bonus of being FREE and having NO ADS! I'm giving 4 out of 5 stars due to a bug in the app. Ever since their ""Ramadan 2024 Update,"" the app no longer sends out notifications. And I mean NOTHING! The app also hangs/freezes at times. I would suggest to the developers to roll back the update to the version before Ramadan.",4,19,2.2.27,2024-04-27 19:57:25,,,2.2.27
0664c5f2-f10b-4b45-81e1-6662b03f63bc,Rahul Amin Ahmed,https://play-lh.googleusercontent.com/a-/ALV-UjVGzoiTXOEWFK8723Lp7-uo0wDB_3TUgm2xvYFIXPA2dDWt4r5V,After opening the app. Showing only white screen 🥹🥹🥹🥹,1,0,,2024-04-27 04:12:08,,,
f9bcbbe3-04ac-42b4-acc0-a37125dde2da,Qaiser Shahzad,https://play-lh.googleusercontent.com/a/ACg8ocKVKClnBs6C-fwNKxn82Q3DdQbiT45Hhj0d6IHe3XgY-q6onfZK=mo,"Wonderful app, but it only notifies with a beep. I don't hear the Ayaan even when I have it turned on in the settings and the volume of my device is full",5,10,2.2.27,2024-04-25 09:09:51,,,2.2.27
f08456bf-39f8-46c2-8e80-b70c45007482,Raja Rashid,https://play-lh.googleusercontent.com/a-/ALV-UjVpXwZIAUXg4aZ-AqHgcacRXCute33weDYaytpog9k5Ys9_lS0m,Best app out there,5,0,2.2.27,2024-04-25 08:55:50,,,2.2.27
641d9deb-bfc7-45a3-9b69-cba628f1775f,Mount Everest,https://play-lh.googleusercontent.com/a-/ALV-UjWNA6GdMKow3qZu3vzH-C_DBtbLFCNRQsqGjp0uB6FlBvx2kXrQ5w,Can't even get it to start. Remains blocked at enable permission for location.,1,1,2.2.27,2024-04-25 08:35:56,,,2.2.27
d3b09923-edcb-431c-8fe9-f6b2336fa38c,Aria,https://play-lh.googleusercontent.com/a-/ALV-UjVcvaeyN8LPuUdX2u40vL2EK5Um1SCgnBIwahyn-tTsQso371s,"This is my favourite prayer reminder app. Everything is simple and is so organized. The layout is also lovely. Unfortunately though, the app hasn't been sending notifications lately. It worked perfectly fine for months and didn't miss a single prayer and sent them all on time, but lately it hasn't been sending anything at all and I don't know what to do. I hope you can fix this bug and find a solution to it asap because I got used to this app so much now,and thank you. Jazzakum allahu khairan.",4,3,,2024-04-25 04:36:31,,,
d55904ae-36a4-4d6a-b23c-fb5fb6a2c1af,Zain,https://play-lh.googleusercontent.com/a-/ALV-UjUg8Q09XlMKlNshkX8S_CjLdEQAkmYp8PFMwgBgCjSTjr4SCRmp,"Mashallah Tabarak. Excellent app with no complaints from me. Just one request, could you add sunrise time to the widget? It's the one thing missing. It shows Dhur time after Fajr passes, instead of the sunrise time. This requires me to open the app to see the sun rise time. Thank you.",5,6,2.2.27,2024-04-23 09:18:23,,,2.2.27
eddb4e6e-14a9-4a7a-b4cd-89b34da0573e,Ridwan Ekungomi,https://play-lh.googleusercontent.com/a/ACg8ocJwD8OyZkym0EwtAtNoK5X8VVtaLGfj4PEzGhDM7OLPj6idHQ=mo,It's a very great app.,5,0,2.2.27,2024-04-23 02:11:10,,,2.2.27
b23aaf80-8f25-4ed2-9c8d-9befe1c18684,Hashir Ali,https://play-lh.googleusercontent.com/a-/ALV-UjWGd1h1DMEJZCLvRyJKFVjg6uLJiIW2CQCzxDA0ub-Ps56skms4,Very well made. The thing i like the most is: No ads! Its a genuine prayer app. May Allah bless the development team,5,0,2.2.27,2024-04-22 05:44:11,,,2.2.27
08260bc4-454e-4834-a9b3-40b10de6b133,Muhammad AbduLlah,https://play-lh.googleusercontent.com/a-/ALV-UjXYsnFDYg-2ziM06Llber-e59lKtlrxWG5EvPANfGsqran_YxNB,"Прекрасное приложение для отслеживания времени намазов. На мой взгляд лучших UI из всех подобных приложений. Огромный плюс за то, что смогли проделать такую качественную работу и не добавить рекламу! Да благословит вас Аллах SWT☝️",5,0,2.2.27,2024-04-22 02:35:40,,,2.2.27
355195a2-0445-4074-8147-6701c352a3fa,Nishaad,https://play-lh.googleusercontent.com/a/ACg8ocJC0MGapRCzrWsE036Paiz3w_vhE0zdLyszMXv5tBIm35JyiA=mo,"I can't give a 5 star review because I only use the app for the qibla direction when I'm in unfamiliar areas, and it's never let me down. It seems everyone else who uses the app for notifications, etc... recently has been finding that aspect unreliable. On a personal note I went to primary school with Tariq, one of the guys who made the app (haven't spoken since) and I'm proud to have this on my phone, may Allah reward him and his co founder and strengthen this app.",4,1,2.2.27,2024-04-21 21:58:24,,,2.2.27
f0d9e581-111c-4b91-95cf-c5c630b846bb,Hayley Steve,https://play-lh.googleusercontent.com/a-/ALV-UjUnwyW5cMHzJ6xNto2_ZIYeCwbhiWn3XfFGG0mxvGW-IiWR_g,"One of the worst apps I have tried.. it's so buggy and laggy , the widget only refreshes when I open it , and it's honestly a horrible experience altogether , the Isha prayer is ALWAYS wrong, notifications are delayed for some reason ??? I don't recommend xxx The only good thing about it is the UI of the app which is brilliant",2,3,2.2.27,2024-04-21 16:12:36,,,2.2.27
91c1cc01-125e-4a22-8886-6afa3752770a,Zaid El-Hamdoon,https://play-lh.googleusercontent.com/a-/ALV-UjW-NyU9LrCUtrrxDipmne1uJh1nwbuil_SulXf-A3wXliBtLsP2,Simple and easy to use,5,0,2.2.27,2024-04-21 12:16:55,,,2.2.27
2f2471f9-ad53-459b-8222-d10ba2ad663e,Imran Jim,https://play-lh.googleusercontent.com/a-/ALV-UjWQakgM3GiE06Be64itiktaIZCUrzSEAbkiv4lqo8pSqOoouxo,"Assalamualaikum dear bro, I've uninstalled it due to no option for setting manual location, give me a reply when you add it...",5,0,,2024-04-21 06:24:01,,,
49e63a61-b57f-4010-bc3a-1c20cdc8a552,Saim Malik,https://play-lh.googleusercontent.com/a-/ALV-UjUCvTkqsMpuoPlB8UH9vb2MZjx_EfwOteKrCVBkgx5UrT1fw0_J,Perfect for viewing prayer times in different locations. No annoying ads and a great UI. Well done to app developers.,5,1,2.2.27,2024-04-21 03:26:31,,,2.2.27
c35f6f5f-e041-41d0-a3fc-a6d68c0682c7,My Home,https://play-lh.googleusercontent.com/a/ACg8ocIFHKXWvUqE4dPeekUXYmFTBptnEr0EMOSNDg9dod_EA1ZBYQ=mo,Too good 😊,5,0,2.2.27,2024-04-18 20:46:25,,,2.2.27
228ad32a-275a-49d0-b317-9d865feac4b6,Ateeq ur Rehman,https://play-lh.googleusercontent.com/a-/ALV-UjXVv8ZvrdGuhowx27ePQxP9gi5LlaL681TWxCzmPgzCnDuCYss,"Allow users to manually add location so we can avoid that nasty permanent ""fix"" banner.",1,3,2.2.27,2024-04-18 17:12:05,,,2.2.27
4c8856b2-4725-4214-9b2c-98fca19f03dd,Bakura Theif (Lance),https://play-lh.googleusercontent.com/a/ACg8ocIjNFAsMasI4ynuxBw7IoIngptIGWkC0soYnp-mBjfpQ2k-kw=mo,Alhamdulillah I found this app through my sister and MashAllah the Athan is very nice as well jazzakillah,5,0,2.2.27,2024-04-18 10:08:18,,,2.2.27
c320798c-4e46-4f4f-8633-b9dfb035f084,Urooj,https://play-lh.googleusercontent.com/a/ACg8ocK_X2U-rEubr1DMpATmMKH6iDdKkq7wuOW5eBNHBgevYl6AJe5B=mo,Pillars was working excellent but recent update has got some issue among which is not notifying about prayers,5,3,2.2.27,2024-04-17 23:48:41,,,2.2.27
5e21398b-7f51-4723-a34f-e8d1a2098b55,Ameerah Abubakar,https://play-lh.googleusercontent.com/a-/ALV-UjWq_0uAZCaV9vLIAfhjgghDOmNJCJj8dMgXh6BF1O0Ua11kItl9,"This app is simple, easy to use and motivates me to pray my prayers it is also really accurate on prayer timings and is versatile, good for every day use. However, I have stopped receiving prayer notifications and that's disappointed me a bit. I also think the Ramadan category should be available in Ramadan and should not be on the dashboard all year. Still a great app",4,6,2.2.27,2024-04-17 18:37:27,,,2.2.27
0a397a8e-c32a-418d-99d0-c819e1600e3a,Noorsana Shaikh,https://play-lh.googleusercontent.com/a/ACg8ocIPKvcNOKMe8NOZRgbb1paPDSReNEcsF88AIcEcFn0H_NmpXA=mo,It is an awesome app. Gives you the features of five time azan. Even it keeps you on track for your daily Salah.,5,0,2.2.27,2024-04-15 23:38:13,,,2.2.27
73235a02-75ad-4fa5-8106-d3a0d6ac4a8f,Runa Bakar,https://play-lh.googleusercontent.com/a-/ALV-UjU01Hx5vCX8MgFGVJQxx_XdQlPmuZp2zUX0u2ERY06gj-nM0yLb7g,App does not alert me on prayer times although all notifications are on. Help,1,4,2.2.27,2024-04-15 09:27:16,,,2.2.27
6c5949e2-4958-470e-bdb4-5a7b495de99f,atthaqofah publisher,https://play-lh.googleusercontent.com/a/ACg8ocIifD8zDcS13mai8ucXnwcsTsl8ebOE99piAf1exyeypdHIiw=mo,"This app refuses to open on my phone, despite several attempts",1,3,2.2.27,2024-04-14 18:44:05,,,2.2.27
6bda1738-6edc-4326-8ed3-0518c17c7fc1,Ayesha Shifa,https://play-lh.googleusercontent.com/a/ACg8ocJEIFt2Vh1ELV6lEzRaSKx-hSUe6P8JbwwtjzNwBdIsDL1QCw=mo,it's not working after new update..,2,5,2.2.27,2024-04-14 16:06:24,,,2.2.27
2987aede-17ab-45dc-9bb9-dd80de0d6e60,Farawahidha Mohd Slim,https://play-lh.googleusercontent.com/a/ACg8ocJ8ti2MnZB5H3meQjr2lD8TuVYpEcJtki8sZu3nOLmGi-v5iA=mo,"I love the app. But since the recent updates, errors occurred repeatedly, there is no prayer notification and I keep on getting error message. A bit disappointed since I love using the app before. Delete-ReInstall didn't work at all. By the way, I'm an android phone user.",1,61,2.2.27,2024-04-11 18:40:55,,,2.2.27
96608bdd-7eaf-4467-94d0-b459cc3bc690,aafreen,https://play-lh.googleusercontent.com/a-/ALV-UjWNEppSLiQYYcsPCG_7EkyZ-zFHyF2AsufEY4zv1GYLL3XgCPc,"simple, efficient, and ad-free. The best prayer app out there!!",5,0,,2024-04-11 06:05:24,,,
f2dbfc58-9a57-4575-9328-1236974b2605,Rubina,https://play-lh.googleusercontent.com/a/ACg8ocITj7ofYUTnfPLCUF2LlGiPVFmO1XNZnkgpDT315CgNIstMPQ=mo,This application is not working after the update💔,1,4,2.2.27,2024-04-10 19:07:32,,,2.2.27
968d7915-3b74-41eb-bac5-2858b9e96f04,humera banu,https://play-lh.googleusercontent.com/a-/ALV-UjUMLrbuP0awTkVf41rye-Chq09L_VnHuCbvOihAXSO8N7dUQmSRIA,"I will give one star as there is bug in finding the Qibla. For every direction app only reflects ""turn to the left"".",1,0,2.2.27,2024-04-09 01:35:13,,,2.2.27
b4cd0815-8294-4f6e-aa04-d088f637343e,Abeer Mahmood Ali,https://play-lh.googleusercontent.com/a-/ALV-UjW7WrDbeEuBIZx4ZG7Ytiu5kvUfXDNeCapwnHR_wvHCqPgCS23m,Minimal and sleek. Eagerly waiting for more from the creators 👍,5,0,2.2.27,2024-04-08 11:32:33,,,2.2.27
cae59d9a-3031-4372-ad52-5e7535cc0742,Daniyaal Ali,https://play-lh.googleusercontent.com/a/ACg8ocKn4MNaCZpecO8xFWmJhjyS5xCL-2uW70cle4VJ9tmoCGh4dw=mo,"Amazing app since it has the ability to track prayers, read dua and even track your daily fasts for Ramadan",5,0,2.2.27,2024-04-08 05:03:02,,,2.2.27
2fdcb414-5a68-4f1b-9e57-6d3637c8df7e,Aadil,https://play-lh.googleusercontent.com/a-/ALV-UjX8MykeO2cMEfcnz3zBjOijdkQ-O2nE8qkc6Iq1F_evKPis2hxkPw,This app was great before the update. I have been using this app from almost 1 year. And loves the ui and everything. But after the update whenever I tap the app icon a grey screen appears. It doesn't show anything just blank grey screen. I request to please fix this,1,12,2.2.27,2024-04-07 16:44:32,,,2.2.27
ffe1b526-59b0-448f-b0e8-08d15501a22f,Mohamed Amer,https://play-lh.googleusercontent.com/a/ACg8ocIZS6LkbH2-fctCYUGGRRtnPNMM3nvHCzW9TEv1Rv5yhflcYQ=mo,"It's really great, but it seems that they've taken out the dua database. Please bring it back when possible.",4,0,,2024-04-06 09:28:27,,,
7722d620-0cd0-435e-8fcd-6b5c0ade43b1,Abbas Khan,https://play-lh.googleusercontent.com/a-/ALV-UjVdHKhHJSbVFGw3wBJ7dsijBIDJl0tlTarbPpM-10QczCtDFQID2g,Recent update of the app keeps hitting location data multiple times on startup. The location icon in top right is blinking like crazy. Behavior is very different from prior.,5,5,2.2.25,2024-04-06 04:58:53,,,2.2.25
6bae4363-94de-40cd-81cb-2c3537161656,Gouse Basha,https://play-lh.googleusercontent.com/a-/ALV-UjWYvePqYTbteIEd4MtewGMBHHT5Fw_nqW3vTapsQch2W8moZYMZ,Not opening,1,1,2.2.27,2024-04-06 00:16:04,,,2.2.27
0e761424-9459-4932-b4a0-a63c91a152c6,Yazan Younis,https://play-lh.googleusercontent.com/a-/ALV-UjW6_bLCbM0VnhhEuE16X5YFp0Ckn9h3PvrPAjz159_NKyGQLHOY,"Go-to app, and a noteworthy project. Works great.",5,0,2.2.25,2024-04-05 21:52:29,,,2.2.25
5c409f61-489c-4cbe-9e51-09013ab474e6,Aniss Benthami,https://play-lh.googleusercontent.com/a-/ALV-UjU_GGAeMNcpVnSVSkguFwR-dnm9-T2SQZsAhjFMVPS4OKnYVEX9,"Beautiful app nothing to complain about Edit: Data for Morocco are innacurate, it's the 25th day in Ramadan and the app is showing 26th, prayer times are off by some minutes",5,0,2.2.27,2024-04-05 21:27:27,,,2.2.27
bc846b79-2f2f-43f8-8b46-92893bb688ef,Billy Alamo,https://play-lh.googleusercontent.com/a-/ALV-UjVjy6m1eLqUHvesY7nZeeDfu6MuuSI3M5FoHrqn0iVE700yc5S6Vg,One of the best most clean UI and interfaces,5,0,2.2.25,2024-04-05 20:59:29,,,2.2.25
b5c99f09-4cf1-41a8-9a8c-e5389fe5163d,Yusuf,https://play-lh.googleusercontent.com/a-/ALV-UjXuwWHM0TYNSX9M2yo1MSCI5EjgcjQox_4vImcthskTfCqQ07e4,A timetable that has no ads is a breath of fresh air. Great adhan and the salah tracker keeps me motivated to check each salah.,5,0,2.2.25,2024-04-04 21:52:29,,,2.2.25
3bf08b21-5277-40af-a559-dccf8a7e399c,Farah Nagy,https://play-lh.googleusercontent.com/a-/ALV-UjVjNlAVZLrp_GHYWFc00FlD0VOuA9yT1lCxuTKxNkvh2Nd8EAjK,"I love it. I can't live without its my favourite salah app. I can't recommend it enough. I wish I could donate, but unfortunately, I can't",5,5,2.2.25,2024-04-04 08:04:16,,,2.2.25
d8b919d9-ad6c-4c0b-89e4-783e31ad5157,ali sheikh,https://play-lh.googleusercontent.com/a/ACg8ocJM5C7SwsGN81Tu2ZlMnMUKvd20YdO9GyU8J5hxPhL2uPuE3Q=mo,Thanks for this wonderful app,5,0,,2024-04-03 13:37:09,,,
4ff048d4-1585-4a0e-a80d-93cdb5ce42ae,Badri Mo,https://play-lh.googleusercontent.com/a-/ALV-UjVB6aTS5gMISCMMxAPCReGKfUMJL1BQKMS2KwdPB_2BSeSTUuDD,Please fix the latest update. Ramadan kareem,5,2,2.2.25,2024-04-03 04:17:54,,,2.2.25
da8cdfb1-7822-4b81-a012-bdfb08d49b54,Mohamed Abdelkader,https://play-lh.googleusercontent.com/a/ACg8ocIKBXdBW4cfOWJ88yk8Q6imGzvM-B0IsdFBZWqs1qv6nGO0ZvY=mo,I love this app souch but i always put the pray time in notification so d it always make athan i dont know way if i change it to notification so d not athan it always when the pray time give you athan i dont like it it never ever change always athan no notification mood,3,1,2.2.25,2024-04-02 16:42:02,,,2.2.25
4852edcb-1000-4a17-b1a7-485daa793c41,Jamilah Mehtar,https://play-lh.googleusercontent.com/a-/ALV-UjWX-U7zTezDhTH2uYZT9hSh09EvKhwRslO7U9X5C7NxQQa-NZKLaw,"I really liked this app and suggested it to many people, but since the update, the azaan does not go off at the time of salaah. It's just a banner and notification, no azaan, as it used too.",3,7,2.2.25,2024-04-02 02:01:28,,,2.2.25
9f03e716-323b-450c-a4eb-8ddd0be354b6,AirAsia Ahmad Firdaus,https://play-lh.googleusercontent.com/a-/ALV-UjUFhATy8Fdm1zmzVmDXW8vCBwQZ9d8rKrLYvcIXMnVJUI_bnBBm,Ahmad Firdaus the,5,0,2.2.11,2024-03-31 12:08:00,,,2.2.11
2e64f716-0b9a-4eab-824f-2dfaa6947a0e,tt tr,https://play-lh.googleusercontent.com/a/ACg8ocIsnCVmx7FznFmRFzzVnL1Olr_sNLNAF-P2SWd-mo8HSs4L3Q=mo,"There are no prayer times for sunday 31st march, it just skips to monday 1st april",4,0,2.2.25,2024-03-31 05:10:52,,,2.2.25
85596151-ff88-458e-b898-bb7374129f48,Masab AB,https://play-lh.googleusercontent.com/a/ACg8ocJ4wA2EwUb9BEzVSAL-knsyegLtgipUyaK8HoTG_2nEUmmRZQ=mo,"I have concluded that the dev team is more committed to iOS than Android, not even the flagships like Pixel lines get any attention. I am happy to pay alongside of Du'a for this app. But please pay attention to latest Android OS's changes. I want the notifications, the main reason I use this app for, plagued with issues on Android 14 fixed asap. Jazhak Allah khair.",1,3,1.0.1,2024-03-31 00:54:59,"Salaam!

Apologies in the delays in getting back to you. We're always trying our best to improve the app and fix any bugs when they arise. We've pushed some updates since October to help with improving notification & athan delivery. We also suggest you switch off battery optimisation for Pillars.

inshaAllah that helps!

Abdul-Rahman
Co-Founder",2022-02-19 05:52:02,1.0.1
0cad6517-7b85-4093-b8b6-172ab0d151bc,G Unit,https://play-lh.googleusercontent.com/a-/ALV-UjVBvWzgexj0Y4CWu31r8q9Eo5Fcp4GkBNKJXTWEQtn4UCgtl3d8,Do not works wothout GPS permission. Also Prayer times are incompatible with the Turkish Presidency of Religious Affairs system.,1,0,2.2.25,2024-03-30 22:17:13,,,2.2.25
47ba072a-8fd9-4f1e-9e1b-a1c6a816d0f0,Unaysah,https://play-lh.googleusercontent.com/a-/ALV-UjVxgUpGEJavPeeSIxHXRS8IjLE3K6wtMTbJ2y28FuOeDdDSp_QxQA,Is it just with me or it's with everyone? The app is blank after the recent update . Please Pillars team look into it!!!,1,1,2.2.25,2024-03-30 01:32:03,,,2.2.25
2e35be09-12b3-41b8-b01e-c3296708fa70,Syed Muzammil,https://play-lh.googleusercontent.com/a-/ALV-UjXamEMChIbM471S3p885GKlUR8F6_EVIiw4ykzRrXS8UfWCGRZP,App is not opening properly after update,1,1,2.2.25,2024-03-29 22:45:45,,,2.2.25
56d3e22a-4df2-48fd-9ea1-22e78df0bd67,Athif Khan,https://play-lh.googleusercontent.com/a/ACg8ocKT0UP5qaJJ7YUwz6h6IqzMT2RSSirFRgL2jNPT1erJK12Psg=mo,Such a neat and clean app. Doesn't go overboard with the functionalities yet does it's job pretty wish. One more thing that should be added as per my opinion is an manual azan player where we can manually trigger an azaan when required rather being fixated on the automatic azaan that happens at prayer times,4,8,2.2.25,2024-03-29 15:04:23,,,2.2.25
c53e78fc-1ae4-4132-902b-47ea76d4d969,Jack Bob,https://play-lh.googleusercontent.com/a-/ALV-UjUxZ5rDInDM-fHGe_1KNbng90vJTbPRXdriH3zx8mbNa406tOOf,Excellent,5,0,2.2.25,2024-03-29 04:44:25,,,2.2.25
63e41943-7a6b-4d71-be7a-02f45ee0d4bf,Bashar Hafez,https://play-lh.googleusercontent.com/a-/ALV-UjXJilebIz_KmIZpOO7OR0cVgM7slv-IDzYs-29JOtzM5J_wwgck1A,incredible work,5,0,2.2.11,2024-03-28 17:37:57,,,2.2.11
46311c8f-1746-4546-8356-0df00876b031,Hafiza Sharif,https://play-lh.googleusercontent.com/a/ACg8ocKqwLMB5SKl3FzEejPrq12B_3aFyFSYybt50G4jQHHyRU1TVzQW=mo,Good app,5,0,2.2.11,2024-03-28 13:41:10,,,2.2.11
bdf66cdb-4d74-41b8-b45b-bd509de205e4,Jaiyen Jakaria,https://play-lh.googleusercontent.com/a-/ALV-UjWveEmYabNLuV4rwutBdp3ltY2ORc7m0cLP8WzMywaIJkX1Pug,"Best app ever, without ads",5,0,,2024-03-28 03:12:06,,,
07534cd7-8e98-4d9d-9882-5ae5196ff718,Fawad Hussain,https://play-lh.googleusercontent.com/a/ACg8ocJxIirzuxUM9Qv07kGhnplR09By1taiI8J969OkokVerUbikUyU=mo,Good app. Please provide option to adjust hijri calendar. I'm in Oman here ramadan is one day behind but its same as saudi arab.,3,0,2.2.11,2024-03-27 06:28:32,,,2.2.11
13c0db46-0640-4200-a340-cdc962cbb385,Mohamed Adam,https://play-lh.googleusercontent.com/a-/ALV-UjUsc5CngbhxPqCG7Q2UO8W3gL0sy7pWM2rHywIz-gPChTi6UFBezA,Amazing app mashalla,5,0,2.2.11,2024-03-24 21:53:08,,,2.2.11
854e48a6-9677-4f18-86d4-132e18f72230,Haseeb Iqbal,https://play-lh.googleusercontent.com/a/ACg8ocK5k6ncFYWdcH64Hn6kLV7UPlfLihFRlrNe7N7rbxcE2zyOug=mo,"App is really good but i have 3 suggestions, 1- plz add Tahajjud prayer time as well 2- add prayer history so we can access our prayer history of any month. 3- prayer countdown would be great",4,0,2.2.11,2024-03-24 21:21:45,,,2.2.11
61ee4047-2e55-47eb-aef1-765247e667d4,Bassam Mohammed,https://play-lh.googleusercontent.com/a-/ALV-UjXLq260oCknRLIbj7UNeanCY-rCoL7CJ_Xz5hoTOeBL8mEsoGXH,Had to uninstall since it wouldn't give me prayer notifications even though I gave permissions as the app asked. Not sure what the issue is.,3,1,,2024-03-24 03:58:23,,,
7efefa23-f72f-4f67-bb7d-7fc11ab59961,mu'minah lakay,https://play-lh.googleusercontent.com/a-/ALV-UjXJTToKJKBkfOjtEnn9d7fr3wTcYUyVwQRWF1qYhnwses2-69Gz2Q,"Received no prayer/athaan notifications, settings was all correct to be able to receive them but this app never did what its supposed to UNINSTALLING!!",1,1,2.2.11,2024-03-23 16:14:26,,,2.2.11
47e831a7-5255-474e-bf1a-ad4f84a74100,Mohamed Adhil,https://play-lh.googleusercontent.com/a-/ALV-UjVHnf0nI2KY_oJVFg1yqOnFIVrKr35-BAFXLhX7TWgBIZYILAg2,"The recent update crashed the app. I'm using Galaxy S23, if that helps. I uninstalled and re-installed to check, but the issue still exists. The app now displays just a blank page.",1,41,2.2.21,2024-03-23 15:41:59,,,2.2.21
3826339d-e3b6-4508-b2cd-8642d30af4cc,Tuba G,https://play-lh.googleusercontent.com/a-/ALV-UjVnE12BA-KjhzdwV2RwXWm9RD1u0KifdQWQiE7bnHw-p8bfovs,The app is glitching really bad. I'm getting no notifications even though it's on. Please fix I have deleted and installed a few times,3,6,2.2.21,2024-03-22 16:01:26,,,2.2.21
4ead727e-7d73-4e59-bab4-26b2d7e6e35b,Emma,https://play-lh.googleusercontent.com/a-/ALV-UjVsAn7bkleo9DM2LO0L_vF6lZYw93tHkDMFb3P6AmTyZZGxAlBuzg,"As a recent revert, this app has greatly helped make everything simpler to track and have all in one place! Assalamu alaikum, and may Allah SWT bless you all!",5,6,2.2.21,2024-03-21 07:26:35,,,2.2.21
3349f215-3eda-41f4-959f-5b018772b74a,Riaz,https://play-lh.googleusercontent.com/a/ACg8ocLPLxVZAmUsB04VpC8A0ZLUFM42cdghSNfN5Gr6XVKUMxIBYg=mo,"Amazing for getting my Fard and waajib namaaz in at all costs. Some people are wary of the fact it always wants location data. For me it's not a problem, only really applicable to people who are truly scared about their safety (higher profile people). For normal folks like me it's great. Serves it's purpose well, but I had an issue of the app not notifying me on time for prayer start times.",5,10,2.2.11,2024-03-20 18:13:20,,,2.2.11
0bfa71f8-34d4-4a52-8a8e-bbcca2af495c,k q,https://play-lh.googleusercontent.com/a/ACg8ocL7nSSe8s_nGraqMA-pQ7xc-CJ5ByCqLK2zau03f8sLUVsxBw=mo,"Really like the app. Clean and simple. Really waiting for a widget so times are always visible on my home screen. Also would like the ability to manually adjust prayer times (+1min,+2 min, ...) like other prayer apps have Edit: They have added a widget!",5,1,2.2.11,2024-03-20 09:05:43,,,2.2.11
50034451-1734-4727-bcae-623367922a36,Ricardo,https://play-lh.googleusercontent.com/a-/ALV-UjVqrDkqrIuFTRBW_CrU12HDf9o2QR-GG3WleUeNz0IIMHqhKNo0,"I am satisfied with this app. This app is very helpful when it comes to salaat, fasting and just keeping us together during the day. Focus is on what's important. ALLAH!",5,0,2.2.11,2024-03-20 07:50:58,,,2.2.11
5f4e495c-c9c0-498c-aac9-0a572d6cad3b,Kamran Tahir,https://play-lh.googleusercontent.com/a/ACg8ocI-pZmEYjJHo828a4HeiXdwt-Xre6FYMzLpRXkB2ln_dCGbagk=mo,"Crashing on s24, the navigation bar loads, rest doesn't so it means it crashed. Please fix it. Thanks.",5,19,2.2.21,2024-03-20 06:07:32,,,2.2.21
516ffa90-50b7-49ef-b51d-9b3b428db000,Hamim Patwary,https://play-lh.googleusercontent.com/a-/ALV-UjWW1zVMdBITZXlRdsNuSR4Jdk7J5-1LmIzRmJFM7M7S4fw6pK4A,Very well designed app! Really convenient when travelling,5,0,2.2.11,2024-03-20 00:55:28,,,2.2.11
1cd1168f-31b7-40db-9f56-ccdec27dd351,Omar Shahab,https://play-lh.googleusercontent.com/a-/ALV-UjU73B3jJfAa42l28YK8FCEUp2xFOpivRd4aFWClBP_--DbAoLQK,The app is not working just black screen,1,2,,2024-03-18 02:58:29,,,
3d7af9b1-c45d-4416-be4b-b3c3dbe765d7,Abdelmajid Mihfad,https://play-lh.googleusercontent.com/a/ACg8ocJPErRR8JdKImOorxhxyKRoykn4lsFW8cTnrKpUgqrTbl-agg=mo,"The app's design and workflow are generally good, but recently it's been unreliable. The Athan alarm often activates later than the scheduled time, and it fails to sound if any media apps like YouTube are in use. This issue is particularly concerning during Ramadan in a foreign country, where I rely on it to hear the Athan.",3,1,,2024-03-18 01:59:30,,,
942c00cc-77e2-41a9-bb7e-36563c2967e2,Eshan Chowdhury,https://play-lh.googleusercontent.com/a-/ALV-UjVOlkRkMFhgW1KjV3Uau5fAcZRZCzwTxG-HHSLr7E3OqdWkHayG,Extremely inaccurate,1,0,,2024-03-17 17:01:00,,,
91dec89f-5d57-4957-a6a7-160964834916,Mubina Khan,https://play-lh.googleusercontent.com/a-/ALV-UjWOu3fSLMuzz_PPBhUVF70azskvKSIEyTsYh1yn5wUebqa-3l1e,Does not work with approximate location,1,1,2.2.11,2024-03-17 04:13:32,,,2.2.11
7e137cec-428b-4537-bf92-dbf0334a035e,Obaid Ur Rehman Nazir,https://play-lh.googleusercontent.com/a-/ALV-UjU7j_oDN_hPqzx3JPtFBGbGS5kmExh5rVWpRf0yeQw1Qha_evXk,Very aesthetic and minimal. Great UI & UX. Built for a single purpose and well made. Kudos to the dev team.,5,0,2.2.11,2024-03-17 00:48:28,,,2.2.11
b33b6a46-d73a-4e21-976d-0cbdad0133f9,Aboo Zakareeyaa Al-Afghaanee,https://play-lh.googleusercontent.com/a-/ALV-UjXWYvt5N-CiSywZi0Rss5l0POMbnC52bUrUUZw_EVCGkH_dUD42,Truly Magnificent! May Allaah Ta'aalaa reward them with good! Do not miss out on this amazing and beneficial app...,5,0,2.2.11,2024-03-16 17:39:13,,,2.2.11
0159ce27-f5ec-47db-9a64-d80342a04123,Hamza D,https://play-lh.googleusercontent.com/a-/ALV-UjV9np9Vh1pNdJphPAcA0RvZRa21IRLNJtpNsjejaRRCGvRP7yHE,"Aesthetics are really nice.... But.. The widget does not have sunrise, which is a bit annoying because you cannot see the end time of fajr at a glance. You cannot adjust the hijri date, which means it may different weather you sight the moon or not Otherwise things like fasting and prayer tracker is really cool.",4,0,2.2.11,2024-03-16 13:35:09,,,2.2.11
55c359f3-1b89-45e9-aba8-d0204723917a,S M,https://play-lh.googleusercontent.com/a/ACg8ocL20xFO5TCAuphOTw0df3fd3wIuzsmV1hDzqpYL4Uc3cq6hZg=mo,Why is manual location selection not an option?! I don't trust automatic location which uses Google's location services and it has to be on all the time. Will uninstall and try a different app.,1,3,2.2.11,2024-03-16 13:16:01,,,2.2.11
f62e8524-1126-4a4d-ab20-9721e75a5b18,Mo,https://play-lh.googleusercontent.com/a-/ALV-UjV9kX5_ql2BrD8agKUJX0L_Tr-fSFBUuvalhW35-Vw8oO4mR-w,Very very useful,5,0,2.2.11,2024-03-15 21:14:50,,,2.2.11
06c5870f-e47a-444c-9669-70def0e7f814,TN76 TRAVELER,https://play-lh.googleusercontent.com/a-/ALV-UjXjuSvPasmxPm1cm2SSHetX1L4eI-kxCngIeaS6H_fQ-USxOxna,Good app for prayer,4,0,2.2.11,2024-03-15 05:44:32,,,2.2.11
99b6bba5-b156-474e-8322-f6b09c312617,Samiat Pelaiye,https://play-lh.googleusercontent.com/a/ACg8ocLBrRs2doBHf1Pf7Y2Et3ugFOY8YDqJfmhWSQUAmU_FHeYU9A=mo,"The adhan has never been said and that was the reason I downloaded this app ,for the adhan to notify me when it's time to pray but it never does",1,1,2.2.11,2024-03-13 23:45:25,,,2.2.11
b5a79368-882c-4bcc-a278-d9f4c708cebe,Yaseen Farooqui,https://play-lh.googleusercontent.com/a-/ALV-UjXlGgC0aLLS7zFhTLgUqFHowT3DfwzSYHPGSP9B0Ll3QRfEoZLh,Great app. No garbage being shoved in your face all the time,5,0,2.2.11,2024-03-13 22:18:48,,,2.2.11
c7f8df2d-6b0f-4f46-90f7-f57f98334acc,Basem X,https://play-lh.googleusercontent.com/a/ACg8ocIBsCH7pAdt9wPwt7KjxMQZMnEq24YZADwnRlMnkHH_Fs4Z-A=mo,"Hello I love the design and simplicity of this app, I had no problems what so ever, been using it for 2 months it's great, the only problem I have is you only have 1 widget, can you please add a widget where it tells you how much till asr, Maghrib etc?",5,0,2.2.11,2024-03-13 16:15:04,,,2.2.11
cce9952c-77f1-4e7e-a7a8-c07143a4f91a,Abdi Farah,https://play-lh.googleusercontent.com/a/ACg8ocL-ez_WxEbmQNPqZ7iSBPL7eqdaJcnk1-P7uA_pyALlNXdIIA=mo,excellent app.,5,0,,2024-03-13 11:14:20,,,
f9f2c094-9277-4765-9eba-3e6639daf931,A.A,https://play-lh.googleusercontent.com/a-/ALV-UjWyTDseStTcaQ0b8p6VdL9-bBnoccgDiSRicFVauxdZ-6hJfCw,"Beautiful app, simple, clean and very useful, please please please keep it ad free. If I could make this a widget on my screen that would be perfect but alhamdulillah great app Unable to shift the notifications from silent...is there a bug?",5,1,2.2.11,2024-03-13 10:53:52,,,2.2.11
a443515b-5892-4aff-aebc-132ba12dbbbf,Mubasher Shami,https://play-lh.googleusercontent.com/a-/ALV-UjUwOGLSFkN2rTPrXHJ30bjWwsSCzTAO3k0Xk5V8h1BNqdeaIvg,Very good app,5,0,,2024-03-13 10:06:35,,,
168dce1f-20e9-48ab-8a7b-0c999edf611b,Rosari Prabawati,https://play-lh.googleusercontent.com/a-/ALV-UjVX0AkCSsvBMEIDh_Y7eha-46gVz3AQyf7zAHJ1hinEtgpGIZokeQ,"Loved the interface, but the adzan time on the widget and on the app has 5 minutes of differences. My phone said there is a bug on the widget. So I am no longer use it.",4,0,,2024-03-13 03:37:44,,,
6f1d6cbf-8748-402d-95cb-983ce9b49813,flower,https://play-lh.googleusercontent.com/a/ACg8ocJx8qpQLKBTe4gHfiuuqZyGmbI9lt8lzK-EiEjnQzvZrOfI-MQ=mo,"Amazing, no ads and I feel safe sharing my data with the app. Many thanks to the muslim creators",5,0,2.2.11,2024-03-13 00:21:09,,,2.2.11
53864236-f2a1-4d49-92a0-8ebcf3223559,Unis JY,https://play-lh.googleusercontent.com/a-/ALV-UjVJat8zfQwR_6Mu3KXGZZGzv5dbqT8O2gRQ7oQDKyAXbjVfSUpR,"One of the most beautiful apps I have even used, the only problem with it's (actually 2 problems) is: there's no pre-athan remainder (before athan by n minutes) also there's no custom athan for user, you should let the user choice athan and notification from internal storage (the same for pre athan when it's will be added) I hope this feedback will help improving the app, keep up developers",4,0,,2024-03-12 19:40:49,,,
02121a53-76f1-452d-9b59-8b5fc160c3ff,Alim Jamal,https://play-lh.googleusercontent.com/a-/ALV-UjXmFYIqe-9FJM0lbsz3FLUJTbPToAywf0jgip1yUKhDybO9IxU-iA,"I'm sorry I just had to uninstall the app, the prayer times are off in the UK, even if you manually adjust the time the next day is off. The app is fairly simple and to the point, and one of the biggest drawback is that it always requires a location when you open the app, this could be avoided if users are able to input this in manually.",3,40,2.2.11,2024-03-12 11:11:19,,,2.2.11
20cec93d-2400-451b-af42-21d6111a50d2,Gulam Zilani,https://play-lh.googleusercontent.com/a-/ALV-UjXrjeP5Ymh5n4y2g4gXc-44gkxjR8vN0qDyyohm2Ca5nCxBId5OqQ,"This is a great app. My only concern is that Fajr is 5min later and Isha is 5min earlier than what local mosque like East London Mosque, Bricklane, Markaz, Ford Sq and others have. What would be useful if during Ramadan it would read out a little prayer before breaking fast (optional for users). Edit: You can make those adjustments under prayer times > advanced settings > custom adjustments. Happy now.",5,1,2.2.11,2024-03-11 23:40:27,,,2.2.11
b851755a-024b-404e-9f61-5ef8886f3e98,Youssef El sewedy,https://play-lh.googleusercontent.com/a-/ALV-UjXq6H97UcPKG-YA6lKeAonmrCTBs5g8Aq43E7ikiPjACYtYaWI,Very good,5,0,,2024-03-11 19:27:27,,,
1ddd8d72-c4df-46ad-b74d-df7a27097018,M A,https://play-lh.googleusercontent.com/a/ACg8ocKAdK0G-Q9grDL2BQ5GbO-CgZ5xc1ixas8x4OR953384Ip6Wg=mo,Very laggy. Freezes with every press,1,0,2.2.11,2024-03-11 18:50:56,,,2.2.11
e000b0c1-d808-4d08-84ee-5476817fba1a,Femi,https://play-lh.googleusercontent.com/a/ACg8ocIG90xyV08ROpTrqYeOUOfJG3V4kfTG1eJ7Fq4lLNdeOWQQ8A=mo,Love it!,5,0,2.2.11,2024-03-11 10:25:51,,,2.2.11
7446c2e9-d052-4abf-9fa0-d195e5a9bd00,Suzan,https://play-lh.googleusercontent.com/a/ACg8ocKj-MV2A4G8hZ8R2URzJWefOaYQgKR9a4nvMFz6Mfh0YTp-Xxg=mo,Qibla direction is fake,2,0,,2024-03-11 09:37:03,,,
8aa97e3a-fd49-4a3f-8ce5-fd5375e63070,Sameer Khan,https://play-lh.googleusercontent.com/a/ACg8ocJ1r7n7raEfPvynKeKlBJhMsT_yWf-qrmxy0WySfez3zv_rxQ=mo,Waste of time,1,0,2.2.11,2024-03-11 09:23:37,,,2.2.11
021d6e33-6826-4735-9819-91aae993eecb,Nida Khan,https://play-lh.googleusercontent.com/a-/ALV-UjX92zW2wjIFVKdDGkTjugrZfc_oGVc1Rf-9_4Ooj6lOueI6FCtO-Q,I can't see prayer section after turning on location. Please fix it and also you can add Qur'an verses and other Islamic information like how to do prayer or how to do wudu etc to make it as multi-functional app.,3,0,2.2.11,2024-03-11 02:47:45,,,2.2.11
bf4c866a-5668-4e7e-840c-7ff22c632754,Afaq Khan,https://play-lh.googleusercontent.com/a-/ALV-UjXtXOGQykN0nKbts8cJ3AcBFWgHc_v5ODnijtznQdk23qAM5K5Y,"Shows wrong prayer times, Fajr and Isha times are the same/wrong. Feedback sent long time ago but no response from developers. Seems like showing the correct time is not a priority, which is too bad. The app had so much potential, but uninstalling now and will look for an another that does show correct prayer times.",5,1,2.2.11,2024-03-10 16:39:10,,,2.2.11
4735a4b5-a8f4-4d7e-a9a4-d2bee24545bb,Nour Haitham,https://play-lh.googleusercontent.com/a/ACg8ocL5SnkxfCJlz5bIhmgIVh6inHvy4VtmbNwMuq5fsV3bbKL3zeI=mo,Honestly it is amazing I have been using it for the past few months and I am already seeing improvements in my Salah highly recommend 😃😃😃,5,0,,2024-03-10 13:24:00,,,
b508de7f-1f45-42b2-94e2-081c8edea9d8,Mantasha Ansari,https://play-lh.googleusercontent.com/a/ACg8ocKHQA2VMe5pKrRI_QGjDtUvl5C7qHtsgbaekroN5POqvqo2Yg=mo,Mashallah Very effective in motivating to pray and that too on afzal time May Allah bless the creators abundantly,5,0,2.2.11,2024-03-10 00:40:35,,,2.2.11
a96b9dbd-bb00-4f6c-954c-7be8a6b2de0d,Andara Mulya,https://play-lh.googleusercontent.com/a/ACg8ocLC4mCPAf1-7TcnXIFwY3E58bwdbX0eum69Z7p-_c0CErzaW_pM=mo,The most beautiful qibla app 🙌,5,0,2.2.11,2024-03-09 06:19:52,,,2.2.11
0fa05745-807b-4d51-a9e4-ca8cfe654a34,Shaikh Saifur Rehman,https://play-lh.googleusercontent.com/a-/ALV-UjWzRsR8RNKagPF4E9Wyxds0B6aplC9Beq8GFGvKF1z61e6-cgbO,Best app,5,0,,2024-03-09 05:32:03,,,
afd84cdf-6924-43ef-907d-2b0249921bc8,Nur Hazwani Ghazali,https://play-lh.googleusercontent.com/a-/ALV-UjWlxKKppeK_ihqJrx1GtzXiF_dcIBs4c_BesO41sGICyzdGGa1Z,"The Malaysia prayer time is not synced with JAKIM prayer times. This is a serious issue. Please fix. Everything else, the interface etc. is good.",3,0,2.2.11,2024-03-09 04:28:56,,,2.2.11
e30c5ecb-ab4f-4d60-8ede-6136a3b8a0c9,oliver villaflores,https://play-lh.googleusercontent.com/a/ACg8ocJ4ABQEA-QBgbDkTPS-EykcTFsNX4LF6Pw-cKtIQ1fgQFoJyw=mo,this is a beautiful apps to me,5,0,,2024-03-08 15:26:03,,,
53dea7d5-4549-497a-a4dd-6f0a68e4590c,David,https://play-lh.googleusercontent.com/a/ACg8ocJYHYahH3wUy3gDLtQGq0W5DAbABhpI6WbQh5NtkwrDfT5SlzQ=mo,"A beautifully designed app with the most accurate compass for determining the direction of the Qibla I have come across by far. As with all mobile phone compasses, you might need to calibrate it initially but the instructions are provided and it's very quick and easy to do.",5,2,2.2.11,2024-03-05 03:22:14,,,2.2.11
8cddb284-3f56-4a00-a246-baf4f839b54a,lily thomas,https://play-lh.googleusercontent.com/a-/ALV-UjXyom82b0QeVOnD6k1KzQ_GJ4NK92uD0gQNmL1OqaGavgp88Yk,Very helpful app,5,0,2.2.11,2024-02-29 02:43:52,,,2.2.11
383491cd-9c0d-419e-b857-08b4eeeb00ee,Rain Mustaqeem,https://play-lh.googleusercontent.com/a-/ALV-UjXZZWWnAzOsLgVVVOXUxsLtDgIgunB8JYLDZwBqfkKvnLTJrweB,I do now,5,0,,2024-02-26 21:41:09,,,
1cfc3bc1-f64e-4239-947c-d1085af97490,Sakibul Hasan Sojib,https://play-lh.googleusercontent.com/a-/ALV-UjWAmLoKL4JGUs-pdtWKG5Ym8bairanJw6sueU0942SbF7iro0wh,Doesn’t Gives athan at vibration mode and very inconsistent. There is no volume control.,1,1,2.2.11,2024-02-26 16:20:23,,,2.2.11
8be7d7ba-975b-4162-b024-3d2948a24ace,Hassan Tariq,https://play-lh.googleusercontent.com/a/ACg8ocJAcKWLpZrgEp98VDLnoYfYBOu3oQyis230kIqFZZ6Ue_hS5w=mo,Amazing app and ad free. Highly recommend,5,0,2.2.11,2024-02-25 01:35:31,,,2.2.11
09fe17e8-f563-472e-bd14-b70b6bc274e8,Mohamed Esat,https://play-lh.googleusercontent.com/a-/ALV-UjWi7amwn09vTXgw7kdN77dgLdurOGrszylmht0EFMiv-l9j-xqc3g,Great app. Simple to use. Good platform to track your salaat,5,0,2.2.11,2024-02-23 05:26:22,,,2.2.11
4a25a496-eeca-42cc-aebf-257ff637172e,Ismail Mattasan,https://play-lh.googleusercontent.com/a/ACg8ocLsm4b0Fc78fbRMQuQBUPtTuocQ0oPwcJTNkug3akLu6gyeYw=mo,Ok,5,0,,2024-02-22 08:08:58,,,
197dced6-a410-43f9-8849-c5c5e9cf962c,Youssoufa DJADI,https://play-lh.googleusercontent.com/a-/ALV-UjWbn3c2HNZgbYauvv48KBGObGJGvFPeMeGrvoZUkZBQnKuytgk,"As'salamu alaikum. Why is there no update since version 2.2.11 ?? On IOS, the current version is 2.2.17.",3,0,2.2.11,2024-02-21 05:06:10,,,2.2.11
6d7cf744-c56a-4dcf-a7c2-748d2de21e15,Ahmad Afian,https://play-lh.googleusercontent.com/a-/ALV-UjWK-eo-DzsviLaxEQV2SjaZEm_8uoTlsWQQKq5s3n_hXhl-5aSR,"Cool looking app. Great user friendly UI. But gets my prayer time wrong. For a prayer times app, this is big issue that needs fixing. I'm using JAKIM Malaysia timing. Please also look into the widget. Time displays differently from the one in app.",3,0,2.2.11,2024-02-17 04:42:04,,,2.2.11
349f682e-bd73-487e-85d9-02edf32f6e11,Wahaj Y,https://play-lh.googleusercontent.com/a/ACg8ocKQWM12MK5SQz1vWaUA0zmrU7kwsUDD_kW3jV42PVM958Vo2A=mo,Really intuitive interface and useful features,5,0,2.2.11,2024-02-15 20:15:35,,,2.2.11
85ab0f75-acad-4994-ae95-d015ea994e0e,Aida Abdelmeged,https://play-lh.googleusercontent.com/a/ACg8ocL5wL_OiCFYSYTO1W8m1Xic0jyFjqS-Q3DgTBTZIAqrgJuNzw=mo,No Azan's sound at all 😔,1,0,2.2.11,2024-02-15 18:58:46,,,2.2.11
c2851ed5-f159-4784-bfed-89ba88d7059f,Rubaiyat Sabrin,https://play-lh.googleusercontent.com/a-/ALV-UjVA-mbxVOoXgl4yuW-6XLkLzIzRWG7ZSrN48zlDlK6jlw7AYYMT8A,I love that it tracks if I prayed namaz or not. But I didn't like that there isn't an option of adding fasting. I mean here either we fast or miss. But without Ramadan it should have been either we fast or not. And if we miss there there should be an option of adding,4,0,2.2.11,2024-02-14 09:09:28,,,2.2.11
ccfc9529-69a2-48cf-b258-418e9da54b63,Alkama Momin,https://play-lh.googleusercontent.com/a-/ALV-UjVkDi4OKxUO2dSUIAApshV08lB02cak8VJRdz-sxJqfAaCD-PKE,The best lslamic app I have ever used but please fix the bug the prayer time is not showing,1,1,2.2.11,2024-02-13 23:40:07,,,2.2.11
0432a50a-7f61-400b-a85a-c3a220a047c4,Ahmed Hamdy,https://play-lh.googleusercontent.com/a-/ALV-UjXhVH4AY-Z-oH1owwwrql0CARb84BNZsiBBVN7aFFj4V0ENhH0,"The athan is not working for a long time now, basically the app crashes when I select the athan notification. Can you please fix it? Jazakom Allah Kheer.",2,0,2.2.11,2024-02-08 17:53:43,,,2.2.11
ca2a8af6-b553-4e76-9d20-aee4c3cb4cc7,Enayetur Raheem,https://play-lh.googleusercontent.com/a-/ALV-UjVg8JNNRGeft-Wkj13SSzYJDGrm4iOF2zjw2M2tsuudTy0bKPVP,Simple clean interface with really beautiful Azan.,5,0,2.2.11,2024-02-08 03:51:52,,,2.2.11
7d0618b3-8c1a-4748-8adc-696c74d537a6,Binte Islam,https://play-lh.googleusercontent.com/a-/ALV-UjXMtF46cl2DftRmo3yudYvAMdKxH3XUC9KN-c5cA8BGDoh5dKM,Beautiful app with beautiful widget Alhamdulillah Ma sha Allah. ❤ Just one problem It needs to be opened after a few days for it to keep running.,5,0,,2024-02-07 21:13:23,,,
200256fa-ec31-4cf5-834d-224d412dd578,Taha Kamran,https://play-lh.googleusercontent.com/a-/ALV-UjXrXJ52Edm5kjKYxDumEYFEs50RSbpJTvPa-8lM9oMOykXZrBQl,"This application is fantastic. However, it misses out on a really amazing feature, so I had to give 3 stars. Basically, in the widget and the app itself, there should be a timer showing how much time is left till the next prayer, and how much time has passes till adhan etc. This feature is implemented by 'Salatuk' app.",3,1,,2024-02-07 08:01:32,,,
fe94f0b0-3430-41df-a350-ff43b92cf90e,Aiman Asnil,https://play-lh.googleusercontent.com/a-/ALV-UjV3hwGFmfhag2bUTWO3NXb7iwzk8djFL4zjNFFeJNAKdM5mc7oJ,Everything is prrfect except the widget. I wish I can make it smaller to fit in my home screen,4,0,2.2.11,2024-02-05 14:56:25,,,2.2.11
5ed6d526-96ab-45af-b07a-3d198666df79,Khalilullah Masud,https://play-lh.googleusercontent.com/a-/ALV-UjVtNKzoPXDBlIhh5rEA0g7P6Uqv2Iw5hkd9oBQPAHbgsSc6Dx6T1g,"This app is such a simple yet useful and beneficial tool to keeping track of one's daily Salaah. I especially like the widget, which makes salaah time tracking so simple. I would suggest that they also include sunrise and sunset times in the widget, but overall a very handy tool, which I definitely recommend to all.",5,0,2.2.11,2024-02-05 01:29:42,,,2.2.11
744ec382-3e8e-4086-b05d-4c381c399005,Jakirul Islam (Babu),https://play-lh.googleusercontent.com/a-/ALV-UjUKfNcPcyztzxOsxDTGZ806lM0wEWx9P51HUTf1l1HnHNSGDJP8,"A very important app for muslim society. It's appreciated that no type of ads are used here. It has been designed with user-friendly features, providing a good experience for the user.",5,0,2.2.11,2024-02-04 10:51:22,,,2.2.11
0433dbcb-7ff2-40e2-b6c5-5d33708b7ca1,Fellah Rasid,https://play-lh.googleusercontent.com/a/ACg8ocJunMkhcRFHNdaHSMjQncMGb6aTtv8l2zC_ukMCnSEQq8X74A=mo,"This app has helped me to pray without forgetting,and also excites me to pray I love this appp 💖💖🌹",5,0,2.2.11,2024-02-03 18:11:06,,,2.2.11
85661fda-3ff2-4cde-a43c-aa653b52ff85,Tolibjon Fayzullayev,https://play-lh.googleusercontent.com/a-/ALV-UjXGCnBo5LClgvlGiAUAvZE8sR3yEZrLNUy7ddYQBruQ-sXvhO0,I love this app!,5,0,,2024-02-03 15:05:42,,,
010ddf01-8d9e-4792-9b2e-29ffa3e7721c,Ayeman M,https://play-lh.googleusercontent.com/a-/ALV-UjX4-zO4Rh4ke-EnDWMEKiZP3qJDzVi98iX7DHgTv_AOgyCtXyk8,"Beautiful and simple app , it does what it set out to do",5,0,2.2.11,2024-01-29 18:44:05,,,2.2.11
25030506-a743-43fc-ac60-4e8e2a32e3aa,Sanusi Ali,https://play-lh.googleusercontent.com/a-/ALV-UjWssjTeMAqIKnEaExne1J8QuOF2U9CBz2RhOng4oSoVF7gYWndB,Alhamdulillah this is the best apps to use As a Muslim is very sweet and helpful,4,0,2.2.11,2024-01-29 10:14:53,,,2.2.11
3f64a63e-f65d-43bd-8496-de9a1ff75936,Rahel Ahmed,https://play-lh.googleusercontent.com/a/ACg8ocIT8TpFKipmB8te-Suq113k6kThRGcp7Hp7wFTJvEAnalb57w=mo,"Widget on the app does not refresh automatically. Have to click into the app for the widget to synchronise. This is quite a painful process. Otherwise the app is fantastic. However due to the widget, it is difficult for me to rely on the app. Once that is resolved would give it 5*",1,2,2.2.11,2024-01-26 01:23:18,,,2.2.11
c82d9e4d-1305-4bf0-b126-91afbdea7578,bob bobson,https://play-lh.googleusercontent.com/a/ACg8ocIddBBvzjuU3mYuYuahAYdgI1YEhdgYdaTjfs_93SR_EW_XVw=mo,Exactly the kind of prayer app I'm looking for. Does what it says on the tin without any extra bloatware features,5,0,2.2.11,2024-01-23 22:06:16,,,2.2.11
ce496621-b691-456a-aecb-84d7ee421eea,Claudia Escobar,https://play-lh.googleusercontent.com/a/ACg8ocLZhFQgCf5iL286BFSyJaw1MU20knQE9ACI1YdFjJ701hjo34c=mo,I really wanted to love this app but it's literally only focused on updates for IOS. I'll return once they start to focus on android users too.,1,12,2.2.11,2024-01-22 10:21:20,,,2.2.11
e40a464a-330a-47cb-9643-53c25aafda0b,Safee Taleb,https://play-lh.googleusercontent.com/a-/ALV-UjWh9nhQx5EcfP8wBHftz6naCcg8HbTJ9G_IkYT6nuKN3LoIjQ9U,"Very good app, nice and responsive, no ads. ONE MAJOR ISSUE: It keeps crashing. I know this it not just me as many people I know who have this app also complain about it. Please fix this and it will be a 10/10 app.",3,0,2.2.11,2024-01-20 14:13:08,,,2.2.11
fa5ca636-9d7c-4c47-ab08-ce0a66a7cab1,adil imran,https://play-lh.googleusercontent.com/a-/ALV-UjUbb57yTPjr07MI0EAMGSdjWJ80Q-BmoMVwMahl6eJSmKFYl2XQ,The widget doesn't updates on its own we to open the app to get it refreshed please fix this,4,0,2.2.11,2024-01-19 16:50:00,,,2.2.11
14b3ce97-6ab4-445c-b5a3-f68d95451b1d,Qaiser Shahzad,https://play-lh.googleusercontent.com/a/ACg8ocKVKClnBs6C-fwNKxn82Q3DdQbiT45Hhj0d6IHe3XgY-q6onfZK=mo,"Wonderful app, may Allah bless you for this effort. But it has recently started crashing",2,0,2.2.11,2024-01-18 21:16:57,,,2.2.11
3b3ee372-26b1-43b9-aeec-3d2f374ec357,Raydon Hawker,https://play-lh.googleusercontent.com/a-/ALV-UjUJ7WJbGVoQK5wjSXE-4QdrOpnJw35izOEFGANNY4_NrDVGBuk,Amazing app with a great design. The only problem is that the widget does not show the sunrise time.,5,0,2.2.11,2024-01-16 17:59:09,,,2.2.11
b6bea67c-da56-4a90-8556-ca3d19e47dfe,Ahsan T.,https://play-lh.googleusercontent.com/a/ACg8ocICZUv097BWqC3uJAmZ12TBlPT4alAtPq3OC029iXDDhAEyrA=mo,Great app. Has all the information you need in a very non intrusive way. Lots of options to manage how the app interacts with you. Well done.,5,0,2.2.11,2024-01-15 18:28:37,,,2.2.11
e9e9a010-e7be-446d-abbe-0d300e573077,Kani,https://play-lh.googleusercontent.com/a/ACg8ocJkkEdBGpvtl-wWwUs2itKOO2z24BSsBT2uxZatMFm9ApH_qN31=mo,"Very good app, much better than Muslim pro, very easy to use and no ads aswell!",5,0,2.2.11,2024-01-15 05:27:16,,,2.2.11
96d15a87-5f91-422a-a41b-76cec11c7e97,Rohullah Hakimi,https://play-lh.googleusercontent.com/a/ACg8ocIq1zeP1F-y-FpGgRDYtepeHm77IAqyeaY1KgaY822e7op1qMM=mo,Easy app to find Qiblah,5,0,2.2.11,2024-01-15 05:18:37,,,2.2.11
f84dc20d-b97c-4f98-b3e8-c089831a4be6,Ali,https://play-lh.googleusercontent.com/a-/ALV-UjV8WgoBM4xEqWfs0J95kW2lg-Q_utzlEfhuNniyZ6WR3OfoKBQW,GREATEST OF ALL ❤️❤️❤️,5,0,2.2.11,2024-01-10 10:55:50,,,2.2.11
4c130bd8-4748-41fc-af54-a66f55b99f10,Aqeel Abbasi,https://play-lh.googleusercontent.com/a-/ALV-UjVHd2nrrH7BfqGPQh_OCtAGajXe78jkRGIl2CKC4Nt7SD31IxANuQ,ماشاءاللہ بہت خوب صورت اپلیکیشن,5,0,2.2.11,2024-01-06 04:11:43,,,2.2.11
31e5d05a-ada1-4823-ba21-794797b5e040,Owais Ghafoor,https://play-lh.googleusercontent.com/a-/ALV-UjXVW5IwT-2zuwd4cq48pqI6W6ufoecPYZ0SX4bAdc7WqZu_7HC8,"I don't know how it get 4.9 ratings, it even doesn't allow to change the notification setting",1,1,,2024-01-03 18:56:04,,,
664bd618-2329-4cf0-aa57-0f37a9612490,Tayy,https://play-lh.googleusercontent.com/a/ACg8ocIrCPnarNtENE7IMrcPdk1Yy7hj6HeteLDUpRc5p7hq1FMxZIkN=mo,Lovely app,5,0,2.2.11,2024-01-03 04:35:37,,,2.2.11
c9008b6c-fb48-4fc0-bc50-252075bdd283,Zujaja Mubasshir,https://play-lh.googleusercontent.com/a/ACg8ocLcuxG9or5AbmgYWS0uMd8YPzvQ2uM0NSQpUdlxCDkJOe02MiB8=mo,adhan sound doesn't work but other than that it's a great app,4,0,2.2.11,2023-12-28 07:18:20,,,2.2.11
dbce55dc-2ea0-4fce-bf6d-1b16a631b050,Arefa Sheikh,https://play-lh.googleusercontent.com/a/ACg8ocJ0ziqI6r5gV6SSxPNpGOvRxwmX5VrUHCkzKbtLhd5XZ30zgA=mo,It is a very good app and I have been using it since a very long time but from some weeks it had just stop sending notification of adhan n it's not working properly,3,0,2.2.11,2023-12-27 21:17:09,,,2.2.11
d3762256-c5ff-4504-a311-b832233ac31a,Sahar U. A.,https://play-lh.googleusercontent.com/a-/ALV-UjUpjbdyEaJN-SWPqgyqL-rOW6_FKnA3-yigIN8l2WfjfZk7y_U,The app is great and fabulous in itself but I think the tracker should also have you know tahajjud and ishraq and other nafil salah for you to track. Please if you made an update consider adding these nafil salah to the tracker section,5,0,2.2.11,2023-12-27 06:28:02,,,2.2.11
29caaa6e-cd21-4c3a-9f30-a35945bc12fc,Kaz Naseem,https://play-lh.googleusercontent.com/a-/ALV-UjWXt_QEyUfPt6h3yKuTD-mNaEfAYpL5KpORPL8BKMIWq80txShm9Q,"Great app for Salah times, can adjust for different mazhab. The qibla direction is easy to use, no adverts huge plus, but it's the Salah tracker I'm finding really helpful. Seeing how I'm keeping on track and which Salahs I'm missing is definitely helping me get to my goal of all 5 a day.",5,1,2.2.11,2023-12-27 02:57:09,,,2.2.11
543f5931-b950-4b7c-9664-23c6e5a78ca0,Majed Dbc,https://play-lh.googleusercontent.com/a/ACg8ocK6xUIGBerQjYpEpUHGqCXEmP8-ZAFrvpfQLrUTCqdFPqqvuQ=mo,"Great, simple, elegant",5,0,2.2.11,2023-12-26 22:08:28,,,2.2.11
ad0c6229-2c7b-48d7-8113-c7233012a60e,Wesam Zaen,https://play-lh.googleusercontent.com/a/ACg8ocKo_Z43a4bVQ8fylbyr3h1_Zv08_rQAz-bgebgzCfPU3G5vPA=mo,Please allow more Azan choices. Please add option to make the phone silent during prayers.,3,0,2.2.11,2023-12-26 19:27:07,,,2.2.11
90e5d16e-2229-4dc5-ad51-57ef71452481,Kahn Ibra,https://play-lh.googleusercontent.com/a-/ALV-UjXcmWp4FHonC8Ml0HyX5L-i5hY1FZsdTpksRSAqKqZYu1H1rms,"The widget does not update and keep up with prayer times. You have to click it, go into app, then come back out to the home page for the widget to update itself with current salah time. Otherwise a very beautiful and well laid out app",3,0,,2023-12-24 19:44:52,,,
6fb820ff-1337-4ce0-acdc-13e6973b47b8,Abdul Kazim,https://play-lh.googleusercontent.com/a-/ALV-UjWOLQ93vZxSX7ifJl4lw7cQQ2pIu46KxpYwAzL8Y-_FnKgn5ufP,Helpfully,5,0,2.2.11,2023-12-22 21:21:21,,,2.2.11
b43c3241-bf61-4062-8da2-5f3802ffa856,Tarik Sahin,https://play-lh.googleusercontent.com/a/ACg8ocIAH46htPCSGSRfrIY1DtAGdb2F63R6a7zVzwQBQz5v3pAfuWE2=mo,"What a beatifull app masallah. Can I recommend some further widgets, in particular 3x1 or 4x1 please, as well as a constant notification bar with remaining time to next prayer. And for those using Andoid, please ensure battery optimisation is turned off and notifications are turned on.",5,0,2.2.11,2023-12-22 16:38:31,,,2.2.11
666b8ae2-de81-404e-b840-9902c6f9022c,Zakaria Zaki,https://play-lh.googleusercontent.com/a-/ALV-UjU312Gu1ElscJJ6Vxj_xI5TQhKjL8v07kR--xaJcih9b2zBPVOz,I'm stuck at the setup process at the location permission screen can't go any further,3,0,2.2.11,2023-12-21 22:50:23,,,2.2.11
25d27df8-a8af-475f-a0ad-ef9633d3f908,Oussaid Abdellatif,https://play-lh.googleusercontent.com/a/ACg8ocIUe5IKRbQI7fA_eFaTbXy4qGOfrm92CFYhNFZu1X87KswSNrX6=mo,جزاكم الله خيرا ،,5,0,2.2.11,2023-12-21 20:57:18,,,2.2.11
4ded5f95-e666-4a5a-bdba-7317fa305f84,Stephen Eyles,https://play-lh.googleusercontent.com/a-/ALV-UjU0ddEdWrL39WAvFAehSeMaiYHO_4ktHNQ5WjTQTl6P9Lsa3Xlf,"Looks like a nice app but I'm suspicious about the claim ""your location never leaves your phone"", as the app requires Google location services to be active - this sends your location to Google's servers. There are ways of getting the phone's location without enabling Google location; I have been using mapping and other apps without this for years and I'm not going to change it for this app... Edit 1: app doesn't even allow manual location selection!",2,95,2.2.11,2023-12-17 15:01:27,,,2.2.11
e996cc06-73c7-4255-b480-0c2db0f94306,Hamdan H,https://play-lh.googleusercontent.com/a/ACg8ocIHI8GP-tJXJt5AsL4CBW2179h8tscOH4CJEHzkodd-87A0rRA=mo,Coming from iOS it's the only clean app that does what it says 👍,5,0,2.2.11,2023-12-13 21:23:28,,,2.2.11
e9524f25-fcdf-4183-91d5-3a681a9d5d1b,Abdul Muqthadir Khan,https://play-lh.googleusercontent.com/a-/ALV-UjV3GJBQsg_9SfNQeQSvU7gBsIAKjPXkTq2-X4AA_2aGafjD3aoj,Has all of the necessary features for a Muslim trying to hold himself accountable for his iman. A wudu tracker would be a good addition.,5,0,2.2.11,2023-12-13 05:19:12,,,2.2.11
19dab3d7-03d6-4670-ad95-805f85ebac7e,Shifa Sherin,https://play-lh.googleusercontent.com/a-/ALV-UjUx1rWCb3vBKPVZMMiP1Nswg6r70AXDxOyQjkz8_9aFISFuoiLx,"Assalamu alaikum wa Rahmatullah, It will be really helpful if you guys add sunnah salaths tracker 🤍",5,0,2.2.11,2023-12-12 11:46:17,,,2.2.11
e97c571f-1aca-4343-a0e0-34aa6732d1c6,Tijjani Baba,https://play-lh.googleusercontent.com/a/ACg8ocKYIOdcCkBEjdxY0hczzf4nUeYueoZpCc4RAgv2wgzyb1ZewQ=mo,"Excellent app. Very easy to get direction of Makkah, accurate prayer times plus many other functions.",5,1,2.2.11,2023-12-11 23:44:07,,,2.2.11
34a25309-1951-4574-8bcd-8028903c5ec8,Ateefa Mulla,https://play-lh.googleusercontent.com/a/ACg8ocKTFcN6x6HCh_TDm3tFEXdpNSbpDU4lqV3pM8qYOfAmKNK-nQ=mo,👍,4,0,2.2.11,2023-12-11 22:53:50,,,2.2.11
5f763eda-c20c-4f2f-ba01-1177578ca2e9,Ahmed Asif,https://play-lh.googleusercontent.com/a-/ALV-UjUkwmtbE7ShiPf2tKA_fORjtkZuNpAh5qC7YmATAhPS4ZPNs54U,Says privacy focus and then forces you to give precise location info. Not private at all.,1,2,,2023-12-11 12:53:05,,,
7fb5520f-c9fb-486c-b9ba-45a8fc67b495,Aafiya Ansari,https://play-lh.googleusercontent.com/a/ACg8ocJh9ol3etFm5i-XRNdfjkAIQsmkujgrv2_lMZqLifL0btaaHQ=mo,"I love this app and have been using this for over a year now....just one suggestion that I would like if you add a feature where we can track prayers on the calendar. I know there is a calendar in the app but I want a calendar which also has prayer tracker like in ""muslim pro app"" please please add this feature as I have a lot of missed prayers and I want to perform them date wise so it would be easy with this feature. Jazakallah khair",4,0,,2023-12-10 20:46:13,,,
12d26525-ca63-4e2f-9941-593311fb9630,sono lo strano,https://play-lh.googleusercontent.com/a-/ALV-UjVnnyJERzahT-8pJpO_UeHTmRv6mc-RXkivSZYDr95VgcMwBFg,"This help is amazing! Using this for the solat tracker. Reallyy simple and easy to use. I hope u can make the solat tracker to be on widget mode on our phone, so it will be easier for us to tick without open the app 🤣 may Allah bless ya!",5,0,2.2.11,2023-12-10 14:15:10,,,2.2.11
bb8c419c-563d-49ea-b22a-dad113af7af4,Ajmal,https://play-lh.googleusercontent.com/a-/ALV-UjXcLCQRN8TMCkezu7dje32zHfheR76y1aJVtsZVQ0zB2uh_yr8J9Q,Overall good app. But the widgets don't refresh properly.,3,1,2.2.11,2023-12-10 12:00:04,,,2.2.11
95503057-f2cc-46f0-8898-0c1429290cc9,Rumaysa Saad,https://play-lh.googleusercontent.com/a/ACg8ocI8yqrqxOu1_aUfAEhavGQ125t5hn5uivRjlbLn4ePbrc048w=mo,The qibla doesn't work on android phones. Please fix this bug,2,0,2.2.11,2023-12-09 00:29:58,,,2.2.11
154ff507-8720-47b9-99ef-9817aed99497,Cherry The Candy,https://play-lh.googleusercontent.com/a/ACg8ocKbJpt1G6Zf7yxElE9DUJ-JnUZ7P3vHXn5zpePLN-2MCLjGyEA=mo,"It is perfect to keep track of your prayers. My only request is to have a widget that shows the exact hours on the home screen, and to add a checkbox for Qiyam and Tahajjud 🙏",5,0,2.2.11,2023-12-08 19:10:58,,,2.2.11
1bfa4f50-840b-4c55-be53-ea59a5e8dfbe,Merve Almasaleha,https://play-lh.googleusercontent.com/a/ACg8ocJ1XqF9Fbrv5vtTAGUL_8iah6eqth4jY4HH8QM29qwEHGcNUA=mo,"It's a very useful app with beautiful design. But I have a problem. I can not change the notification type. I was able to change it from default to silent only, not to Adhan, and now I can not change at all. Any suggestions?",4,0,2.2.11,2023-12-07 04:17:36,,,2.2.11
dfc0b179-3b1e-4aa5-a5f9-e2da8a44a76a,Anya Nini,https://play-lh.googleusercontent.com/a/ACg8ocLzApNspkzkjViNWjUQUNeyhnMCM4DCGxo7RFaMGzvHdZmmag=mo,The best,5,0,2.2.11,2023-12-04 23:41:09,,,2.2.11
c38efcf5-0674-4841-8b7f-21f171c76a34,Ameen,https://play-lh.googleusercontent.com/a-/ALV-UjXZAP28LKgM5wjZT54S1BXxCWeyz1_yKuq5O9ncZ0ZNDL5AAjQCKQ,Best app that I ever came across,5,0,2.2.11,2023-12-04 23:33:13,,,2.2.11
6d4c3f9b-b4c6-470e-89ba-ecd86a8b6d84,Ruu MAN,https://play-lh.googleusercontent.com/a/ACg8ocK4phPZyoyGstgtNfaAzfLQ2h9b4h8hIL7jZ9lGFM0bHVHxGg=mo,"Simple app but does exactly what i need it to do, to tell me the prayer times, love the widget function also.",5,0,2.2.11,2023-12-03 05:32:40,,,2.2.11
a5d208a6-9190-4897-a74f-cd7b2fa0414b,Jojo al Bizarre,https://play-lh.googleusercontent.com/a-/ALV-UjVx6kNnxvvefrtNcxCX6sQyjZU94nXFQndyncE3KodzSB-AhPs,"As Salamu Aleykum, I really like the design and simplicity of the app. It's a breath of fresh air in comparison to all the otger AD filled adhan apps. I have two major problems with this app. Firstly, I can't choose in notifications between adhan or notification sound. I think there is a bug. Additionally, adhan doesn't always play it quite inconsistent. If brothers behind the app could fix these issues It's a perfect app.",3,52,2.2.11,2023-12-03 02:15:35,,,2.2.11
5f36083e-9287-4945-aefd-1e0a9b3a9b53,Admi,https://play-lh.googleusercontent.com/a-/ALV-UjXwWU58O2UjFZ0b_g5srwMBilOtf4fsUeRGa4ZkfLYIaJIxaCrU,The app we really need,5,0,2.2.11,2023-12-02 16:58:24,,,2.2.11
958c9331-d114-4200-b515-f8d9675bceef,haruna dauda,https://play-lh.googleusercontent.com/a/ACg8ocKQVM1dvhoNQQy3XUfaAYJXxldFn1Z0LO87Db4B3Rmpu9gN1Q=mo,"A friend shared the link, glad I got it",5,0,2.2.11,2023-12-02 00:58:02,,,2.2.11
21797c89-7281-4ae2-b13a-0f0c74c5b25a,Sara Younis,https://play-lh.googleusercontent.com/a/ACg8ocJh2aBBg3bFJLRsHeL-P6XXiueIuhBBDkxsWu1kR_D9qt5Uqg=mo,It's a great app but one thing that I don't like is that it doesn't show a complete day when you have prayed a prayer late,4,0,2.2.11,2023-12-01 22:47:44,,,2.2.11
8d604a4d-e3e0-4517-bc15-8a3f4ea45a3a,FIZZY,https://play-lh.googleusercontent.com/a-/ALV-UjUgw1PXY6rrvKVjkhU0ssHvTLFmS4zLRS9NDUlJLaO93df0uJgf,Compass becomes frozen for long periods every now and then but otherwise its perfect.,5,0,2.2.11,2023-11-30 16:25:58,,,2.2.11
7e014f34-ffb8-4e1a-9d65-e47900dbcc6f,Husnain Amjad,https://play-lh.googleusercontent.com/a-/ALV-UjXw3YDHVg80_jwb3VAmtFkcjmS2vlLWkB9qDSR7MwfawWMzrsmWrw,Simple,5,0,2.2.11,2023-11-30 14:50:50,,,2.2.11
9b16b57a-2f10-47da-bf98-fcb33796013d,Abdoul Karim Toure,https://play-lh.googleusercontent.com/a-/ALV-UjVgrYNDOyEWUlOwR5B0ZdPNEWYtOpWE-UFHz2XHRns4U7naDABJ,"Simple, clean, and ad-free. I like all its features. Thanks to the developers, may Allah bless you for this great app.",5,0,2.2.11,2023-11-29 18:14:02,,,2.2.11
c5438242-8362-4c37-b4a9-c9dcb5f38b22,Mohammad Shahnur,https://play-lh.googleusercontent.com/a-/ALV-UjW99YMIsvFOIbaG2j9dRe9Zv7wzyo_2Ck0i1wQcs-JxUiY1YutF,I don't know why it consumed too much battery power. Otherwise it is a decent app.,2,0,,2023-11-29 15:54:35,,,
a4fcb814-d7e8-4440-b8e3-f813e8d9da20,Mohamed Eltabakh,https://play-lh.googleusercontent.com/a-/ALV-UjWpPd2otEq3os7cZBQEgjE0iiDJ9RbmFYEjLc_IPQo3skaKXvwERA,Good app but i want you to add option saterday is first day of week for arab contries and prayer trend for all days since i download the app not only few days i see or option to scroll for trend line And thanks for this good app,5,0,2.2.11,2023-11-27 10:25:20,,,2.2.11
d0bd266d-c772-4669-9255-9a9142ceb6b1,M Kordy,https://play-lh.googleusercontent.com/a-/ALV-UjU8uk5niUyNuyd8tIB-7rKuOqEC7d8c4YzT48UawuEnzsTfGo4D0A,No advertising! No selling of data! Developed by Muslim guys who are well known in their community in the UK. Truly an app that can be trusted,5,0,2.2.11,2023-11-27 04:59:11,,,2.2.11
c40ca426-bdc2-4591-8249-7f8c2ec707c5,Sarah Walden,https://play-lh.googleusercontent.com/a-/ALV-UjVMNpUkI086KH2nsqMuFBTs6aEp7VCyMm4mmkicn1jkDN9cBl6QIw,"My husband and I converted to the Muslim faith July 14th 2023, and this app has helped me with tracking my 5 prayers each day, knowing when each prayer, and where Qibla is. I would definitely recommend this app to new and experienced Muslims.",5,0,2.2.11,2023-11-25 09:55:46,,,2.2.11
77d0f43e-b372-4f18-a9d1-bac103f075f3,Mohammad Iftekhar,https://play-lh.googleusercontent.com/a-/ALV-UjU_wBKZY3Vl7yE_cnoDoFwtiqjzisbZtdhJ5ph_16qnF8puOGfH,Kudos to the Developer. Very useful App for Muslim. ♥️,5,0,2.2.11,2023-11-20 23:38:10,,,2.2.11
d14233f0-5871-4f9d-8169-45f9af776887,Sameer Khan,https://play-lh.googleusercontent.com/a/ACg8ocJ-wlUhqCjZ5_MEfDSFM6UGOrvr6pM_BneWjXa7P2Ny188Mzw=mo,Nice app,5,0,2.2.11,2023-11-18 22:13:26,,,2.2.11
796baade-cda4-4b02-95d9-fecf527a198e,feysel Kedir,https://play-lh.googleusercontent.com/a/ACg8ocIM_J9Egl6Lha_MRDEIySwAW8kZAquaCKhQsYL9Px_4fzJk0Q=mo,Best app to pray salah on time & Qbila location every where you go,5,0,2.2.11,2023-11-18 20:13:44,,,2.2.11
96dbedb6-771b-4a28-aeb8-364be4f91da7,Jawwad Zafar,https://play-lh.googleusercontent.com/a-/ALV-UjXwc1biTBBPxku89Nor21rqjq0W-Nq5o5iYG-IIigLDYn36Aykt,Best app out there,5,0,2.2.11,2023-11-17 16:55:39,,,2.2.11
21ab3601-4301-42a6-919b-057f317a371a,Kass Kassongo,https://play-lh.googleusercontent.com/a/ACg8ocKFiEUtbaVmWOvk4iru53NNdEF4qXUC46lVeHS04xtxWlYqMA=mo,Its very good,5,0,2.2.11,2023-11-17 08:38:00,,,2.2.11
08c46fd9-2914-4c07-930f-742cdb8a4d78,Bibi bibi22,https://play-lh.googleusercontent.com/a/ACg8ocLiajFvk0C9vaECa01JwCYFlU4YiZnmcKUaHLmRYJJkjEPhMdA=mo,Great 👍😃,5,0,2.2.11,2023-11-17 00:42:38,,,2.2.11
dcb332e2-7995-4371-a823-29ef7f19596c,Mohammad Mohammad,https://play-lh.googleusercontent.com/a/ACg8ocKPM66A-qpQ6oX82DRh7RWQJztyCGdCjB6sCr2PUKpTFT8Zsg=mo,This is great app specially there is no annoying adds. Tnx maker.,5,0,2.2.11,2023-11-16 08:55:49,,,2.2.11
423db2db-8158-4e63-8b14-a66fc7d7a4eb,Bilal Javaid,https://play-lh.googleusercontent.com/a-/ALV-UjVhcyo8cd-WOO6H7QeBuy_sUl6UjdXccgkVXLVyEVZew8tabyt-,Simple functional UI. No ads.,5,0,2.2.11,2023-11-13 02:44:35,,,2.2.11
436d4384-6eec-4736-a8b2-5a3b582eabf9,Asad,https://play-lh.googleusercontent.com/a/ACg8ocJgJR8g6vqAgtXzS5Gu45BhBVpaGedBf_w8EXoHLeaY9dYdkw=mo,"Just downloaded as I fancied a change. Would love to see the ability to adjust notification times, or have a Fajr alarm, I don't wake up at beginning time so it would be pointless using the Adhaan option for this. And an alarm which adjust automatically based on sunrise time would be great. E.g. 10 mins after Fajr beginning or 20 minutes before sunrise. Over all very clean UI, looks great",4,2,,2023-11-12 05:36:54,,,
a40d6b7a-c352-4a98-93e3-6cfbcdd7c1b9,M,https://play-lh.googleusercontent.com/a/ACg8ocKokSqLAnxocQEWOa58hbADcOAgyJ5hsWVGtLOGA-GH4bqwUZNA=mo,Notifications doesn't arrive and the notification setting also is glitchy.,1,1,2.2.11,2023-11-10 08:43:22,,,2.2.11
e3be4651-955e-4302-9654-2c4034e53f85,Sufian Khan,https://play-lh.googleusercontent.com/a-/ALV-UjUq54uW-8DFtx4kZiosDsrzPvKjqQ-vsyOc5Z-yYlqnscUfDBSO,Great App!! Highly recommended for everyone. Thanks Pillars,5,0,2.2.11,2023-11-09 08:35:59,,,2.2.11
e549a692-0ebe-4a74-909c-4206d3790d0a,Ridwan Ameen,https://play-lh.googleusercontent.com/a-/ALV-UjVngoLVrgWY1OPmlPR76QwBs8TwvfRThltAeS4LtfyZZh7NFxgE,"Uninstalled it cuz the widgets aren't interactive, and thus the app isn't useful to me",3,1,2.2.11,2023-11-07 22:55:13,,,2.2.11
54f7cc6a-45c8-4f25-ad3e-bc7ea7edf2e5,dina khalil,https://play-lh.googleusercontent.com/a-/ALV-UjWIHDRTDA8LqOR3ZQFEZmEsLvWssRe_ee2jgwtp6A5vKBc4F-sr,I loved this app when I had an iPhone but as soon as I switch to andriod I started having problems with the notification. It would not notify me about prayer times or it was only sometimes. My notifications was turned on in both the settings and the app. I'm not sure what happened.,3,1,2.2.11,2023-11-04 21:57:42,,,2.2.11
4b773b68-5fea-4344-a3b7-e4bcdb1696f7,Rami Taleb,https://play-lh.googleusercontent.com/a-/ALV-UjWK6EKpuulnc9qC-1lUMn1USfWaMrPlH98Xp2Yvji_OUkAGEkf8,"simple, no ads , great app",5,0,2.2.11,2023-10-30 01:25:14,,,2.2.11
87d4412e-10fe-46df-9b97-372dc6108da1,Ultimate Score,https://play-lh.googleusercontent.com/a-/ALV-UjXebSuVJC_D2KTF7vvpA8wV0Oiw0U_qPl0ikkBZk9JgwkDsMnU,Very helpful app but please add adhan notification to sunrise time!,5,0,2.2.11,2023-10-29 23:09:02,,,2.2.11
de67849d-0633-4f34-84e3-c0327e988641,Naqib Rosli,https://play-lh.googleusercontent.com/a-/ALV-UjX1xb_t-8fHxU2FToHikXmhV_q_qgcCbuKT0me6rnsUh-NBoJ8c8g,Finally a good looking prayer app + accurate timing!,5,0,2.2.11,2023-10-29 09:42:17,,,2.2.11
eda56514-b418-482e-9ece-9398cd719a6c,Hamidyar Kagawall,https://play-lh.googleusercontent.com/a-/ALV-UjVsgeul_CyvzCW_NZ0toS37wspAT2zPUoKo58FN01SnmmpZPnI,Wonderful and great app,5,0,2.2.11,2023-10-29 08:49:11,,,2.2.11
b2ec866c-9bb9-4cef-81ba-c7a57fa2d328,Amirul Andalib,https://play-lh.googleusercontent.com/a-/ALV-UjX8blDi5mTYfUjHqI_DYjGovKFnlpuLZBPO_Uj80EcpDLLENZom1g,"dear developer there is a bug within the app, it crashes sometimes without any reason. Please fix the bug thank you.",1,0,2.2.11,2023-10-29 08:06:40,,,2.2.11
53a111e9-8413-44d8-91d2-7c8b9061b62c,Dennis Sepulveda,https://play-lh.googleusercontent.com/a-/ALV-UjUoGzdPM4rzubIsQp3kMTuCWB97gRlCEMLv1guQgJzJHGl5DlE,"App is basically broken. The option to actually click different settings doesn't even function. When you click on it, it doesn't even respond on half of the stuff you click on. Move along, install an app called Prayer Times instead, much better and it actually functions.",1,2,,2023-10-28 11:09:42,,,
88c0eee0-fd84-4521-b0ad-41b90b474586,Hassan Metwally,https://play-lh.googleusercontent.com/a-/ALV-UjVJ82TH8tBHdHbNjr3ATebCE_x58l5pVtqLPYeEDbGRZvUjTM59,ازاى اغير صوت الاذان؟,3,0,2.2.11,2023-10-27 23:40:12,,,2.2.11
c204cbc6-ada2-4bf8-a45c-28a46eb02029,Shuja Pakhliwal,https://play-lh.googleusercontent.com/a-/ALV-UjUQMw7sCxpj6DTUseF9KHszBxyr73L6Vyjj1zIkJR6QzjSSdgeXwA,JazakAllah for this beautiful app. Downloading this app is the best decision I made in life. May Allah bless the team behind this project.,5,0,2.2.11,2023-10-26 11:04:36,,,2.2.11
a887d506-4e50-4af6-a55f-6668f4db27c6,Nafisa,https://play-lh.googleusercontent.com/a/ACg8ocLLy7IeY2bsvXGCWR9069-r3vI9v1wlaToAz6TVpew35r0Z-pw=mo,"Wonderful app. Great design and user friendly. But I'm uninstalling it because of two things: 1) there is no way to independently control the adhaan volume. 2) More importantly, after a couple of weeks of use, it just randomly stops sending notifications. I have followed the instructions and opened the app frequently to keep it from going to sleep, but it just doesn't work. Too unreliable. If they fix it InshaAllah I will reinstall it. Very good app, otherwise.",2,106,2.2.11,2023-10-25 16:01:33,,,2.2.11
c88e9b14-7545-43b8-8789-1a6ebadb2f29,zynah adnan,https://play-lh.googleusercontent.com/a/ACg8ocK65JbyTRhPq3jzl80aBE95r1sIznlIrb5A6zdRW7Dy5jufRw=mo,love this app i never forget to pray because off this app and im using a laptop,5,5,2.2.11,2023-10-25 01:07:42,,,2.2.11
763a476a-6872-44b5-970d-a3bb84926bf2,Yusuf Alsbach,https://play-lh.googleusercontent.com/a-/ALV-UjVuMItmffbVyp-FqkGup1Aok4WU3Rv5W-zD2MfXRCQEZMaTppRFoA,It's a good all but it kept crashing and it's recently not even giving the athan so you guys need to see what wrong with it.,3,1,2.2.11,2023-10-22 10:57:34,,,2.2.11
aaebe4e9-bbaa-4ece-bc9e-57ab30be7713,Sasha,https://play-lh.googleusercontent.com/a-/ALV-UjXftikMdeVG0ORGOcB6uyeJ61DRVzyOBKd_E_wZI20kkT7YfDE,It's crashing a lot even if I only change the type of notification,1,0,2.2.11,2023-10-20 16:50:49,,,2.2.11
d12eeef4-2f01-4304-ae84-e8086b97ab3f,Azra Icli,https://play-lh.googleusercontent.com/a-/ALV-UjWPKdUh0HCwU25TrW5bKq3Dgt9b0pXFjriPioDpC8zuNJ6veIAy,"An absolutely amazing app. I love the vibe and the colour scheme too! I first discovered it last year when it was the only prayer app that would work on my iPhone 5. I have recently updated, but when it was my iPhone 5, something at the bottom (can't remember what) was blocking me to tick off the last prayer, and it really bugged me. I'm not sure if it has been fixed, but other than that, such a good app! Definitely favourite prayer app, and would recommend",5,3,2.2.11,2023-10-19 22:50:09,,,2.2.11
046a90cc-dca1-467a-bc5d-271e5727c664,Iheb,https://play-lh.googleusercontent.com/a-/ALV-UjVPZsgh2x2VOMob_bUIMTBYSyNE32z2byzncjVQ14ALaO23RgSG,"I can't say the app is working perfectly but honestly to deliver such a nice looking app free of ads, you deserve a lot of praise just for that",5,0,2.2.11,2023-10-18 11:12:55,,,2.2.11
1393bc64-e46b-44fd-85f8-d2403e38b153,Dayana,https://play-lh.googleusercontent.com/a-/ALV-UjVlKkhGsByKfMv5egcQibgkfx24gre4YmMPzc1M86JdhORsq7E,Please im begging you to fix bug because the app keep get out from the app interface. My phone said the app keep stopping. I like the interface but please fix the bug.,3,0,2.2.11,2023-10-17 20:33:26,,,2.2.11
d5327efc-3c1b-4f94-85f3-0e5c82ba11f9,Abdallah Harun,https://play-lh.googleusercontent.com/a/ACg8ocK163v7jr9bSj4vNbEoMY6K8wL0raFkz3448j5N9bFDfD0Q6A=mo,"Widget on my Pixel 8 Pro never updates, for example will tell me the next Salah and it's time and it's time when I check the app but that's it. I recently moved from an iPhone 12 and the app worked perfectly for that. It's disappointing because I rely the widget heavily for these updates and notifications and for it to work every time I need it to.",1,24,2.2.11,2023-10-15 19:36:25,,,2.2.11
10e19f57-7c29-4223-aaf9-1b241ec03fea,Akram Bora,https://play-lh.googleusercontent.com/a-/ALV-UjVX6cYal5UIaiVCiAJvYbX4yNtNZ8yuv1GcJoz6fF7cpBt-1ufY,"The namaz widget does not update after a namaz time, that is if Asr timing is done it should show Maghrib timing, but it shows Asr timing, When I click on the time and close the app only then time is updated Please check Other than that very good app",4,0,2.2.11,2023-10-14 00:26:00,,,2.2.11
1da24d23-aa72-4a7e-8d75-11823a52ca30,Quran Translations,https://play-lh.googleusercontent.com/a-/ALV-UjUDgHY-oWF9RzV92o9EPePySpiz1ROmfdGBjULazlR1z2yIP0qH,"Hey, Automatic location stuck bug (Lineage android 13 Mi 9T) , please add feature for manual location. Thank You",3,1,2.2.11,2023-10-08 21:41:15,,,2.2.11
803960df-7c05-4798-baf1-6fb04b0d8b50,Qamar Jahan,https://play-lh.googleusercontent.com/a/ACg8ocJEFZhV5fh__NWGig1Mzoypcs6AXB4En5F0Z4_9Dfh-YCXuNw=mo,Adhan not working,3,0,2.2.11,2023-10-07 18:33:29,,,2.2.11
bc36108f-3039-4ab1-abf9-7552e9af439e,Bilal Suleman,https://play-lh.googleusercontent.com/a-/ALV-UjXv0z6SYmK6vVgXYAAEK9sWra2iZS_HkaEUMgzblZl2D852lAr4,Clean and mostly accurate,5,0,2.2.11,2023-10-07 15:26:40,,,2.2.11
dc386185-756a-454d-aa28-74b27dab82d5,Shakir Shaikh,https://play-lh.googleusercontent.com/a-/ALV-UjVf-gYmhPadrAamMuzDLZ9PcSmesX72g-zIZjN9e6QNo3JFAH7JEA,👍👌,5,0,2.2.11,2023-10-06 18:56:46,,,2.2.11
9996e0b9-6379-4db4-b5f6-6cea0548256a,R R Bramansyah,https://play-lh.googleusercontent.com/a-/ALV-UjWIo25PndxElXwlOk_Bd4UFjlBUIIIRajg3z3OnNOxOa3khPjg,I really reallyblove the simplicity and the style . . Would give 5 star after it provides salah tracker widget. Pretty please dev,4,0,2.2.11,2023-10-02 16:59:02,,,2.2.11
34ef0420-db36-4269-92a5-9f324d7c5266,Mustapha Yay,https://play-lh.googleusercontent.com/a/ACg8ocL5-d2OaMKJeaALtrW3PPtVtoy4NYE40zuoOXPun88yfKtNwQ=mo,It always point me to the direction of the Kha'ba wherever I may be in the time of Salat,5,0,2.2.11,2023-10-02 00:09:58,,,2.2.11
14efec25-f5c5-4f67-b2ea-8f5b1140eea2,Dris,https://play-lh.googleusercontent.com/a-/ALV-UjWDtJWxnPOHTjhCsIp9aYf5cizCLIv4Y5ezZBK8PWSr0di4GbMb,"Why does the app claim to be focused on privacy when it refuses to continue if you do not grant precise location permission, although it can work just as well well approximate locate?? Drop the claim to ""privacy focused"" or do not require precise location (you do not need the precise location to know which city you are therefore what are the prayer times)",3,4,2.2.11,2023-09-30 17:05:48,,,2.2.11
ecae29e4-8f98-4389-a160-34528747b997,Iram Fatma,https://play-lh.googleusercontent.com/a-/ALV-UjUJiFatauTgc8xPv44genVysRxnGP0HUDfezx8F8TND2T0CZhA,Excellent,5,0,,2023-09-30 16:58:44,,,
115543f8-9924-4e83-9a21-a0f2d7d8b391,Imran Mughal,https://play-lh.googleusercontent.com/a-/ALV-UjVrvZ8oBvLd-Tal6ZBJ8dXScR5ptDovSk1kPCZOwcw4aPAENQKu,Best app all time but one problem screen lock notify not show,3,0,2.2.11,2023-09-29 11:11:43,,,2.2.11
70c4d1a2-92dd-406e-b1cd-73f91ddc0767,Dr Muhammad Mukhtar,https://play-lh.googleusercontent.com/a-/ALV-UjWsNWGc0fFDC7uoaknJiueHcN4q7I3X0NoejnXS7J8Y31_15-7p,The app is so beautiful but the arabic language should be included,4,0,2.2.11,2023-09-27 19:24:06,,,2.2.11
ca24f2b6-5655-4f3e-bdd6-15986e8694b0,⸻⸻⸻⸻⸻⸻⸻⸻⸻⸻⸻⸻⸻⸻⸻⸻⸻⸻⸻⸻⸻⸻⸻⸻⸻⸻⸻⸻⸻⸻⸻⸻⸻⸻⸻⸻⸻⸻⸻⸻⸻⸻⸻⸻⸻⸻⸻⸻⸻⸻,https://play-lh.googleusercontent.com/a-/ALV-UjXukbmukYb_QqY90qUVg1t6e-8cCowLWDrASjYN9hsZLV05maWq,Greatest Islamic App,5,0,2.2.11,2023-09-24 21:41:59,,,2.2.11
70eb468a-c595-4e87-9403-72185822dc21,Anna Yamin,https://play-lh.googleusercontent.com/a/ACg8ocJi1gj12sm_qeKw_ev04vvn7VHlgcPZsW3qMDiy01ZNm4sesA=mo,"Great app! Thanks for making it free + also ad free. Also, it is very aesthetically pleasing!",5,0,2.2.11,2023-09-23 04:48:28,,,2.2.11
dd947a9a-b67d-4b63-8920-cb911a5e6c80,Shaikh Safina,https://play-lh.googleusercontent.com/a-/ALV-UjUUp8edFM5rOAMjbPh3mMjHog14ptBxwV7tHiqEI9FzVG5UaZJK,Best app for daily prayers ❤️,5,0,2.2.11,2023-09-22 00:05:40,,,2.2.11
84a1e523-5e34-4e94-bbeb-f45294949527,Khalil Albinkhalil,https://play-lh.googleusercontent.com/a-/ALV-UjVT4PNeDnfS0PPwDJG4K7YHI8PSC_NquGY8LFupqelnm8NtOZs,The app is easy for everyone to use. But I'm giving 4 stars is because the Qibla direction is wrong. It's giving me the opposite direction. And now I'm not mistaken about it because i tested it in a Masjed. I deleted the app and redownload it. Still the same. My phone doesn't have a phone case at all. The location is turned on but it's keep showing me the wrong Qibla direction. I hope you fix it in future updates and include athkar for everyone to do it after the prayers. Thank you for the app,4,6,2.2.11,2023-09-21 13:59:09,,,2.2.11
8a43d318-b03b-4705-884b-900f99a0a33f,Hana Ahmed,https://play-lh.googleusercontent.com/a/ACg8ocJf2XtyIh3mrZ8bHomoYECAJJq1iAelY5t0q48trRB_ZaRgpIoI=mo,amazing service.,5,0,2.2.11,2023-09-21 06:15:32,,,2.2.11
c9fd23cb-5a3c-4154-a6e1-43715a759c3c,Mohmed elgindy,https://play-lh.googleusercontent.com/a/ACg8ocI_29gedQRZcjkleMMpMJN_uNNdyHcmXvTuPtATIKyAFeJeeCVU=mo,Can you make the program in Arabic?,5,0,,2023-09-20 14:50:38,,,
7c21b37f-64ad-4a46-93a7-3fae304d7241,Maryam Talal,https://play-lh.googleusercontent.com/a-/ALV-UjW_oPslQ8mc46wLAf0w9cIzyls5hbU7AYv53DFLZe_Xuo8GEXRG,Was great until Egypt decided to do daylight saving. Now it rings before Azan by 1 hour. Please fix it 🙏🏻,4,0,,2023-09-19 15:53:26,,,
3d6fc0b8-6afa-4f47-bf83-ecdfdebd1137,Wogra Ahmed,https://play-lh.googleusercontent.com/a/ACg8ocIOvLHOba-TENm6yYm9phwHEs2-OFZjKAIuWKjTZHgoGvz1Rw=mo,Good ap,5,0,,2023-09-18 18:25:16,,,
f339efca-4f60-4ec3-a036-cd341c3408cf,Jay Hussain,https://play-lh.googleusercontent.com/a-/ALV-UjWopazvDQ1033Cal9G64hyd75j2SvAkcNXQUDrW5A58nplk4UhPZw,"Great app just need more widget sizes, if possible a smaller one too.",4,0,,2023-09-18 02:30:29,,,
9e48054c-bb9e-4a70-8b46-10188f3f31e1,M Akhlaq Ahmad,https://play-lh.googleusercontent.com/a-/ALV-UjXApynaKPkWewZdSylJSOrlhXUKSdX525mbVvxMcTgSUCvRP2M,JazakAllah for every thing.,5,0,,2023-09-16 06:55:30,,,
8ace8cef-4cc6-4b61-b389-c28e6ae4d6ee,Asrap L Panton,https://play-lh.googleusercontent.com/a-/ALV-UjWA3ODjRRbJwCn4Ih5-52ItsA2K7FiPSMZv3N7vI8rHtWS4T5qa,Shukran and Alhamdulillah!! It helps me a lot,5,0,2.2.11,2023-09-14 16:11:18,,,2.2.11
a354eb42-f4e3-4618-8f84-5c3293650eb8,Mundir Ali,https://play-lh.googleusercontent.com/a/ACg8ocL5T716ziOzkMyftk6mMtO7efWN9Q4oLorex4u2ukSNVpsVug=mo,"Genuinely love this app so much. JazakAllahu khairan, may Allah grant whoever made this Jannat-ul-Firdaus.",5,0,2.2.11,2023-09-13 04:39:05,,,2.2.11
61c662c9-010f-4289-9c04-d00d0a0bbb71,Firma Syahrian,https://play-lh.googleusercontent.com/a-/ALV-UjVKgm5Mk_wQ1tSZALioQ2VETJfL8b239Vs1vPHhfWCaBwkU0XUt,Please fix: the app is great but the widget showing different time for Fajr.,5,0,2.2.11,2023-09-12 12:25:22,,,2.2.11
f79ed637-d64d-4c22-8b0c-1fb803c9aee0,Atticus Cassidy,https://play-lh.googleusercontent.com/a-/ALV-UjV9jUeFxwphkDfy_gL1VbuPQISRzszePPmf3gAsMJcO6zIqbQXLpA,Great outside of the widget not auto updating the timing and such. Otherwise wonderful and easy to look at app.,4,0,2.2.11,2023-09-11 13:41:28,,,2.2.11
c20d214f-d40d-4f56-84d1-f29e4041a780,Abdullah Afridi,https://play-lh.googleusercontent.com/a-/ALV-UjVy7SclecRdBSu8znIxjLNbXvXYT5BVivWx8rGTBhQk7rrIcunTvQ,"Simple, clean and perfect. No extra mess.",5,0,2.2.11,2023-09-10 21:51:26,,,2.2.11
308143e1-792b-4b6e-9b12-f03c3bebe782,Nassir Amour,https://play-lh.googleusercontent.com/a/ACg8ocJ3WKV6BP0sMhVT2yXks8VQODP0uPNDziCQ3cfDfOYpeiZIag=mo,C'est bon,5,0,2.2.11,2023-09-09 15:17:06,,,2.2.11
2489f936-25c3-4995-88dc-3c09319c68e0,AZAD BHAI,https://play-lh.googleusercontent.com/a-/ALV-UjXyOrecZ58uymm5rU7y1faAOLXW9cT0tXXBv8zJ8Yp18Rw5zYfh,Beautiful application,5,0,2.2.11,2023-09-09 05:15:19,,,2.2.11
2b4548e2-0c4b-4d8d-bb37-626355dcb3ac,ZEROManx 4,https://play-lh.googleusercontent.com/a-/ALV-UjW1Jt4_7oyuyyz71fUJS4S4NIVz922IlFyUfO6ut5o3Q2VHTpxy,Best way to keep salat,5,0,2.2.11,2023-09-06 14:16:25,,,2.2.11
6ae4cd71-0b2d-46dd-a2db-888634da1420,Bahroz. sherwanii,https://play-lh.googleusercontent.com/a/ACg8ocJ4zopvKEJ85aTpYPGERhY6noBKKoNSyioeXTzXFUeeWOVM-Q=mo,Best application it helped me a lot,5,0,2.2.11,2023-09-04 23:17:43,,,2.2.11
26fff068-177f-4d45-a218-ebbc3f113d94,Emyneesa,https://play-lh.googleusercontent.com/a-/ALV-UjW3FBd7dQsX79Vuz04Ay9GJLybq8jIHO-MGEl6wLWvb3Ek83ftf,when i want to set this for adzan subh this app always exit with itself,1,0,,2023-09-02 18:20:07,,,
d0444947-05dd-4a92-aca2-e881bb005b2a,Hasan Qureshi,https://play-lh.googleusercontent.com/a-/ALV-UjUkrsNWR_XOIw3-1vlHkvNjSOkHHM9eh4nJ70lXnf_U1uhwgDr8ag,I don't like the colour blue,1,0,2.2.11,2023-08-23 12:12:26,,,2.2.11
391c93cd-b1ec-439f-a808-f0ab280ef04e,Boosh Tasticc,https://play-lh.googleusercontent.com/a-/ALV-UjVmHLJhKdNCZ0FltuqbIxxGHCLg_KXyrnN0Ly7D0Ggh76IQeCEu,The widget doesn't work. It never updates the prayer or times unless you open the app and manually refresh. It's a shame as asthetically it looks nice. But it just doesn't serve its function for me.,2,0,,2023-08-19 14:49:01,,,
0882aa32-a16e-46c6-a432-268bf578b0df,Asmaa M Nur,https://play-lh.googleusercontent.com/a-/ALV-UjU6cUPnfNGe6dwXaw0p5rGx0Cb7Rq7ife6AAL9zOBsQCI4frGsF,"Cute, but it doesn't even go off? Like there's no athan, no vibrations, no ringing?? Nothing. I really wish I could keep this app.",3,1,,2023-08-19 03:22:03,,,
0f8d7999-5e38-4dd6-aa8a-8db59508ef90,mohammed ayaiz,https://play-lh.googleusercontent.com/a/ACg8ocLZ_K7wNs0onjFwfN_ncl4qNXmCbjc39joMAoi6Sq_C83uR=mo,Jazāk Allāhu Khayran. very good App.,5,0,2.2.11,2023-08-18 01:07:15,,,2.2.11
9e0794d4-633d-4336-9918-17d1c55d4ab0,Saeed Balquizi,https://play-lh.googleusercontent.com/a/ACg8ocKhOEji4LhvuXOlAW7FZ5pceTDObdfr6IK_gp8zY_UM4JxSQg=mo,10 star App. It gives you the option to choose your preferred prayer calculation method for prayer timings. Example ISNA/Egyptian General Authority etc. Also you can set athan as a notification from the prayer timing section by clicking on a prayer timing. Love this app never missed a prayer. Appreciate the developers for making this app ad free. To the devs you definitely got my donation support 🙌,5,0,2.2.11,2023-08-17 20:05:44,,,2.2.11
4985c2a3-2c24-4826-a24d-1e58f19ff3cc,Naifah Kaysar,https://play-lh.googleusercontent.com/a-/ALV-UjWoui4UjRivU0AXHs7y4_FumIscf20PIOWkcOYk-HInOOPBN1Cm,Helped me pray on time :),5,0,2.2.11,2023-08-15 19:11:53,,,2.2.11
5083afe0-4512-407f-bae6-07a27c638169,Sami,https://play-lh.googleusercontent.com/a-/ALV-UjUch_4JV13xFnRYW8VXHPD5BLsx_9mw8ad6lVAhICiNQu61mz8,would give 5 stars but it shows a battery drain on the s21 if I disable the battery optimizations,4,0,,2023-08-14 05:14:44,,,
fdbc699b-dc56-41a6-8e17-c63b69d92e9a,Aswath Achu,https://play-lh.googleusercontent.com/a-/ALV-UjV-kWQlsCfsBJvBmYb6bmCS6BFgbj6o5ejgqjRl8dKFXcYTFQ1b,"Masha Allah , A very useful application for Muslims. One of the Must installed in every muslims phone. A clean UI which looks perfect, Thank you Guys(Jazakallah khairn) One request, if you include quran with translation it will be better for me when I need to read Qur'an when I'm not in home. I can download from appstore/playstore but I love your development and this Clean UI. If you include quran in this app or in another app I will be happy. THANK YOU❤️🫂 May Allah Bless you and your family😊",5,0,2.2.11,2023-08-12 23:29:50,,,2.2.11
a3fa276c-11a1-4cd7-931b-5cdfe43b09b0,Abubakar Abubakar,https://play-lh.googleusercontent.com/a/ACg8ocLHKLQypfq6uvssXYeoftq66wX9h9fxfCqriBWgLXaWrLVOxg=mo,Love it,5,0,2.2.11,2023-08-11 05:36:32,,,2.2.11
4e8cd4b5-2aba-428f-94c2-5bded7c9f462,Yüsra Kızılırmak,https://play-lh.googleusercontent.com/a-/ALV-UjVA7kdZxgG2T6TaGerb-p55z7Z98T5oWl7NrUftkCchanDQ8s2JDQ,best app for muslims,5,0,2.2.11,2023-08-10 20:03:28,,,2.2.11
0a11aa23-1aed-4631-b569-411dc39318a4,Fathi kayf Ahmed,https://play-lh.googleusercontent.com/a/ACg8ocIhu48D78gfALlZlWcjnU_5UCMpkKKmGnLS4Gka95YGmeGtzw=mo,Good app so far,5,0,,2023-08-09 04:41:39,,,
4bc9aa1f-540a-464b-afbf-aa56be74cb86,Nebil Eliyas,https://play-lh.googleusercontent.com/a/ACg8ocKLTT3BWxhEM_bretxnMczBFLnEt4f8j-PqePp6neDgZgGkrQ=mo,Mashallah,5,0,2.2.11,2023-08-08 12:42:53,,,2.2.11
97e8e505-b585-4fa7-b57e-4e53de921903,0X0X Bunny,https://play-lh.googleusercontent.com/a-/ALV-UjW1h-dMj7W7S_Z514Fru0gZzoMu0jLjWTrJYi4q_XN1KfNa36E,"This app is absolutely amazing, I believe it is essential for every Muslim to have this wonderful app! For the longest time I always ask people what prayer time it is and even miss some, not only that.. But at relatives houses I always asked where I should face during prayer, but now.. ALL PROBLEMS FIXED! In such a simple and easy format, with even widgets, we can all pray in the correct direction at the correct time! MashaAllah!",5,3,2.2.11,2023-08-01 08:28:10,,,2.2.11
c22fe7af-ad9a-470e-976d-295b4a1e42f6,Akhan Imangaliyev,https://play-lh.googleusercontent.com/a-/ALV-UjUuruk1lOG--swZGb9nZa9q1n3Maqf9q7CmkHr6mI5A1A-MS931Yg,"We have saying in Kazakhstan ""a limp lamb asks for breakfast in the afternoon"", bit like your application that calls for prayers with hours of lag or only when you open the app. Unreliable and totally defeats the purpose. Disappointed and deleted.",1,1,2.2.11,2023-08-01 00:25:24,,,2.2.11
8c1d9c72-29f8-405a-9235-805e5c5568ec,Nahid Sharif,https://play-lh.googleusercontent.com/a-/ALV-UjUCStEY4wdpXu9I8zFQ6L2UXbCFYkjQ7NsiryDr2hOYg-c3s1VoWQ,Can you add rakat counter and a tasbi counter,5,0,2.2.11,2023-07-31 18:31:51,,,2.2.11
fb4417ec-82ad-4e54-9f70-caea864d7b7e,Huseynagha Aghasiyev,https://play-lh.googleusercontent.com/a/ACg8ocIMlBjCkCAiHTzne564MEpI1c15NdcI16E164v5Kl5fkECfCQ=mo,Nice better 👌🏻,5,0,2.2.11,2023-07-28 17:12:37,,,2.2.11
8e0bde20-e7a6-433c-a8f7-dfc75e8db0ea,Inam Inam,https://play-lh.googleusercontent.com/a-/ALV-UjXm-ksYHgfGkjflcWcDLfdgwm2YYpCtHeBffyNgerz4-D35lEfK,Masha Allah it's very simple and straight to the point! Love the widget and the quick access to qibla compass.,5,0,2.2.11,2023-07-26 13:31:54,,,2.2.11
f01bb34c-f1ad-497b-97dd-2ff64f5e4fd1,Harris W,https://play-lh.googleusercontent.com/a-/ALV-UjUNxLr3y09X8bW9Xi9EXusc728vP-TbQGPjGNr7Q3f6S1MYSg,Good app. Keeps crashing on my phone for some reason so I can't use it at all.,4,0,2.2.11,2023-07-24 10:09:09,,,2.2.11
381600ea-b168-4e01-b80b-1aa37d36f6aa,Naqsh 7,https://play-lh.googleusercontent.com/a-/ALV-UjX9oGUM7edb2KmQakknKE7ebZM1LWlfDX0X1XQJjL-5JDH8YnKH,Such a wonderful app. Clean and smooth. No ads whatsoever.,5,0,2.2.11,2023-07-22 01:36:45,,,2.2.11
a990cea1-6777-488b-8ac0-29e9e2fba6fb,Zeeshan Ahmad,https://play-lh.googleusercontent.com/a-/ALV-UjV8A37Ww7EEwBLw9b7eguSGolxdZrQKqRJeRlydzjUVLrT8pQI,"This app has genuinely helped me start praying. For that reason alone I will be grateful. It's a beautiful and simple app. I however have a 2 feature recommendations/requests. 1. If we can have a weekly or monthly report of our progress which highlights total prayers completed for the month, most consistent prayer time, most missed prayer etc. 2. If we can have another form of sound alarm as well because sometimes during meetings, it feels bad to turn off Adhaan alarm but I have to.",5,49,2.2.11,2023-07-18 22:57:01,,,2.2.11
821c3c3c-7343-4343-ab66-be24dd8ec6cc,Muzzammil Taufik,https://play-lh.googleusercontent.com/a-/ALV-UjWW_uaFq6ovwRM8Gxhn3hfq43y_WmKdYnw9YCcXnGm0UsJs_Gg5Rg,"Very nice and easy to use, is it possible to add a built in Quran reader, that would complete this app",4,0,2.2.11,2023-07-18 18:40:20,,,2.2.11
fe623e0a-3e1a-4809-af88-4705392a6eb1,Numaan Showkat,https://play-lh.googleusercontent.com/a-/ALV-UjUYWdqp2cFVUTUAHhH3V1gUFH-CmWhW--ISBVJUyMJGTi12B1Al,Fantastically built. Simple and straightforward.,5,0,2.2.11,2023-07-16 21:11:34,,,2.2.11
9d2ca73b-83e0-48e5-a8d1-1d586238bb0f,Sittie Ainah Alawi Angcob,https://play-lh.googleusercontent.com/a-/ALV-UjWQ9RDE_o7IzvLwmZriB3Kacac0MJal1mcPXRdykDCgYyUSCtg,Nice👍👍👍,5,0,2.2.11,2023-07-10 22:23:30,,,2.2.11
7d4e6d99-7c44-41a4-8749-ee8e6b2b90e3,Mika Mulya,https://play-lh.googleusercontent.com/a-/ALV-UjV74fqArgxAXK_qZOtRf_2fDJosJPkNQyHJNNmcB8wriFDUoHER,Athan schedule in widget and in app different,3,0,2.2.11,2023-07-10 20:02:03,,,2.2.11
25180a03-0051-41a9-9645-222a0f4791a0,Sabiha Siddiqui,https://play-lh.googleusercontent.com/a/ACg8ocLfOR3olg-SgiqnFYlAU7G8tOWznQdso_ia5CdApzjyeGHIuVA=mo,I am very satisfied with this app it's really good just one thing I want is until which time we can pray namaz should be mentioned otherwise this app makers are brilliant,5,0,,2023-07-08 20:30:05,,,
0458348f-6410-43c3-ad08-2f6ba6c6c35c,Aatif Satti,https://play-lh.googleusercontent.com/a/ACg8ocJqntsYH2YOcl9znwSWo6EJjRG-91QxNcelfwFXnB4xu4teOQ=mo,One of the best app available on play store.simple elegant and user friendly.its so invigorating that even a common man use it without any if and butts.the only thing in my opinion can inhance this app is to add makkah azan.,5,0,,2023-07-08 18:48:02,,,
45e13050-c78f-4f59-af91-3e70efe06a34,ROSHAN AKTHAR,https://play-lh.googleusercontent.com/a-/ALV-UjW_88xW36Ss1TV4gAT-KXXRdT0iQ7Hkfp4NwQ7t1orO_LB0VKq9,Lot of bugs,3,0,,2023-07-08 04:58:22,,,
dfe1ef55-0de7-4a74-9c7f-1811432ce1f3,بادشاہ غوث خان,https://play-lh.googleusercontent.com/a-/ALV-UjWiH0RgzWWSs0b7NKAbTa58yDTRgaeErZxJ-ugJXb4d4JZxJyBL,Idk,5,0,,2023-07-06 23:47:27,,,
eb6f9e4c-0519-4697-ae55-5d03a4ec1700,Abdul Wahab,https://play-lh.googleusercontent.com/a-/ALV-UjUb5SbfCiAKyX-eTnSqzwdvfACAVcrC9-y3DDJ8U4KlgufCypr9,Beautiful UI and very easy to use,5,0,2.2.11,2023-07-05 22:33:53,,,2.2.11
8e543341-fc8c-408a-aece-40e4aee6df93,Tausif Alam Ansari,https://play-lh.googleusercontent.com/a-/ALV-UjW1Rz33CB8Pa_XzBFXeEl_QYB96NvKQIT3RuYvxBnoV0MthBfKViw,Nice ui,5,0,2.2.11,2023-07-05 18:31:29,,,2.2.11
69861080-d593-42a5-a561-cd4e33af0472,liva pishtwan ali,https://play-lh.googleusercontent.com/a-/ALV-UjUIM-YEVpltNp0uhpcLLPV65s2f5rFL8ID8lWlemm9s0VnSvui9GA,"I absolutely love it! It helped me so much, I would definitely recommend for beginners. This app helped me become my better self, this will help you so much so if you're looking for an app thats a all in one, than definitely download this app!",5,0,2.2.11,2023-07-05 00:36:08,,,2.2.11
a2807485-19a2-49cf-9f56-8ec8113d44cd,M Ahsan,https://play-lh.googleusercontent.com/a-/ALV-UjWFJIs3ItFU9iOQ_lNPgQv0ynsEI-uDc67FI9JIKOr_iwH2G7jb,Mashallah ❤️ nice app,5,0,,2023-07-02 20:01:18,,,
5f353b8b-f78a-4085-9c42-12ff5c3e1c46,Sumaiya Akter Othoi,https://play-lh.googleusercontent.com/a-/ALV-UjVV3n7jmfPM9cHEj7SLMrdTg9lQGTpxe9Y0spZzB7S1HG8hyHg,Best islamic app ☪️💝,5,0,2.2.11,2023-07-02 17:18:38,,,2.2.11
96cdc836-3c50-43d5-9727-14eb47b40aa5,Hilmi Matale,https://play-lh.googleusercontent.com/a-/ALV-UjX0_UugDaEyhXGnkKK7mNDM_YxQBtHMxVOlqEDhdPFygxERGqo,Add green to times,5,0,2.2.11,2023-06-28 15:55:48,,,2.2.11
2713309c-17c7-4d3c-a456-8cf53f429faf,Mohammed Fateh Mohammed Sadique,https://play-lh.googleusercontent.com/a-/ALV-UjVx3dnpt1GevCsSdGYH00hTJF8XjkJDdaNQ0bcbgRJDOQs5V4x4,♡♡♡♡♡,5,0,2.2.11,2023-06-28 15:18:10,,,2.2.11
ba4b3f7a-9d63-475f-b3ff-e5adf1375a4b,RASEL MIAH,https://play-lh.googleusercontent.com/a-/ALV-UjVqEZZFr4aRpTta0sMaLvVWAM1_HziftJUgnATyT4kWhY9idSpx,Very good app,5,0,,2023-06-26 06:32:14,,,
14d10abf-4d39-4700-beac-9345f6ae5887,Usman Dala,https://play-lh.googleusercontent.com/a-/ALV-UjXWxAB3RZcEjFXzm-05xQjoENlO-WVs21-Nkzqj_3BLrzAQt8c,Very good and simple design,5,0,2.2.11,2023-06-23 14:12:45,,,2.2.11
1e3afe83-2b41-4f75-ab84-92cac5536620,Sidi Sadi,https://play-lh.googleusercontent.com/a/ACg8ocLInrCHBFDpPu-HWxWa97fiM6falTzQUjica7w9M1PIUA9Kug=mo,Absolutely adore this app but unfortunately notifications no longer work and unable to update location. Please fix.,1,0,2.2.11,2023-06-23 04:10:05,,,2.2.11
7a0a1288-fd2f-4a0c-9932-f927197a3cda,Sudhanshu Awasthi,https://play-lh.googleusercontent.com/a/ACg8ocKea6QRPzEusMM2GukR5i_xSs71fUJdpocFOyHWvlnN1Wr0XA=mo,SubhanAllah amazing,5,0,,2023-06-23 03:44:46,,,
0193aaaa-afe2-40b6-9232-2b7291ae512f,Devira Nur Ajizah,https://play-lh.googleusercontent.com/a-/ALV-UjWiACj6qzMWO29i_RLr-pRP1xF7ObF7aeLwMD0KSJ91OPYiX4j0,"Tampilan ui nya bagus, mudah digunakan, ada fitur trackernya juga. Kenapa baru tau aplikasi ini sekarang. Untuk aplikasinya saya beri bintang 5 soalnya tidak ada iklan. Semoga fiturnya bisa bertambah banyak seperti Al-Quran, bacaan sholat, dan dzikir doa, pasti aplikasinya makin tambah top deh.",5,0,2.2.11,2023-06-20 10:40:57,,,2.2.11
67e7ed87-e2f0-4f87-b2f1-cd84252677fb,Ahmed Ehab,https://play-lh.googleusercontent.com/a-/ALV-UjVAj5aP_u7Hr0IAS9jsee1wLG0L61Vfkjuns2dU1HILrpYpmaZV,Can u please provide more minimalist widgets for Android users there is only one and it is very large Thanks in advance 🤝🏼,4,0,2.2.11,2023-06-19 05:44:36,,,2.2.11
8315647f-8abb-4faf-a5fb-8c5abe68636f,Rumena Khatun,https://play-lh.googleusercontent.com/a/ACg8ocJtJ90IRLy6piIFD3d6q-ntM1Ht13yXLYBYbiQsL6t2E1GTvA=mo,Correct timing and really nice design I really recommend this app,5,0,2.2.11,2023-06-15 07:16:03,,,2.2.11
0774e195-1ae4-4fa8-a771-2116a3a3c0ed,Farzeen Shaikh,https://play-lh.googleusercontent.com/a-/ALV-UjXZqhsQxRjzTCvL8e6WLlP9SYlIkYSUjYDfb-lxgujc5bcP8Ug,Awesome,5,0,2.2.11,2023-06-15 05:46:58,,,2.2.11
e1b0bf64-f03c-4767-a46f-797c54a1318c,auni mardhiah,https://play-lh.googleusercontent.com/a-/ALV-UjVa89Mb9qO0aRJbiTVOo_atH4B2usbAanq3YAwqy0vP4FKopw,"the qibla compass is wrong, please fix it",3,0,2.2.11,2023-06-12 18:05:12,,,2.2.11
54b41ae3-dd98-46aa-a450-3fee8f2d4964,riaz ahmad,https://play-lh.googleusercontent.com/a-/ALV-UjVf5Xt_Xl5JnMEErMIldcMbSlJeQi4BXv7DvHT_QftyTFT4UJiJUQ,Mashallah,5,0,2.2.11,2023-06-12 02:04:49,,,2.2.11
fff3c19d-5404-48de-81b7-e4cc582c0b7b,Thahseer Ameen,https://play-lh.googleusercontent.com/a/ACg8ocIx3k5KI0Qx2mruWM2mDlivNOVipW82X2m-JBj2Aq59E4LUPzaA=mo,Everything works fine but the qibla does'nt work fine it tells me to turn turn & turn but it does'nt provide accurate qibla and there is no calbration option unlike other option.,4,1,2.2.11,2023-06-11 16:35:23,,,2.2.11
ba5f2d22-4843-4b30-acbf-7a1306eaebb8,NAFISA ANJUM RIANA,https://play-lh.googleusercontent.com/a-/ALV-UjXFy535LYe-fi9uxqPeFB7F4RaS2LI8g-9fhEgDK4dW2LNZOlTN,"Such a beautiful app...... I'm giving it 3stars because I want to request another feature and that's the ""Late"" option ....... because I pray pretty much all the prayers Alhumdulillah but often pray at the last time. Other than that it's lovely app😊",3,0,2.2.11,2023-06-10 22:32:52,,,2.2.11
25c84923-087b-41c1-804a-40702ed44e41,# Firuj,https://play-lh.googleusercontent.com/a-/ALV-UjXexcctb1747xVtkEQy5dK_ah4dXsnFD6YPyifd30k9AYnCfdSD,Best app for every Muslim ummah😄,5,0,,2023-06-08 11:39:20,,,
318050cd-e111-4697-942e-2d5f5e9919a4,eilmaa_ sofia0 (sofia),https://play-lh.googleusercontent.com/a-/ALV-UjUl_OHFoijdZ9VBqBWf7092gZoM3m60mCqY2JBLS4UFq-JdHLSw,"Help please , i really need this app but idk its keep bugging yes . Like when i open the app and click the prayer timer thingy it's close again...like it brings me back to the home screen.sorry my bad English",2,0,2.2.11,2023-06-08 04:12:49,,,2.2.11
0249df59-9bd9-42ec-9775-e7b97a37cb4e,dryousuf yak,https://play-lh.googleusercontent.com/a-/ALV-UjVBLYMsZMZXQzJ1IlJUSjdO9bFLDIaPs2S1ipyV1Vw8hhUkjHlj,I downloaded the app only son to get Athan/Azaan on as per Salah times but unfortunately aazaan is not pronounced/not working. Help to fix,1,3,2.2.11,2023-06-06 15:30:19,,,2.2.11
b22876ec-06ef-4f42-b765-e223ca775245,Irfan Safar,https://play-lh.googleusercontent.com/a-/ALV-UjXK7ElagH-IJZU27ALcu5Iv9UTZkXMqEDArHiJqdQNlIzsoEE8,Not working for pixel 6a,3,0,,2023-06-06 08:25:38,,,
45714031-009e-4016-bfe7-5fb652b6cfc7,Obsolete,https://play-lh.googleusercontent.com/a-/ALV-UjUvhRdsb7U1Uurv5LiVrVXoXDiM_GUVtCyxIrgXbt7mzwlHueOB,"I have a question? when I tap on the top left while looking at prayer times I get a pop up saying do not disturb me I'm praying, does this feature do anything or no?",5,0,2.2.11,2023-06-05 06:03:52,,,2.2.11
9d8c236e-ae4a-473a-8137-97c61ca39661,Zoren N,https://play-lh.googleusercontent.com/a/ACg8ocJicCxA6WT3oTUqZymghrdPJx1aoRdVn8NY9u-qxstqEMqiByx6=mo,Brilliant. May Allah reward all those who had a hand in creating this app.,5,0,2.2.11,2023-06-05 05:58:51,,,2.2.11
53e5bf64-4407-4a7d-be66-def95ba161af,Akhmed Junior,https://play-lh.googleusercontent.com/a-/ALV-UjX-bko9qvFPuo2POjIWACzQlpcuLDXST5LdrYqdlUc_PESZh40,"amazing app 2 3 min difference between the actual praying time and the app but its not an issue, highly recommended",5,0,2.2.11,2023-06-04 17:03:06,,,2.2.11
ced1fea5-0799-42bd-80c1-aa52381717cd,Rofia Rofia,https://play-lh.googleusercontent.com/a-/ALV-UjUt3V46PLYDLFea2KnfY4IuiBFMTqcm4MuJ81M05cxZekpE9ePP,May Allah rewards you ❤️ thank you for this amazing app,5,0,2.2.11,2023-06-04 13:53:33,,,2.2.11
936ebe06-2100-4546-9ef2-de63ae2ecddb,Arxces Valarion,https://play-lh.googleusercontent.com/a/ACg8ocIq7tSMmRn9E-GhGW-3ykuDXnfDleBrEOE2sQHvr-w0LX-oPg=mo,Fast and smooth app that provides prayer times and qibla compass. No ads. Best app I've found so far.,5,1,2.2.11,2023-05-31 22:28:35,,,2.2.11
9f4950a6-d46f-4500-bde9-010e2f73aeee,NF B IZ (dira),https://play-lh.googleusercontent.com/a-/ALV-UjUwIuLHsS_hM1DCLxrXacHw5f_7bB7356a9z3c8PrZc2dAqz9M,I just love how this app has some prayers check everyday to remind me If I did miss a prayer or not.,5,0,2.2.11,2023-05-30 15:11:24,,,2.2.11
15c8b29f-5447-428c-9920-3fecf98fc318,A Google user,https://play-lh.googleusercontent.com/EGemoI2NTXmTsBVtJqk8jxF9rh8ApRWfsIMQSt2uE4OcpQqbFu7f7NbTK05lx80nuSijCz7sc3a277R67g,Verry good,5,0,2.2.11,2023-05-30 00:11:11,,,2.2.11
97f33355-1f9a-4d6c-ad24-d72b033d0cc3,Aśvaka,https://play-lh.googleusercontent.com/a-/ALV-UjWTUgV030qs8EXN7UcYtMXWE2dq1-cnraW9V269qff_tD7OCsE,Why does the widget not update automatically?,1,0,2.2.11,2023-05-28 17:54:29,,,2.2.11
4831b054-2e10-4663-a00c-da9558e0e6f6,Raniya M,https://play-lh.googleusercontent.com/a/ACg8ocJ_4bC8uCMqWKqzH05g330CeN8VoYJL-AwlNHtfkz6H7J-BENMc=mo,"Love the idea and set up of the app. Design is nice and modern, everything is easy to navigate, and simple to understand. May Allah (swt) accept your efforts. Just a suggestion, but have you thought about being able to log Sunnah rakats too? And maybe fasts in Ramadan so that it's easy to keep track of how many to make up later. Edit: You guys actually added the fasting feature!! I love it!",5,6,2.2.8,2023-05-27 06:48:05,,,2.2.8
0443522d-65dd-4dc1-9528-52e8e3779fc4,Haris Khan Ikram,https://play-lh.googleusercontent.com/a-/ALV-UjVq06m4hR-ngFZXuSCnLuCVEgpN8ahOzwohDtrkgZR3WgJ5RwZ2,The best app ever 😁😁☪️☪️,5,0,,2023-05-26 17:39:16,,,
878af55a-8cc6-4980-8abc-4cc389f61977,Taheer Nawaz,https://play-lh.googleusercontent.com/a/ACg8ocJ0wa7lFgMOdmH2QQ018yrd5SZf-MsRgkh7Yc7_BitP2roCDM0=mo,Best among all,5,0,,2023-05-26 16:42:43,,,
bf43f992-cc34-455f-bd98-e243e8e1387e,Fazan Ahmed,https://play-lh.googleusercontent.com/a-/ALV-UjUkn4BsQ10jvHq9-FJaVudx4dWPJFb4SnEK21toCGIpi-UsYz0n,Very good app the only thing is the widget doesn't update automatically only when I click on it then it updates,4,1,2.2.11,2023-05-26 03:30:48,,,2.2.11
b6d7db00-a5cf-43bb-bde0-763c58c3889c,Obsolète Mangue,https://play-lh.googleusercontent.com/a-/ALV-UjX1rXaxMhU5em68J9FF4OBJ3f_jVSdFkHxXm3SJ4xjzWuEJZawr,Adding a variety of widgets would be nice,4,8,2.2.11,2023-05-26 00:20:59,,,2.2.11
e6872208-6218-4aa2-b774-e38e87d34311,Jeff Bobby,https://play-lh.googleusercontent.com/a-/ALV-UjWTk_6n35sinRZRvc4Lbb6tOGb2hapkVHb_JYLMbElrkIjERW3D,Alhamdullilah I love it May Allah reward you all abundantly for your efforts :),5,0,2.2.11,2023-05-25 18:27:40,,,2.2.11
ce5c816c-fe4d-4941-9052-bab57360318e,Md Shahidul Islam Prodhan,https://play-lh.googleusercontent.com/a-/ALV-UjV-NgdpKQ0dlFvpENUKbzGe1cJfUJKXX0AUxT6gfUt7682EE9cQ,Superb,5,0,,2023-05-24 04:48:35,,,
8f2c924c-f27b-4815-b289-183208090991,Abdnacer Amg,https://play-lh.googleusercontent.com/a-/ALV-UjVzwlcyg-Dj9-_3LmnrXXAd6GbcwKk0FC6Er0LjG2L002XFvUt2,May Allah grant you jannah,5,0,2.2.11,2023-05-23 13:31:50,,,2.2.11
f29f6b67-f6f4-476f-9ff5-2c64525cc1e9,Mohamed Dyab,https://play-lh.googleusercontent.com/a-/ALV-UjUPUZLVy4mTmH4FSDHthCSaB9nmgDBN8HmbI15gK1vpdPqdyzij,Very good,5,0,,2023-05-21 22:40:04,,,
6a2ae545-23fa-432a-ae33-a47ba35e289a,Arfa Naaz,https://play-lh.googleusercontent.com/a/ACg8ocKUZUGMA7042vqxTgD5HKFp-5O-xwBUGhXS0dyUJWMF44HI8A=mo,The Qibla direction is not working properly,1,0,2.2.11,2023-05-19 20:35:32,,,2.2.11
03743cf2-4738-4902-ad32-252f85b0289a,Syed Rezaul Hoque,https://play-lh.googleusercontent.com/a-/ALV-UjX-x2AWbScYlhjYmMoK1_6dKIOCqC9xpfTeHYNVgLCUWej2XG6S,"The app does what it sets out to do. Perfect for every day use. It does lack different size widgets. This is a drawback for me as I prefer the one that takes the space of one row. The widget also has too much padding. Another downside is the lack of Adhan option. The biggest plus for me is that UK users this is pretty accurate for us, where as other apps could differ and you have to manually adjust the times for prayers. Overall great. I've yet to find another as accurate.",4,75,2.2.11,2023-05-17 02:39:30,,,2.2.11
92040538-c9da-4582-8b79-4a9ffee69afa,Muhammad Hassan Jawed,https://play-lh.googleusercontent.com/a-/ALV-UjWpSHZsiIjWP5dlTi_1ZKAft2kkq8USa3rORSl40ZF0tNkcKX3m,Beautiful UI with nice widget.,5,0,2.2.11,2023-05-15 03:46:28,,,2.2.11
8d03cd4a-0f81-4c4e-9944-cf19b4861347,Shamma Mansoor,https://play-lh.googleusercontent.com/a-/ALV-UjW57PiaXt5mCRJTgfvtrfqa19-MHlefo4i4KbJwUmJs63KDmWDC,it will be nice if there was tahajud among the prayers,4,3,2.2.11,2023-05-13 05:21:56,,,2.2.11
119e1477-7bbd-47ae-89b5-0a59de7cf6cb,Perwaiz Alam,https://play-lh.googleusercontent.com/a-/ALV-UjXYHd-E3YtAyrUi1-eMv4L-_6VdrMQ7PLc5XgKY5XE2WN0CYpZP,Loving this app as it gives precise namaz timing and Azaan,5,0,2.2.11,2023-05-11 06:52:32,,,2.2.11
269b4787-83eb-413b-a416-0f67ed5f2624,Maimuna,https://play-lh.googleusercontent.com/a-/ALV-UjVLu_LHg521fisYW87sn6zZ2--se7-KsYM7YeaPFS9CIJUXoIk,Good app but I want the azaan to work because it doesnt,4,2,2.2.11,2023-05-09 04:30:39,,,2.2.11
8d7fdf7c-4425-4b44-b856-cfad6a13bcfb,ABBAS HAMZA,https://play-lh.googleusercontent.com/a-/ALV-UjVGOqTEzpf6gumqrfe3FqaCSUdYRVTBHqGrJAlIwmg3IA0qnf6E,Accurate solat timings. Keep it up for more innovations.,5,0,2.2.11,2023-05-06 03:02:04,,,2.2.11
6099c0b2-f000-4927-a415-5a50c4c5ea1e,MIRYA SOFEA NURBALQISH BT MAISHAF RIZAL,https://play-lh.googleusercontent.com/a-/ALV-UjUaIBSgL5X_CsAO2qqP-TChgyxMbqJvO_4FdSsiQoOt5x0XYZT8,"The apps are amazing. But the thing is, I can't open the qibla. When I open it, it showed a grey screen. So I am a bit sad. Please fix it. I would love to use the Qibla without any worry. This is my 1st time using these amazing apps with a tracking prayer. It's a great and cool app. But, please fix the qibla 🫠. It would be nice if you fix it 🥰. Thank you ✨️",4,6,2.2.4,2023-05-05 01:30:38,,,2.2.4
046d934e-2e87-4038-8ab4-29c8924e07bb,Arshmxn,https://play-lh.googleusercontent.com/a-/ALV-UjWbj2ZnbQYd7xEoQkT6iF390dRxVrKn7oCORuGUC77-mpvaBrYn,"Overall the app's functionality & UI is great, but i wish for a ""create account"" option so we don't lose the previous prayers tracking, even if we switch our mobile devices. I hope that maybe developers add this feature later on.",4,2,2.2.8,2023-05-02 17:50:46,,,2.2.8
180bad63-01aa-4c89-83dd-267bfe51ed58,Pohon Ara Yang Terkutuk,https://play-lh.googleusercontent.com/a-/ALV-UjU4GRFo0xn5_wkVVwri4b4Dr3XJuMhu2WmL0R_3WP9DBOTBD5ih,1. Qibla fiture not working in my phone 2. Set Manual Location would be nice,5,0,2.2.4,2023-05-02 13:21:15,,,2.2.4
c50e1474-5b71-4d0c-a432-09a6a3f7dde3,Youssef Hemidah,https://play-lh.googleusercontent.com/a-/ALV-UjVo1g2sEELpCIwApr4Ogqh3AB0fhZnLQ8PaVD5facm8T0-Lzhb92w,"Amazing app, it's simple and beautiful mashallah (ما شاء الله). Hope you add a customizable reminder before prayers.",5,1,2.2.8,2023-04-29 23:44:46,,,2.2.8
96ca4edc-d4aa-47b0-ab55-4b313ff217e5,Mona Shawky,https://play-lh.googleusercontent.com/a/ACg8ocICvSOeh6LooVZDlTBgZwHL0qP8w1RpI8zku-XD0NZ_XGiczNM=mo,"Thank you so much, very simple and neat, I hope there is an automatic time update for summer time, may God bless you 🌙",5,0,2.2.4,2023-04-29 19:41:25,,,2.2.4
aed2d268-27cb-4f60-928e-352eb53cc1ca,Atef Bezzina,https://play-lh.googleusercontent.com/a-/ALV-UjXnIwDEFp0UeMLNZHUWyw9CbLeziQrqrB06rks3jjeFnz99LTl_-w,Excellent,5,0,,2023-04-29 17:37:52,,,
8a10bd6e-c878-4780-9c91-fb801bcf3272,Saniya Rizvi,https://play-lh.googleusercontent.com/a/ACg8ocJMET9bGzQbTeokgI2nmrjMP9jL1VysuG1JAakTPqvXd2emXurT=mo,My qibla directions stopped working.,4,0,2.2.4,2023-04-29 09:10:09,,,2.2.4
4a65bc3e-0ccf-4c3b-8cfc-a533a4649ea1,Tasnuva Shabnoor,https://play-lh.googleusercontent.com/a-/ALV-UjWf31HositKLcBmyl_jWsmxm8jN6WuM6_FnNjUtCIGG6sbOrlzS,No fuss and simple app. It has some neat features like tracking your fasts and prayers. It has a special button to stop notifications when someone is on their period. Great app!,5,2,2.2.8,2023-04-28 23:37:40,,,2.2.8
9d93055d-5727-4cab-9193-3d9f7b7819a6,Maria,https://play-lh.googleusercontent.com/a/ACg8ocIwW-Bj2SCROJVWGD1aqCDU0ar8NaU2d_b-g2zXI5_uRzgLxA=mo,"Been a great app so far. I've enjoyed using it. Love the feature for adding menses. Only issue I've experienced so far is ever since I've updated the app which was yesterday, I'm not able to use the widget that tells me the prayer times on my home screen. I used to rely on that to ensure I was praying on time. Is there any way to bring that back?",4,5,2.2.8,2023-04-28 13:30:14,,,2.2.8
d6fee615-1d3c-44ac-a3d3-5b553a506901,R Yousra,https://play-lh.googleusercontent.com/a/ACg8ocJkCSXEndKRivgfxDRaAS9O1DfyLLm-h9oifsM2zgmby8BaDZQ=mo,I'm in love with this app actually it helped me a lot tysm for this beautiful app,5,0,,2023-04-27 00:49:29,,,
826b297b-7a00-4ea2-9933-1664fd2e8007,Water,https://play-lh.googleusercontent.com/a-/ALV-UjUPSLH3bHVTmqwIUzGMn3qWg8QMY-sQIafWqeGNRkDGsvwH5ClM,"The colours,designs are so aesthetic and minimalistic.Make sure to use right calculation method for the place that you live btw I was curious at the first cuz google says something else about prayer times and I thought the app was wrong lol",5,1,2.2.8,2023-04-27 00:23:20,,,2.2.8
56fff0fc-e22e-41a5-83d5-a1e54ff2a12f,Blackcatbuzz,https://play-lh.googleusercontent.com/a-/ALV-UjW0ImRLij598dN7hHnqKn7Y7NiMsYarlxCMtgQRB4BD6BakgF1L,Excellent app using it for I think 2 years,5,0,2.2.2,2023-04-26 18:03:37,,,2.2.2
0f9ed1d6-70ec-4c8e-8f74-b3d9c70dd15b,Awais Ansari,https://play-lh.googleusercontent.com/a/ACg8ocIgH_E2TMeI60zjppH0Pyu1W7yS22R1kxRVktdXihl1q2lHhA=mo,Randomly gives the wrong times for different prayers throughout the day so my phone does the adhan when its bit supposed to which is very frustrating. Same thing happens on my moms phone which annoys her too...,2,1,2.2.8,2023-04-26 07:14:42,,,2.2.8
b14abfe1-dcbd-4a43-8b56-2e7328a102b6,Aejaz Sultan,https://play-lh.googleusercontent.com/a-/ALV-UjVzCq31_zDkBwc0d21PzQaQcFVUMyabTkjsd5LW4P4wyYwVu3sw,To good 😊,4,0,2.2.8,2023-04-26 06:16:16,,,2.2.8
9e686268-7f8d-466d-97f4-56170ce98dbd,Moh Kur,https://play-lh.googleusercontent.com/a-/ALV-UjWpp0VpDEeF2RJwR3VGc7W_LkOv-_ssB6cFeWB4xyFaBVsekWg,Minimal and accurate,5,0,2.2.8,2023-04-25 23:22:39,,,2.2.8
d265bb58-2cbc-42b7-b4a3-0a3f5e6a93d2,Jawairia Khan,https://play-lh.googleusercontent.com/a/ACg8ocJWk95dTXpBeGgaRCCDf0pLujbvzY6cVcPRQxc5H3aqzjtiJw=mo,"Aoa, idk whats wrong but I've turned ON the adhan option when its time to pray. But never heard one, not even once. Would u please help me with that?",3,0,2.2.8,2023-04-24 23:58:12,,,2.2.8
5e205e18-5c65-49c3-b0df-cc327ccaaadb,Syed Abdul,https://play-lh.googleusercontent.com/a-/ALV-UjVlqn9amCV3TQaTbXhasobHi4YAp09qFLY1SsP96fbZ8X1mcJNn,The Qibla feature has stopped working after recent update. It is now showing just a gray screen. Please look into it. I am currently using OnePlus 3T with Android 8.0,4,0,,2023-04-24 18:29:07,,,
716458a7-1b0c-4c47-a443-83db0f6412d9,Mohammed Siddiq,https://play-lh.googleusercontent.com/a/ACg8ocI6m8WNx9CwtEdy_OxkVd68dXMY9oLZxWRY8Y7457l9SL2gWg=mo,It is a nice app,5,0,2.2.8,2023-04-24 13:36:43,,,2.2.8
23ad669b-d42d-4d79-8b5e-6b6d80d0aef7,Kirabo Asha,https://play-lh.googleusercontent.com/a/ACg8ocLHHWUTylJOyBhOV-PljO_ADIFdbKJPeMJg6b2_J_TXOuC6Zg=mo,Very good app,5,0,,2023-04-23 14:12:19,,,
a150c5d4-a5db-4fba-a579-3c99c69e54c2,Usmangani Patel,https://play-lh.googleusercontent.com/a/ACg8ocIOnY3b8Qk-7iDwL3yoMqfU0nBP5anpn7ZSuaCOhSNXtV4sxKp4=mo,Crashes always and even I selected Prayers notification to normal Banner it auto reverts to Azan. Need more improvements,2,0,2.2.8,2023-04-23 10:38:31,,,2.2.8
5f299b56-5fde-48c2-93ec-1c791096264a,Yasmin Barrett,https://play-lh.googleusercontent.com/a/ACg8ocIec-2MNTscloLZj9WALZIpchIdzlY48J1Alf1DJxJhxXzqEA=mo,"Amazing app only issue I cant see the compass for prayer time, which makes it hard to a revert.",3,2,2.2.4,2023-04-23 10:18:13,,,2.2.4
1b2d90b6-d6d8-4005-8930-519a623454ac,Omar Emara,https://play-lh.googleusercontent.com/a/ACg8ocJAHXPy3SN9mzeG5WZAYAYaSuslB1FEUI4sjzqXimTZOA3EmyCg=mo,Very nice app Alhamdulillah. My requests is for the developers to please adjust the view of the Salah times on the widget to be bigger. The numbers are very small so making the numbers viewing bigger on the widget would be greatly appreciated. Also please add more widgets for the Salah and pre-adthan notifications. Jazak Allahu Khairan!,4,1,2.2.8,2023-04-23 05:14:26,,,2.2.8
9b7baf13-cc94-458d-b0f6-491b922681d0,Dawood Moolla,https://play-lh.googleusercontent.com/a-/ALV-UjVVrsZ3xvB-BkvfHypVuakNaW-piIqWT8GUgpaTydcWlBgh01nj,Qibla compass not working,1,0,,2023-04-21 20:58:10,,,
2b3eada0-79ef-46a2-a573-13e6d24ead31,raccpn,https://play-lh.googleusercontent.com/a-/ALV-UjWnS4aSGo4vAgnoWtFZgrnLKQtkdEVhkvATpH0p4r3xqAPL4pN1,"I love this app so much as its so easy to use and has 0 ads, but im sad because today when I open the tab for qibla it only shows grey and nothing else",5,1,2.2.4,2023-04-21 00:47:11,,,2.2.4
6a7b5861-8236-4d9a-8ab5-5f8b03cb0099,Jilani Hussain Khan,https://play-lh.googleusercontent.com/a-/ALV-UjXQ03YWyk7wZ9VyVsl-HJYU4r9KlPqoXLFQwhKRsLPB4JXPnUEwdQ,The widgets are good but no notification even though everything is tried. Request to fix the issue,3,0,,2023-04-20 12:48:13,,,
7bcc61ad-4cd6-432e-a187-196458a2ceec,ØMR RJB,https://play-lh.googleusercontent.com/a-/ALV-UjVKIl6EKuxULIMsow9QVy-3BbxKUicEuhmxucPKxBBucjMmCDbQhg,"Beautifully designed app, wholey deserves 5 stars. A suggestion I have to improve the aop even more would be to have a sort of ""snooze"" button to the notifications you receive, as well as a ""completed"" or ""done button to be able to check the prayer without going in the app.",5,2,2.2.6,2023-04-18 22:21:40,,,2.2.6
284b3e2a-7132-44ce-9325-60383ce19623,Mohammed Alabady,https://play-lh.googleusercontent.com/a-/ALV-UjX3k_2Iy8d7Yxv23z8JE8jjbTHwSih1DNDecHcAao84K1HeJJBu,Love it,5,0,2.2.6,2023-04-17 21:04:24,,,2.2.6
bcc87854-ac73-4bc0-83e3-0d9609a62914,"Mr, Jackson",https://play-lh.googleusercontent.com/a-/ALV-UjU1cVB9s34WM6xZWIeOhjGRHotG-WP5ZnH5aHcxZStzTgHKX3bXsw,Good app,5,4,2.2.6,2023-04-16 22:39:46,,,2.2.6
690f4bdc-cad0-4016-aa23-6bb364d93f6d,Ayman,https://play-lh.googleusercontent.com/a/ACg8ocI1Yu6S7SnhnW1v2fdUH7cHNqMmM_DLyQDMuoxIL3FO0lT0LaY=mo,Very well designed. May Allah reward the creators.,5,0,,2023-04-16 00:56:36,,,
ef5f206f-9665-4a32-8914-4892a4b5342d,Zzz Xxx,https://play-lh.googleusercontent.com/a/ACg8ocKZBowf5Vm1w-P5z9iK0adkgUDgBGz2eNoHCtO0aUv1WEYmPg=mo,need to stop being bombarded with popups about donating,3,0,2.2.4,2023-04-14 23:36:26,,,2.2.4
2736cb07-5e6d-463e-8150-2f32e3206845,Melissa Draou,https://play-lh.googleusercontent.com/a-/ALV-UjX0tmRxtM9aNq6hLPrijrnF2wHDqpjIQR5xWm3fJSP9kYervTKO,It's lovely,5,0,2.2.2,2023-04-13 23:11:07,,,2.2.2
8709e71a-34e0-4ea8-9ef5-0418c1b4a396,H Muneer,https://play-lh.googleusercontent.com/a-/ALV-UjWnHP83_g9EeUqa6j-2f-X96vrxvD1S6K7OfmzbtWHCLBNEKsfwgw,"Beautiful app, very well designed. The widget needs fixing as it has too much vertical padding which wastes space on the homescreen and can't be adjusted. Please allow the widget to be more adjustable, especially in terms of vertical size/padding so that it can more easily fit on different homescreens. Looking forward to new features and updates this year insha'Allah.",5,39,2.2.4,2023-04-13 18:43:00,,,2.2.4
b942bec2-f439-469c-8733-9a7c668d9911,Saleem Khan,https://play-lh.googleusercontent.com/a-/ALV-UjVe_vz6HZQcDY2fXaH5BcOWOUFXvl68iPwOULAgH8ELohsSE0g,Thankyou for this app it is everything a a muslim can hope for. It is what it says it is. May Allah bless you for this super product.thanks saleem,5,0,2.2.2,2023-04-12 07:30:15,,,2.2.2
f8b574de-f548-4bda-999f-25408c73e938,Jane Doe,https://play-lh.googleusercontent.com/a-/ALV-UjUcHPd2OUlrYoGedw4rcT_RkzVFMHCr6YzAfdHcNP_LiFhA_I0,"Salam aleykum, Great app Masha'Allah! Jazakum Allahu kher It would be even more amazing to have the Qur'an included :)",5,0,,2023-04-11 17:20:36,,,
175be613-719c-4705-9522-8435ca81f62f,Omair Khan,https://play-lh.googleusercontent.com/a-/ALV-UjWTGgMnR_P6AyUmrhWzHw2g2HHcmN6dEJRItSXmbVLQ5oM5r0kItg,Beautiful app for keeping a track of prayers. Definitely better than other prayer apps.,5,1,2.2.2,2023-04-11 02:12:29,,,2.2.2
589aef68-819e-422a-9a49-fb29f5411ca5,Mohinur,https://play-lh.googleusercontent.com/a/ACg8ocIM2vuwkh8U4ZvPUD8KocO6nh5DzIbxXecV7_tfR0mvPwhk07E=mo,May Allah bless you. Thanks for creating like this convenient app 🙏,5,0,1.2.3,2023-04-09 02:10:37,,,1.2.3
6f9ac65a-b45a-4764-a94a-9ead42c2bb7d,Isa Khan,https://play-lh.googleusercontent.com/a/ACg8ocLTuYpk3KefIeJ1dLSGLiO03me-n_YQiYKZEXCf5aYB6L1Q79g=mo,The app has a very clean and concise UI that is pleasing to the eye. It has all the functions one would need and it has no ads!,5,0,1.2.3,2023-04-08 04:35:54,,,1.2.3
4867bc12-27a7-4de2-9ba2-7502c5399b0a,Mohd Ali,https://play-lh.googleusercontent.com/a-/ALV-UjVIEsN2suJuc403G9YpgvuaUD3Kzm2IZD4ju8OhEyYTTRs2uEp5Kg,"MashaAllah this is a very good application i just found one shortcoming that it should have tasbeeh along with prayer time and some other islamic things also i will download another application for Quran Kareem But looking at applications like Muslim Pro and Azan, it would be great to increase some things in it. I am from India and it was great to see ad free Islamic application for the first time in India",5,0,1.2.3,2023-04-07 21:53:58,,,1.2.3
32c661c4-c451-4f92-87f1-f7e3cbef87e6,Mohammad,https://play-lh.googleusercontent.com/a-/ALV-UjWLlBfakA3NhnQAlDqwV1wHBSvSacM5dQHxURRZ6jT6fC5Cp7Ak,The app is very good but I gave it 1 star because the widget does not update. I have to open the app everytime so the widget update. Uninstalled and going back to the previous prayer app,1,0,1.2.3,2023-04-07 18:18:06,,,1.2.3
e00514e6-4e17-429b-9229-97a03134d059,Farhaan Hasan,https://play-lh.googleusercontent.com/a/ACg8ocKqgDTKhT_LWQywprfAdx2rohfIZJY3a93pbIGZ2q3caiJ5Cg=mo,Lovely clean look however notifications are delayed and athan never sounds rendering it useless for its job. I have disabled battery optimisation and all that but still no luck.,3,0,1.0.1,2023-04-06 15:59:56,,,1.0.1
a9db88a2-07b1-4be8-9028-826f4a00fa14,Affu Affreeth,https://play-lh.googleusercontent.com/a/ACg8ocI0Px7iFVmldEexHE65nfYvPpVqfPcUDc14f50BAxlpc_s3csQ=mo,Very use full app,5,0,,2023-04-05 22:51:14,,,
e786f3eb-055a-42f4-a890-72e599984e02,Simon Riley,https://play-lh.googleusercontent.com/a/ACg8ocIYDV0F3LeEVGxThi_iMVP0tU-9lF--BO4qgNnGGduJe-_Dfwk=mo,"I really like this app, it's beautifully designed, easy to use, but can we see all the trackers we made through out the year for our salat? Like not only for the week? Is that possible",5,0,1.2.3,2023-04-05 15:41:45,,,1.2.3
d62e3288-2961-4197-b77c-40d038aa6ff1,Wiss,https://play-lh.googleusercontent.com/a-/ALV-UjVN7AzRv7X6fdWg8dHSp8rW3oj3nxgQPhxcv-SMIdb52HsY5_wH,"Subhan-Allah, it's such a great app. May Allah subhana wa ta 'ala reward you for all the people that you have helped with this app. May He grant you Jannah Al-Firdaus. The only thing that should be changed is the pop-up of the party-popper emoji if you've completed all five prayers. It was recently added, but I think it's better to get rid of that! Other than that, jazakallah khair – really good app!",5,0,,2023-04-05 10:06:30,,,
8266691d-481d-4bc9-b299-e7b093b2c898,Muhammad,https://play-lh.googleusercontent.com/a-/ALV-UjX3BEIKYKL3_-tQHBUTmKtoBAvYC439jOXjdfwGE7jsHVUqKke3,"Amazing app , clean ui and everything would recommend",5,0,1.2.3,2023-04-04 15:51:02,,,1.2.3
b3fc5a8a-3002-49a6-b1db-bf695fd7deaf,Mizhamauulaee,https://play-lh.googleusercontent.com/a-/ALV-UjUbE2a3IWWyFXi-3pv5OcjxMBLaiIWzHYprnLMMR0JNuqBZEMU,I have been looking for some app to help me with my prayers and today I found it although the time is a little different I do recommend it 10/10.!!,5,0,1.2.3,2023-04-04 03:36:59,,,1.2.3
c9955085-d0c5-49ce-ab4b-080459470cf5,Sam N (GreatSamo),https://play-lh.googleusercontent.com/a-/ALV-UjW2UxmFJopYZHSejW9C9XKUIj08PQPpUuhTF6oJdhAKXufN1DQmGQ,"Simple to use App, clean modern design and Adds fee.",5,0,1.2.3,2023-04-04 00:21:28,,,1.2.3
3edc440f-c8ce-45ba-9838-2672e8aa32f9,Hafsah Rahman,https://play-lh.googleusercontent.com/a-/ALV-UjWHHTfZRYdtdQ1E1lCP2LmaOdQwYKCB6C9mnCk4Up-dlXf_jZdb,Love it,5,0,1.2.3,2023-04-03 00:47:45,,,1.2.3
ecf32142-0f54-4b07-884d-46cb6f301142,Eyas DADgroup,https://play-lh.googleusercontent.com/a/ACg8ocL8BaJNDeVlRK7UnKSL0Ke_NFbrt_j5fK-voh7E9FPu1D2teg=mo,"The best app for prayer times. Very nice user interface, I wish I knew it earlier. It deserves a five star rating. At the present time, four stars for the lack of the Arabic language. I thank you from the bottom of my heart, and may God benefit the nation through you.",4,1,1.2.3,2023-04-02 21:39:14,,,1.2.3
167324c2-d5c9-4cfa-aa03-ce775e0ed7fb,Nafeesa Ariffin (Naleesya),https://play-lh.googleusercontent.com/a-/ALV-UjXCLwrNC--IykHw_bmeecbdChXV1PPQik2R57NY5MA4oeTQz-23,"I love Pillars so much it helps me with prayers. Other than that, the widget and notification are very helpful because i don't have to open pillars to know the prayer time so can't wait for more updates!! Thank you so much Pillars and more importantly Pillars creators it provides me everything i needed.",5,1,1.2.3,2023-04-02 10:16:39,,,1.2.3
3001d6d3-42a3-46a7-9591-dd25b0bc9a3f,Abdul Razzaq14,https://play-lh.googleusercontent.com/a-/ALV-UjVOqrEIW4ulnqj9LoDYvj_6seslqqqFFSD_k6Kmhv6CCjGjGsU,This app is literally very good Alhumdulila this is is very useful for me specially when it comes to Salah tracker,5,0,1.2.3,2023-03-31 20:50:43,,,1.2.3
98be42c7-9d6e-4c8e-ae83-12b9d6832e79,Mekfira Fedlu,https://play-lh.googleusercontent.com/a/ACg8ocLyMBBybWpLc9iI_biQTl52RvIpdipqTW80Hvb0S4mdXcl8iQ=mo,This app is so good😍,5,0,1.2.3,2023-03-31 16:56:12,,,1.2.3
de2bb277-3e8d-46ad-a716-9bd7b2e02628,Saify Salahuddin,https://play-lh.googleusercontent.com/a/ACg8ocKxJbuQfb9RwVBo87GtKELbYS38F_bWtlgZmWSnEs-cPRDo4Q=mo,Extremely easy to use and it's almost fun it fixed up my prayer schedule massively 10/10 best app,5,0,1.2.3,2023-03-31 03:47:34,,,1.2.3
5818575b-2a1f-49b6-86d5-c7d1e2ec11cc,2408 xd,https://play-lh.googleusercontent.com/a-/ALV-UjWdlgGAiDMEY28zp4-BMYt07u4zvGo8l7OLm3UU4L4kR8e8uBo,salat times inaccurate,1,0,1.2.3,2023-03-30 02:45:50,,,1.2.3
05a4f0b6-3d9e-4aa3-8684-f731885b3064,Lorenc Lasku,https://play-lh.googleusercontent.com/a-/ALV-UjXLwFXmhUE1rSuDW-Wi1MAa9eQ2mlLBBIKjG6o05m4ARHaYD2M,"Very visually pleasing, very clean and very to the point. I like the accurate and practical widget which I actually was looking for an app for. I appreciate the no ads a lot and overall approach by the app developers. May Allah swt reward you for this! I believe you are truly doing a very good deed.",5,0,1.2.3,2023-03-30 00:13:12,,,1.2.3
f2264730-1828-46eb-9a20-0a6184781353,Murshid Abdurahiman,https://play-lh.googleusercontent.com/a-/ALV-UjVf3nRrQhZERUYbJGVmfC9EvZxx-Y87UccVS_h-I-9m7SoQCkY,"Simple, beautiful and very useful",5,0,1.2.3,2023-03-29 23:11:48,,,1.2.3
a4191820-8962-40a6-bc3e-8363f4123555,Shamila Khan,https://play-lh.googleusercontent.com/a/ACg8ocIlxjDIZogAgTwGDlqbD3AivCXTbhk5w6GOP31zFa0BTQPCFg=mo,I do like this app but the qilba won't work I tried to take the phone case off but I lt still never work. Everything is fine but the qilba won't work.,4,1,1.2.3,2023-03-29 20:35:51,,,1.2.3
66d167ac-8975-40ea-b511-c96c9d181317,iicoconut11,https://play-lh.googleusercontent.com/a-/ALV-UjU6fdgaWC0wjD78iwyHeL-m0XTx4_9djh5u6qrgZ_suMn9KxS5_,Rlly helpful and keeps me up with my Salah,5,0,1.2.3,2023-03-27 22:11:17,,,1.2.3
b3734742-4f6f-4017-9a22-5d285e4f525a,Shabul Miah,https://play-lh.googleusercontent.com/a-/ALV-UjVNKbWTWYT-A8b074LVVLqs_R6sJ-_aEufEsgM6J_8OPit0kthBsA,Great app and it is ad free.,5,0,1.2.3,2023-03-27 21:28:24,,,1.2.3
ebb4b76b-a5c3-49a2-9820-381a18dccd23,Mimi M,https://play-lh.googleusercontent.com/a/ACg8ocI27JOZtSqGelLMEHafDCuCQNDnbpwmnb4N-oYxanyPb9zGurE=mo,"Easy use, except if your android user sometimes you have to trouble shoot adhan",5,0,,2023-03-26 16:33:42,,,
9117e3ae-98dd-4544-b6dd-e7d5989d947a,Nayemus Saba,https://play-lh.googleusercontent.com/a-/ALV-UjXxJiadECcOz2Yv8XVokHqVU_Ec2VNS2cxdH9gikWB5u_SLAU_B,MashAllah this app very helpful,5,0,,2023-03-26 13:49:32,,,
5d8879a6-edfd-44a0-b751-5372cf742be7,Jahirul Islam,https://play-lh.googleusercontent.com/a-/ALV-UjXClSDaIN74LLWu5xl9OqHCYYryV3y6ipETYRaXU9XnwdqVmPPB,Love💙💙,5,0,1.2.3,2023-03-26 11:53:06,,,1.2.3
31563cc3-a117-47e6-99e3-836864b29999,Milad Ahmed,https://play-lh.googleusercontent.com/a-/ALV-UjWKBV8MSq2aMLuFtw03sij31puZfkzvbgZYQ8uKwGnGWMcM9gxLyQ,"Great app. I love the idea of this app. However, it doesn't let me change it to match my local mosque, and it is a few minutes off.",4,0,1.2.3,2023-03-26 07:28:35,,,1.2.3
50e40392-b43d-4425-b439-eae97f9ef4b8,wafa M,https://play-lh.googleusercontent.com/a-/ALV-UjWCRmcuuQ6Mn49fNAG_p2-sA86YlacWt47TYWDdD61f2x93C_J9,Nyz app,5,0,1.2.3,2023-03-26 05:33:08,,,1.2.3
37c59169-414e-4308-b87c-d5da7b09eec1,AMN,https://play-lh.googleusercontent.com/a/ACg8ocK_tPA0UbO9B8nTKp6PJxsrarXbqKu_PJWlcH_UUhY8DcwWxJAv=mo,"May Allah reward the team behind this. Beautiful app, modern ui, works flawlessly and no ads!!",5,0,1.2.3,2023-03-25 21:30:22,,,1.2.3
0509caf9-ba07-4346-8145-37adb987e34c,Sameer Sayyad,https://play-lh.googleusercontent.com/a-/ALV-UjVl6mYyUlfWM0U9mmojsFRWpaL_MCn_g_Lmw1WWmXIA8ihn6Ahv,Mashallah is good enough,5,0,,2023-03-25 20:17:54,,,
9e97fd81-9a32-415b-be78-f0eef7c6ea4a,S. M,https://play-lh.googleusercontent.com/a-/ALV-UjUBT2ka3p0gR_9lFAlNFcqD4ooPSjkdhNesqg7pjerEGpIM0PdN,Amazing app. Brilliant features,5,0,1.2.3,2023-03-25 10:30:20,,,1.2.3
868cddd3-8833-491c-8725-af2e5d22d7a9,A Google user,https://play-lh.googleusercontent.com/EGemoI2NTXmTsBVtJqk8jxF9rh8ApRWfsIMQSt2uE4OcpQqbFu7f7NbTK05lx80nuSijCz7sc3a277R67g,Thank you so much I got schedule to pray from thiz This app is amazing Subhan-allah,5,0,1.2.3,2023-03-25 06:52:48,,,1.2.3
ce5d1d0e-7a3b-4c8c-a851-890c97e96d0a,Jabina Wahid,https://play-lh.googleusercontent.com/a-/ALV-UjVo7vAAJQArOVA_bGndogs8w--eaPUFsCwlwOQ93aDm46Rdz1Tq,Very good app,5,0,1.2.3,2023-03-25 04:27:32,,,1.2.3
fb2e4493-fac5-46f8-83ad-72c796a18582,sai toinktoink,https://play-lh.googleusercontent.com/a-/ALV-UjUlj4ddHe7Z00U0aNssEKtpm1YkNZ6uhucfZji2CUeukaB2A58h,Its a really good app for muslims👍,5,0,1.2.3,2023-03-24 20:49:25,,,1.2.3
a6adb9c9-7ea9-4e32-8e34-b80b60019aea,Carbozka,https://play-lh.googleusercontent.com/a-/ALV-UjWGOLBqDlGkdkaiDSLrrNDGPHxFfywKA6AFm_NHhPMB3TPs9yi-,"love it and it's really good, only problem i have with it is that it can't seem to get the prayer times right AT ALL!, mine is 7 minutes off and when i fix it it goes back to being wrong the next day, PLEASE FIX 🙏🙏🙏",3,0,,2023-03-24 19:30:32,,,
d2fbd12f-904a-4bdd-8a45-ba51b679ef48,Aleen Fatima,https://play-lh.googleusercontent.com/a/ACg8ocLaqtMmckr9so7tg5MvAEP3ZfJ2WdGadosjzi-_hKTJQOP_pw=mo,It's amazing app to help you stay focused for your prayers,5,0,1.2.3,2023-03-24 16:14:02,,,1.2.3
8083465e-d6c7-48ba-8de0-0d565e0e9f27,Sifat Ullah,https://play-lh.googleusercontent.com/a-/ALV-UjX9j4hnq0VYxQWgdGASmJyROFsXYb9QrCUQ4JqkSgypjP8pGqM,"This is by far the best Salah tracking app I've used. No ads, no privacy invasion. Everyone should donate as much as they can or will to this project.",5,0,1.2.3,2023-03-24 14:14:46,,,1.2.3
f0df1067-2e39-465b-932b-f4879dadc86f,Mohd Uvaish,https://play-lh.googleusercontent.com/a-/ALV-UjXBy6G5_q7YgLPh291j8jqkVUgLI8S749oyf6aaKBJytV6NEPL-,This is beutiful app one problem the using app please update ramzan timing in your app Allah give jazaye khair for your work,5,0,1.2.3,2023-03-24 13:40:47,,,1.2.3
bb5fd5c7-a00f-4305-9a79-e992a1a8e4ac,Froj Bhai,https://play-lh.googleusercontent.com/a/ACg8ocLFGkrhcC4u8_PQp5akHr6ReYHzgCMVKr7bfjWfYnmSHlDO0Q=mo,Please optimise it for Android 13 please i can't use it properly please,5,0,1.2.3,2023-03-24 06:23:42,,,1.2.3
669fc21f-f684-41d7-b931-708e6be98231,Hijab NoorFatima Nomani,https://play-lh.googleusercontent.com/a/ACg8ocJqM9p01X_JSAURvAVymsPFSX4-ZQDwIdmUxFIzqgemscngyi7K=mo,"Simple. To the point. Minimalistic. Love it. There are no ads, pop ups, or extra things that take away from the app's purpose, which is just to tell you the prayer times. You have the option to pick hanafi prayer timings for Asr and to customize your location and calculation methods if needed. I love this app. May ALLAH All-Mighty reward its creators and benefactors.",5,1,1.2.3,2023-03-24 05:46:51,,,1.2.3
e425382f-f1b1-49bf-baa1-f793bad460f9,Sebastol Sarcus,https://play-lh.googleusercontent.com/a/ACg8ocIV9SLA4I0y3OErWfAQmARE80hIlzW_7qd-j-fUjlhBHnVdMw=mo,"Minimalistic, privacy-friendly, ad-free, practical GUI... that's what I want! excellent.",5,0,1.2.3,2023-03-24 01:40:01,,,1.2.3
6c43e728-1bb7-424a-99cf-fb65efe79dc6,Mando,https://play-lh.googleusercontent.com/a/ACg8ocKYkzAwHbvn4NpDGROJkjuvpaYnRHw7cOP1-oJzR9gTbSqCcw=mo,Handful application for any muslim need a remainder for his/her prayers.,5,0,1.2.3,2023-03-23 22:38:19,,,1.2.3
dd4dec5a-ae50-4e7a-94a5-54e3e8d954ef,Sahil Khan,https://play-lh.googleusercontent.com/a-/ALV-UjWDxt6TIWvk6Nxb23KMlrR0VBSBx2IP3GbHvJUafbUQTLUZg5T1,This app helps very nice 🙂 i am learning to all dua and namaj .🤲🙂❤️,5,0,1.2.3,2023-03-23 18:27:15,,,1.2.3
2fac5feb-d943-493a-b515-7c10fa7b73ed,Dilna Khadeeja,https://play-lh.googleusercontent.com/a-/ALV-UjVOraKCtRN6E3PVZXyJipob22qkglm9FK8XlNXtG-sJMSKwySPc,Good,5,0,1.2.3,2023-03-23 15:11:17,,,1.2.3
7c5b3320-bcf8-40d2-9e39-c3072ff41541,Mohamed Farhadh,https://play-lh.googleusercontent.com/a/ACg8ocJGNVEF0Rlia3pCmYFEb3MSeSKLdRAei8weEvp1dZHIvbyznQ=mo,Assalamu alaikum warahmathullahi wabarakathuhu Alhamdhulillah very useful app,5,0,1.2.3,2023-03-23 13:57:59,,,1.2.3
8b857781-e47b-4b01-b34b-dc84f951a6e0,Iman Izzati,https://play-lh.googleusercontent.com/a-/ALV-UjV9um9m6ji03eq6iYg6whP2ZJioeWDEYAZAthqoCU04CRklEA4WzA,fell in love with the smooth operation and its completely free of ads. the design is simple and neat. the qibla direction is accurate.,5,0,1.2.3,2023-03-23 12:28:30,,,1.2.3
1a011069-4d97-4cbc-ad27-b7b77918e4e5,Fathima H,https://play-lh.googleusercontent.com/a/ACg8ocLkbck7VvqB4JJLFTMCQB1f570cEw8XGuSifkyrOtLM-ygx9w=mo,"So I got this app because Muslim pro was just an absolute joke with the ads. This app has no ads and it's so simple and basic to use. It has Salah time, Qibla and a tracker for your Salah. I think it would be great to develop and add more things Insha'Allah but it's great that way it is now!",5,0,1.2.3,2023-03-23 04:32:47,,,1.2.3
a7fe7463-0a78-4e03-8a89-cfaaa99e999e,Aksa Siddiqui,https://play-lh.googleusercontent.com/a/ACg8ocLyPy6ma9JRcJjJTO2HPiGn3RPP73vXxlffa2de1jPHfCecPa4=mo,💜💜💜,5,0,1.2.3,2023-03-22 02:40:28,,,1.2.3
1d1c39c0-12bf-4c06-9ced-7afdebace951,Arif Sir's Toppers' Academy,https://play-lh.googleusercontent.com/a-/ALV-UjXLi5ABTjPKpA4YV0h6hFtcKkZly_YTxeDLdldx_TYjjT6pINcYcg,Amazing application!,5,0,1.2.3,2023-03-22 00:12:10,,,1.2.3
a10b1854-9759-4fcf-ac6a-96cd658466a3,MOHAMMED THAYIB.NM.,https://play-lh.googleusercontent.com/a-/ALV-UjUgcOzrO5Ecij46_5iZOUPg50V07xMNQ5EjyjviUd3oVO8fQBbZ,MOST NECESSARY AND IMPORTANT APP FOR EVERY MUSLIM. NO ADS OR VIDEOS. USER FRIENDLY APP WITH SIMPLE LANGUAGE AND EASY ACCESS,5,0,1.2.3,2023-03-21 16:47:52,,,1.2.3
400b2809-50d7-4bf6-9531-8c2333dcd383,Areesha ijaz,https://play-lh.googleusercontent.com/a/ACg8ocLsD-FE4V9eQtO6a1AZOL1xxCFKAA9k7rNChqmhDTdMiVZe0Q=mo,It's amazing. Everyone should try it.,5,0,1.2.3,2023-03-20 23:43:55,,,1.2.3
ac0eb727-39a4-4e75-a357-b3e5963671ec,The shariq,https://play-lh.googleusercontent.com/a-/ALV-UjVI6nxUPcoA7ZjG27lyFHFmQULMzzPv9FKej3e7ljukL6CAD5QL2A,"Best app for prayer, keep ad free always",5,0,1.2.3,2023-03-20 21:25:41,,,1.2.3
6a1dd6f0-7fc7-4906-b4d9-83370d2266c6,leya mastura,https://play-lh.googleusercontent.com/a-/ALV-UjWBd66ICKX1H1pryyxCYM0Ra-76ggR30rr4S-Hn18VCM8FtlK6z,The best eva,5,0,1.2.3,2023-03-20 17:36:40,,,1.2.3
6f7556c6-0ec5-4c39-92e4-3562ca4b513b,Red Diamond,https://play-lh.googleusercontent.com/a-/ALV-UjVA3kioC3DS-6lqPiekOkFstfgHde0NyCd_y29E3EY8rjoV3WDP,How do you work the app Because I'm confused 😕 Will you guys please explain to me,5,0,1.2.3,2023-03-20 06:27:15,,,1.2.3
3f9acb58-8960-4aaa-bb17-e179daae82c9,Mannu Sufiyan,https://play-lh.googleusercontent.com/a-/ALV-UjUW9WXVilohKAH9bdEHC_dKbIBW12eNjlBaxDGl3Tk_gH4kcon4,App is really good allhamdulliah but every 5mins it changes it's qibla direction thn how to believe this app that it showing the correct qibla direction please work on it,4,0,1.2.3,2023-03-19 21:55:51,,,1.2.3
a0731349-b0e9-40ab-bf86-6a5996b804d7,Dawud Sharafat,https://play-lh.googleusercontent.com/a/ACg8ocLlp2pS8ejp7cgKK3hY-vKwHKauJ_T3PZOXx3lxGE3TuselPK-1=mo,I want to hear the different adhan but the app is really good,4,0,1.2.3,2023-03-19 15:32:33,,,1.2.3
07258e11-b850-4e44-96ba-2d312c467bf5,Sinner,https://play-lh.googleusercontent.com/a/ACg8ocITi9ZVjBnkLnufn_P29hMhFcZp6FOoii3g95IEb352yap4rpM=mo,"Good effort, but it's disappointing that there's no Arabic language support. Also, there's no way to choose notification sounds or adhan as far as I could tell.",3,0,1.2.3,2023-03-19 09:35:50,,,1.2.3
5fcdf1eb-3b32-45c7-bb33-12380267674d,saif Ali,https://play-lh.googleusercontent.com/a-/ALV-UjXWpthXcAIjvtus7M5cphQqzOZw7P9xnA2nohxO_JR7oqkp1lCa,Alhamdulillah,5,0,1.2.3,2023-03-19 02:06:55,,,1.2.3
06443619-7866-48f2-9500-d8a16a9a3e56,Fatima The Geek,https://play-lh.googleusercontent.com/a-/ALV-UjVGvWjnj_-os_fIDzmS1PGq_aiLikjt2Grt9Tzl9kwTc3KQQ1WK,"One of the best islamic apps. Designed for everyone, easy and simple design, has a period pause in tracking salaahs, not a single ad. I'm so happy to have found it for this upcoming ramaadaan. Thank you so much developers. Shukran for all the help.",5,0,1.2.3,2023-03-18 20:40:45,,,1.2.3
b45d54a3-4ad1-49c7-8592-c422f54f5485,Sana Firdaus,https://play-lh.googleusercontent.com/a-/ALV-UjW6TIUrP3OtwCWbo13Ix9GF1lovCWf0n_jq49f1FgApGkV0YeI2IA,Best app to keep track of prayers,5,0,1.2.3,2023-03-17 11:57:29,,,1.2.3
d943c97b-732a-48f2-90b3-fe4d45d014ab,habib 4evr,https://play-lh.googleusercontent.com/a-/ALV-UjWexbtBIZDbbA4Icdnu1CIi_gC5y48J2xiPxExMHLSgh2lsbEye,Mashallah,5,0,1.2.3,2023-03-16 12:43:23,,,1.2.3
62fe8d43-f714-4ed9-8d7d-f6c3865ed2d7,Shaik Ibrahim,https://play-lh.googleusercontent.com/a-/ALV-UjUHZFfOGqMYliZMjhu2fENirMFDIqMgI5CAVBBku8CI6JRMNo2O,Good,5,0,,2023-03-15 23:47:07,,,
055b3c36-4d14-4781-9f8c-ccd3432d07d0,mzm knight,https://play-lh.googleusercontent.com/a-/ALV-UjXDLVmuTA0esduu_FI_3UdRLC7kG2Jlns0avwZU2gAi0YG6zB6sbQ,Samyys a nice man,5,0,1.2.3,2023-03-15 21:11:22,,,1.2.3
586d0f79-1a8c-4212-b9ad-708aaf9b0516,Aisha Hakim,https://play-lh.googleusercontent.com/a-/ALV-UjUcliW2QEsARAulcKe6MhASTrxkEv2I4Bq149AZcHnr61FkPV4B,Mashaallah very beautiful app It's a useful aap,5,0,1.2.3,2023-03-14 19:49:45,,,1.2.3
1edc62a7-ead4-403c-ad9e-3c946b23b7d1,Muhammad Al-Sharif,https://play-lh.googleusercontent.com/a-/ALV-UjWixGvgXopxIUBoPApKj1gONHmoEYwmiPFb4Y852Bia5BZ2xbQ,amazing app,5,0,1.2.3,2023-03-14 18:48:23,,,1.2.3
cb053d63-634a-4ac3-a03d-32fcc7a2a251,Saeed Mbrk,https://play-lh.googleusercontent.com/a/ACg8ocKVxGI4iwh3VWiqkHxta1o78hUhiJGt48V4dZBdU9Pwk-3Xpw5Y=mo,Good ad free app for muslims..before i use salatuk app for adhans and qiblah..now i replaced it with pillars app..it has features to track our prayers and showing some quranic versus,5,0,1.2.3,2023-03-14 18:40:28,,,1.2.3
5d55a27c-a073-4a25-b785-9a27cb8774e1,Shaber Ahmed,https://play-lh.googleusercontent.com/a-/ALV-UjVULi6CHasjLPb-N1hCkRYaxnTrqc4zgfXKajGfDFqKkMKcy3k,"To the developers of this app Jazakallah Khair. This app has been an amazing addition to my life, and the widget is exactly what I was looking for. The developers are actively working to improve and add new features, without the use of ads or paid subscription for the benefit of the Muslim community. Many thanks again to the developers and I highly recommend all for Muslims to try out the app.",5,0,1.2.3,2023-03-13 02:26:35,,,1.2.3
a6392c42-71e2-4fb9-a04c-a405f52a2b1a,Abedalaziz Katerji,https://play-lh.googleusercontent.com/a/ACg8ocISdxII_TGB-wPuWT1nauySAs-U9ZKQWfj7BxBJIZBmO-LDeQ=mo,Qibla locater not working,3,0,1.2.3,2023-03-12 23:02:24,,,1.2.3
72babc32-db29-42ce-acb0-a16d6ec317aa,Mojahid Hussain,https://play-lh.googleusercontent.com/a-/ALV-UjWjjbsj3-i3nDosVbZS5PltAJfiTgeRPzUBnfgkkjhX0HYG_xkK,Loved it❤️,5,0,,2023-03-12 16:28:23,,,
43213145-51d9-458d-915e-5aaaf25ed563,rimza akram,https://play-lh.googleusercontent.com/a-/ALV-UjV6YIMfEci5BrUy2fNG0EWz2YHoOZZLxrCMzIx8thQMz4448ic,"This app is really good, I would like to suggest an additional feature, which is, a reminder notification like 10 mins before the Adhan for the next prayer if Incase the user hadn't ticked on the prayer, the app should recognize it and send this reminder so the user would not miss the prayer. It would really be helpful this way. Thank you.",4,0,1.2.3,2023-03-12 12:43:29,,,1.2.3
ad753d9b-2f42-43ad-844c-f5b5b706b8a7,Noor Alam,https://play-lh.googleusercontent.com/a-/ALV-UjX-uAE7e3drvbwXE74UiVeNjd1nzV6nAzGvhNISlsksTEXCFYw_tg,Great app clean and simple. But 1 annoying bug on widget. Current prayer time does not refresh unless the widget/app is opened.,3,7,1.2.3,2023-03-12 00:05:20,,,1.2.3
ba289964-e223-4933-962f-5ca534ce3e08,Rahmat Akibu-Bakre,https://play-lh.googleusercontent.com/a-/ALV-UjV5tJMOpBEPJcVr1f4keWZmeiPM1kY2r_NZyBn_QHUjHDg15nb9,"App deserve no Star. I downloaded this App some weeks back, I discovered something weird about this app. When this app was calling Prayer on my bed, my head vibrated very vigorously. When I got to the bathroom, my experience was so abnormal when I spitted (very weird. I uninstalled this App, not immediately. This weird app still keep on calling Prayer Someone adviced me to reinstall the app, and uninstalled it. I did, but this app is still keep calling Prayer up till this Morning.",1,0,,2023-03-11 23:30:13,,,
9a7b084e-2d65-4873-bba5-9b730942a957,Mymuna Rahman,https://play-lh.googleusercontent.com/a/ACg8ocLs6-XZqvIvapvpkZ55FJvhIcNzl5LG-Vrd9dKwNpZupZvXxg=mo,Not working can't open the app!!,1,1,1.2.3,2023-03-10 22:17:20,,,1.2.3
c32b03c0-94e2-421d-9990-31555f45cfe1,Jumaina Jackariah,https://play-lh.googleusercontent.com/a/ACg8ocLG9C606_VaDxuYU-gD-XN3hy13Qzclq7hGWkeXMY_Ld-M3buk=mo,love it,5,0,,2023-03-10 15:04:41,,,
edf6ab2b-acbd-43b5-afbe-a59595532d84,Sharukh GV,https://play-lh.googleusercontent.com/a-/ALV-UjXvHVgvA7L4tq1-MKzGELx6JEm-FU5bYzFzYS6GpF5RaPMTSlio,Simplicity at its best,5,0,1.2.3,2023-03-10 14:18:44,,,1.2.3
f80b5526-07d4-4980-baa5-c8cd02234cd9,Irfan Ck,https://play-lh.googleusercontent.com/a-/ALV-UjWPBTiCAemsEs55rkG5QY1Qfk_iTfGguAqjiMccsmUh6bqRBdLx,Best!,5,0,,2023-03-10 10:51:26,,,
f1d58365-5e70-4c40-b60e-34ce3be4570f,Qureshi Humaira,https://play-lh.googleusercontent.com/a/ACg8ocLuVFtnRakR5O_JfW6r5_h8lmBQdwBsHNnWbx6zSqKGESE3CNnS=mo,Mashallah very nice and helpful app Every musalman should have thi app in theír phone Mashallah it brings u near namaz and near too Deen and Allah pls try ones ❤️,5,0,1.2.3,2023-03-09 14:45:55,,,1.2.3
3baf25c3-b248-423c-806d-5b3a05d21ce7,ahesan sait,https://play-lh.googleusercontent.com/a-/ALV-UjUp4fqfKcSkFYbW8PH3C7P8Qv4tr2R5gZtj25pLU9dmsEWQVp35wg,"Ma shaa Allah great application, looking forward for a community for QandA, islamic jokes etc",5,0,1.2.3,2023-03-09 07:04:57,,,1.2.3
1d98b1c9-be24-474d-9c9f-8ce15ff1af01,Arshad,https://play-lh.googleusercontent.com/a-/ALV-UjWmK74Df_lRqFd99lVw_7WrqDJz8nFFXBukqV1FZZipg4gmPEsdgw,It's probably most comfortable and most perfect app for Muslim people. Jazakallah for made this beautiful app,5,0,1.2.3,2023-03-08 04:20:26,,,1.2.3
3583deaf-9ac7-4429-a83d-97e5254ddf42,Ridha S,https://play-lh.googleusercontent.com/a/ACg8ocII96CThij4AruzDmysp7UY0hi1i3OrTd4ct9mnIvZg2gEwBA=mo,Literally the best all that used for prayers,5,0,1.2.3,2023-03-07 20:20:14,,,1.2.3
eb4feb39-d574-4c7b-aeee-a222c5cb1385,kausar shaikh,https://play-lh.googleusercontent.com/a-/ALV-UjWUi02R8mv5Gdhtr--6wT6GkuVKdPL8J5dovRPKZKU4_72BkN5Cng,"Amazing must install this app ""love it"" 🤍",5,0,1.2.3,2023-03-07 18:17:23,,,1.2.3
c91b2e69-064c-4a73-8293-8d501a0f5066,Safaa begum,https://play-lh.googleusercontent.com/a-/ALV-UjU7z_ceOTE1ujvRn29FPIvkvjnY2gv2BRuDakITEyhFGu-3BGzfbw,great initiative,5,0,1.2.3,2023-03-07 02:13:27,,,1.2.3
3630b8f8-ab12-438a-8c7f-4bd70088cb5c,HR Photography,https://play-lh.googleusercontent.com/a-/ALV-UjUbuJOC8GAPq_kVM8q9ZMcE8CECaT7VssqyJ2pURGZsiTEhYYI4,BESTAPP,5,0,1.2.3,2023-03-05 10:34:05,,,1.2.3
a5df98b7-92fc-4a03-a28c-ac6e6c1937d9,Muhammad janjua,https://play-lh.googleusercontent.com/a-/ALV-UjUcdLzLd4_FuTz6ovTvIwwuPxPaSjF61kQ7bk9LAXAf9POZe4t2,Gives daily accurate reminders on when to pray great app اللهم باريك,5,0,1.2.3,2023-03-05 00:48:50,,,1.2.3
4dc87be6-be2f-4529-a9d9-eb8074cc1f6c,A A R,https://play-lh.googleusercontent.com/a/ACg8ocIPwF-JaNTAVI75OvDhlRXY5whRk3Jz99-v4m5gopgjRSL0Zwes=mo,This app is very useful since it help me to get proper prayer time and reminds me to pray 5 times daily,5,2,1.2.3,2023-03-04 03:09:42,,,1.2.3
7babfc28-14c8-4ee6-b74d-9e6972cf8bbd,Nayab,https://play-lh.googleusercontent.com/a/ACg8ocJUdrqC8NEXlQ3tJN9Hq9nW4UnOdaKBYBPUbbEFTvBO34ps4f4=mo,Jazakallaahhh Khairan,5,0,,2023-03-03 21:11:30,,,
374a92f0-56b9-43a2-8485-ccd02445c330,Shaikh Abdul raheman,https://play-lh.googleusercontent.com/a/ACg8ocKxum0TRabjwQ2bisTjhhKy1zrBMsThs3cavsuTnEdNZeEgGkw=mo,Mashaallah,5,0,1.2.3,2023-03-02 22:36:57,,,1.2.3
65172bbb-6d76-4fd6-90b4-68ddba43dbde,Lynn Omukabe,https://play-lh.googleusercontent.com/a-/ALV-UjXkFLZfbTvTvVkY8thiA_9rijYwMZbkKHhfUMmVrDE2ODHEx6I,The best app so far for tracking prayer times.,5,0,1.2.3,2023-03-02 15:58:55,,,1.2.3
ea0ca9a9-b54a-42f9-8ac5-f3464009bd39,Noorain Sana. M,https://play-lh.googleusercontent.com/a-/ALV-UjUJbsZZcCmn_GRBAO0EfuuztRVhQigqSgmL3kGWrcrbbO358yAU,Assalamu alaikum warahmatullahi wabarakatuhu. I really loved this app. It would be helpful if there is counter features to be added.,5,0,1.2.3,2023-03-02 09:17:10,,,1.2.3
40f094f0-f81f-45c9-af06-d82940b2a279,Mahnoor Khan,https://play-lh.googleusercontent.com/a-/ALV-UjVJYflb5XYySldn7FpODhts8mh12ogWsC0X8OX6ddtw2-6cVnSM,❤️❤️,5,0,1.2.3,2023-03-02 07:27:27,,,1.2.3
75b12101-8865-433c-b4f9-2ed6e80019c1,Lina Al Shura,https://play-lh.googleusercontent.com/a-/ALV-UjX5eNU0y59-Qdy8Nf61z2Pm2a8pBtUcVweOHxIn2iYEjAYl3BfI,Please add pre-athan notifications 🙏,5,0,1.2.3,2023-03-01 19:36:48,,,1.2.3
b6d59c0a-2ff1-449b-af57-f72350d8b035,Raees -Ur-Rehman,https://play-lh.googleusercontent.com/a-/ALV-UjVan_UCPyFnX8lgKYUyP9a2LZCJbesJwEzNMfoy73_80fOa_ZtS,Bro the app is very good and thanks for the developer to keeping in adfree. The only thing i keep on missing is the capability of syncing with google account,5,0,1.2.3,2023-03-01 19:31:21,,,1.2.3
82c85f22-0b7c-498a-a165-b3ea361f7bba,Jamal Hamisi,https://play-lh.googleusercontent.com/a-/ALV-UjX-xlKvtGEHkapYsvyPgiceiZBLgM_PkuzB76aZ9pK-ZCYCKeLT,Excellent app to keep up with your daily prayers,5,0,1.2.3,2023-02-28 21:38:39,,,1.2.3
573ad479-0faa-4ad4-b57e-b94e37c1d9f6,Faturahman Rasyid,https://play-lh.googleusercontent.com/a-/ALV-UjUAZ7Fbn0u_fPxLGaRg6EhliL0KnrDpy0XxL3HLdb-r84Epb5fsAw,"Loved how simple yet impactful this app made me to be attentive to prayer times. Although there are several QoA features that could be added/fixed later on; one particular case is when an adzan is being played, a single notification or just by pressing the volume button would stop the adzan completely! Regardless, a great app for someone that wants to track their salah and want to improve upon it! Jazakallah khairan!",5,0,1.2.3,2023-02-28 18:26:51,,,1.2.3
e75bd503-85a6-4658-a97f-fbe193c8063c,Rahila Patni,https://play-lh.googleusercontent.com/a-/ALV-UjUoUmJirlMDc_7Nzh3kLjAdhOziktsJGlyFipV8EuNRBaqKuZow,the app is very good but i m not getting notification for all the time so i just wanna knw how to solve it,3,0,,2023-02-28 13:42:23,,,
25bb2fb8-23cb-451b-8327-1830dfe438d8,AJMAL NAGERI,https://play-lh.googleusercontent.com/a-/ALV-UjVU_Q1eLIOwCUlM0PQuDAiYvHX5ELebjE8o9P5wdIpaeWHNtklm,❤️😍,5,0,,2023-02-28 09:24:15,,,
932c2182-f7eb-491c-ad9c-67378c7e8bd8,Mohd Azeem,https://play-lh.googleusercontent.com/a-/ALV-UjVVkuF4O8iHpnBr8IIMohZOgSx41popcMdL812E5ryXJ88dQqEI,⚡⚡⚡,5,0,1.2.3,2023-02-28 00:22:50,,,1.2.3
fac20eb0-3b9e-4376-ad88-f788676f2302,Md Amir,https://play-lh.googleusercontent.com/a-/ALV-UjX_aIy4RfFVwJkFnn6jrj9cZWWwWoXuEGnwxvyW3gJJzikWpIcR,Best aap,5,0,,2023-02-27 07:02:18,,,
4a55f71e-b78a-4d68-aad8-46957280c05e,Badr Nabi,https://play-lh.googleusercontent.com/a/ACg8ocInWUxoCWhmcBlDVQ258oBikSZQsURaZNcijgVwnRD3E0OHrzs=mo,"Smooth and nice design, light app with basic but handy futures, just loved.",5,0,,2023-02-27 03:41:20,,,
fcb64bed-7bad-4e34-ac1c-2bebd788112f,Farah,https://play-lh.googleusercontent.com/a/ACg8ocJy8DNI0kPoY2EvvS-_Z1MXLyYAsiaMYsuZpibyvJVWJtaa-uSU=mo,jazakumullah khair,5,0,1.2.3,2023-02-26 19:26:27,,,1.2.3
2b11a0b8-301e-4cee-9563-2a318459b7a2,FF Sept,https://play-lh.googleusercontent.com/a/ACg8ocImsfG0HvXTW_pICi9698jrDf2D0uZBMmH1M9os31oa6oGGfEQ=mo,Love this App. The features are great. This App certainly deserves 5 stars.,5,0,1.2.3,2023-02-25 16:39:01,,,1.2.3
44607894-8b28-4b81-99ec-f72f3979ef66,bhayas bhayas,https://play-lh.googleusercontent.com/a-/ALV-UjWVhW7t4kPZ6cqciZJoyxBiZD6n6P-Cohw-w11nHbe_pnCFtUEpIg,Worth download,5,0,,2023-02-25 15:21:14,,,
c9dbbdb9-1617-4e75-b4ba-56c589025c4a,pess konami408,https://play-lh.googleusercontent.com/a/ACg8ocJ7HycRkKe6mviYbu6VdM77u6b5EIfdU81amTv8NVixklDvkg=mo,Its very usefull to me Thank you ❤from kerala india,5,0,1.2.3,2023-02-25 13:43:57,,,1.2.3
cad27c4b-cebe-4704-902f-862060ca72ed,Khan Hajra,https://play-lh.googleusercontent.com/a-/ALV-UjW2E6LFq63UpVJpFnHbpalGTbWRMyFOgbu8G4zzQ6vQSfhCHRE,This app is very use for all mominat so please use this app and learn more thing 🖤♥️,5,0,1.2.3,2023-02-25 13:22:18,,,1.2.3
cf3269ad-c298-4d96-8ac8-ed7be7ea22da,Akrampathan Akramkhanpathan,https://play-lh.googleusercontent.com/a/ACg8ocJAbJOI8bYoKRl60v1TiMVFAgo2GtpySUJzcaVoEZ5-lGZQ0g=mo,It's a benefit for Muslim ✨ thank you very much it's a help full app for me Allah bless you Ameen,5,0,1.2.3,2023-02-25 08:27:42,,,1.2.3
135543db-98b0-478b-9a93-622cdbec4529,mohd anas ansari,https://play-lh.googleusercontent.com/a-/ALV-UjVjPY2-3A4fv3xpQh_KXuh5jQdz760vrnl8Xh3MF-Ap3ovNQmOw,I think makkah fainder is rong,5,0,1.2.3,2023-02-24 22:36:06,,,1.2.3
545a7029-511a-4116-8160-69119c995d97,Syed Ozair,https://play-lh.googleusercontent.com/a/ACg8ocJkebE5wINlG6n-fZVLaSanC-6tvyQQSaz0HE6fG96F6RmPSA=mo,It's very clear to understand and ea rn goods deeds with it ......,5,0,1.2.3,2023-02-24 22:12:25,,,1.2.3
a23970c8-3852-4918-b87b-2175df485bea,Marufa,https://play-lh.googleusercontent.com/a-/ALV-UjV3Nqr9OX8N7UMhKbpedAMQOATYm7ZyXY3AEXRXGYYWagmiwCc,"Why am I not getting surah in this app like for anger, sad, happy etc. Will I update it then I'll get ?? Answer me please",3,0,1.2.3,2023-02-24 19:50:11,,,1.2.3
effda9cb-e85e-436f-b9aa-80345a2f8156,saad ansari,https://play-lh.googleusercontent.com/a-/ALV-UjUpGZpVft21R2fvK6njwJJd5rdkNjc4IefOVxLYtlmDp5tR6_AK,Excellent,5,0,,2023-02-24 18:20:51,,,
3714e875-8afd-46ef-8832-c0e8a85738f8,Wroger Wroger,https://play-lh.googleusercontent.com/a-/ALV-UjVbbaBMBe4Zcox2LOs4C_JA8xGYBiE8Czf5JdE-2Pe50uPfDV1a,"One of the dumb things about the exporters of the Mohommodan cult propaganda, is that you export all your prayer writing in Arabic instead of the language that the people your exporting it too, actually use. Can you change the prayer times to all English.",3,0,1.2.3,2023-02-24 05:42:32,,,1.2.3
d781088c-d770-4b6e-b8e6-b009e494c03e,MR__SAHU__ SM___07,https://play-lh.googleusercontent.com/a-/ALV-UjVD6mNQJCGuc5S-nGxoPjPxhEQubYQvtPiClQcBuYiO29NrXuw,MASAALLAH ❤️,5,0,1.2.3,2023-02-23 15:06:40,,,1.2.3
43fe7fbb-1e0f-4c1a-a47a-8cc047d55998,Pakiza Qureshi,https://play-lh.googleusercontent.com/a-/ALV-UjXLFYdcIgAZycHtpsYoutLOuyG6iz5IZS_u2aFhXcaKJxt7Gunt,MashaAllah Guide app🤍,5,0,,2023-02-23 14:59:30,,,
eaccab89-bc0c-4a07-ac01-311c9cf6ae58,Sajidh Luqman,https://play-lh.googleusercontent.com/a/ACg8ocJ5Ope_roFyCJDtqPGyCPRHnBCIQkHMSUq0V9-1_vZheKypLw=mo,"I would really appreciate if you could add sunnah prayers too like witr, thahajjud etc.. Alhamdulillah am happy to have found this app the more marked the more eager to pray alhamdulillah May Allah bless you all",5,0,1.2.3,2023-02-23 04:05:33,,,1.2.3
c27c1bdf-e54f-4b6d-8772-cdfb2e18acfd,Faeem Sheikh,https://play-lh.googleusercontent.com/a-/ALV-UjWtqQ9HUIfX18YORNqnmUDdB4TNeY2_ixdEUK77XqpcaGfDbsMr,Mashallah,5,0,1.2.3,2023-02-22 22:16:44,,,1.2.3
1426658e-dac9-497d-b14a-7a9910b77db0,touxz zircks,https://play-lh.googleusercontent.com/a-/ALV-UjWzG9HczGuCbL_Xy23b3y5bQdK-zyNxJuXG9pD6DA0YTkU_vQA,Very functional app easy to use and overall alllahumabarik whoever made it it's very good,5,0,1.2.3,2023-02-22 21:34:08,,,1.2.3
d206bd6d-2cc7-4cc8-af0f-4004d88c4b64,Muhammed Faris,https://play-lh.googleusercontent.com/a-/ALV-UjWOYJIRkww3smnaCQJXiv4UwBegRjOJHNdTK_w4h6oM-5FVCZAI,Mashaallah great app to keep track of prayer times... Nice ui also,5,0,1.2.3,2023-02-22 20:01:23,,,1.2.3
972fa8a2-3c2b-446a-8067-e88e7745403b,Ahsan Riaz,https://play-lh.googleusercontent.com/a-/ALV-UjUkVIau4tsdCOQjgqQL8x3BENCcWa3opcl8aK6yf0e0SFYQNSPP,Exceptional App.... Helps me alot in prayer timing and reminds me to perform them. May Allah SWT Bless you guys for this greater cause.,5,0,,2023-02-22 16:55:35,,,
46ffc120-f8cb-45b3-a2c6-f24ea9df8cbb,Asad Khan,https://play-lh.googleusercontent.com/a-/ALV-UjVkZaeqyBDHjeGY00E1CZx6xECZnSpTtZqtisefciIwy9p1-1tm,Subhanallha,5,0,1.2.3,2023-02-22 16:20:57,,,1.2.3
eb8a1fd6-381e-40c4-b6d9-1a706fe294e6,Syeda Rabia Ali,https://play-lh.googleusercontent.com/a/ACg8ocLpZ0eAuwIwXjsEo0iRVA6TIqc_CNhMi95BPO-peWZJemfIJphg=mo,❤️,5,0,,2023-02-22 15:58:07,,,
fc601c1d-8465-4102-9152-a595bb3f9b64,Ayaz khan Taj,https://play-lh.googleusercontent.com/a/ACg8ocIwSX5rmb5Ao6B4m7TsEaYfwTBHzJYn-5E0hl-amodyT-chVQ=mo,MASHA ALLAH This app is good warking👍👍👍,5,0,1.2.3,2023-02-22 15:11:37,,,1.2.3
348d7d34-be0a-4015-9ea1-042f97f6e3fb,Fathimah Naseera,https://play-lh.googleusercontent.com/a-/ALV-UjUWR_kkmKT3KCm_7HkWAL1WpKwVnUT9ET_wFB7fO2OXWd5lAPiB,Ma Sha Allah very nice app,5,0,1.2.3,2023-02-22 11:37:04,,,1.2.3
642a44c1-f079-43d4-8f00-1ab3edeb5823,Ehsan ali shah,https://play-lh.googleusercontent.com/a-/ALV-UjWpeMfNfIxvwl5rMo3SdWvLR3VLBlwK6q2Bp8k-ohJqj0tA7TQGOw,Best app ever ♥️💖♥️💖💖,5,0,1.2.3,2023-02-22 05:48:20,,,1.2.3
d6d967b2-1cd2-4da4-9ce2-ca34fed7cf89,farhan styling,https://play-lh.googleusercontent.com/a-/ALV-UjWjFYHB4A1dLDMLb_r-L6khWoW6zGzB_Dx1dMlT4o0fwiKmUiGx,Mashallah bht Acha app h Alhamdulillah ❤️,5,0,1.2.3,2023-02-22 02:24:59,,,1.2.3
3534d31c-6b38-4f33-924a-974cd067b305,Alfiillu shah100,https://play-lh.googleusercontent.com/a/ACg8ocJu3fFlYW-YGpqE8Rwhgrc326NgDs_bWPdeUIQE27TVuXr6OQ=mo,Amazing...🖤🎀,5,0,,2023-02-22 00:05:26,,,
2f152e93-7769-486d-9336-147ba2cdf728,Ahmed Jacob,https://play-lh.googleusercontent.com/a-/ALV-UjX7x10ozxOu1Lo0xDpT_uNXSHHLCfcls9dtdeuzrm97hlmMlGEtyg,"Great app, but please add option to offset islamic date due to moon sightings in different countries",4,0,1.2.3,2023-02-21 17:45:57,,,1.2.3
41161ae9-ee0d-4d11-ab88-3255e8ad9d74,Montaz's vlogs,https://play-lh.googleusercontent.com/a-/ALV-UjWv6Rwa0569-nvBKB4odE-jvpINrrxDPZX3YEC5H3YT6cgiA1HI,Absolutely perfect app,5,0,1.2.3,2023-02-21 10:56:21,,,1.2.3
3cff05c6-4de1-411e-9b69-5b6c3cb6f0a6,UMMAHANI FAZLANI,https://play-lh.googleusercontent.com/a-/ALV-UjVoSYIod7Npq1yoeSAOU8kPx4YEOeI9XujuEh_JhsGFE1H7Om_G,I'm not widget option for this app,4,1,1.2.3,2023-02-21 03:16:40,,,1.2.3
e38044ef-faa3-44ec-9af4-3fe6c64c512a,Abuzar Shah,https://play-lh.googleusercontent.com/a/ACg8ocLFgNYXKzVOa9XItVHPaFhPxHa0cq58pwiMCipeocOsHyJehw=mo,May Allah(swt) make you successfull✨,5,0,1.2.3,2023-02-21 02:16:36,,,1.2.3
8c361a9b-aa09-499a-b7d2-ee5a03e1cbd1,Tabrez Ulla,https://play-lh.googleusercontent.com/a/ACg8ocJumA9W7eBXxjHKQSDR879xN1j_8TP9rA2kZr1pqUoz4XOi0A=mo,I think this aap is best for Muslim,5,0,1.2.3,2023-02-20 23:37:17,,,1.2.3
24e17251-268d-403d-b06d-913877d790bf,Tushar Abdullah,https://play-lh.googleusercontent.com/a/ACg8ocKfeju6IWhVZ_WjEjT3UiA0nTso-tj8Hr-chaYLwJRddgS0mQ=mo,"I usually don't provide reting in any app, but I need to appreciate about it. It's really a good app for the believers around the world. I would like to make a suggestion that the authority should include the ifter time so that anyone can get easily the ifter time as well as ramadan and other times according to different accent. It will help us more than now. Jazakallah.",5,1,1.2.3,2023-02-20 23:16:08,,,1.2.3
4dcef6d8-dddb-42a1-b9f1-8dd34c629670,Syed Faisal,https://play-lh.googleusercontent.com/a-/ALV-UjWVAF-uzm_0po1YIeHgMdoTyCyEAJ-H_IXbLXmyNSUGuqPZefAcPA,Excellent time tracker for Salah.,5,0,1.2.3,2023-02-20 21:04:52,,,1.2.3
150edcbb-5d6e-4f97-99aa-fb5212efd0d6,Muhammed Naseef Ashereph,https://play-lh.googleusercontent.com/a-/ALV-UjWUjwtXWkOK_z7RQmQdlx499MW7XC41Iy5LEOGze-FIsbt-gmsc,Masha Allah Loved it,5,0,1.2.3,2023-02-20 18:44:47,,,1.2.3
82d29a4f-e377-45ac-98bd-afe53961fa24,SZ Far,https://play-lh.googleusercontent.com/a/ACg8ocLsASYp3P40dMd4fngQpFmfHNg3IAUCQkMcclWNlIU5PS-BlA=mo,The qibla direction is not accurate.,3,1,,2023-02-20 18:41:58,,,
098a8398-d066-43ae-b59f-601a8bfaa12e,Muhammed Rishin Cholakkal,https://play-lh.googleusercontent.com/a-/ALV-UjVkdnT9YP4x-93i8qdmfruGioQccTJZgkGku4OtScLDMj0ie3GF,Useful,5,0,,2023-02-19 21:08:45,,,
9ad8c581-92d9-4efd-86eb-95e2b7f2c915,Haashir Banday,https://play-lh.googleusercontent.com/a-/ALV-UjXVziWtgBHJ-DH8tkUuBRog4hZxVHuIwhorD0syb1CTaL8_wOQD,"So accurate and so good. Mashaallah. You guys did a great job, may Allah bless you.",5,0,1.2.3,2023-02-19 19:31:14,,,1.2.3
957354fa-685e-418f-ad48-d5ad097a49f5,ISHU GAMING,https://play-lh.googleusercontent.com/a-/ALV-UjUSMwYBMEpDLMbT9U1ePYTFYpSuiWIo7OzG3yFJcJN78e69nwV-,💕🌍,5,0,,2023-02-19 14:46:56,,,
6a0437e7-9751-407f-aa92-d3855588d534,Indigo May,https://play-lh.googleusercontent.com/a-/ALV-UjXsfwgWC2tE6o97AsDrzF9r_XxeaEXz6Nx2zCKKIIlsoAHs1vI3,"Very beautiful app, a pleasure to use. Just a few things I find missing. The inability to see beyond the prayer trends timeline, I want to see my whole year and different months. Also when I pause for that time of the month, the colour is the same on the trends so it looks like I've prayed when I haven't. Its confusing and there needs to be a distinction. Maybe a colour change to a sunset pink colour would go well with the other colours. Also needs more widgets. Overall fantastic app 👏",4,73,1.2.3,2023-02-19 12:36:16,,,1.2.3
f46fc0d4-4a2b-45f1-92ac-69ff9bc167e2,Safa Abdilaahi,https://play-lh.googleusercontent.com/a-/ALV-UjWu44dbN4dow89RcWr2U9pT0LHtxKMsDRBpDE_qLR-e5Ma_q_s,Love it,5,0,,2023-02-18 18:39:04,,,
5384ffaf-6b3a-4b58-826c-f644d0cd2a12,Nafeesa Ariffin (Naleesya),https://play-lh.googleusercontent.com/a-/ALV-UjXCLwrNC--IykHw_bmeecbdChXV1PPQik2R57NY5MA4oeTQz-23,"The qibla is unaccurate, but overall I love it",4,0,1.2.3,2023-02-18 07:12:54,,,1.2.3
6d68f8f0-4154-45a1-b1ed-3e84e87be176,Anas Pathan,https://play-lh.googleusercontent.com/a/ACg8ocIZM5uPUQE72qVMiB-3cELbVbWaUkcYB9la3QNuyLUlXgjllQ=mo,Alhmdulillah mashallah 🥰 Allah,5,0,,2023-02-17 13:16:02,,,
2fc92c8a-1c52-47ac-8e49-5b44d2e7628f,Azahar Mans,https://play-lh.googleusercontent.com/a-/ALV-UjWmBwi5DjhQGnsKn0DdU36cCEcfR5-15YCr3lpwCmbcDRJWz5w4,Awesome and very very good apps. Thumbs up to apps developer.,5,0,1.2.3,2023-02-17 11:31:45,,,1.2.3
ddf07b09-d836-40e8-a3da-5ea9f5ce13be,Mohamed Elkadi,https://play-lh.googleusercontent.com/a-/ALV-UjUurJfjuYa4id8Jyr7bQtfqROMFgNNVnu69lQf0cSJOoRjDoFJI,This app is great for any one who does not know what time is to pray,5,0,1.2.3,2023-02-15 12:32:15,,,1.2.3
161e5e68-2e0e-4d03-af2c-c00af906819a,Mm Tv,https://play-lh.googleusercontent.com/a/ACg8ocItKkFri-bpBPQqgCGqffc7T9f8T4-HUQy6wOIjYc40i7sqBQ=mo,"I would love,you guys to add more stuff to the app",5,0,1.2.3,2023-02-15 04:39:13,,,1.2.3
6fbabf4a-b923-490c-a400-edb2425cbfe9,Sajid Hossam,https://play-lh.googleusercontent.com/a-/ALV-UjWslpkjciqAw0t89jSUhsSfZWfW1tlTH479KvuRNRUFLlV3kylW,جزاكم الله خير,5,0,1.2.3,2023-02-13 11:33:32,,,1.2.3
6b63b3e9-2787-4c3a-a711-567bdd005f40,Ouais Kiouane,https://play-lh.googleusercontent.com/a/ACg8ocJcudoW1Loe2yL4CfBEJqIjL1BtdIODjj0Lrch7AFxuBNS1RQ=mo,I'm in lovveee with this appp😩😩💗💗💗,5,0,,2023-02-11 22:00:01,,,
0ad7a27e-2bdd-4257-b7b5-d73dab1ef0c7,Zoya Ameen,https://play-lh.googleusercontent.com/a-/ALV-UjXMw64NDJXYym1iPmBhBpy_30qKMrUuAidrybpzLLIHikR4Fr4,Good alhamdulillah Allahuma barik it is good mad motivated to pray your regular prayers subhan Allah ❣️,5,0,1.2.3,2023-02-05 19:10:26,,,1.2.3
2745b2fa-fbee-4c35-baa6-54f5df1e4c37,Tou Hid,https://play-lh.googleusercontent.com/a-/ALV-UjXjinyim7ls6Hs_UJE9zFCbcBg3Oxl10k6qNp_K0WDH6QfaBeL-Qw,Wonderful initiative! Jazakallah Khairan!,5,0,1.2.3,2023-02-04 01:58:53,,,1.2.3
05d46ddb-2b99-4ae7-a8df-387e9aa9a04a,Talha Ayaz,https://play-lh.googleusercontent.com/a-/ALV-UjVeiPu9L9g5SpPfaSRXgpW4YNXhVBUnhBp8l00wlR2QPE4sTU_F,Amazing app. Beautiful and simple. Easy to navigate User Interface and accurate Salah timings. May Allah SWT reward the makers of this app,5,0,1.2.3,2023-01-31 12:40:53,,,1.2.3
6cea03ee-a511-45ab-8cb8-c26f24126ff5,Sayra s.,https://play-lh.googleusercontent.com/a-/ALV-UjXMLnIZDihOOMIjZo38LzaPLqV75n_j8NOsnEWBvgU7EE0ur_8s,"I really love these app, this is too perfect",5,0,1.2.3,2023-01-30 17:12:22,,,1.2.3
a007b110-7bf1-41cd-bfec-ed118e266b00,Gad,https://play-lh.googleusercontent.com/a-/ALV-UjUX5NO0kdMjoFhlrTCobrV2Vfmk1Gqwh0LD9N_lVEy1U0_ZIgfU,Jazakallah Khairan Katsiran devs,5,0,1.2.3,2023-01-30 05:52:08,,,1.2.3
0a81304b-ebf7-48d5-96c0-c0b9e23ef419,Egypt,https://play-lh.googleusercontent.com/a-/ALV-UjUZlz2rHwulqpUtOlDnM1fBz0jN82XiIYotsMgUIfPlybsThFVQ,🔴🔴PLEASE SHOW IN WIDGET THE REMAINING TIME FOR NEXT PRAYER ( hh:mm:ss ) if possible🔴🔴 🔴🔴 Please give us a persistent next prayer notification widget ( hh:mm:ss) so we can check the next prayer time on the lock screen,2,0,,2023-01-30 00:15:17,"Salaam! Thank you for this feedback. inshaAllah this will be coming in future updates of the app! Abdul-Rahman (Co-Founder, Pillars)",2022-02-19 06:08:12,
779c1cb0-5afd-4f57-aa14-383bcf029759,Nahed Seif,https://play-lh.googleusercontent.com/a/ACg8ocKIyjIuLlCfRBODAZMd_4oS-Gw6OIXZhhZAdUVnc2LkkVa0=mo,Athan stops many times need to fix and improve application,3,0,1.2.3,2023-01-28 09:32:31,,,1.2.3
67f2086d-6767-4729-b986-a66824407c47,Al Mushaf,https://play-lh.googleusercontent.com/a-/ALV-UjWcTjXVdQ_NgXKO-mkj0xY7lnRHIbsLNLppO-UEHBG6xLiX9M0,Amazing app loved its new features,5,0,1.2.3,2023-01-27 15:46:38,,,1.2.3
f6454c18-1550-49a2-ab3b-8ad710ac76b0,Syed Ammar Ali,https://play-lh.googleusercontent.com/a-/ALV-UjUPX4vi9nHVMBIg1G-ZC0JRw0WDwLkN20rODktJxb9KbUL03y8IAA,The best most minimal prayer times app by far.,5,0,1.2.3,2023-01-27 09:18:49,,,1.2.3
7877a41a-db53-453f-9665-0678e3ae5faa,Muhammad Anas Khan,https://play-lh.googleusercontent.com/a-/ALV-UjUn-sfOy_3Eq0hw7Vb4-Sn9SFlR7q05gxyqAWoAI5j2IHXhq03t,Best Application,5,0,1.2.3,2023-01-26 13:58:46,,,1.2.3
c3094d0d-e0ca-4e67-8ca5-25424a3a98a0,H A Aslan,https://play-lh.googleusercontent.com/a-/ALV-UjW2U86PhQ0GW0erJc4KAVbC6vNvkrMWveg7s3UM2X7pIh4nM40V,"i love this app. here's a few suggestions: 1. use other colour as the colour of dots for missed prayer because of menstruation, that way it'll be easier for us sisters to track and maybe qada' the necessary ones. 2. provide other ways for us to manually choose our location because swiping down on qiblah page didn't work most of the times, well at least for me. thank you, may Allah reward you for your efforts.",5,0,1.2.3,2023-01-25 04:50:14,,,1.2.3
54a86b46-2681-4c73-921f-7ee867a3ed55,Ahmed khogali,https://play-lh.googleusercontent.com/a-/ALV-UjXBq9GpWM8F_ahCRRVeiP2Zbs5CuCXciUkbmvrUHD-VVtmO9LoD8Q,"Mashallah, I never review apps but this one is,phenomenal. No ads, no in-app purchase required and no data collection.",5,1,1.2.3,2023-01-25 01:35:27,,,1.2.3
eb652083-6fe2-412f-8a45-a82d84600f3e,Sabrina Mukhlisah,https://play-lh.googleusercontent.com/a-/ALV-UjW_qZA2SfBpYDUAuapBe58ONG8yuyIW7lX9qf4prVHrVe7BiAIsiw,"really cool aps, have a simple design, and convince experience. I hope it's can add a Quran and hadst as well. MasyaAllah Tabarakallah",5,0,1.2.3,2023-01-23 04:20:05,,,1.2.3
d6a7d129-a524-4988-b886-60896410fd61,Fari Raaz,https://play-lh.googleusercontent.com/a-/ALV-UjWGnyk1focuJv6ChijYjHYFn0LrcEdDfzn_Morfpyo6936XsJU,Wow this is soo beautifully layed out. Alhamdulillah easy and ad free,5,0,1.2.3,2023-01-20 18:32:18,,,1.2.3
f36a3b62-b376-45c8-b9e1-4a8773c2d653,Ahmed Lehireche,https://play-lh.googleusercontent.com/a-/ALV-UjWbLDWpQB0zYCa1znVY0PUuk6Gm1qv8_OH9VlG0ed_FSxfcSmle,This app doesn't work as you claim? I activated the adhan and nothing during about two days. الله يحفظ الجميع,1,0,,2023-01-15 18:39:27,,,
bb9ab255-aafc-4395-8b6e-49e16625280c,Kim St.Claire,https://play-lh.googleusercontent.com/a/ACg8ocL2k7_-kz_RFJy4vOUociEYjGWfKe94rgoEJQsmI6IskPAwYA=mo,"Ive been following on tiktok for ages and for som reason I haven't had the app! Finally Dowlanded! beautiful design, simple, easy to navigate, accessible for someone like myself who has dyslexia, I'm absolutely blown away by how easy and simple and uncomplicated this is. I love that it is ad free, I love that you can choose the Azan as a notification sound and what I love most is the option to pause prayer for when us sisters are on our menstrual cycle. 5* isn't enough",5,30,1.2.3,2023-01-14 03:15:03,,,1.2.3
1f6c3421-cbef-4a2e-959c-131c72309790,Ahmed Khan,https://play-lh.googleusercontent.com/a-/ALV-UjV-KErkuUTud7ua-GOQYGsTrfmfR6M550O3TJoK8_QyQe0HiiQO,"One of the best app for azaan, on mobile, it's excellent, superb and marvelous sounds azaan on time, only one issue which I am facing and that is, if any notification received on my mobile during azaan, the azaan stops completely, is it only on my mobile phone or for everyone I don't know, if developer finds out some solution then this aap will be a gem.",5,0,1.2.3,2023-01-13 15:06:11,,,1.2.3
b9a771f0-7a82-4985-bb2d-050f910d1a2e,MUNEES,https://play-lh.googleusercontent.com/a-/ALV-UjXzEFN9e3IvsJOURwkxIYNviJHUc0dPctLqcCsJm6Q3vQhmu6w_,"I have tried many prayer apps, but this one is the Best Muslim prayer app I have ever tried. It will be very useful if you were to add Quran in this app. May Allah rewards you both in this Duniya and in the Akhirah, ameen",5,0,1.2.3,2023-01-12 19:12:29,,,1.2.3
92d0c524-41ab-4842-affe-8c3844a5b19c,Mohammad Muzaffar Hyder,https://play-lh.googleusercontent.com/a/ACg8ocJT8MPY57IgPMr7jjwO1nEsYuyXBjs1tHAbcLLPkWTezlq3nw=mo,"This is one of the best apps ,thanks for taking care about data safety and not keeping adds .",5,0,1.2.3,2023-01-09 00:01:58,,,1.2.3
29464c07-6d4a-45a3-95b1-e7295454eec9,RTSA,https://play-lh.googleusercontent.com/a-/ALV-UjX-Tc_Xk5Q5kmkLvC_FjABE37darYs1oPkSU7NtpLgu3ZqfMBeJ,"Usually, I do not rate apps, but this time, I felt obligated. The app is functional, customisable, beautiful, and privacy respecting. No in-app purchases or advertisements either. It is pretty much all you will ever need from a salah app. I'm not sure if it's open source, but if not, then I think it would be great if it was. If there was more languages too, currently it says device language, English or Turkish.",5,121,1.2.3,2023-01-03 22:33:59,,,1.2.3
863ac94f-b283-4f37-ac1a-2935e1604b99,Nasima Khatun,https://play-lh.googleusercontent.com/a-/ALV-UjVbZ_IXeNj4PMYqad_Z1Wuk0iP51uqMqMdsCHIwUfLY2Ddrxc_6iA,"Love this app, especially the prayer tracker and period feature, this is the first app that I have found has this. I have recommended to others.",5,0,1.2.3,2023-01-03 18:31:02,,,1.2.3
2387b5c4-ad8b-4987-82e6-32434289f674,TYC,https://play-lh.googleusercontent.com/a-/ALV-UjU1DqAzglquNrb6wpB8LB1utC4WhwqgjJiXjPdOVhYMHw_cdKQ,Nice app..very usefull..😍😍,5,0,1.2.3,2023-01-01 18:38:59,,,1.2.3
f03cad5f-9ce6-41cb-a88d-b9ba3daf3fdd,Mike Fost,https://play-lh.googleusercontent.com/a/ACg8ocLyzUihDTKzcj7Z_4Vi_vzXhfM-oedv3RwiTLm9cHlipGmnuA=mo,Well designed app excellent just what I needed really love it loads big thankyou to the device team for an outstanding app 👍🏾,5,0,1.2.3,2023-01-01 06:58:59,,,1.2.3
88dd1786-2978-4df8-af45-252641ad4df9,Shamim shaikh,https://play-lh.googleusercontent.com/a/ACg8ocJMjTxjOBDxQ9GgvNcFz8lio_R17-cHtvOsB5LvoiQtL2c7Lg=mo,Alhamdulillah it is a beautiful app. It would be even better if there was an option for selecting different athaans such as the Madani and Makkan adhaan.,5,0,1.2.3,2022-12-26 20:25:55,,,1.2.3
f000c98b-2d0b-4a0d-9b02-90ceab0fc3f6,Osama Saeed,https://play-lh.googleusercontent.com/a-/ALV-UjWEbU_7oBzfk7y5msNwOcUNESYxmxYkoxWY48wzYbpzbSWRy7gC,Beautifully designed and very useful,5,0,1.2.3,2022-12-23 19:33:32,,,1.2.3
645cd885-f6c2-434e-8bfe-72a0210719ac,I Khan,https://play-lh.googleusercontent.com/a-/ALV-UjW72k4WChycmnSNgj4UBIU1w3lUekHQqckvpV3YpPK3TLkeXKey,"This is a fantastic app. Very clear, small and very clean. However, the widget needs to be smaller as there is too much white space around the edges. The widget for 1x5 is like 2x5 and some useless space around it, please fix this in the next update. Also there is no need to have the name of the next Salah above the already stated 5 salahs under.",2,5,1.0.1,2022-12-23 14:05:02,,,1.0.1
585e5203-bc3d-4f33-a2ec-a88dbe422899,Fatima Ilahi,https://play-lh.googleusercontent.com/a-/ALV-UjV2PBD8kkm1TrbsnKKrNDjKQf9hQkLBy9UEU9c15DhfuYnrKY8,"I had this on my previous phone, downloading it as soon as I changed my phone. Really like the clear display and simple navigation options, may Allah bless the pillars team!",5,0,1.2.3,2022-12-22 18:52:01,,,1.2.3
52d47b36-3900-4d2d-9005-cef15b15d5f4,Wanzo 2 Elshimy,https://play-lh.googleusercontent.com/a-/ALV-UjXjEy5kAdoiXmTLS6HSDR94hL8c1JORA_EimO2BnAsJaUumRw8C,"The app is mashaallah extremely well designed and easy to use, also the prayer tracker is extremely useful for people who forget which prayers they did. May Allah bless you",5,0,1.2.3,2022-12-20 22:22:43,,,1.2.3
9314c5bc-bb9c-468a-b523-caa6631a9738,Jamil Habib,https://play-lh.googleusercontent.com/a-/ALV-UjUkV0WQQY6Udeo9HuRahCPufpb1g7E2nSax6Q1SZ1t6PfKTcHLn,Jazakallah Thank you so much V nice app,5,0,1.2.3,2022-12-20 17:46:12,,,1.2.3
fe6ee21f-1f50-4611-b053-6a4bf258f94b,Rusab Abrez,https://play-lh.googleusercontent.com/a/ACg8ocJh0NH8--nyVDQ3eUEqCgIlPhaJ9cpAvtgaY_VV75OG8JusZohx=mo,"Great app, simple to use and fantastic",5,0,1.2.3,2022-12-15 18:36:05,,,1.2.3
a318531c-bd44-4cb6-9a84-e39c37b12e17,Hirra Abbas,https://play-lh.googleusercontent.com/a/ACg8ocJj9-SZwkZWteC7kRoxvkc1BwL5JQDZQ5pKXg00CKp-SVhiEQ=mo,"Easy to use, ad-free, looks good and a menstruation pause button - one of the best salah apps I've used and you can tell the app developers have really thought about everything while creating this app! :)",5,0,1.2.3,2022-12-13 16:03:51,,,1.2.3
0540b5b1-83eb-4624-8c01-f749214c6fb0,Asma Nazia Khawaja,https://play-lh.googleusercontent.com/a/ACg8ocLStmhYUey9xuacdIQIQ33bbt1xhPQt5zsUx2uJfVV0XNQxhg=mo,Amazing,5,0,1.2.3,2022-12-11 19:21:52,,,1.2.3
b30241b0-b8e2-46be-b983-d44c09c4ddbd,Bassam Itani,https://play-lh.googleusercontent.com/a-/ALV-UjUUHXjLpohV7AN2O8kUCspSh9Oqzf31aMAJV_StFfVZJ5eOCS9r4A,BEST APP ON MY PHONE. CLEAN SIMPLE STRAIGHT TO THE POINT NO BLOAT NO ADS JUST PRAYERS ATHAN. I HOPE DEVS KEEP IT SIMPLE AND SMOOTH! THEY ARE DOING A FANTASTIC JOB. MAY ALLAH REWARD THEM.,5,0,1.2.3,2022-12-09 10:15:46,,,1.2.3
225cb355-dd19-4c94-abb4-b5b0ddc6e31d,Roy Hendra,https://play-lh.googleusercontent.com/a-/ALV-UjW_VrF9mJnzIKrWd2V8xRPzf-j_VR9oumv-L3oqy5MuB9imCAExLw,"Very very very good apps,. No ads so far. Really easy to use.",5,0,1.2.3,2022-12-06 11:41:23,,,1.2.3
cf69fb3a-bb00-49bf-b4a1-1f4cce39ae10,Zay M.,https://play-lh.googleusercontent.com/a/ACg8ocI1ks48asiiL62xzmLB2YMEAh9LatZ99pEN-oVxsx-HvsDhOw=mo,Excellent,5,0,1.2.3,2022-12-06 04:47:30,,,1.2.3
7d1af347-8f5d-4ae4-af48-608cffe46464,ikrame zouaoui,https://play-lh.googleusercontent.com/a-/ALV-UjUPtLQVYX2GHCVQ6X4Nhuu-K31R0PYkFHmVoqLYezx8FQvFqu3B,The most amazing app Adhan so useful. I like it so much ♥ ✌🏻,5,0,1.2.3,2022-12-05 18:14:05,,,1.2.3
e54aa360-55e9-4d52-a41e-7e72f7cd53d5,Faizan Nasruzzaman,https://play-lh.googleusercontent.com/a/ACg8ocJJ-xTTwd4jSNbD5Ymu9uW9e8t_a3BTFD1XbloyjWlFyjArQQ=mo,Simple yet elegant and trustworthy...,5,0,1.2.3,2022-12-02 22:41:07,,,1.2.3
2aa5fa89-7901-433e-88fb-24aa95b68c13,Awais Baig,https://play-lh.googleusercontent.com/a-/ALV-UjWQlB6xezF106hjdc7CaqqJKxTUo-rTEIyFWbzlGdkTC67iMWJn,JazakAllah to Person/Team who developed this beautiful App Mash'Allah,5,0,1.2.3,2022-12-02 00:41:47,,,1.2.3
03f62a18-bcc3-4d0b-b7b5-63f59eaa1081,Mohammad Siddiqui,https://play-lh.googleusercontent.com/a/ACg8ocJ2asnK9lZgLhqeAi47oVtKcxs9uOrFQ_BzG9J__avU5-jz5Q=mo,Very helpful,5,0,1.2.3,2022-12-01 20:21:56,,,1.2.3
9b06ea94-cb63-4b2f-a235-3ceb4895365a,ツ Aʀᴍᴀᴀɴ Mᴀʟɪᴋ,https://play-lh.googleusercontent.com/a-/ALV-UjVt6I-R2JqFnoI120dKHtcbZ3b1Cjj1a8s1P2Z9CCG5ovi7J8GA,Masha Allah 🌴 Good App. Jazakallah khair 😊🌾,5,0,1.2.3,2022-11-29 17:21:03,,,1.2.3
62defce0-6390-45a8-9a0e-2ff9bfeb4ca7,Aimen Naval,https://play-lh.googleusercontent.com/a/ACg8ocKmYIwEUl67C2CSB4PuDcLPhCZD4Mp133NBrd_wovtAKitHGQ=mo,Amazing,5,0,,2022-11-28 19:35:51,,,
ee466da9-01ff-45f2-9844-d69caad5aef7,Basil Jabir,https://play-lh.googleusercontent.com/a-/ALV-UjXpT_iD8Mebtw3BXDCgbYciaLxxwlTZOJMDnrwwmGL0q0Q8e_NK,"Great app! Just waiting for the widgets it's a deal breaker for me. Suggestion: 1 widget that says 1. The name of the prayer: eg. Dhuhr 2. Time of the prayer 3. Time remaining: eg. 3hr & 20 mins remaining 3.1 (default) Iqamah time 15 mins (adjustable in settings) 3.2 resumes showing the next prayer name after the 15 mins I use ""My prayer app"" yellow+white icon. The only reason is the fairly clean design & widget that shows the info as described above. The widget is bigger than it needs to be.",3,0,1.2.3,2022-11-27 11:30:25,,,1.2.3
544b4bd0-7461-4904-98f7-9498fe421c71,Youssef Rguie,https://play-lh.googleusercontent.com/a-/ALV-UjX97SPgizk-0UlxBM6lhSWzzyE_JE4x10ng9a-SBUcqyHfTgtCeQA,"Thank you brothers for the great efforts, great app may Allah SWT accept from you and grant you the reward of this work",5,0,1.2.3,2022-11-27 03:37:04,,,1.2.3
b007cb57-1db6-4eef-aec8-302eba5584d1,Aminah Nekiwala,https://play-lh.googleusercontent.com/a-/ALV-UjU67VIr_FpsCoJtCxwxssiBEEiMFrgnQSEDneRbk7p0hjjBFXs,Uses way too much battery and my device care app always alerting me that the app frequently crashes. Love the app itself but can't use it to it's full advantage because of this,3,0,1.2.3,2022-11-26 23:53:20,,,1.2.3
d8324841-1727-42f1-8769-3ffc6217f40e,Kehkashan Naz,https://play-lh.googleusercontent.com/a/ACg8ocKvEtjx-dsy3TTniqxLUeLElAzytUQOFOVN6W4jedRfs3IRsfuk=mo,Love this app super helpful!!,5,0,1.2.3,2022-11-21 11:33:29,,,1.2.3
b775c2a8-88df-41fc-a3e6-a3c6fc631e20,Sar,https://play-lh.googleusercontent.com/a-/ALV-UjWjkcNnBiz0_TWd2APMn2T-cMnOJdK85S1qVenFtWMMID-aVEyx,"Just got this app, one of the best UIs I've seen. So simple to navigate and use, a must have!",5,3,1.2.3,2022-11-21 07:07:39,,,1.2.3
ecba369f-eddb-423c-94a7-78471af89107,Hamaad,https://play-lh.googleusercontent.com/a-/ALV-UjUijLHomasADswiXQ050nUS6CVqS-_kCzz-on3_s3iqigj3Qpra6g,"Beautiful App, really helps keep track of my prayers",5,0,1.2.3,2022-11-17 21:08:31,,,1.2.3
be308057-87f8-4d18-8ff8-33c55a7124fc,hashmenow,https://play-lh.googleusercontent.com/a/ACg8ocI5iv40E32nmbSx4BlCDtuIBGXVm7Cuqf3Wlz5aoAg2bEO_-Q=mo,"I'd give 5 because this app used to work perfectly, but for some reason the prayer timings area on the app won't load it's just a grey screen. Please help me fix it",4,0,1.2.3,2022-11-17 16:05:04,,,1.2.3
bc20efec-d202-45d9-94bc-a4b9855de1e9,Noumaan Shah,https://play-lh.googleusercontent.com/a/ACg8ocJoVMx0aeeLa72Bmmka1WEgutBhJOHBFb1HQRuKaxjx4RbQ5w=mo,Masha Allah it's a really good app!!,5,0,1.2.3,2022-11-17 14:44:11,,,1.2.3
6395949b-8b1b-4de0-b25d-21e8a99333e7,Imran Ahmed,https://play-lh.googleusercontent.com/a/ACg8ocKiDUnp9mQ0PqBAbL312n_LGCUiH1kcvw6QvKk9YZRWf0WCDdTD=mo,"Excellent, simple, efficient",5,0,1.2.3,2022-11-17 10:31:11,,,1.2.3
1044277b-e19a-44ed-87e5-1209bf979b10,Zainab H,https://play-lh.googleusercontent.com/a-/ALV-UjUOKD_xW9BlYydktDsXU2uiyX5xvhxAhYIxlSWWkhhYCHnSdt2N,"Wanted to love it, beautiful interface. But I don't get notifications for prayer most of the time so I'm going back to iPray. 😕",2,1,,2022-11-16 02:41:59,,,
8d12e091-8c56-4a76-a1b4-18186d73f050,Musa,https://play-lh.googleusercontent.com/a-/ALV-UjXcGNSHLwDk2dPJVb9HWR-JqlBSdLaIX7HQIA0dcGoxcvfhJSCTXA,"This is a really awesome app! 2 things tho: please add at least two more athans, and please add the ability for the athan to go off even if the phone is in vibration or silent mode. May Allah bless and increase you all in everything good, Aameen!",4,0,1.2.3,2022-11-14 08:06:02,,,1.2.3
2649355b-fbb7-4373-9aad-a511b2c74286,Izzati Rahimi,https://play-lh.googleusercontent.com/a-/ALV-UjX6ee0P-AZPDrJoTtynerth81FJ3GW2FA7D-_dST97WcH0LO16q,Amazing apps! It's very easy to use! Thanks developers for making this apps 😊,5,0,1.2.3,2022-11-13 12:24:59,,,1.2.3
2d52cb80-1e30-453b-93c4-2188a56001f6,Hafsa Ahmed,https://play-lh.googleusercontent.com/a/ACg8ocLCElXtDyplIwzaW87U6utFq3vdymbTMG-6W87Ba-fkevLZUw=mo,Love this app specially Salah tracker is so good,5,0,1.2.3,2022-11-11 22:48:50,,,1.2.3
2727b436-5333-469a-a218-35d0e9df80bf,Riadul Islam,https://play-lh.googleusercontent.com/a-/ALV-UjWU_TsSdO6ONetALzzU1uhZG6Jt1iuW-G4aBusmn__Qt2zoysOF,"Alhamdulillah, pretty good. May Allah grant your work and help the Muslim Ummah.",5,0,1.2.3,2022-11-11 13:50:20,,,1.2.3
16f500e1-6644-44ad-a4e4-706304ac3f96,Helal Uddin,https://play-lh.googleusercontent.com/a-/ALV-UjUONBe_UwxtrngJRGyy3IPSVmZ0lOrgHbyFQaF279aCOl5MrDHpVQ,Beautiful and simple app.,5,0,,2022-11-10 22:52:11,,,
1d3ad89b-51bb-4f0c-9280-111ccc4bf48d,Shafiq Daniel,https://play-lh.googleusercontent.com/a-/ALV-UjUOD-tKOmtamEAPodmpthwg_-HrUqwwnmkqwcqr5Oq0T1rsfqc,The salat tracker is very useful! 👌🏻,5,0,1.2.3,2022-11-10 16:20:21,,,1.2.3
361790f6-bddf-45f6-ae22-9859ada9d49e,MJ,https://play-lh.googleusercontent.com/a-/ALV-UjX7A46wD-4eoz0rgSVc5AmObjVofuAvkempnFHQp1RbFbStV7g37Q,Amazing app. Highly recommend,5,0,1.2.3,2022-11-09 07:16:45,,,1.2.3
fa3685ae-0140-44c7-8415-711aea7f8288,Hammad Ur Rahman,https://play-lh.googleusercontent.com/a-/ALV-UjUMOllz3a_DrDH5w3QyKAAPlV-NplKQHQ_KVPf_6fm-TZkbnGY,Best App,5,0,,2022-11-08 10:14:48,,,
965ddfb1-efe1-4148-859c-86334073f316,Shafiq Daniel,https://play-lh.googleusercontent.com/a/ACg8ocLkcVZejCif7hdCL9rAGKjP2w-0KIXVDrwslQ3LFcVZhQ9s=mo,The design and UI are so simple and stunning.,5,0,1.2.3,2022-11-07 17:00:53,,,1.2.3
f4aafb87-8836-4133-825a-54fa2ca69f40,Alya Aleeyza,https://play-lh.googleusercontent.com/a-/ALV-UjXJL8TKGv3V61oIXI90KTFtxhpEjlpWRRI10fcyA23AXPz05KQ,Great,5,0,1.2.3,2022-11-07 15:12:36,,,1.2.3
8eba6fab-29e4-4a7a-b0f8-8c686ffe8351,Syeda Nabeela,https://play-lh.googleusercontent.com/a/ACg8ocI2QkAoZ04cHdQsJLzJuR-Qbq5uVA4Iva1xdrzSSDOstFUr38Gr=mo,"May allah grant you jannatul firdous ameen . This app has menstruation pause button for salah tracking , plus if i am relieved in the midst of prayers times , i can pause some and tick some prayers acc. To my cycle . Wowwww . Greeeaaaattt app..*cries in happy* ♡♡♡◇♡",5,0,1.2.3,2022-11-06 22:16:23,,,1.2.3
a2114ce9-9ed6-4657-851e-0ff7a35994c4,Zak Askif,https://play-lh.googleusercontent.com/a/ACg8ocI5slJZPJHSa-9POIrkNw8_5OqY2gf9eTu45C5KTfTl29yQwdk=mo,Best app ever for UK Muslims. Accurate prayer times.,5,0,1.2.3,2022-11-06 00:53:42,,,1.2.3
94614fea-2d64-4196-aba8-34203dafcacd,Yozmane Mohamed Amir,https://play-lh.googleusercontent.com/a-/ALV-UjWjWiDs4nP9KoHN8tSpVlVDnmEV_lDzfJH3vYfvr6ulJE3bzmqM,Made by muslims ...for muslims .. but no arabic !! So sad,1,0,1.2.3,2022-11-05 18:36:02,,,1.2.3
ce654248-2ccf-4275-93c8-dadfe2fb2ca5,Naveed,https://play-lh.googleusercontent.com/a-/ALV-UjVQwGvBcfrEQmwZVF2oWmFr5qirHYJC-wQA8XmcgIMbQ09CEI-b,"Widget doesn't work on Android. Doesn't update anymore. I've logged an issue but never got a response. Tried this again , issue still not resolved.",1,5,1.2.3,2022-11-05 13:06:46,,,1.2.3
001e9d15-b8a0-4bfe-a1c6-bff0bcafcc94,Awimbawep The Second,https://play-lh.googleusercontent.com/a/ACg8ocILIo88ySGA-a_uuGHfljEZ7DpQIdjUiYg7AbhwJ-vD3XrkyZ0=mo,"Simple, straight to the point app. Please don't change. Can we have more designs for widgets please?",4,1,1.2.3,2022-11-05 05:33:11,,,1.2.3
70bd6dd1-069b-4ed3-ba13-12a0cf5790f5,Sahla Yoosuf,https://play-lh.googleusercontent.com/a-/ALV-UjVqPse0ybS_V32NsyYSkfE14O-P5xt_sGagyte5huzU9QDX3nw6,Awesome app.,5,0,1.2.3,2022-11-04 17:47:05,,,1.2.3
a7232e1a-486b-4a3b-967d-53406837d2b9,Sadaf WasiM,https://play-lh.googleusercontent.com/a-/ALV-UjVliWtKMgHQsBd1xQN44Hif0DNNlCeR5e8EyGkjjtwUo6Jf20E,Awesome app,4,0,1.2.3,2022-11-04 00:02:55,,,1.2.3
05e3bdc0-7131-4560-8b8d-a54055a90397,Farman Qureshi,https://play-lh.googleusercontent.com/a/ACg8ocLFEKFnTRLteQeDvcwK_FcNat8ji1zXj_MPwyAqkGP9bEBIoA=mo,Amazing app👍🏻,5,0,1.2.3,2022-11-02 01:56:07,,,1.2.3
ab63929c-7269-4b34-95f7-b082aff59b50,Zafar Qamar,https://play-lh.googleusercontent.com/a/ACg8ocID9FIPUaNhTguskb9E9OhYSiiRX6n30Q3Y8hPggdtIhWOcIQ=mo,"Works great, no intrusive ads. Alhamdulillah",5,0,1.2.3,2022-11-01 17:46:18,,,1.2.3
278c7875-0dfa-4b6c-836f-06be50a98b22,Ferhat,https://play-lh.googleusercontent.com/a-/ALV-UjVO3WbH8nXLLuLTn1_y382hlZIxzUmwZDNnZ8kvgvqQrovckkPM,smooth simple accurate. many thanks,5,0,1.2.3,2022-10-30 21:00:40,,,1.2.3
29630b35-6e86-4f16-b8f9-137b958c596a,Mustafa Emara,https://play-lh.googleusercontent.com/a/ACg8ocITUOhP0HB9YtIH0T3brrLPVQZ2kJkqo3ktMpg_ysLrM8sJ1NWr=mo,"Perfect app - no ads - provides you with prayer times with notifications - accurate Qibla direction wherever you go, totally recommended !",5,0,1.2.3,2022-10-26 16:45:03,,,1.2.3
b01e9bce-a88f-4b52-bf27-d394eefba604,Karim Ghezali,https://play-lh.googleusercontent.com/a/ACg8ocLXiaYBZmQVTNEhnQEwXgMgzGWQiSlLsUkA7NtRvD9fnPq66A=mo,"its been a month that I'm using the app, and it did really help me i wish we could have a widget for the tracker, and also if we could add the records of the tracker directly from the notification bar, over all, the experience is so smooth, thank you so much جزاكم الله خيرا",5,0,1.2.3,2022-10-24 11:21:47,,,1.2.3
11baaa07-9f99-4867-914b-a16a407f80cf,Toshi,https://play-lh.googleusercontent.com/a-/ALV-UjULUxmY9UZ5eXmyjnVfcVOGnea9faqBptgGg9sbIupPs3ZoTIadPw,"Beautiful, simple, ad free, great to track your salat and catch up if required.",5,0,,2022-10-22 09:26:14,,,
0a23c8f2-ec49-4623-8f0c-f52371cbe2d6,CrystalsFlamez,https://play-lh.googleusercontent.com/a-/ALV-UjVs5BPjICQL7YqaZsIo_y34zjqvAAW02MQNMTU6syEHyMEKAIMr,I love the look and feel of this app. The UI is clean and is more lightweight compared to other prayer time apps. My only qualm is that the adhan notification is too long. Perhaps a setting could be added where users could choose between a short or a long adhan.,5,4,1.2.3,2022-10-20 16:46:48,,,1.2.3
ed2c8ded-969c-4a8d-9884-8134dab12d88,al-Amin,https://play-lh.googleusercontent.com/a-/ALV-UjXp81XTel7eXVL9JDM-zZ_CX01n4MQJLVuObrfl3VSPd9W0u6Z7aQ,"Used to really like this app, but recently it's been killing my phone battery life. The Android optimisation is not great",3,0,1.2.3,2022-10-19 19:54:42,,,1.2.3
4d149713-2cec-481c-ae43-494450f0f758,Naeem Dxb,https://play-lh.googleusercontent.com/a-/ALV-UjWImlX2B3fBiKIs_7YiNb8ONjXgdvSREnBJM--VoojERuldynyaKQ,Excellent app. Needs more widgets for android. But otherwise great.,5,0,1.2.3,2022-10-19 18:32:40,,,1.2.3
8d1675a9-fcd4-4b64-880d-c3f58ac9a046,Samir Beharic,https://play-lh.googleusercontent.com/a-/ALV-UjVT1rr3DFvOng_XmWfCZgOqm1i5335dgYG3RNTgk1KSCPoGeUTR9w,"The app is simple and user friendl, but what I would like to see is a prayer reminder that goes off 15 minutes before the next prayer. This would be highly useful as sometimes I lose track of time and miss a prayer. Having a push notification reminding me that the next prayer is in 15 minutes would give me time to pray before the next prayer sets on. Therefore, I can only give 4 stars. Edit: Since this hasn't been addressed, I've decided to uninstall this app.",4,9,1.2.3,2022-10-15 20:12:12,,,1.2.3
4a9f0d95-6212-4e28-a58e-579f8e915610,Nadia Mahmood,https://play-lh.googleusercontent.com/a/ACg8ocLbp3kEZ81MU7XrG3uqV1CbSqGw-NZv49cqUxLP5wtaMr6Xhw=mo,Very good and reliable app. And ALHAMDULILLAH NO ADS.,5,0,1.2.3,2022-10-13 12:13:17,,,1.2.3
85bdc820-6788-4cde-8acb-f71a76608a4d,Mohaimin Islam,https://play-lh.googleusercontent.com/a/ACg8ocJHW1xjGf6P4iY5VosBCOdFZJQGmAT84e_GiQEQdeC88ZMpLiUW=mo,"Like it because no app at all, may Allah rewards the brothers who made it, Ameen",5,0,1.2.3,2022-10-12 03:56:20,,,1.2.3
a5f8d3e3-5590-4cfa-92c8-49e8edcd1e78,Lexie Wahyuni,https://play-lh.googleusercontent.com/a-/ALV-UjVlyuV8ffLeGuHATduRLTcTWOTqjIPc8shb7F4b1nOv3I-q71rUpw,Alhamdulillah it's simply helpful. Jazakumullahu Khoir,5,0,1.2.3,2022-10-11 15:53:47,,,1.2.3
a4a6af55-8346-48be-ae57-a7b4afcb9e61,Saoud A,https://play-lh.googleusercontent.com/a/ACg8ocJlyVueEVk7mdv-yFRkPk3hwga_lQOiQKimkNIYdAK-1rvkdQ=mo,Its helpful.Everyday I use PILLARS to know the direction of kaba especially when i'm not at home or in the masjid.Its also beneficial to know the exact time of SUNRISE and SUNSET and the prayers time.,5,0,1.2.3,2022-10-06 23:37:40,,,1.2.3
6ff3eff6-327c-447f-98d3-3a19a9ae8ecb,A,https://play-lh.googleusercontent.com/a-/ALV-UjVrtHyvMnnRKKp3YMvf9DnzLnP94gLoYeZ2qT005dvB_nufT6XwLQ,Very good and easy to use app. Doesn't store your data and no ads.,5,0,1.2.3,2022-10-05 16:58:46,,,1.2.3
f02d8285-f6f0-4d2e-ba2d-85a16f7568e4,Zarrin Rahman,https://play-lh.googleusercontent.com/a-/ALV-UjX8Uz8a0mlgdSCbA8yKZdfIi_e1E1NJoQf-ca16RZRHMO9bG10wvw,"Beautifully designed app. I can set notification and adhan player times, see the qibla direction, and keep track of my prayers.",5,0,1.2.3,2022-09-30 13:46:26,,,1.2.3
0a4cdd4d-47c1-4abf-8877-6d1e60b45107,Ayah Nabaheen,https://play-lh.googleusercontent.com/a-/ALV-UjVU35pzvULsmBsMKF-gSdwBCdAncmjcEg0CgsQJfy40tT4i_y98AA,🤍🤍,5,0,1.2.3,2022-09-27 23:47:17,,,1.2.3
8b5bccb9-1e81-44ac-bf40-64ed1fa92466,Zaid Asif,https://play-lh.googleusercontent.com/a-/ALV-UjUQdpCbBsznpxvCHhH9g0SU9xdqQXnv1Ilr0QOWLdF9KCxWqFl7Rg,MashaAllah,5,0,1.2.3,2022-09-24 22:25:05,,,1.2.3
ce6e3afa-d9f8-418c-a427-f197adceb223,Shahnaz Shaikh,https://play-lh.googleusercontent.com/a/ACg8ocL4zlFHmu3kpAVzJtnLoYWM6YpenvfaHjrYqAIvMwbACwTpuw=mo,Very easy to use,5,0,1.2.3,2022-09-23 10:21:53,,,1.2.3
78948848-50ea-42af-96d2-31f81e772db1,Huri Kurşun,https://play-lh.googleusercontent.com/a-/ALV-UjWYasyUdVXDKB_AQfXsYSGM-0x06gDPsh8JAbrXBIw8OxpshzQc,"Excellent experience and UI, however it would be nice if there was an option to track Witr salah",4,0,1.2.3,2022-09-19 19:57:33,,,1.2.3
34ef1c8b-7e6d-46af-9783-43c95b852aee,Esira Makuloluwa,https://play-lh.googleusercontent.com/a/ACg8ocIPVMrlkDuwtE1DDGROAZzaXY4rEUELa8O0HMBM64nRh74gqw=mo,The best Islamic app available. Keep up the great work,5,0,1.2.3,2022-09-13 16:55:14,,,1.2.3
88826196-e0e7-4088-af2e-154b9e0e1ee0,Syed Md Jaber,https://play-lh.googleusercontent.com/a-/ALV-UjVwz7ijJ6s2WpetfDwI2m9qLaL6YzD8CMguLLSyZigVooAPTHV0,Alhamdulillah Great,5,0,1.2.3,2022-09-10 20:04:18,,,1.2.3
dfba4e40-56ed-40ee-898d-e222947d62ad,Zarif.,https://play-lh.googleusercontent.com/a-/ALV-UjVpls4Yb2beUdbSQZFIA5ZbRG138VzNj6s3T_a6CFnzA6ksEHhV,"I like the simplicity style of this app, but the accuracy is far away about 2-5 minutes from the actual time of prayer. Please fix this. (Malaysia) Thank you. Also it would be better if you could add widget to this. Thank you.",4,0,,2022-09-09 13:34:17,,,
1ab94936-6a2a-4b26-8556-6a89c1c22e3d,fara d,https://play-lh.googleusercontent.com/a/ACg8ocLZBqZ9dJkFugeYZGEoBTvzM_4DUqkdk0gJXYLOxMm-vxG4vg=mo,👍👍👍👍,5,0,1.2.3,2022-09-07 02:04:16,,,1.2.3
6387ca71-775f-496c-9248-4bf29204c142,Haniif Hammed-Jimoh,https://play-lh.googleusercontent.com/a/ACg8ocIkIrsRIIxNj6x7OQs7bCIWAGWcWCBn06StgL6J5pBwPWYJDANx=mo,"Very good. Simple, effective and no distractions.",5,0,1.2.3,2022-09-06 15:31:49,,,1.2.3
6aea49d5-f0d5-426a-ae48-13d7ffafe204,Pizze,https://play-lh.googleusercontent.com/a-/ALV-UjUmL_n_5dTKYrlU7DXcl5Gjx6v4OYQU35LzYl-l3V0T8NiDo6YG,"I love this app! So minimal, yet so functional. The only suggestion I want to give is maybe to give us a Tasbih counter, so like everytime we tap/swipe a bead/counter will move the counter up. I think this'll be cool! Jazzakallah khairan khatsiiran👍",5,0,1.2.3,2022-09-06 14:58:25,,,1.2.3
4f7bfb2f-7a08-4385-9a37-47767758a128,Syafiq Segaf,https://play-lh.googleusercontent.com/a-/ALV-UjW14pjQz1_X8Hpz0p4gTHfgObLAO5UFxWtroo5IcjBZzKdejTvt,Wildly inaccurate in Indonesia.,2,0,1.2.3,2022-09-04 15:55:10,,,1.2.3
1845faad-442c-4768-b9bc-805c96e852ab,Cant Thinkofone,https://play-lh.googleusercontent.com/a/ACg8ocJhIBMFLUh9dYMa8xnWcd5Aa6sHexOxec3GnO3_zRVcJao9Xw=mo,"Excellent app, this helped me learn the direction of the Qibla, I now know what direction to pray in. May Allah S.W.T bless whoever made this.",5,0,1.2.3,2022-08-27 19:51:29,,,1.2.3
45dc73b5-5cda-4db9-a95e-222304d99cb2,Ishmael M,https://play-lh.googleusercontent.com/a-/ALV-UjXdW4VujISbqmvBUUZadAH_yICTysDcPiTa7IYL09mNZwtFFVZi,"Very good app. It doesn't have the extensive features that you'll find on apps like Muslim pro or athan, but the features that pillars does have are implemented pretty much perfectly. Salah tracker, qibla finder, prayer notifications with accurate prayer times, it's all done very well and the app looks great. One thing the devs could improve upon: in the qibla finder, you should be notified whether or not your compass needs calibrating.",5,14,1.2.3,2022-08-26 22:20:18,,,1.2.3
50d513ba-4345-4963-b2a2-4202fd5b7aaa,Adnan Barakat,https://play-lh.googleusercontent.com/a-/ALV-UjX0-OGopgZYojsK5q-INziTKy8ik897A-eZptwIx0lOTcouRbbEAQ,"Mashallah really great and easy to use, Jazakaum Allah Khairun Katheeran.",5,0,1.2.3,2022-08-26 17:41:26,,,1.2.3
0cb2181b-bb5f-43c8-befe-a37f45cfef89,SKSSTT,https://play-lh.googleusercontent.com/a-/ALV-UjUE0y0Tn9aZ3noIQq4uAwFJvgb-UzXI4wLf7cpy25mPI4Eso5rYaA,Excellent,5,0,1.2.3,2022-08-25 21:39:28,,,1.2.3
2fa7e6e7-27d0-4cc8-8108-af6406d794d5,Maryam K,https://play-lh.googleusercontent.com/a/ACg8ocIVPYLckOpN-mKB61iy5S_gaWs8XsIgQ18P3LhuTZ7EaDtt_IQ=mo,"No ads, just an amazing app that does exactly what it's designed for. Love it so much, Alhamdullilah ❤️",5,0,1.2.3,2022-08-25 04:14:51,,,1.2.3
3ab2ba81-4bb3-412e-a775-a481f46c3044,Pet Dog,https://play-lh.googleusercontent.com/a-/ALV-UjUi0yLsdA23Q7Lpd2_xXQlugpSqvAMaaMT4VCwlZjiF0yFr78s,"Great job,💖💖🤗🤗👌🕌 Just love this app Wonderful app 👍👍👍👍 Without any extra charges But a request is that please add some more adhans or the option to add clip from audio files,,so that one can add more adhans",5,0,1.2.3,2022-08-25 02:56:16,,,1.2.3
2b5c8af0-2446-44da-88de-674334ac07de,Tabasum,https://play-lh.googleusercontent.com/a/ACg8ocKyD8XrsMZ21iNCfHQx4Vl2LQ_dhaqbXvifo3TM5dCiMWbGFg=mo,Excellent job by you gentlemen may Allahkeep you in his rehma an Baraka keep a great job up,5,0,1.2.3,2022-08-22 22:12:01,,,1.2.3
93c349e5-e385-4481-82f2-9ed022bcf50a,iqra hanif,https://play-lh.googleusercontent.com/a/ACg8ocJx-AQmqeTzJkGh3_HO40wcb13zdPEkBesPzHegodLDdiNHPjA=mo,"Underrated app! The thing that sets this app apart from other similar ones like MuslimPro is the fact that there are no ads - you have to pay to have ads removed in MuslimPro. No more disturbing ads in the middle of finding qibla direction, alhamdulillah. Please keep it ad free for the foreseeable, inshaAllah. May Allah swt reward the developers of this app multifold, ameen. Jazakumullahu khayran fid dareen",5,1,1.2.3,2022-08-17 04:26:02,,,1.2.3
470af772-4322-4c27-8e44-f92ba9eea3d1,Morpheus,https://play-lh.googleusercontent.com/a-/ALV-UjUOcneNUZPjnVyxbXJQBpGB7YrsxeuURexXCmXw_XZUDRHvdvJj,"Great app : the design is refined, the prayer time calculation accurate and notifications are done timely. 👍",5,0,1.2.3,2022-08-13 15:54:54,,,1.2.3
50b6da1a-8d99-4aa1-8b3d-5820c46651aa,Abdul Khabir,https://play-lh.googleusercontent.com/a/ACg8ocJFv1ZxXGu_hU0AyY286EAOcHPFldRxpVOw_pIzhr46FvCDUyE=mo,Very dependable! Al Hamdulillah!,5,0,,2022-08-13 03:30:18,,,
0a9e569f-0a89-4163-ac70-7769f39d6dcb,Caramello,https://play-lh.googleusercontent.com/a-/ALV-UjUWWKaV9e2wjOIn_Q5DFF76jiWOy1A2u-b0JmzP_IUAhnF3cgxC,Beautiful app.May Allah bless and reward it's developer.,5,0,,2022-08-09 16:35:04,,,
07846882-f635-4a78-b629-155a0c454445,Huda HM,https://play-lh.googleusercontent.com/a-/ALV-UjVaJlVNk3y9tnifKcSYiVh35kWqybe3Gwztw3807oSEcVw8MkPzLQ,Best app for prayer times!,5,0,1.2.3,2022-08-08 05:40:41,,,1.2.3
e8f93cb3-b43a-4a09-a9f6-dd4ec89c3bbc,Mo Cehab,https://play-lh.googleusercontent.com/a-/ALV-UjWa6C9-4tVhN1M2vRb4o8VJ50JNM7flhe1No9j8jT1CgKiHwwpj2g,Amazing app,5,0,,2022-08-06 11:32:14,,,
35e2bb9c-f3c5-4ba7-9e0f-630ecadc33f3,Akhmed Akhdim,https://play-lh.googleusercontent.com/a/ACg8ocJubIZmhztCOcz3jo1pKo54lW6HZuAXAx17-cpNZ_4jVtg4ew=mo,"Excellent app specially, no ads",5,0,1.2.3,2022-08-02 15:51:30,,,1.2.3
497be59e-f3e1-45b8-8245-cc33c8d46664,Aisha Aslam,https://play-lh.googleusercontent.com/a-/ALV-UjURdH8-Cj8GgkIR4t8BAnMZMfJXfS2Q1wtJQ_8iQX5XbvMvXpUF,Brilliant app. Very clear and easy to use. I love the countdown timer to the next prayer and the salah tracker.,5,0,1.2.3,2022-08-01 13:13:02,,,1.2.3
b2b84ec4-d0cc-4d63-865e-28e869fca4b9,Yassir Ghanim,https://play-lh.googleusercontent.com/a-/ALV-UjVmfGFXRsiCR-eh5-qrMq4AL6Vx2XwAyOcRIiIHO-OdJ8kIQRFuyQ,By far best and cleanest and simplist ones with no ads!,5,0,1.2.3,2022-07-30 23:25:06,,,1.2.3
6f23dac8-80ba-4545-903d-a5222e324aa1,Abbas Ali,https://play-lh.googleusercontent.com/a-/ALV-UjWQFsWtmnUMiiuzvFNVx9jQjKScFKIeF8ahOsxCWI-jTqyu-8yd,"Perfect, made from a true app development team.",5,0,1.2.3,2022-07-30 06:10:36,,,1.2.3
13eadd7a-a36c-45b8-a630-84483963355d,Hashim Mohammed,https://play-lh.googleusercontent.com/a-/ALV-UjVuIbm2qFZiXAMoC6xi-t0k88US3uI5S1x6gHje4lEhd6eZfVua,"Grateful for the interface and the thoughts behind creating this app. However, would be even better if we have an option to track TAHAJJUD prayer as well. Would love to see an option to mark TAHAJJUD prayer in the next update. Also, IN THE NEXT UPDATE PLEASE FIX THIS ISSUE: THE AZAAN ABRUPTLY STOPS WHEN WE GET ANY NEW NOTIFICATION OR WE PRESS ANY BUTTON. JAZAKALLAH",4,0,1.2.3,2022-07-28 19:25:46,,,1.2.3
f450b2ef-7981-41ac-b3a6-093c0781b995,Mr R,https://play-lh.googleusercontent.com/a/ACg8ocLfA65LoXMilGiGKUoHB_5U170hWUp6k6ZDm7eFicZAbNqWGg=mo,An excellent app The layout is neat and it sends notifications for when it is salah time.,5,0,1.2.3,2022-07-28 13:53:21,,,1.2.3
741b98c5-9ea8-4650-ab30-82cb53abe97b,Jay Summers,https://play-lh.googleusercontent.com/a/ACg8ocKbP9w0h5A3Hx_1KwdkcVLIV5M7u0eXg1X5Ua7qTKIF7T2gjg=mo,"Two words: menstruation button. I've used multiple prayer apps and have always been dumbfounded that there's not button to temporarily disable notifications when I'm on my period. Well, these developers clearly think about everyone because there's a menstruation option! Finally an app made for all muslims, not just men!",5,0,1.2.3,2022-07-26 10:45:11,,,1.2.3
b3d292d1-d965-4e12-8a65-07e5bba0bd71,Qwerty Poi,https://play-lh.googleusercontent.com/a-/ALV-UjUxcnU3PzkipLCHonP3v20QsLqU4ox7TaSZ7nFMjasDcRE1klg,"BEST APP!! VERY NICE UI, KEEP UP!, I LOVE THIS",5,0,1.2.3,2022-07-23 15:45:16,,,1.2.3
e0d2da3e-d608-4a8b-8fdf-1eeb06b2820b,Alaa Al Najjar,https://play-lh.googleusercontent.com/a-/ALV-UjWowyNTf7skpO6aSu30vKjScSY6A3qBbwHVu8EyDcP0Dh_5Y_L7,"I don't know what is the reason but in android 12 and 13 the widget has issues, the information freezes after a short period of adding the widget, the current prayer doesn't update and it basically doesn't update any of its information, fixing this requires the app to be opened once which makes the widget update again. After that it will again freeze and so on...",3,14,1.2.3,2022-07-17 19:42:40,,,1.2.3
0c4b607c-5cc6-4d96-8a4d-1b54d9953172,Legend of Nibbaheem,https://play-lh.googleusercontent.com/a/ACg8ocLhO8oKf3H0DJeDHahVOMczrvXb-dtpJzw8cU5lV8nQvPTU_VA=mo,Very helpful. I specially like their widgets,5,0,,2022-07-14 18:20:39,,,
cee876db-a962-44e0-830b-2cde9dfe06b4,Hamza,https://play-lh.googleusercontent.com/a-/ALV-UjW1rd-DK3xSxBcAgUywu2XyiPVp94UYaOF2xkCDPKCeMvYBUjWg,"Can't receive notifications, I've tried re-downloading the app too but nothing is working. Maybe it's an issue specific to Android phones?",3,0,1.2.3,2022-07-14 08:48:27,,,1.2.3
425bf4c9-82b2-4201-87b9-aa90a4c36876,Attinn,https://play-lh.googleusercontent.com/a-/ALV-UjVqeR2PqwW9ndMJE1daUXbBJSE7xtCPlQ0zoSy07C-ohEuTgFMF,Excellent app,5,0,1.2.3,2022-07-13 14:36:08,,,1.2.3
97a036d2-f976-4b01-b91e-37e4698ec4b6,5xmiu1,https://play-lh.googleusercontent.com/a/ACg8ocIY3rHFwIa9f5uuFrLzNc7ilMNpuy1ew3Hqc1wDdCCgDzHmBw=mo,Great and simple app. Perfect in any situation. A notification to track prayer would be great.,5,9,1.2.3,2022-07-12 00:35:31,,,1.2.3
e28df438-0b5b-46a7-90da-e378c4b3e9a3,A Majid,https://play-lh.googleusercontent.com/a-/ALV-UjXnODuVgfMAXiiCjFIKycUIpBHoEQpIZKgbvsRkgT6oIFEUh7qipQ,Salams/greetings of peace. Excellent UX/UI considering it's free.,5,1,1.2.3,2022-07-08 02:42:03,,,1.2.3
6f4fdd51-dfa3-4e57-9be5-c4204f384d35,Yusuf Abdulkadir,https://play-lh.googleusercontent.com/a-/ALV-UjXcQ4QLoDZojtkgpkfk9nGY4YXqigN1L2hdSuZaaWALrgH9CBo,Good,5,0,1.2.3,2022-07-05 15:05:17,,,1.2.3
a55b532b-6c2b-4ea0-a910-e23cbbcc8fbc,Soban Farooq,https://play-lh.googleusercontent.com/a/ACg8ocJuKq7RzcTmysRgk0c8LABhjkuUC7R3mqMS-FAknmcaPs8sHWs=mo,I love you for Allah!,5,0,1.2.3,2022-07-04 14:11:27,,,1.2.3
aebd93e1-72a7-4130-8206-33724f3d2649,Mahmoud Gomaa,https://play-lh.googleusercontent.com/a-/ALV-UjXbLOdMRPZIay54OEwrdBStf6wCEqlNsuimt_5zWIx3-nz0s8AXQA,Please add Hijri calender with Islamic events,5,0,1.2.3,2022-07-02 21:39:12,,,1.2.3
4d12ee53-fd0a-49cb-b4fb-47e9faa34e16,Malik mursal,https://play-lh.googleusercontent.com/a-/ALV-UjWjLT8G4WACfhuXEkzVCHrm3Tx2g7JNiZJZ1HsJUGKkDuAZrST0,Personally very helpful for me because I get reminder prayer time without sounds,5,0,1.2.3,2022-07-02 00:54:22,,,1.2.3
dc71346d-b967-4133-858e-819d44f4372a,Haji Shafiq,https://play-lh.googleusercontent.com/a/ACg8ocIsEPCmpr5TB876-4URsvdYmAleTP1Oa7IlOwvEPCE8x23Oaw=mo,Overall this app is very good. I am facing issue in notification. Sound of Adhan is not there even i have set to notification by adhan. Kindly resolve this issue.,4,0,1.2.3,2022-06-28 23:31:35,,,1.2.3
fa03de98-c736-42ba-b2b2-f7bd3306e65d,Kamran Ahmad Khan,https://play-lh.googleusercontent.com/a-/ALV-UjWMZHtFsZn9w4ir4WZe94KwK028C170QuoCKd4rBbatlbXe2Tg,Jazakallah I love this app and I would like you to keep it this way simple and straightforward because it serves its purpose beautifully. I am blind and this software was very easy to navigate it helped me find the direction of Qibla and notifies me at the right time for the prayers.,5,1,1.2.3,2022-06-27 06:22:54,,,1.2.3
47f2a4ae-913d-44de-9486-afc706ebb636,Mohaddas Aslam,https://play-lh.googleusercontent.com/a/ACg8ocJ59-Etutbo58Yp2f4IzoGYJHf4KbFrAovv3bSqw29f6Wmo6Q=mo,The best ad-free app you will ever come across for prayer time in addition to qibla direction and prayer reminder. It's a must have!,5,0,1.2.3,2022-06-26 06:06:46,,,1.2.3
6ed04d8b-fc4c-478c-8332-2c1db23ade8c,Taymoor K,https://play-lh.googleusercontent.com/a-/ALV-UjXLK5nKX929o41vASn0giekZ4Tk8DV3j2MXxpfcxHozPfmfvfYw,"Alhamdulillah, this is probably the best prayer app that I ever had. No ads, fantastic design, and the prayer times not only fit my location, but I can also chose the calculation method and Madhab for it. There are some things that I would want this app to have in future. First, I'd want the time for Tahajjud to be included so that it'd be easier for Muslims who wish to perform that prayer. Second, I'd like it if the date on the Hijri Calendar updated at the time of Maghrib instead of midnight.",5,8,1.2.3,2022-06-25 05:32:08,,,1.2.3
ff04e45c-5c8a-4956-8b83-186533a0bca4,sK,https://play-lh.googleusercontent.com/a/ACg8ocLIjB1KgZ1CrDiAmMIfXJRVhRpTSeDfyfhnP66k6SvE6m_fxg=mo,"Amazing App, Alhamdulillah. May Allah reward the devoloper with khayr and may this be a source of sadaqah e jariyah for the developing team for providing this facility for free, Aameen",5,0,1.2.3,2022-06-24 17:06:26,,,1.2.3
172c3feb-94a3-4e33-9a9a-145a28eabf7b,Azmol Hussain,https://play-lh.googleusercontent.com/a/ACg8ocIYeC0WsAxlQvEp28RRtLMhzI0iGnZ4z1wczoMKXYeSNMV5lRsu=mo,One of the best app regarding the time of salah.,5,0,1.2.3,2022-06-17 20:59:54,,,1.2.3
ffba984d-0dd0-462d-8973-32e785a697a2,Ahmed Ali Gaboobe,https://play-lh.googleusercontent.com/a-/ALV-UjXPY7VDfk7PeJqpXgStUNVTvka8o1c8ZLdYMY9DMrK7ksUqB2zJeQ,"Mashallaah Tabarakallaah Its very very useful App, only the Widget not working properly.",5,0,1.2.3,2022-06-11 19:22:13,,,1.2.3
1aab58c3-2be9-4105-aa39-43a182b7caca,Ansharah Shahzad,https://play-lh.googleusercontent.com/a-/ALV-UjUdEVls8H4QgvQ05JMTRyS98wF6lVNbiurVlXu-hHPpg1dGA7oN,"I absolutely love this app! Not only is it aesthetically pleasing, its so simple and helpful. Most of the apps have all sorts of things built in them like quran and tasbeeh and all sorts. But I really love the simplicity of this apps design. Jazakallah and keep it up!",5,0,1.2.3,2022-06-09 05:17:48,,,1.2.3
d7a7bac9-ee51-4026-90c9-5c1b29950d57,Fateemah Apinke,https://play-lh.googleusercontent.com/a-/ALV-UjX_0CP2VFBon8WWVLeR3UfPD9Fx_EGxR9A0JstK9R8GoyIA9PfD,Ma shaa Allah,5,0,1.2.3,2022-06-08 10:46:06,,,1.2.3
84d63e8e-d7d3-4f4a-bbd7-ba264bab88cd,Sarfaraz khan,https://play-lh.googleusercontent.com/a-/ALV-UjU4XmCSGG4DMdEIoHIo1OtAb4nCv7iPV5A8gR7f00Zqv3ZMlATddA,"Perfect app, there one glitch I'm getting many times i open app to see namaz time, whole chart goes grey box, kindly fix the problem otherwise app is perfect. Using sumsung galaxy s22, i can send u screenshot. Plz share ur email.",4,0,1.2.3,2022-06-08 01:17:24,,,1.2.3
7f0d4352-a848-4489-8ca4-9cf211c3a906,Asna Varusai,https://play-lh.googleusercontent.com/a-/ALV-UjVjhClp61i3rT8gjQuoLPAmUWmZ5z_RMyjg8v6eyl0J5yl10N41ow,this app is actually amazing!!!,5,0,1.2.3,2022-06-07 13:26:47,,,1.2.3
bf12105f-6429-43dd-96e1-98ecd7611086,Yusuf Rencber,https://play-lh.googleusercontent.com/a-/ALV-UjV7AqHuLV8NE9wcq0TMBVCYE1SZShIJtkkDSoh4XOQz05qjGa0,This app gives me exactly what i want which is telling me when i have to pray and you can keep track of your prayers aswell to see which ones you miss out on and it has no ads which shows they are not doing this for money and actually want to help Muslims. This app does it purpose and it is not complicated,5,0,1.2.3,2022-06-06 03:33:58,,,1.2.3
47b6601b-f0f9-4f7c-9475-665e0868844c,aniq sufyan,https://play-lh.googleusercontent.com/a-/ALV-UjXSYEnfaivQYe0lGLYQPEOPsa7UTr2ruY9Re19sIoC6DczvEYaU,complete. widget & stuff,5,0,1.2.3,2022-06-05 23:09:11,,,1.2.3
80223924-6ddc-438e-a106-ceb337412f03,Imad Al Hakim,https://play-lh.googleusercontent.com/a-/ALV-UjVKYCAvMREiffDGtnr4dI_5wjLXPXTxknN3pRLWFuzSzN9Ywg4dFg,Everything I want in a prayer app!,5,0,1.2.3,2022-05-31 23:03:26,,,1.2.3
9a17e16e-3907-45af-8b90-4288ab8ae7bc,Umran Abul,https://play-lh.googleusercontent.com/a/ACg8ocIhsBGNcREQdySjhYubCcayNWnHgNkrChzZ_Qza2-AB8VS0WQ=mo,Alhamdulilah Allahuma Barik Lahum,5,1,1.2.3,2022-05-31 05:46:41,,,1.2.3
4516a4fb-c09f-490d-9ee8-256cba90bb4b,Emily de Roo,https://play-lh.googleusercontent.com/a-/ALV-UjX0SxxSbs_x6GvNYwoKluBUyt9n52kgsfunlQw_crLnxOAmtgkvlA,"Beautiful layout and so simple and peaceful, not too much information, just enough. And no ads 🥳.",5,0,1.2.3,2022-05-29 16:30:34,,,1.2.3
df8351b8-0192-49ea-9844-6c45bd6135d1,Hiro,https://play-lh.googleusercontent.com/a/ACg8ocKeKF_4PFHWnujii_uDc1RX6XgQ-YsNO6MGhG9RcDuBVp7Lz4o=mo,"Beautiful looking app without ads. Just hoping for reminder notification, like 5/10/20 mins before the adhan.",4,0,1.2.3,2022-05-26 08:41:11,,,1.2.3
e71360ef-8d7e-4234-b1bf-25a5ef582bab,Mary,https://play-lh.googleusercontent.com/a/ACg8ocIsoVQq6uR8NtTzreKJ-VvBDvbuSNVNikCopalw0FDb-FwNiys=mo,I cannot hear adhan I've tried everything to be able to hear it,4,0,1.2.3,2022-05-26 02:12:41,,,1.2.3
e6a9ad5e-1059-4428-ba0b-b9ee8140a30f,Abdelrahman Nasef,https://play-lh.googleusercontent.com/a-/ALV-UjVEd7CFJjAEmclyASqJWU_077ga3boD9jq71g2oxqLZ_P8IiW8a,Best app I've ever seen. Barak allah feekom <3,5,0,,2022-05-25 21:38:37,,,
a0e0a977-d07b-49cc-830f-d1c24ee5b348,Imran Hussain,https://play-lh.googleusercontent.com/a/ACg8ocLnBcrs1naf8aKWVAbPg1Tw30tetYtDb4niKOjm73e4yCEs7A=mo,Great app. May Allah reward you,5,0,1.2.3,2022-05-23 21:53:53,,,1.2.3
e674b455-0d7c-44eb-89d3-ee27773987c5,Buck99,https://play-lh.googleusercontent.com/a-/ALV-UjVkkUnWJNeaVPwjRw9aeIDCyT6IIpB7lrFb0zE4aIFeH8sc_TXMig,"If you don't want location turned on it'll ask you every time you load the app if you want it turned on same when going to the qiblah sections, super annoying cant disable the popup",2,4,1.2.3,2022-05-23 17:43:15,,,1.2.3
0024f56d-933c-40bc-8139-2714c5fea724,Mohmed Rehaan,https://play-lh.googleusercontent.com/a/ACg8ocIgq0oNvGWtWYHhCykyYB0NEWzUlCX2dKaM7G_y5Bzhsme3lQ=mo,Great app to track prayers and find the Qibla.,5,0,1.2.3,2022-05-20 22:05:57,,,1.2.3
d5c0d081-79d3-44aa-813f-fbc0bbdb38f9,Abbaas,https://play-lh.googleusercontent.com/a-/ALV-UjXCd_4KqJSN90M-7ge1afiHhVjBuXME9UvCziMduFq3LfBD_GYAyA,"This app is very good and practical because it is privacy-focused, ad-free and made by Muslims.",5,0,1.2.3,2022-05-20 21:26:27,,,1.2.3
8aeb970d-6378-4b6c-a76b-79ee2801ae98,Mouloud Bendjazia,https://play-lh.googleusercontent.com/a/ACg8ocL2QXBePJjWouClmZaPosXJru1R4v42HnDvdanXqjDNDJ8UPBDr=mo,Do a confusion between Doha and constantine ! Had to uninstall,2,0,,2022-05-20 17:31:30,,,
459567f6-e79a-4ad2-a7ce-2e3e46abcd97,Baran Adcock,https://play-lh.googleusercontent.com/a-/ALV-UjVpZq8YY6c1aSYLXMgxYGSaCYZICL5UWUS4CsD3xfbAFljAfdPW,"As salamu alaykum, the Pillars app 🌙 is amazing to be honest. It comes with a checklist of the five daily prayers so you can keep track of what you have prayed and even has a menstruation option for the sisters. The app also has time customisation to fit what times you follow (specific country calculations to calculation in your area). Overall, it's really simple for the young and old generation amongst us without being lost on the app. I'm excited to see the future of this app 😁",5,0,1.2.3,2022-05-17 21:55:40,,,1.2.3
1e6320d3-4cea-4018-81eb-936418bcb7d2,SHAH MD SHAMRIR AL AF,https://play-lh.googleusercontent.com/a-/ALV-UjUKBFHFYkJ-9dP98TGb8WEyylOkkJwS1_Gn0sCABUoDoHpv29w6,JajhakAllahu Khair,5,0,,2022-05-17 19:47:48,,,
118a4b4a-5df5-41f3-9a1f-bdf1cd350f33,Muhammad Sadiq Surya,https://play-lh.googleusercontent.com/a/ACg8ocJsIGGPgd7NZe7roOu3X1Y5nUebkwpt0JKaISPS0Pt1hPZCFg=mo,Accurate no adds,5,0,1.2.3,2022-05-10 07:18:14,,,1.2.3
452d69a0-ce97-48e2-ac88-56af57bd14fa,Md Asad,https://play-lh.googleusercontent.com/a/ACg8ocIkeiWllJ9h9ib1wV11hG2_9O-uyfF9crhz-ayqPLk6Knpwz2A7=mo,One of the best prayer app. Jazakallah Khairan for making the app. It would be more beneficial if you can add qiyam time please.,5,0,1.2.3,2022-05-07 04:41:21,,,1.2.3
85bca49f-73c2-4c7e-8029-931372b43b8b,N Obsydian,https://play-lh.googleusercontent.com/a-/ALV-UjVmfcLyyl_zWCqGy8Z-YvmkcztugBW9c6NRMABRCXod_sDKSd-p,"Assalaamu alaykum, swapped to Pillars during Ramadan, Alhamdulillah superb, only improvement is an ongoing sticky notification please and a 4×1 widget",5,5,1.2.3,2022-05-04 17:54:30,,,1.2.3
ea94c7d3-8c62-4fc8-b325-244323632b8a,Washim Reja,https://play-lh.googleusercontent.com/a-/ALV-UjWLLZn4DX2cSXxZNTe7c79unpzsxMsLvcDKqLTKOeH1IRALJ_d9lw,Could you please made a option to hide Qibla tab . It's not always required.,5,0,1.2.3,2022-05-03 12:27:58,,,1.2.3
6ea171ec-a74a-4e6e-8cf1-34c57b95c941,Tyrone O'Brien,https://play-lh.googleusercontent.com/a-/ALV-UjXxd_lv3HvbSObOCmXbtJ2shib8I2cRM07wo5VZlVelT11Hvz_o,MashaAllah such an amazing app! JazakAllah developers for this valuable tool!,5,0,1.2.3,2022-05-01 08:40:03,,,1.2.3
9305a22e-54e9-4516-acae-b08b893b2c5c,sohail,https://play-lh.googleusercontent.com/a/ACg8ocLR7p0NGLC4epH8F8PGJLMa-LzTOPQKyD8Ou-MNqwfgFs3r=mo,"The time is in 24hrs format , can I change it to am/pm format ?",5,0,1.2.3,2022-04-29 12:20:35,,,1.2.3
5fcfb401-14b2-443a-bbf3-02226692182a,Amar Khanshali,https://play-lh.googleusercontent.com/a-/ALV-UjXJhV0rNkaMGK6CF13Ge0vp5fEMoiEAmFR9nD5OScCyYayKgUntDg,"Salam. As a Muslim and developer, I love the clean UI/UX & no ads. I really like the widget (I just implemented one in my own app and I know the work you guys put in). Overall, very happy with the app and it has exactly what I want and not filled with other unwanted features. Settings: Please add a leave a review button and donation button (1 time buy). Help make it easier to leave reviews and help us support in your mission.",5,1,1.2.3,2022-04-28 06:43:42,,,1.2.3
34a13b6f-3368-4258-a77c-7d40bdec7fc0,A. Omar,https://play-lh.googleusercontent.com/a/ACg8ocL7sYONX_gkIZtPNj7Gy-AppLxMM1Xfwj6iNJ2Y324we-pk=mo,Very clean and user friendly,5,0,,2022-04-27 17:18:21,,,
02f731cd-1cbc-4e90-950c-94abd2696b97,ramzi alqisthy,https://play-lh.googleusercontent.com/a-/ALV-UjUEaRA_YXdnmi_lb5nnLwo2jVyA0tqZpxboNKN235eB5o9r3-IS,"Best prayer time! No ads, simple and great UI!",5,0,1.2.3,2022-04-27 02:29:09,,,1.2.3
dc5b1860-2ed5-4603-b106-ed712a166338,Sara Sabsabi,https://play-lh.googleusercontent.com/a/ACg8ocIrNqAE5fXAjc2kmey0J94Ncz1phGcfWSXFz6elW_cdlT-_CLM=mo,"May Allah bless you for this one of a kind app. I love how it's purely made for prayer and doesn't contain an overwhelming amount of extra features. Adjustable Salah timings (love that you added the 'angle' feature), a Salah tracker and a Qibla finder. Exactly what I needed. Keep up the good work and جازكم الله خيرًا.",5,0,1.2.3,2022-04-27 00:24:47,,,1.2.3
bc9f26df-fabc-4375-b818-f5068aa2141b,İsmail Adıyaman,https://play-lh.googleusercontent.com/a-/ALV-UjUvsikYS3n3djQeHNHjxtpmia9vmh9RUE5XynR8iCICgnXSFtMT,Brilliantly made.,5,0,1.2.3,2022-04-26 21:45:28,,,1.2.3
dbf7503e-e15f-4ca0-bd5b-eb202b50e036,Zubair Siddiqui,https://play-lh.googleusercontent.com/a-/ALV-UjVm0igrF0bRz3gstA8t24EvPtx4gLNlLQnsoy-r5Xw7nImmvprxyw,Amazing and simplified app! I have tested and personally reviewed a few of the prayer apps and tracker apps. I find this app to be the best one. No annoying ads! Opens up super quick to the prayer times. Tracker shows a detailed chart on the bottom for the month so you can easily see which prayer you've missed. Another interesting concept is having a dedicated missed prayer option in the tracker. That way you don't have to question if you prayed it and didn't mark it on the tracker. I recommend!,5,54,1.2.3,2022-04-26 02:20:47,,,1.2.3
22438c81-0911-4085-aea0-4e5f97d4b3b0,emma siddiqui,https://play-lh.googleusercontent.com/a/ACg8ocI5ukzYZI1CWFrK_PGznOrFNBCCKhJ2KMAU4yThuUTv3c7yeA=mo,Started using this app for the 5prayer challenge with iqbal nasim It's been a great help showing the times And u feel good when u tick off every salah Great app,5,1,1.2.3,2022-04-25 16:16:28,,,1.2.3
23a2ecf2-77a0-4d19-a1ce-e289998ed418,Amal Afroz Alam,https://play-lh.googleusercontent.com/a-/ALV-UjWapTFSPYqIl5liEKzflyJv26n7MOLTzLyZJKzbwiFttHEoeGSpJw,"Hands down the best app for prayer times. So simple and convenient, and doesn't have all the bloat that other apps have.",5,1,1.2.3,2022-04-25 10:22:25,,,1.2.3
8bc446f7-b8b2-42a3-a0ee-86dff6826387,Rizwan Mussa,https://play-lh.googleusercontent.com/a/ACg8ocJvnIvh2PncLejuXmqQl1RNR6SmpTQ67U7bul1W8MBOPNINBw=mo,Brilliant app. Clean easy to use interface and the widget is handy,5,1,,2022-04-25 04:47:00,,,
6ac0ab60-bd86-4f33-ace5-5d3da1d290be,Mohiuddin Farooqui,https://play-lh.googleusercontent.com/a/ACg8ocJLxFcbljHYsyaJpbycyQ8HtcZwawmPKXWv-S1hpJDmFtF68pU=mo,Everything is good but when I go somewhere it doesn't update the location and just says null and gives wrong qibla direction.,3,3,1.2.3,2022-04-24 22:16:59,,,1.2.3
16d8674a-5e46-41f4-95d4-924887a4d14d,Fehzaan Maqbool,https://play-lh.googleusercontent.com/a-/ALV-UjXIMI1hmRJ7lYipdSholPOu2Nz0Tkl4s66qD2f48ADdZA7eazUZqA,Clean interface and very clearly presented,5,0,1.2.3,2022-04-20 14:58:16,,,1.2.3
af4a3c11-df3e-4018-bdb4-679e3ee0bab8,Deena El,https://play-lh.googleusercontent.com/a-/ALV-UjUeZO-p8cU4TVoF5vZ6xyafsOESMZiSsH-uq2dvT06qMbjwkY-B,"The perfect prayer app. I had been looking for an app like this for the longest time and I am so grateful to see it exists. To have such a simple and stunning interface, prayer times, detailed options such as school of thought - such a well thought out app for free. Genuinely the best you'll find.",5,0,1.2.3,2022-04-20 01:20:26,,,1.2.3
406451a2-65cb-403e-b2d1-704a8b5b6c66,Mohammed,https://play-lh.googleusercontent.com/a-/ALV-UjUa4_xuU0GZJ4NogLfxsxbNZhnpmBwAlxJwmZB_sRp0YQiVVZdZUg,"The widget is no longer working/updating, notifications are coming in late or not at all. Tested on Samsung Galaxy Note 10+ US Version, latest os",3,1,1.2.3,2022-04-19 18:15:47,,,1.2.3
0a52c50d-55f2-4bda-b18c-093bbc7863f2,Ayaan Umair,https://play-lh.googleusercontent.com/a-/ALV-UjWSymq3PhqOdW0g4LkR5GixtstzMOVL3ftd4l1KqKamPaRcN4Q8,"I love the app, it just that some parts are incomplete. For example, the prayer trends is not on the chart. It all shifted so far to the right that it is unreadable. After sliding three times, it would be nice that the quran ayat will change every day or week. Lastly, sometimes the notification do full come through meaning that the beginning of the adhan goes off but ends before it is completed. If these are fixed, this app is a 10/10.",3,33,1.2.3,2022-04-18 16:52:28,,,1.2.3
891be0bf-30cf-411e-af9a-61ce5a040dd3,Omar Mostafa,https://play-lh.googleusercontent.com/a-/ALV-UjUCu7MGlfPHNsZ7Kypv1AD5zNNQTjf5ri5yQd1NVI1Np0_ZnGaZFQ,"It's a very good looking and well made app, but I have a very important gripe with it, it doesn't allow me to type in my location manually so it calculates accordingly. I can't rely solely on my location as that alters all prayer times a few short minutes earlier or later than what is actually the prayer times in my location according to all the mosques around. Please allow us to write our location manually.",4,7,1.2.3,2022-04-18 07:59:46,,,1.2.3
d1cc37a2-5e94-4da2-8ded-119c6f2d7025,Tariq Abu-Samra,https://play-lh.googleusercontent.com/a/ACg8ocJhefUqU-Wjn9UYDEKR3m_Ascz0wVdc6z4aLtEezzRjsAXOnt8=mo,Missing day and night athkars,4,0,,2022-04-18 06:46:53,,,
7db7aaba-a8e4-4281-abfb-ded606561f69,Abdullah Ah,https://play-lh.googleusercontent.com/a-/ALV-UjWHx_JUoLYRvQrr-5yvXpTpoqyRgrcU9oCZTfgUvEtsTMpI0CQ,"Absolutely brilliant, everyone should download it. Does exactly what it says on the tin, there are features that would improve this tremendously, however what already is there is better than anything else on the market.",5,0,1.2.3,2022-04-16 22:31:43,,,1.2.3
3b07c76a-18bc-4742-87eb-34d6305bc33a,Mr. Awesome TechTips,https://play-lh.googleusercontent.com/a-/ALV-UjVO3bTT9IBQ9c9ItGad5p8VIOtfeiwa0RTzbx7GvXEPZivWrZpm,Best App ever,5,0,1.2.3,2022-04-16 05:33:10,,,1.2.3
b49b09c3-8186-4d44-a6ea-46cf9a61ccd3,Alem Jusufbegovic,https://play-lh.googleusercontent.com/a-/ALV-UjXoqK0rfVT0EKvcgb33tNYoDLc65rXS5wZ1jlEM5a0p-yaDRJYF,Great app. It would be great to have it on wearos too.,5,0,,2022-04-15 00:43:34,,,
01c843a4-01b8-45aa-8640-17943d113970,Menelik,https://play-lh.googleusercontent.com/a/ACg8ocJYxfofW_3sircYT7V4cQwWacD2Qy-8LthEKkyokPTWaXCrXBk=mo,"Simple, great design and no ads!! May Allah bless you.",5,0,1.2.3,2022-04-13 02:48:48,,,1.2.3
feabe33f-5903-4ecd-a47e-28de738d9b59,T H,https://play-lh.googleusercontent.com/a-/ALV-UjXmoWNvBC2Whj63VmBvpM2unV0VXpgDWvZTPIAlq7QXZwo0t8mW,Best Muslim prayer app,5,0,1.2.3,2022-04-12 01:36:54,,,1.2.3
761292f0-5977-4453-a9ef-df6ef06ed89e,Jana Moataz,https://play-lh.googleusercontent.com/a-/ALV-UjWa9yhwsIbRtWJmjkeHuMPNpy2nBHjvZMr8zopLvSYpH_6Rs2dTvw,It's aestheticly pleasing and fairly simple to use,5,0,1.2.3,2022-04-11 21:07:02,,,1.2.3
56be93f7-4250-41bf-9bd6-cccf0d315b7c,Shadi Kharboush,https://play-lh.googleusercontent.com/a-/ALV-UjUYepshgrhQ9bqFBm3TLDJ93Tp9zQUDOcyRA25l8YK4PuHSwZQ4,thank you for this beautifully designed app :),5,0,1.2.3,2022-04-11 16:00:45,,,1.2.3
e9bd66c2-5ff0-41da-aa80-8f41668ba741,faiza naveed,https://play-lh.googleusercontent.com/a-/ALV-UjVpIjD3IiCNsUcKr9wcP0BPFrvRrpBS-cQhz4EPURGrn7rE37Sd,"It was working fine in the beginning, since ramadan started. Its all messed up. No azan. No notifucations. Its a dead app now. Im goona delete it. If its useless during the month i need it most.",1,2,1.2.3,2022-04-11 15:04:00,,,1.2.3
2c53ba08-0448-405c-98ac-185bdb86f1b3,abs bi,https://play-lh.googleusercontent.com/a-/ALV-UjVeA7pbp-IxSZMtNXuGj4N5xaynEGfZ8nk_HgHcQD2Sh7rQmtdfHQ,Good app. Need more options for Notification sound type.,5,0,1.2.3,2022-04-10 21:51:02,,,1.2.3
e7972a76-d02e-4d2f-b53e-ab20aa56f0d5,Immi Al Malizi,https://play-lh.googleusercontent.com/a-/ALV-UjX6ylLYlTkjuA1RbNsTdXS_Zcv7aPaHS4zz8Kh5c4fjG-SeDFg,Please add JAKIM prayer time calculation method as the other options are very inaccurate at my location,4,0,1.2.3,2022-04-10 03:45:36,,,1.2.3
8cec1906-bab8-4605-821c-50791aa948c6,Unknown Identity,https://play-lh.googleusercontent.com/a/ACg8ocIyS1bkoMJk53JsKXK5i4szZKclscNoDsodcwzWnjNp8cHIscbk=mo,💯💯💯,5,0,1.2.3,2022-04-10 02:23:32,,,1.2.3
c48d4ef6-e031-440c-bea0-43192229a071,Mohd Talat Aziz,https://play-lh.googleusercontent.com/a-/ALV-UjXmIBU99T1sG5YDg9mLNI3IN6jXIotwxShCsApDomSuKABblAQZ,No worry of stealing your data... Muslim made app.,5,0,,2022-04-09 20:09:28,,,
d8c8f231-a3de-4449-9fce-b8adb237884d,Zaffrul Zamry,https://play-lh.googleusercontent.com/a-/ALV-UjXKu0Gt9W7KNsT633zkpl1sWbaHzOzo44DqXui0uCqk3oCzhZTd,"Prayer times (Malaysia) and Qibla accuracy are unsatisfactory. I'm sorry, please update.",3,0,1.2.3,2022-04-09 18:33:28,,,1.2.3
1b4ab6ae-1f77-4535-b726-906057df8d87,sandeep Siddharth,https://play-lh.googleusercontent.com/a-/ALV-UjVwcpSJj3PI2SP7FL7P7VKbZxNmTg7pNo-3YC_yIAXGW62iVuc,"mashallah, you guys done a great job! Appreciate it! but there are bugs display ramadan dates according to locations. In India, Ramadan (I mean fasting) starts at April 3, 2022 unlike saudi Arabia. so, April 3 will be Ramadan 1, 1443. please change that according to locations. Jazakallahu khairan",4,0,1.2.3,2022-04-09 11:17:50,,,1.2.3
a1908c13-bc16-464b-bc14-b1f128b2bab2,Dardan Quqalla,https://play-lh.googleusercontent.com/a-/ALV-UjWWIsCpALNDxIHd4in0SbQVbI0_E4V4GnYmFgefwXjI4ZY4UhFzyA,"What a great app - does what it says. It is simple, minimalistic and aesthetically pleasing. I was using Muslim Pro, but it was too cluttered and full of ads. Good job to the team on this one, may Allah reward you for all your hard work! :)",5,2,1.2.3,2022-04-08 19:11:34,,,1.2.3
835ab506-04d6-465b-b8f5-32e919fcac2b,SHERIN M,https://play-lh.googleusercontent.com/a-/ALV-UjUhh1O3OqsItzHzO5MEEfWrt3mbQxUZu7_yoF0Ky1qnm56-bMt3,Updation is not working yaar,3,0,1.2.3,2022-04-07 17:03:04,,,1.2.3
63972c80-0434-47ca-9131-a88ca8b00323,Johardien Ganief,https://play-lh.googleusercontent.com/a/ACg8ocI5-nz2atMHljZUMJ8VUugKi41JTtgQCuDWfSBCtQUb0h6zQg=mo,Good,4,0,1.2.3,2022-04-07 09:29:29,,,1.2.3
c7ecea35-d464-42f3-a4e3-12a215be03fb,yumna siraj,https://play-lh.googleusercontent.com/a-/ALV-UjXbSnoQCZsSYqtcX2ZD7zRwcMi4RAdkPwVKLLTna0u0njLXmU8A,Amazing! Best app I've used for prayers. Has everything I need in a prayer app.,5,0,1.2.3,2022-04-06 11:25:17,,,1.2.3
2a68d933-d67a-42d6-8663-197406dff4be,Mai Elshazly,https://play-lh.googleusercontent.com/a/ACg8ocI-OHkq5N_iI9V7ZRc_Kbdeojj0uSr8AcFaiLZNQsZraHSUhA=mo,جزاكم الله خيرا,5,0,1.2.3,2022-04-05 16:56:39,,,1.2.3
a30185d9-a172-4aa2-a3c9-7ca72f5943e2,Taher Abdullah,https://play-lh.googleusercontent.com/a-/ALV-UjVJPhdDvxJNdNrj4S8hJWazCfI3UXM4_gFYdrMxyw98pgpHi0jA,What an amazing free app! Kudos to the developers for creating and taking such an initiative. May Allah bless you!,5,0,1.2.3,2022-04-04 16:07:20,,,1.2.3
3ccaa265-c2cf-4503-8421-4c245b90d094,Muzammil Ahmed Shaikh,https://play-lh.googleusercontent.com/a-/ALV-UjUSGGRhDHTqnkG8JGHR9WcsP7_goRU2Jnx2YJbojoDPqTvLo6bzYw,Great app but the lack of London Unified Prayer times is a deal-breaker at the moment.,3,0,1.2.3,2022-04-04 15:08:03,,,1.2.3
aa310a67-87ff-428b-bbcb-892fdbaae3de,Mohammed Khalid,https://play-lh.googleusercontent.com/a-/ALV-UjUuzrJ4cCx91acuZg_Y3VXXQTIG1wSELiieVaz9AuK3Po7uw_saGQ,It is indeed a very good app. May Allah(swt) bless the developers. But I wish a have an option to br reminded by the prayer before its time say five minutes before. Much love ❤️,5,0,1.2.3,2022-04-04 13:27:33,,,1.2.3
412dcea5-02ad-4493-8b6a-4af756d2c211,Mohamed Cassim,https://play-lh.googleusercontent.com/a/ACg8ocL9mlrpphtfTM__r3P6zJSSqAy1Z83WAJKH4U-TEVTC1aVZBA=mo,Great and simple app to use Most useful and accurate as well Would be nice if sehri times were also added,5,0,1.2.3,2022-04-03 16:13:12,,,1.2.3
b240d596-519b-4b29-b25b-4aed0f8b7c06,Riyana Mir (Risha),https://play-lh.googleusercontent.com/a-/ALV-UjXaqZiKGL0F7ihReVyX82zHckyYo-0pBpcz2z62WbPhlFLWRAOQlA,"This is everything I was looking for in a prayer tracker. Simple, and not overwhelmed with features like other Islamic prayer apps. Pillars definitely strives to be the basics, and that's the best thing about it. Also thank you so much for having menstrual periods in this app. It's surprising how the most popular apps miss this key feature.",5,9,1.2.3,2022-04-03 10:08:35,,,1.2.3
9ee1b5cb-7421-4a3c-8e1d-1c9a5d27ee17,Zamzam H,https://play-lh.googleusercontent.com/a-/ALV-UjUcmhKBPIa1PpTknAPK3Toi9HJ_Ga12PnVORXfxYkJLSwIq9SpE,"My daughter introduced this app to me, mashallah it's so simple and easy to use with no ads. How did I go so long without this? May Allah grant you the highest reward for making this app.",5,0,1.2.3,2022-04-03 04:00:09,,,1.2.3
51e7f31d-5c05-46f2-a3ed-8982a87de005,Ahmet Tanrikulu,https://play-lh.googleusercontent.com/a-/ALV-UjXBD8qUVChh_v3K5XMC-zNltUGNIpoJj5jfiHJ4ZVfbl36hnap0,"Absulutely beautifully designed app, so simple and intuitive to use. No complex settings or hundreds of features, does just a couple of things very very well.",5,1,1.0.1,2022-04-02 06:06:34,,,1.0.1
5d6b646e-b0d2-4329-9fd7-7653787e62d1,Ibrahim Islam,https://play-lh.googleusercontent.com/a-/ALV-UjU8xC79ZV9dvCCfT20d-HGi8t8blghe_xgLJHxxIfOsakWb_88J,Very good,5,0,1.2.3,2022-04-02 01:06:28,,,1.2.3
1bb80454-ecb2-4a2d-9360-df435203ee52,A Google user,https://play-lh.googleusercontent.com/EGemoI2NTXmTsBVtJqk8jxF9rh8ApRWfsIMQSt2uE4OcpQqbFu7f7NbTK05lx80nuSijCz7sc3a277R67g,"Exactly what I was after, very well thought out app",5,0,1.2.3,2022-04-01 23:25:56,,,1.2.3
93844117-eee9-4e97-a562-79af25d45699,Nazma R,https://play-lh.googleusercontent.com/a-/ALV-UjV9zxD5p0s89cMJF-vwOGrCQ180j01BuOPwi7cQ57Tlwh20H0Q,"stopped working, app no longer opens",1,1,1.2.3,2022-04-01 02:09:50,,,1.2.3
fcfdda38-54a0-461f-b8f0-e28972d30dff,Soldier,https://play-lh.googleusercontent.com/a-/ALV-UjWZqkUIbBDP9-JcQKXvsM0Uqp_B1xZCKMWWl3le_9HgCcaE47c,Best app for muslim!I love it because it is without ads.I can track my prayers.I will really like if this company adds Quran. Allah bless you,5,0,1.2.3,2022-04-01 02:08:58,,,1.2.3
8e8133ff-3e8f-4e0f-ae55-ffedd65c7ab2,Jude Ezra,https://play-lh.googleusercontent.com/a-/ALV-UjX-9nNmMYvynUnl9dA_60IuOOSuhJ5jr0FEE6MfvlaQFuePanE,"Beautiful app, as a new revert, I wasn't getting on with Muslimpro and the constant ads. This is beautifully designed and easy to use.",5,0,1.2.3,2022-03-30 23:05:08,,,1.2.3
da9c1637-e82a-4a76-835c-064b5230010e,L Khan,https://play-lh.googleusercontent.com/a-/ALV-UjU3KEP_2JFt4f_TXSWscBB9IQUIg5grEPmt06I936P2t1WFe4s,This is the best app for prayer timetable and finding the Qibla... Thank you🙏,5,1,1.2.3,2022-03-30 21:34:41,,,1.2.3
674f0d48-9525-48e9-88e0-8c91b90c7911,Police Ashchilo,https://play-lh.googleusercontent.com/a/ACg8ocJuaP01FNkByLj5WQWBr00BEwZbEO7lhcHF8Sn0nBMTVTtDKA=mo,"Very handy, no add, no hassle, Ramadan kareem everyone ♥",5,0,1.2.3,2022-03-30 19:36:00,,,1.2.3
676b176f-40ee-4019-a506-9d83b32b7fe2,Saifuddin Arief,https://play-lh.googleusercontent.com/a-/ALV-UjXSiVekRUM56V0wN1kGb-t0a2oDtwke7Shd4R0z2Rs8WKpqJZ2T,"Please fix Qibla direction. At my Location, Pillars apps show qibla to opposite direction.",3,0,1.2.3,2022-03-30 11:01:38,,,1.2.3
4019d70f-a53e-4dd0-91f8-d5ec4f6d19d2,Yahyaa Masood,https://play-lh.googleusercontent.com/a/ACg8ocJDFy9uz4zT7m-Csqku4eih2rCpudInUkAlJGaPlUXOoBRoHw=mo,"Edit: New update addresses my concerns. Still don't see a way to enter location manually though. Appreciate the free app and you listening to users concerns. Jazakallah Khair. Old: ""Says"" privacy first. Main questions: Why don't I have an option to manually enter the city ? Why am I asked for location on every launch ? Others: There should be a button for the app to automatically update location. Otherwise should default to the already entered location.",5,1,,2022-03-30 02:29:55,"Salaam! I completely understand your concern. However, the reason for this is to ensure that your location is always accurate and we are giving you the correct prayer times. However, we will be enabling an update soon inshaAllah to allow for manual locations for those who prefer this. Abdul-Rahman (Co-Founder, Pillars).",2022-02-19 06:11:55,
a6e0c4af-fc65-4b23-b7ea-96a771b50573,Hussein Rai,https://play-lh.googleusercontent.com/a/ACg8ocLwTKyX8xbAxOi2fIOTvhJCyQSMA6A2n1jbeOgoUNv28eR7eA=mo,Best app no adds,5,0,1.2.3,2022-03-23 01:27:09,,,1.2.3
e385780e-a250-435b-b1ab-0ba30bfc6575,Waseem Naboulsi,https://play-lh.googleusercontent.com/a-/ALV-UjVn1nVL2nF9pgPW9G9gK6k0CuOjO1H-2qT9LiTFAzYEpUgZiP5H,"Beautiful, clean design with more features being added constantly.",5,0,1.2.3,2022-03-22 09:23:36,,,1.2.3
c529e98d-552f-4829-bc68-534fab214453,Adam Fosfi,https://play-lh.googleusercontent.com/a-/ALV-UjV-uPPup0oyf6H85PT08vGnTwqjOqSeAyFaxnFHBcC_U6AmGGmgEg,"Thank you, at least someone understands that having ads on a religious app is not ok",5,0,1.2.2,2022-03-21 11:34:25,,,1.2.2
fdf1f972-f4bd-4ac0-a9aa-64e034b7bffc,Basayir,https://play-lh.googleusercontent.com/a-/ALV-UjUiBCmqFhD7uVMSKE9sFnswPHCmFxqY6E7-sRABU6zhpqq2XDkp,JazaakallahuKhair for the greatest application. 💕,5,0,1.2.2,2022-03-20 20:39:27,,,1.2.2
300d80b2-25c1-4514-8fda-9d829e488048,Zenab Khan,https://play-lh.googleusercontent.com/a/ACg8ocLEJ_BY3vvNpc6IjhnkGiV4OYIeRhpNnSdsMr7_taL_Pb5CTA=mo,"A brilliant app which makes your goals to pray 5 times more enjoyable. I love the day to night background and the prayer times are accurate. The tracker is so satisfying and I especially like the menstrual hold which shows a respect, understanding and inclusion of women. This I've found can lack elsewhere.",5,8,1.2.2,2022-03-20 13:34:35,,,1.2.2
325dbd51-8696-4624-9ee9-c1ea1c979fc9,Md Shamsuzzaman,https://play-lh.googleusercontent.com/a-/ALV-UjV2As41X8zysP4ThhmojipI_cqBZiLcgC4iuOwSEQty9wDw2uov,🖤🖤🖤,5,0,1.2.2,2022-03-19 15:51:34,,,1.2.2
d9d51297-ea30-4d3e-8334-4b5752cd9b07,Ahmed Ramadan,https://play-lh.googleusercontent.com/a-/ALV-UjXgTlus7nuvJOFRFPN0d2ctvdPbaQvi9OmoLKJQ6G0SdY4odXlN,"Amazing app. I wish more features coming soon. Please, Arabic support soon, that would be very appreciated!",5,0,1.2.2,2022-03-18 21:58:26,,,1.2.2
7303347a-bacb-4b5e-8318-ab43a5e43607,PhysioSpace,https://play-lh.googleusercontent.com/a/ACg8ocLLsMj-Td-KGKHKBqbMO1s5xmDpKg_es2UcnnC9hGwSGxQP1g=mo,Great app .. works perfect .. easy to use.. we just need more beautiful widget,4,0,1.2.2,2022-03-17 20:03:04,,,1.2.2
d9daa5e3-568d-43a1-ac04-fe739c07d58d,Waleed Alvi,https://play-lh.googleusercontent.com/a/ACg8ocL2Tw2ew0T5CuE5fblH_C5KpTcxPTRv0bmr3p7VfNXlOUHtpyKX=mo,"Hands down the best prayer time tracker app on the market. Lovely UI, innovative features, a smooth experience. Not to mention creators which are constantly adding new features and listening to community feedback, all without having advertisements.",5,0,,2022-03-16 10:16:49,,,
0efad12f-360b-41dc-91db-aaa8807ab699,Muhammad ihtasham Arif,https://play-lh.googleusercontent.com/a/ACg8ocIJyUX3IFQXpgmxRrhqNUJC_LDa65tNzWWxV0_U_vsmC4MApQ=mo,Amazing app. Thanks Dev team !!!,5,0,1.2.2,2022-03-15 19:14:52,,,1.2.2
8ec9b355-c4d6-480a-a396-470511422340,Hicham Boussoulil (HiBo),https://play-lh.googleusercontent.com/a-/ALV-UjVp5AJsXvLAIbdD4BuOkQKNJ6MoVDLCT7OTXgxZBCNYU-ezcBqGpQ,"Best app , in my opinion it's just need an adhkar section and it will be perfect",5,0,1.2.2,2022-03-13 22:56:40,,,1.2.2
3b6deee8-1c82-474b-8881-5208815bda4c,E. O.,https://play-lh.googleusercontent.com/a/ACg8ocJgybXuoD88eMVss984H8O-WUZnUGH3jfEvIXNpxDTqK4jJuA=mo,"Good app, love its elegant light design, nonredundant. especially the tracking feature does the development team great credit. But,I think it'd be more adorable if add Hijra&Gregorian calendar and countdown&overdue prayer times on the widget. What do you say ?",3,0,,2022-03-13 17:32:10,,,
b56193cc-9f7e-4066-8725-9cc826ae3302,Muhammad Arnaldo,https://play-lh.googleusercontent.com/a/ACg8ocIORcj6WIR8IXmNDhqshmcZDvzExyiYl5L1iNGyQoFfVxLQDjQ=mo,please counting by indonesian ministry,4,0,1.2.2,2022-03-13 15:00:45,,,1.2.2
216de75b-854b-4290-a5bc-0bbf8b243b8e,Ahmad Abdalgalil,https://play-lh.googleusercontent.com/a-/ALV-UjWLJwF7kHv3I7ltdoXz5cNVOOES2Eu0WE-DIV6RXA94F9XsV9omcQ,"Great app, but it really needs a cloud backup option for the tracked prayers or at least a local backup.",4,2,1.2.2,2022-03-12 12:09:49,,,1.2.2
77804998-76f1-4a5a-aa79-db891264333a,Ahmad Zohal Azizi,https://play-lh.googleusercontent.com/a-/ALV-UjXfBljXwVUSVrN_kNO-XtYAa5JDrw5ipRP2Sq3r_WR63l6zu8CN,Pillars is one the best. Unfortunately recently I have some issues with it's notification. I don't usually get notified as I used to. Hope it will be fixed soon. 🤗,5,0,,2022-03-09 18:13:29,,,
f89835b9-387e-44b5-adc0-7a6f626309a2,Abdulhameed Shalabi Zedan,https://play-lh.googleusercontent.com/a-/ALV-UjU7dp1KYYItgRkuA_F10bZ-E6jsHBg1twGQ9FZ6pIF3JhRplUw,الرجاء حل مشكلة التطبيق لا يؤذن وهذا بعد آخر تحديث,4,0,1.2.2,2022-03-08 19:29:04,,,1.2.2
e04b9547-60e7-411a-8975-ef8b43fb554c,Ayesha Liaqat,https://play-lh.googleusercontent.com/a-/ALV-UjXlKs1oEKwze3XAdxH6bfjXOfyJP5zSfPXtfRn8r4eToRtxx_6bRw,A great app. A must have,5,0,,2022-03-05 21:01:40,,,
839e1f23-7b47-4d85-9acf-c5c3fa5de1c6,Abu Muhsin,https://play-lh.googleusercontent.com/a-/ALV-UjVFfgQogU7o5Zr34DJl6tU91K_8E_DO-44IaqqgcFsKyDVjv9w4,"Excellent app , does the job very well. However in this recent update the adhan no longer plays during prayer times, I don't know if it's a bug or not. Kindly fix it. Jazaakum Llahu khayran",5,1,1.0.1,2022-03-04 12:30:09,,,1.0.1
215e62ff-4e52-4436-87f5-c189c40bf63d,Aliza Shah,https://play-lh.googleusercontent.com/a-/ALV-UjV0cjuYIq7irFqPvIChgOpS8UGPe5b0jp4GDVwM2qhiwJuRGjFUlA,"Beautifully designed, functional, non-intrusive!",5,0,1.0.1,2022-03-01 09:53:14,,,1.0.1
4ec514ad-c181-417c-9d16-18ed901e35eb,Hassan Abbas,https://play-lh.googleusercontent.com/a/ACg8ocLHQqL8HbiElAR00yv1R1NfvaA2jMnYyPqfRCtKkR4Zhxe4Cw=mo,the design is out of the world amazing mashaAllah tabarkaAllah!!!,5,0,1.0.1,2022-03-01 06:40:25,,,1.0.1
62124cff-cf34-44ae-b83e-333a4c8b1a07,FufuZ_02,https://play-lh.googleusercontent.com/a-/ALV-UjWi_TQrAHD_NwHMvSb3Sv1kC0ZbpFfNYkt2giEVFsCBH4Z8bbQi,"Very great app!! Can i add a (trivial) suggestion? Maybe for each prayer time, add their own background, such as for maghrib, it has a sunset background, etc.",5,0,1.0.1,2022-02-28 19:02:29,,,1.0.1
741086ae-49c1-4702-9097-dc23adc8af8c,Khurshed Alam,https://play-lh.googleusercontent.com/a-/ALV-UjUtDL4gFaZWlsH9zbTRTdZqK3svJcCs4Kz2m1jGV8gXt4GuhG92,Excellent salaat app. It changes our life to get an exact prayer time of my local areas. Undoubtedly it's a great prayer app I have ever seen. Thanks a lot to Pillars team.,5,0,1.0.1,2022-02-26 19:19:28,,,1.0.1
a6bdadbf-97e0-4660-8e56-5215f03f0f8e,Ammar Elbasheer,https://play-lh.googleusercontent.com/a-/ALV-UjWPyuT3-EWiarOlmHkaRQ6Lf0rx2IalBGKEjm6_uvwdqCg1F31iQg,The UI and widget is and looks amazing! 👌,5,1,1.0.1,2022-02-24 04:47:19,,,1.0.1
88514c26-68f9-4505-8c7a-045b20cdc7e7,Shammi S. Quddus,https://play-lh.googleusercontent.com/a-/ALV-UjV7IlLqgP8WDu3v2TdHQ0yPoqlAky9PZD_h_acHSgiR2dL91-Q1,"Beautiful design, modern sleek, no ads. The best part is the menstruation feature thanks for acknowledging half the world's Muslim population and breaking taboo around this subject",5,1,1.0.1,2022-02-22 02:14:42,,,1.0.1
9b23adc0-95a7-47ae-8d71-0dcdea4869d5,Shama Shahzadi,https://play-lh.googleusercontent.com/a/ACg8ocLFnZJwcnJtL2K618a0-0fCvFJW8gidkfaabIU_TT-ZJVmEyw=mo,Amazing,5,0,1.0.1,2022-02-21 21:36:27,,,1.0.1
0865ae87-f51e-464a-8cf2-b810b7394c6f,Usman M.,https://play-lh.googleusercontent.com/a-/ALV-UjViePCSqJ2uLRkthZ5UZr7UP1Ecl_8gcEMG8FTyld0PwNxtY-e8,Please make correction to sunrise timings. Please check my email to you for details.,5,0,1.0.1,2022-02-19 23:19:14,,,1.0.1
07a4f948-301e-48e4-97b1-dd44b8a353bd,عرفان خان,https://play-lh.googleusercontent.com/a-/ALV-UjVKg3VUdb_R5VhdNHiVizugl2h0pAFB-0pwbLvYMnJRde9bOYkj,"One of the first best app ever without ads Please allow 12h format as soon as possible ,. . thanks",5,0,,2022-02-19 15:40:57,,,
7f69c528-2e73-4a4e-8367-c8bb25bbfb30,A Google user,https://play-lh.googleusercontent.com/EGemoI2NTXmTsBVtJqk8jxF9rh8ApRWfsIMQSt2uE4OcpQqbFu7f7NbTK05lx80nuSijCz7sc3a277R67g,Highly recommended it 👍,5,0,1.0.1,2022-02-19 07:12:15,,,1.0.1
d0efbf25-8c7a-4f41-82db-2c65557f9437,Awais Akbar,https://play-lh.googleusercontent.com/a/ACg8ocI4Hsu8VCBKDxdEtlYDcd8Lv-W9futA7CpLswAhFxkYCr42ow=mo,An outstanding app. Helps me a lot with my Ibadah (prayers),5,0,1.0.1,2022-02-18 12:49:02,,,1.0.1
bd821c8e-3ef1-465a-9a3b-2a3f2fcd729a,sher khan,https://play-lh.googleusercontent.com/a-/ALV-UjXg4heY59gPeyNkZtNOvUKNwWCWiMEY-Gh7EQ1E23Xjo-ubzBU,Awesome I am going to use this app,5,0,,2022-02-18 07:58:28,,,
86bed3bb-c70a-4dc4-a462-65fda0153673,Hasna Uddin,https://play-lh.googleusercontent.com/a-/ALV-UjXLTdhhnHHU9J2wFZx4HVJpwHRaKBCsGV07bWaABW6KAW4c1zL2,"Good app, recommended by a colleague. Helps me to keep track of my prayers.",5,0,1.0.1,2022-02-18 01:04:30,,,1.0.1
ccda77bb-5681-4d81-bf4d-bc3cd9d7e2b8,abdul ghafoor (papa),https://play-lh.googleusercontent.com/a/ACg8ocI1mXl5duAS5iLx5KE9_krhNFygVBmDLRv4_yRYEr8Ma8dDUZQr=mo,ماشا اللہ،،، واہ کیا عمدہ ایپ بنائی گئی ہے، اللہ تعالیٰ تمام ساتھیوں کو جزائے خیر عطا فرمائے، جنہوں نے اس کام کے لئے کوششیں کی ہیں،,5,0,1.0.1,2022-02-17 15:48:39,,,1.0.1
149c419c-b654-4c3f-9ac1-58c89987dd1c,MY Phone,https://play-lh.googleusercontent.com/a-/ALV-UjXUWkXp7AzdKuZQ9VYHGZNiXke6QmD5XF0xD690iHsrbfpyOhsyvA,"Masha Allah, may Allah bless you and Allah SWT give you reward",5,0,1.0.1,2022-02-16 23:56:49,,,1.0.1
591a910b-a115-4dd8-b105-aeba58e79c87,Ali Masood,https://play-lh.googleusercontent.com/a/ACg8ocIPXw2JUkEmV9f7JRIJmAksK5fxyfoFOMnk1hSmSwgigdGZCRI=mo,"MashAllah, such a great intiative. Kudos to the developers and the sponsers. Highly recommended.☺️☺️☺️",5,0,,2022-02-16 21:31:21,,,
ffee2b78-2ddc-4dc8-a749-cba3fe86b0bf,Ahmad Malik,https://play-lh.googleusercontent.com/a-/ALV-UjXlFojfZO3zOTTVi4J1oZxkuMAS9E8MM5FMqdgVyaQ0JCc3WQQ,Excellent app. But please include sunrise time in the widget!,5,0,1.0.1,2022-02-16 05:57:38,,,1.0.1
436e1578-9c29-4fb9-bccb-c6b90c86aa1f,Rabia Parveen,https://play-lh.googleusercontent.com/a-/ALV-UjWdteuF_XzujIbzHYSsNLJJjgilvhEu9fbBWgMGplC2DhiqBYJ_,Mashallah a really nice app! But I wish it had options for a smaller widget for Android.,5,0,1.0.1,2022-02-15 18:38:26,,,1.0.1
a085458a-94d1-4cd6-94a7-b2d7fe3e4ae9,Sany Ahmed,https://play-lh.googleusercontent.com/a/ACg8ocKG3OQx4-7aT2R359JUZyp9zG_tMjADPa5XQLvptNTdvjHgRA=mo,This is one of the most important aap to have it is very useful and accurate thanks,5,0,1.0.1,2022-02-15 17:10:21,,,1.0.1
beeb95c7-bbcf-490f-a7b8-796ad2ef8bde,Wamiq Al-Hussaini,https://play-lh.googleusercontent.com/a/ACg8ocLurb_r2zGriTGLWqIzl4RWrk2Phw1a3Sbiiidl2enE8quu2Q=mo,How come there isnt a prayer calculation method for KSA i.e. method based on Ummul Qura?,4,0,1.0.1,2022-02-09 17:20:28,,,1.0.1
6dc29cd9-ac20-466c-a51e-f8e850cf062d,Nabir,https://play-lh.googleusercontent.com/a-/ALV-UjWrnHiIDdbBkXp8uD55Y3UEGfsXmzw-Im-e7vioWVzak2UmMA2t,Really loved it🤗🥀,5,0,1.0.1,2022-02-08 19:05:11,,,1.0.1
58fc1414-a92c-4103-ae85-c29f44f771fb,Usman Bin Shahid,https://play-lh.googleusercontent.com/a-/ALV-UjX4jwwEHMbRwHQYpQjRmYdE3iK1PjqLxaAQTVflvp8zM7okULX9,True to it's word. Wonderful experience thus far,5,0,1.0.1,2022-02-08 09:24:10,,,1.0.1
df4f3318-c40f-4e2f-8558-c1e095cb8c66,Omar Ahmed,https://play-lh.googleusercontent.com/a-/ALV-UjURcWDxgYjVbFeInxJ4MU16LCztabmaq9gwaDOWFqokHojIZJ6c9A,Amazing prayer app with great new features added frequently including an amazing prayer tracker! Jzk to the devs! No ads too!,5,0,1.0.1,2022-02-07 05:01:49,,,1.0.1
aea79743-4a3a-40eb-83e0-590bb9c1c40d,Saeed,https://play-lh.googleusercontent.com/a-/ALV-UjWTavFP31mhl1cfCWuBfgnURouyHH1ew5xszdg0zP1L_JVKvDDH,may Allah bless you 🧡,5,0,1.0.1,2022-02-07 00:48:27,,,1.0.1
b5ee4c24-d9fd-4e3b-a431-145146822e59,Eslam Samy,https://play-lh.googleusercontent.com/a-/ALV-UjVaUYe5RUROKVvTx3yn3MAe3uE4Et8xdu9KyL-jbtmkLyq7OqLl,very useful thx 👍,5,0,,2022-02-03 00:10:44,,,
a4690feb-0602-4930-aacd-f9a98753425d,Mohd Ayaan Ulhaq,https://play-lh.googleusercontent.com/a/ACg8ocKPPrRBA5biejJwcfVlYnC96wZZ4dulP9_UDU2-pQYyhdrrhQ=mo,"Subhan'Allah, may Allah Jalle Jalaalahu bless both of the creators for coming up with this beautiful application. Jazak'Allah Khair, this app is customized according to our needs, very clear and simple to use for anyone from anywhere. People following different School of thoughts can select their prayer trackers so they can pray accordingly! Which is very beneficial. You can also select different prayer time calculating method. Qibla finder is EXTREMELY beneficial. I Highly recommend it!!💯",5,4,1.0.1,2022-02-01 18:50:04,,,1.0.1
dc928944-1c1f-49f9-8b79-abf9fc74ec30,Aman Maqsood,https://play-lh.googleusercontent.com/a/ACg8ocLvlIFPGLex1y4SLpXtOxhDJZPHtYbdmyNbTgOWKk9aM-9bsQ=mo,Subhanallah.. App is really good. Barak-Allah Khair,5,0,1.0.1,2022-01-31 07:19:44,,,1.0.1
3688fa19-27db-4fe1-981c-c00bb61cc492,Zarak Khan,https://play-lh.googleusercontent.com/a-/ALV-UjWTEqajrnzhI5EmbbB7EuA16iAXh-255h35NjvMK77KLT4heNQm,"For some mysterious reason, the app doesn't provide with the prayer times notification. And when I open the app, I'm bombarded with left-out prayer notifications that I should've received on time. This can really overwhelm the phone with lag. Please fix this.",3,9,1.0.1,2022-01-30 20:02:56,"Salaam! This sounds like an issue to do with battery optimisation. We've pushed some updates to try and address this but ideally you need to switch it off for the Pillars app in your phone's settings. inshaAllah that will help. Abdul-Rahman (Co-Founder, Pillars).",2022-02-19 06:13:49,1.0.1
adf00c62-540e-419e-ba21-fd6ae86e2661,FarouQ Dugrom,https://play-lh.googleusercontent.com/a-/ALV-UjU4XJAtYHjHBL4Gp7CVMI-AifRsGIuFR_96dJef9bGB5ISVILNc,جزاكم الله خيراً,5,0,1.0.1,2022-01-26 03:15:19,,,1.0.1
a3860534-9efb-45b2-92ae-2316efa37d25,Kalsofur,https://play-lh.googleusercontent.com/a-/ALV-UjW3g9ZeIJ4rIZGpLnbijqH5scBIkJj-leLYVxTtFYahDXIwSjui,"Ad-free, non-intrusive, and actually functional. Notifications didn't work on previous phone but they do now, so that's a relief.",5,1,1.0.1,2022-01-25 18:22:45,,,1.0.1
e705f725-ff14-4ec2-aa84-34a83130638b,Abrar,https://play-lh.googleusercontent.com/a-/ALV-UjW8GM_DUmN2Is5-2d5sGZS8fMY2MfLZHEkVOUuFCpVnNl2TqRCw,Has the best UI and widget I've seen for a prayer app.,5,0,1.0.1,2022-01-25 15:55:32,,,1.0.1
0aae8ed3-8f95-497c-a06e-9b706186c330,Paul Mohammed Ali,https://play-lh.googleusercontent.com/a-/ALV-UjXVnUiPon27Y9kPdSc5apx_KlGIK1_9DJB8GNUnRbczZWwCH-3o,This app was good when I first gt it but since you changed the app it doesn't work properly the azan notification doesn't go off on time missed my fajr prayer a couple of times now not happy...,1,3,1.0.1,2022-01-25 13:41:17,"Asslamau alaykum,

We've pushed a lot of updates recently to address these issues. We also highly recommend you turn off battery optimisation for the Pillars app to ensure timely delivery of notifications (unfortunately settings can interfere with delivery time quite significantly).

inshaAllah that helps!

Kind regards

Abdul-Rahman
Co-Founder",2022-02-19 05:56:03,1.0.1
ef7396c7-e3a4-4236-a365-87880879f7ca,Adhnan Wani,https://play-lh.googleusercontent.com/a/ACg8ocKtrTx5XFe-z4EdPwAkZ4hiFLYsllIGfHJh2dNFo5PxBwCXhVNo=mo,"Very neat, no-nonsensical and seamless UI! Please bring the tracker feature to the widgets, that would be incredibly helpful.",5,3,1.0.1,2022-01-23 14:02:39,,,1.0.1
a4f897cd-faee-460c-ac9d-af693afb18c3,Sahib Mostafa,https://play-lh.googleusercontent.com/a-/ALV-UjU1Cn5W7pygk79VSzQ9MuWUrKP-MLoyh3OS3bgwICbKV0HCgMuZ,Great app that lets you track prayer times. Very simple user friendly and even lets me use a widget on my home screen to quickly know when prayer times are.,5,2,1.0.1,2022-01-21 11:38:08,,,1.0.1
7ff2b9f9-d8ef-4360-83d1-573a5ed8f157,Zainab Aftab,https://play-lh.googleusercontent.com/a/ACg8ocKWUYIUg7YHzV567KxHM0x_DwNgljo13C4zA-nQKDy_Wn7S2Q=mo,Excellent app! Really well made,5,0,1.0.1,2022-01-21 10:47:06,,,1.0.1
26189cbf-0ed1-4e4a-befd-98fa5563c5d6,Fuzail Patel,https://play-lh.googleusercontent.com/a-/ALV-UjXSAgV5y3BChqTdPXAHML-cBTdKwlNxfvXjcZEMW7jXMmYX4JQs,So good....but plz add islamic calendar in app.,5,0,1.0.1,2022-01-17 13:37:18,,,1.0.1
e5f54747-92ae-4015-9bba-3231b81a80e6,Belal Chowdhury,https://play-lh.googleusercontent.com/a-/ALV-UjXNGKrnHgaOVynh-sZf2NsJ2t0SzmDAZeh1-e5h5qKlrY-0qwZ3Dw,Assalamu'alaikum waRhmatullahe waBarakatuh. I have found this app is great for my daily activities including prayers time and accurately locate the Quibla regardless wherever my current location is. I am highly recommend to download the app and check by yourself. May Allah swt give barakah to the people who are behind this wonderful app.,5,1,1.0.1,2022-01-15 02:53:45,,,1.0.1
9e1fccc0-d832-4a3a-9dfb-0d81f2e2f4ef,Noor Alam,https://play-lh.googleusercontent.com/a-/ALV-UjX-uAE7e3drvbwXE74UiVeNjd1nzV6nAzGvhNISlsksTEXCFYw_tg,"Perfect prayer app! Clean UI, no ads. Widget with daily prayer times and a compass.",5,0,,2022-01-13 20:03:48,,,
697d067f-600d-47b8-be9a-73c02e35118d,Hassan A,https://play-lh.googleusercontent.com/a-/ALV-UjWYRH409OAwW7KygLKrRxbHiSV3qXxM_MzVRl51q1jEwWvhr8nT,"NOT ""privacy focused"" if the app keeps asking for GPS location. No way of manually entering the location/city. App looks clean and well designed; however, privacy is a priority for me.",2,1,1.0.1,2022-01-12 15:16:05,"Salaam! I completely understand your concern. However, the reason for this is to ensure that your location is always accurate and we are giving you the correct prayer times. However, we will be enabling an update soon inshaAllah to allow for manual locations for those who prefer this. Abdul-Rahman (Co-Founder, Pillars).",2022-02-19 06:10:09,1.0.1
835c1a9a-0f14-4b6b-996c-b73ad19b5305,Fareez Hakimi,https://play-lh.googleusercontent.com/a-/ALV-UjWkhtNLN80GfT2HjBYmlyAtPruSjJZwlRpaTSczjJXpzkPw1YNm,"This app is amazing & I love it since it got clean ui and very easy to use. But I've been facing problem where when prayer time, there's no adhan sound even I already turn the features on. Please fix it, Thank You.",5,0,1.0.1,2022-01-11 18:46:26,,,1.0.1
3afae777-c6d8-4b98-9b0a-1b4902f711fb,Nurul Huda Hassan,https://play-lh.googleusercontent.com/a-/ALV-UjVE-gV409WE6MKlia6aMR7pt3YHRy-jaGlr1EO3-JMbSUcJ0flldw,"Compared to many other prayer time apps, Pillars' simple and clean UI is much welcomed. But unfortunately, the salaat times are not accurate. Even though I've enabled the Singapore setting, the timings are different than the ones released by MUIS. Hope the developers can rectify this.",3,5,1.0.1,2022-01-10 14:37:56,,,1.0.1
53e18c96-b7de-4f75-8531-289c14e2747a,Ramez Hammoud,https://play-lh.googleusercontent.com/a-/ALV-UjWM-_RgFvabj8ZiMrP9YawSVHt2vgTrmEZCWMBCu52BS6ocekSw,I would have rated this app 5 star but on the tracker I can't press Isha prayer.,4,0,1.0.1,2022-01-08 06:39:14,,,1.0.1
5d523ecb-7f2a-47ae-90d5-1767697b6f2b,Shaf Ahmed,https://play-lh.googleusercontent.com/a-/ALV-UjWGkiUALs4TZxST_isKc28eH7Y7j-XbgE8a3Vuk-MbWTUdaJIqeMA,"No Ads and the app looks great, what more could you want. It's nice not to be bombarded with adverts such as MuslimPro and no subscription required when trying to improve on your prayers.",5,7,1.0.1,2022-01-07 22:33:54,,,1.0.1
5b2973be-1864-44dd-83b2-1425ec1ae85c,Hibjur Rahman Mazumder,https://play-lh.googleusercontent.com/a-/ALV-UjWHfw4RgaWDFk4H1nC_XmB5xCaXsrTB4TiKtlOyUIr6eOM0tyvMGg,Alhamdulillah Very nice app I recommend every muslim to download the app,5,0,1.0.1,2022-01-07 11:59:20,,,1.0.1
ae4801d5-d774-4da9-b398-6cdc893cb177,Khalil Security,https://play-lh.googleusercontent.com/a-/ALV-UjX2uT_rKWgYqphM-_J83dofQIBryVscQqg5VW57wPMfjvDu5nc,"How is the app privacy-inspired if it doesn't allow you to manually choose a city instead of the broken button ""cotinue without location""?",1,3,1.0.1,2022-01-07 04:27:33,Barakallahu feek for your review. We will pushing an update shortly to allow manual locations. The main reason for only implementing automatic locations was to ensure the best user experience. Without regular automatic updates there is a risk of getting inaccurate prayer times. inshaAllah however you will have an option to change this soon!,2022-02-19 05:54:01,1.0.1
59f05f90-94a9-44a1-ad35-8e3e09a8ee2a,Malik Yassin,https://play-lh.googleusercontent.com/a/ACg8ocJ9b2VXZwj1nEEuqd0pvWEjXxJ8GQaMK3SW7Pm_5yH-8EfIfjin=mo,"Visually appealing, no ads and free.",5,0,1.0.1,2022-01-06 12:28:14,,,1.0.1
5ab0bd19-e391-4079-8c03-bb33e8b7023d,Basim Aman,https://play-lh.googleusercontent.com/a-/ALV-UjUOKtY5T-t4LHTMMHGTGT27EmWdzxD6JDMSXzu-PuXhqQlSpl06Zg,Wonderful Experience and Accurate timings. Can you make the Widget with Rounded Corners ?,5,0,1.0.1,2022-01-06 11:40:27,,,1.0.1
52be36c1-cdf1-4334-8d7a-fa53ca4d3546,suumeei shima,https://play-lh.googleusercontent.com/a-/ALV-UjXfeSQilNO6LRZqn3xjJijJkIplC8q5vqiF-ERYx_6r9elQ1CE,"Great app, very simple and easy to navigate.",5,0,1.0.1,2022-01-06 08:34:31,,,1.0.1
8dd71082-3805-4d02-9c6f-3c9fbd19ec00,MOHAMMED ANEES KUMMALI,https://play-lh.googleusercontent.com/a/ACg8ocLb009vVP9bftdBwT2paOY0pJzHMED1BPazNg6OijhHrgOtg_xm=mo,Masha Allah... Jazakumullah khair inil jazaa'...✅ Especially heartfelt 💖 thanks to u 2 brothers...finally i have got a traditional muslim app for Salah timings... Keep us in ur nawafil dhuas...✨🌱💚,5,0,1.0.1,2022-01-05 12:52:31,,,1.0.1
5244c5e1-7ea0-42ba-ad44-f8a1c3a5c309,Murshid Saleem,https://play-lh.googleusercontent.com/a/ACg8ocJ57kiD8DXjtnzYgJSR8Ctq1jrEmY4JsGRghObGwaTgWZjKjQ=mo,Great app I have tried many other apps for qibla direction but it doesn't helpful for me here in Sri Lanka. But alhamdulillah I can get a proper directions while using this app.,5,0,,2022-01-04 20:58:53,,,
139c1a31-9f1b-44af-8c6c-ce1f87b9a05e,Hamidulla Ziyo,https://play-lh.googleusercontent.com/a/ACg8ocLxRi-j00pjjPz7897x3tNfiNf5wKFgEQVrYGie7qOADDiitqcm=mo,"Clean, nice, intuitive design. No additional distractions. Great app",5,1,1.0.1,2022-01-04 02:21:05,,,1.0.1
6925301d-c7e9-418f-ab2c-5df935c923ff,Mohid Shaikh,https://play-lh.googleusercontent.com/a-/ALV-UjWcmnTqTdJcdRV5le9xMCjxGGftg-TzdSY7_kz_RJguqU64LTXZjA,"Ad free, simple and best. Make sure to turn off battery optimisation for timely adhaan notifications",5,0,,2022-01-03 18:29:10,,,
d9ba3e39-aa4b-4b41-a5d4-f8e0d2f0b9ec,Moshin Buksh,https://play-lh.googleusercontent.com/a-/ALV-UjXnoMlcy9VrcKHJWrozsTiHvsXT5qkDtVjrj0UPYYynsqO7-34Ovw,"Great app, would love for the next update to include a copy of the Quran with a bookmark feature!!!!",5,0,1.0.1,2022-01-02 20:35:24,,,1.0.1
6d1a1a1e-514f-492b-b0e8-1ffdbeaae093,Ahmad Darwish,https://play-lh.googleusercontent.com/a-/ALV-UjVJEPDrZlpTgUCyRMGtTgA4bB4QGuQspMp3i6KlPbrWi-x9yW2EtA,just awesome. no ads and you DON'T HAVE TO LOG IN to use the app which is very good for privacy,5,2,1.0.1,2022-01-01 17:21:03,,,1.0.1
daa1dc82-5a20-4a54-ba3f-19bc14c543d1,Nurul Hannan,https://play-lh.googleusercontent.com/a/ACg8ocLM-cLccjrRH1hMhajueFutHFECAPFGENHwgrbzmuKQa53AMw=mo,The navigation in this app is convenient to use but I would like to complain that I could not change my location and it is not located in the setting,3,4,1.0.1,2021-12-31 18:48:09,,,1.0.1
0902f598-8cb5-4d9d-9a11-f02ce68ee082,Muhammad Nabil,https://play-lh.googleusercontent.com/a-/ALV-UjXpyeSY6wlT9L2bvnaquBs2lZnaz6GEIZ9ZBbZ4dayN6xJzCUSl,"Hello, after v2 update the location not update automatically anymore, i can't even update location manually Update : Location successfuly updated after couple HOUR",3,3,1.0.1,2021-12-31 17:11:05,,,1.0.1
cc11cdbf-620f-48c9-90bb-19914ed02b1d,Rasin sahaji,https://play-lh.googleusercontent.com/a-/ALV-UjWPMmEFT3IeXbNCqzjC52awlqbbeC3CsDldijvqauA8jNgiIWKN,"Early stage but the UI really beautiful, Just amazing how the ui is maintained, just amazing, Mashallah",5,4,1.0.1,2021-12-31 07:01:02,,,1.0.1
475fbb74-0a82-4e3c-aa0c-72f159c2b0df,wallyrockman,https://play-lh.googleusercontent.com/a-/ALV-UjWcgY48KR25m0T5sPFQTnxvYpOwxEEJmPp0Xz7aeaP5NbaJhRLN,"Beautiful UI, accurate timing, simple to use and different timing of Ṣalāh according to the madhāhib taken into consideration",5,4,1.0.1,2021-12-30 20:43:18,,,1.0.1
83d41817-422f-49e3-8954-47e3259f29d1,Tabish Patel,https://play-lh.googleusercontent.com/a/ACg8ocIeXfrsgpEAVVTcNb1BHk1zYN_MukEGl9ufbHgbQ0XIcnhFz3rX=mo,"May Allah grant you highest ranks in jannah, no app has such clear and simplified user interface. And most importantly u r giving it all for free. InshaAllah all the users of this app will stand witness for u tomorrow. May Allah bless us all. The tracking feature is great MashaAllah.",5,6,1.0.1,2021-12-30 10:58:41,,,1.0.1
adc4a424-e8d2-44f1-9dce-cfeec2aa78ad,Abdullah Oladipo,https://play-lh.googleusercontent.com/a-/ALV-UjVBWN4NH8otnw41-uU3qdHeh9uMxTj5lFPruJ78eabXphCS0v57,"Great App with simplicity maa Shaa Allah. However there are lots of features being mentioned and hyped on social media that I do not find on my latest Android download. This includes widget, prayer notification alarm (it only does push notification with no sound), prayer tracker and many more non-fundamental features. jazakumullahkhayraa",4,0,1.0.1,2021-12-28 11:10:42,,,1.0.1
5a544286-4bb7-4f14-b560-0820a4c8371b,Muhammad Faruq Abdillah,https://play-lh.googleusercontent.com/a-/ALV-UjW2Myd_sHNNvKkJA4TkPREcSkhCsEoY3pETStR_jotud8McUD-J,"I found this app on Instagram Reels, it's beautiful. So I download it, and I love it! Jazakallahu khairan",5,0,,2021-12-24 09:12:24,,,
1f62ef53-0999-4a18-9a0a-be441fc535d0,Ammar Creative,https://play-lh.googleusercontent.com/a/ACg8ocJdRQjZBNTlD8Jn_JyLAR4KUzplrQ-A_Ju_jNcMd1MNRz7OXA=mo,Great app!! 🥳,5,0,,2021-12-23 19:10:18,,,
2fefa337-0aeb-4a08-922a-f01d0a75f062,Lanre Ottun,https://play-lh.googleusercontent.com/a/ACg8ocI2W0i1z1HIfB6jo946iqxXNAY7uNw_brsj6YJJGG56AesVMNuB=mo,"The most standardized azan app. I have downloaded different azan apps but this is by far the most simple, comprehensive, friendly one ever. The user interface is awesome. Love it",5,1,1.0.1,2021-12-22 17:32:10,,,1.0.1
4aee7e0e-12f9-466e-9230-58339d2c0f92,Sharif Hassanen,https://play-lh.googleusercontent.com/a/ACg8ocKJNvcj3hbtMUZTTJl1rtDERUvnky4ZSLyFK5vpLjI9Enk29w=mo,"So close to being the perfect prayer app. It's a very clean interface. The qibla compass is very smooth without jitters that others have. The only thing that this app is missing is the ability to choose other than the default notification sound, or to choose another adhan. That and ability to override mute.",4,8,1.0.1,2021-12-22 05:01:33,,,1.0.1
aee9c9dc-f437-46de-b56e-d49542b47f38,Basem Istanbouli,https://play-lh.googleusercontent.com/a-/ALV-UjWUcLvJw8hrGHIDsectpU7PKQcbhNI0iVta3pIC9dpM-NzfXsheIw,This is EXACTLY the kind of app I've been looking for. So many other athan and Islamic apps have so much clutter on them. This focuses on exactly what I'm looking for and that's prayer times. Could be cool to get a customizable option if folks wanted to add Quran or Dua but this is so great. Jazakallahu Khairan. Appreciate y'all!!,5,1,1.0.1,2021-12-19 13:16:29,,,1.0.1
c007363e-4e58-4983-a4b9-0c733caa8e1c,Abdirashid Sugulle,https://play-lh.googleusercontent.com/a-/ALV-UjWUHBj-baBzipPQyHA45ExTk9gxvTSrOXA-0wLdbjqJV5_bfaU9uQ,This is the best add free app with qibla Gps masha Allah,5,0,1.0.1,2021-12-18 18:17:06,,,1.0.1
ea9c9a3e-71c4-4f9f-9d58-53e08570954f,Omar Kazali,https://play-lh.googleusercontent.com/a/ACg8ocKeX8GXFEkgnZdhtreqxnTe1WBHwjxa7GHFxaAJdJpu9VkSeQ=mo,I'm happy they don't have all the ads because the other apps had a lot of corrupted ads for a religious app it would be nice if you guys added the Quran though.,5,0,1.0.1,2021-12-18 17:28:37,,,1.0.1
ba023296-29f2-47a0-8557-d0c2e9a6c34c,MR-HAMMER-TO Grinding all night,https://play-lh.googleusercontent.com/a-/ALV-UjXfFwJHnoHwZ1ZX0TfTC1QhRDB1rmk9xO_TIj9prINeFTJTb-IljA,👍👌,4,0,1.0.1,2021-12-13 08:18:13,,,1.0.1
16eaccf3-645d-4dd0-8918-9e6baa6b6515,Mehar suleman,https://play-lh.googleusercontent.com/a/ACg8ocKku05_1ozVaMv9U0qZR7KRFD6mhse1Gc-agBKu21YPwlY0EG8=mo,Good,5,0,1.0.1,2021-12-04 18:06:30,,,1.0.1
6abcb7a8-9ae1-40f8-a138-c0366e2eb524,Farah N.,https://play-lh.googleusercontent.com/a-/ALV-UjUJzkEhPnbM0AX5w7mbwjWOdCDJUz6bTZdM9ThfR8C29w4zN1lC,Beautiful and simple. Great user interface!,5,0,1.0.1,2021-12-03 19:02:50,,,1.0.1
e1ede6c1-5bba-498e-b62b-3383be45bb11,Djell Sal,https://play-lh.googleusercontent.com/a/ACg8ocIcOVE7lidJ7V0OtX49Au_XdQFM2X5qmEEMyULQonkxQ_l_TA=mo,More trustworthy than Muslimpro which steals your location data,5,0,1.0.1,2021-12-02 18:39:16,,,1.0.1
9ab65db5-0bb5-4e6d-b8a4-d0be52081d65,Farhan Altaf,https://play-lh.googleusercontent.com/a-/ALV-UjUX_3khhvGlfeNGr70MhsotCOXjktmP1z00Vr29yVCgxfJ-Qc5FSg,Great app! Need an option to change the calendar date too.,5,0,1.0.1,2021-11-29 00:41:29,,,1.0.1
a6d13903-9567-49d2-a26f-36c178fcb40b,Mohammed Ali AlSadeq,https://play-lh.googleusercontent.com/a-/ALV-UjXuPMHB3S4As_UOvu0A2TRUG3iLLg4HkY_Muu15Y0ESzwKPqOL-Ow,I would like to be able to add my choice of athan media file,5,0,,2021-11-29 00:19:39,,,
3bc7351b-b7eb-44b7-90c6-c131eb14a33c,Fawad Khan,https://play-lh.googleusercontent.com/a-/ALV-UjWdBVtjKlTGv4GJMNROTTum0tu77SVNMe89IIy-O-QU9AOt5qDg,Great app. Love the minimal look. Just one complaint. In android 12 it doesn't let us progress if we give approximate location. Only works with precise location.,5,1,1.0.1,2021-11-28 16:46:28,,,1.0.1
277f9c43-c020-4dce-b85e-b03406fde5fa,PuddAlt,https://play-lh.googleusercontent.com/a-/ALV-UjXOrVXTNUMpBYG9VRaD7cl-gt0k-eHguQdUFYIjrMx5oo68vtxl,The visuals are minimalistic and it's awesome. It does what it says. I'm interested in it's future development. Very cool mashallah.,5,0,1.0.1,2021-11-27 19:34:38,,,1.0.1
26d39839-34e2-452a-9a64-b335104f2668,s f sid,https://play-lh.googleusercontent.com/a-/ALV-UjWNAXqnSIV6flLXNR7NDiBQdfIXpm1Fs26DbcUq0tBDJ7EpoPtt,with du'aas that you grow and grow!,5,0,1.0.1,2021-11-25 09:15:34,,,1.0.1
66a07d67-03e3-4344-83a0-565b0bd4077f,Md Saifuddin,https://play-lh.googleusercontent.com/a-/ALV-UjXIqozSuK2aG80bhtOMmV_lkp0GqMf00Ife6Wk9VgNcDCHUYvWd,"So far so good. Only missing part is, support for Iqama at mosque time. But the clean and simple design is priceless.",5,0,1.0.1,2021-11-24 13:49:57,,,1.0.1
d1eedcd2-8088-456a-833c-a9e73dc55542,POPs Chohan,https://play-lh.googleusercontent.com/a-/ALV-UjXsM6WZwcJxkk_jaHMhx5_0ACY4SLpiytLM-2x2P5SmPdSjPVIhoQ,Easy to use. Just what I needed.,4,0,1.0.1,2021-11-23 03:49:50,,,1.0.1
7b599e35-15a0-4cc4-aa1b-719839934178,Yusuf Baig,https://play-lh.googleusercontent.com/a-/ALV-UjWDEzWeE2S6C8TISwjj9nTtQy3c_yElgethj3_ieNT5qsYoKdRkTg,"Amazing and clean app, def will recommend to people! There are a few minor adjustments I would love to see added though, as follows: 1. Make sunrise an option to show in the widget 2. Allow us to customize the widget to show how long remains until the next prayer instead of the exact time it is 3. Have the widget be able to change day/night theme or add an option in the setting 4. Have day/night mode change entire look of the app, not just prayer times section Great work y'all :))",4,13,1.0.1,2021-11-22 00:07:17,,,1.0.1
c1a80518-cd5b-4d69-bffe-4eca2e6b1ae1,Abdallah Mohamed,https://play-lh.googleusercontent.com/a-/ALV-UjWJYGeA-Fix-2KwrYABlqg4Z8-NLha_L5lfPP3ZCEkPGdPWjQ6n,Best prayer times app out there. Jazakom Allah Khyrun,5,9,1.0.1,2021-11-21 00:09:53,,,1.0.1
a428a375-bda4-4b24-b5da-d581484a719a,Ab Do,https://play-lh.googleusercontent.com/a-/ALV-UjWLVzG1G9jIz_0fXpspeHVh-HgI03estibU1U7ZAx9ygLPauYk,"Asalam o alykum. JazakAllah for this wonderful app. The app is amazing I recommend everyone to download this. It really cares for your privacy, no unnecessary permissions or anything thing. But there's one thing missing it would be great if you can you add tahajjud alarm to the app. That rings non stop till we stop it. Overall the app is great I installed it hoping for tahajjud alarm but I'll still keep it hoping you can add the alarm",5,3,1.0.1,2021-11-20 06:34:27,,,1.0.1
fec8215a-e346-473b-9696-713eac2cda6e,Afzal,https://play-lh.googleusercontent.com/a/ACg8ocKOIHVtBaymo-zIVCHG2GZtvUEr2iPrtNzGA6h2bucTJR7iMw=mo,Excellent and minimal app.,5,0,1.0.1,2021-11-19 23:14:46,,,1.0.1
21f155a0-b56a-463b-9737-dfd5223431cf,Mashal,https://play-lh.googleusercontent.com/a/ACg8ocJj_Gvij5JOrCc8vV2Blfu_vHYD7LiqCsygpMdpY0Mq1yIz=mo,"❤️. I'd like to add custom adhans from my own collection for each prayer, unfortunately, there is no option to do so. Also, can you allow to show both early and late Asr timings at a time instead of one?",5,2,1.0.1,2021-11-19 23:13:17,,,1.0.1
b62dbd3f-0c4c-46e5-866a-2e268bc01a08,M G,https://play-lh.googleusercontent.com/a/ACg8ocKHG_7SVoKu171zK-1CFaGE2qdmKM2tJ09Adjy_5YknHC_Vfw=mo,Private and accurate prayer times. I love it,5,0,1.0.1,2021-11-19 02:03:37,,,1.0.1
09d0099b-79a1-4ae3-a80e-a49e6849765c,Amaan A,https://play-lh.googleusercontent.com/a-/ALV-UjWc0t5a3OKpeUwlWT6j5xp_vd97usjdnSBuHuZpL3INaHhUso_7,Masha' Allah - good app,5,0,1.0.1,2021-11-15 23:07:38,,,1.0.1
f2c1d81a-fe76-4a00-94f7-a56da3516ace,Shakira,https://play-lh.googleusercontent.com/a-/ALV-UjUqcCJFDSkDqiYdZevXMsgRoXfLWi6wgNG65q89hsYiVSIIrzLQ,"Beautiful, precise and functional",5,0,1.0.1,2021-11-15 15:53:53,,,1.0.1
bba7cecc-7e6e-4f7f-b76d-092cb2ed4654,Shifa Chauhan,https://play-lh.googleusercontent.com/a/ACg8ocKZrE2jbV1N2zjoBp3sWUU-c23iJO659swCuA1xO8dSqL70tA=mo,It's good.. bt it requires more options like reminding options before every prayer,5,0,1.0.1,2021-11-15 14:50:06,,,1.0.1
abd4364b-5e72-46e0-894a-e392ede3fcd5,Noshin A,https://play-lh.googleusercontent.com/a-/ALV-UjU0qGzvJEPMPNs_Lu-Jxy0iUA7kg3v7NCETWhI1Em-DH-hvTQ_-pw,"Absolutely fantastic! This app informs you of everything you need to know- firstly the prayer times (obviously), but the count down to the next prayer time is invaluable. It automatically adjusts the prayer times to your location; it gives you the position of the sun in the sky so you know if it's a prohibited time to pray (eg zawal). It also has a compass, so you don't have to open another app for that- very useful. You can also opt for the early or late Asr. Design- beautifully simple. No ads!",5,27,,2021-11-15 11:56:02,,,
db4fdd19-93b4-4027-8951-6e183910af13,Abdulfatah Yousfi,https://play-lh.googleusercontent.com/a/ACg8ocJgDdWCGzA-da7ch_JnejdouFGs7yUtZcE3wDI6juqoiubUUw=mo,I love the design and layout. I use it to check the prayer times in my area and it is very accurate. I look forward to seeing what more can be added to this application.,5,0,1.0.1,2021-11-15 06:48:43,,,1.0.1
56fe2a22-5b42-442a-8b55-2cd466800d34,Gr8Beat,https://play-lh.googleusercontent.com/a-/ALV-UjXY_IvTcUj4-P9AH0DHLEoxgBqZVIlA7xPgc0kRg7Dz563aZfor,Everything looks fine; it's an easeful design ⭐,5,1,1.0.1,2021-11-14 20:17:55,,,1.0.1
85e5bca9-e47d-4882-9376-25eeae79880a,The MDM,https://play-lh.googleusercontent.com/a-/ALV-UjUFqmxJpgAX3ihyxvTN4C8T5uD0ZsE26zy4zb7sj0suxcUoXV2u,Nice and slick does the job,5,0,1.0.1,2021-11-13 22:46:50,,,1.0.1
92180710-8b86-42ed-84f6-8951a71aef8e,Mahitab Anwar,https://play-lh.googleusercontent.com/a-/ALV-UjX5N1_52E5UrG3tIAenvqQmqewKqzn3BpXhehm7FmOT0RFpBjVM,"I LOVE the minimalistic aspect of it and i appreciate that it's not cluttered , and great job for adding a widget. One thing that's acting kinda weird is the qibla .. i'm not sure why but it's quite okay.",4,1,1.0.1,2021-11-11 17:43:46,,,1.0.1
f3957db7-4dee-4c19-aa8d-657d2c67756c,Ha GA,https://play-lh.googleusercontent.com/a/ACg8ocJ-FR3X1PBrMX4KZ_V9KLh6USP-uh_Q9rB-AWkjGXB0kUsuBw=mo,"It's what we need from an app like this simple and effective, but it's a shame it's not accurate for me, and my place.",4,0,1.0.1,2021-11-11 05:55:26,,,1.0.1
75a62799-fad2-4c6b-b7ba-3a2b0340be9a,Rana Abu Alhaija,https://play-lh.googleusercontent.com/a-/ALV-UjVvmswDzilCWeIwQ4KPX5EELN_14ONxJyUUpbYulmtPE2mGmkEL,"OMA (Oh my Allah!) This is an amazing app. Modern, slim, very good visuals, easy to use. You get what you need without the fuss of similar apps. It creates a peaceful mindset which is what Islam and praying is all about. The personal touch of ""meeting"" the developers and their values from the get go is a nice touch. If you do add more features please keep the simple design, or do a second app for the additional features. I will be glad to betatest",5,7,1.0.1,2021-11-10 18:37:42,,,1.0.1
ccc026d1-501b-45b8-be10-abe6b22c5d98,E YK,https://play-lh.googleusercontent.com/a/ACg8ocIMQaPnG7cKmRdtf1Pk1I8Y9-VdpHuppbkXhAIWVWxuBtGuHA=mo,Very easy to use. No ads. Does the job. Excellent app for the need.,5,1,1.0.1,2021-11-08 02:03:05,,,1.0.1
e39bc6d1-4d13-4cce-a82c-5a2ad76facd1,Zedny Elman,https://play-lh.googleusercontent.com/a-/ALV-UjXf2lsUlLJfyWBtGSx9fX0uP63i9S2lFWIMfeR4gRlEH19DHiF0,"You said you respect privacy but you are forcing location enable and no manual, when I deny location I just get blank screen. Uninstalling until you fix it",1,3,1.0.1,2021-11-07 18:58:36,"Salaam!

I understand your concern. However, the reason for this is to ensure that your location is always accurate and we are giving you the correct prayer times. However, we will be enabling an update soon inshaAllah to allow for manual locations for those who prefer this.

Kind regards

Abdul-Rahman
Co-Founder, Pillars",2022-02-19 06:04:41,1.0.1
f6d0d7e4-ec08-43c0-8ca7-b0010b2c172b,Sabina,https://play-lh.googleusercontent.com/a/ACg8ocKp9RDlAZPsEH3n8YW1ukXWnaQppZmHoi4nJgivOhKQ82H6-Q=mo,"No ads, so perfect.",5,0,1.0.1,2021-11-07 15:05:19,,,1.0.1
89273df0-116a-4824-86c8-a139c14bc0f5,Maryama Ali,https://play-lh.googleusercontent.com/a-/ALV-UjUryqfQ7nWqfWZvUAWJ_zPAk7A_7rxMeRz4oVkic4bgNxlQ029X,Love this prayer app! Very simple design yet elegant. Best of all: no adds. May Allah bless the team behind this app 🧡,5,0,1.0.1,2021-11-07 05:40:44,,,1.0.1
c6b4062d-e1d1-4c1f-8b03-cf7eebf4f624,jamalmehmood,https://play-lh.googleusercontent.com/a-/ALV-UjUfUpTheQ96otWUn3RSBZRWvmG4i71TMchH7IgVVq2V2j1TGsKy,"Beautiful, simple, usable, no ads, no pop ups. Brilliant app and can't wait to see what updates are next.",5,1,1.0.1,2021-11-07 04:59:05,,,1.0.1
80aa01e1-182e-42db-bb61-8f456f88c4c5,Saad Saeed,https://play-lh.googleusercontent.com/a/ACg8ocJMPB0lseFqi5V8jU7FQRCZ1txhU_oIVhgBjQ14HA-Va7hhcA=mo,The visuals are so clean and beautiful despite being simple and its functionality is absolutely perfect. It does what it says. So many options depending on which method of calculation you want to follow and the widget is splendid as well. You can tell this is a passion project and a lot of love was put into it. Insha Allah it remains good and it motivates me and other people to pray.,5,7,1.0.1,2021-11-07 03:03:41,,,1.0.1
3f256123-2731-4acd-b347-b762777f5d9a,Sylheti Rannaghor,https://play-lh.googleusercontent.com/a-/ALV-UjXCuZdBzSixlHw6zIaZFdHGJqufUSpYbxm0n1j_kwxbegfLL24,Amazing app,5,0,1.0.1,2021-11-07 02:41:20,,,1.0.1
6e7b9bb6-1f4c-4a6b-b6e8-42172ca3c2e5,Stimpson J. Cat,https://play-lh.googleusercontent.com/a-/ALV-UjUE92TC4TqOvMNfphClU6D7OXev0L5qcgiiiZKJr70xYeUm794E,Some others aren't around no more. Some others caught in the news spying on us. Some have half of what you're looking for so you need two. Some are glitched up. Some are big britches bloodsuckers with BIG plans. Wanna cut to the chase & avoid the 'noid? Simplify by download this. Now with widget. Check them out on Ig. Sign up for the newsletter. Let's go brandon!,5,1,1.0.1,2021-11-07 01:57:16,,,1.0.1
785df320-ce96-4771-949d-a7231720fbb4,Saraj Sarajevo,https://play-lh.googleusercontent.com/a-/ALV-UjVJtYg00PSel5oda3HJC74m-N_P_2HqQHiR9DYh3aMeshWNFZqKOQ,"Assalamu alaikum warahmatullahi wabarakatuhu, I ask Allaah ta'laa to reward you abundantly on Dunya and Akhirah. Ameen. The best app so far, no adds:).JazakAllah Khayr.",5,0,1.0.1,2021-11-07 01:47:52,,,1.0.1
be973977-ec54-4a38-a97b-4da51fb98f9c,Jamil Khan,https://play-lh.googleusercontent.com/a/ACg8ocKYQZ2d2A0fbCqChpIpMxRbbGZTxIglfA-mtLAw5hvQ-cVR3pEB=mo,"Perfect, simple and easy to set up and use. And it's reliable. Subtle colours, well laid out graphics in an uncluttered design. Lets you go into detail on the months namazs and other stuff if you want to do that. I've got the widget on my home screen telling me the time of the next Namaz in bold and lists all the nanazs of the day below that making planning the day easier. So easy to use. No adverts makes it a pleasure to navigate thru.",5,10,1.0.1,2021-11-07 01:23:01,,,1.0.1
576be2d5-067c-404e-866a-cf3b921fb601,aamar mahmood,https://play-lh.googleusercontent.com/a/ACg8ocJnpi8wPDzPS8AbQkevwh-Bg0kpNMrlhYP1UAOEcRGSBNM0OW3n=mo,There is no other app that comes close to this in terms of UX. Its the best out there,5,0,1.0.1,2021-11-07 00:42:56,,,1.0.1
560f5397-934c-4096-9862-60cdf80c0eb7,Muna Ahmed,https://play-lh.googleusercontent.com/a/ACg8ocL_hmURUVPp_obYLi4zak92wh9FSCHHgefLeQO3pfAsWjZMuQ=mo,"Love the app for its simplicity, ease of use, and no ads!",5,0,1.0.1,2021-11-07 00:26:55,,,1.0.1
f19e68db-b028-4f6a-8206-de9eabe2a94d,Nabu,https://play-lh.googleusercontent.com/a/ACg8ocJ7YyjcdornFiTkZDbiz7i41D3Wxx94OMr0ZKD-1t5uatd0Rg=mo,Does not include prayers times for Shia madhab.,1,0,1.0.1,2021-11-06 15:44:26,,,1.0.1
e0037f2b-5270-47aa-b468-a18407ba8547,Hamza Rao,https://play-lh.googleusercontent.com/a-/ALV-UjWlZGPlc1QAexo2fcBveIMM0qTtDeSSS0oKHeCdBw4QAT0dsYx7Uw,ماشاءاللہ Beautifully designed app. جزاکم اللہ خیراً for keeping it ad free and respecting user privacy.,5,1,1.0.1,2021-11-05 04:45:05,,,1.0.1
2999eb04-8316-4c37-9056-c440dcee0ca5,Afzal Khan,https://play-lh.googleusercontent.com/a-/ALV-UjVl73mcZGg2LwS0BPGLZL89RqqKot_w2FODH739oKATJ2JfBKbV,Very nice,5,0,1.0.1,2021-11-02 10:26:09,,,1.0.1
067b6967-2e45-45cb-bf88-682e637e829c,MUSA MUHAMMED,https://play-lh.googleusercontent.com/a/ACg8ocLQaBud8M0ig-sq36catWtobiZSebshHkdgPmeXo8M2o6QGvm0=mo,Very good app may allah reward all you,5,0,1.0.1,2021-11-02 00:15:39,,,1.0.1
8854bcf3-17e3-404b-93b7-2ed796483207,Siraj Alam,https://play-lh.googleusercontent.com/a-/ALV-UjX3xDKFLlwpSWphkcmpRnO7jAcZMYB1JVulKtyciMln8g-a1HYN,Simple and functional... Exactly what an app with such purpose should be. Jazak Allah.,5,0,,2021-10-31 21:25:10,,,
5af14e88-5267-484c-8c03-2add77ee3637,Faraz Ijaz,https://play-lh.googleusercontent.com/a-/ALV-UjXv6uA1ZuU7bVk_7ZkGK0YqhG7lcfVRsJsr1okjX5kKmfZJoXg,"Beautifully executed and gorgeous interface. One of the much better Adhan apps on PlayStore. Do not change the overall design of the app. However do consider redesigning the Qiba section and the widget. Please give the widget ""round"" edges as it will fit the overall design. Also consider adding number of units to be prayed :) Barakallahu'feek for an add-free app.",4,2,1.0.1,2021-10-31 17:21:57,,,1.0.1
e7365f22-333c-47c4-b86e-1d47445fce6d,Obaid Khorsand,https://play-lh.googleusercontent.com/a-/ALV-UjVLo3THs1A3_sc8h8j7oy5rJCArhzTdErQiU8vyBRxCxC7YTEc,Nice simple app but the Qibla tool doesn't work,4,0,1.0.1,2021-10-28 22:59:50,,,1.0.1
c2589233-6e1e-4a4b-a117-8631c221abf8,Muqadas Malaiqa,https://play-lh.googleusercontent.com/a/ACg8ocIBc35hK90-dX5sKu86bATg9MDXmHoTNAbdbiNN-zdey4YbLw=mo,No doubt its perfect app its was working good but from last week its not working properly in my phone no giving me namaz notifications I set it on my home page when I click on it than its notify me probably if its magrib time it gives me notifications of magrib,1,1,,2021-10-28 18:03:45,"Asslamau alaykum,

We've pushed a lot of updates recently to address these issues. We also highly recommend you turn off battery optimisation for the Pillars app to ensure timely delivery of notifications (unfortunately settings can interfere with delivery time quite significantly).

inshaAllah that helps!

Kind regards

Abdul-Rahman
Co-Founder",2022-02-19 05:55:32,
14871e8c-828c-41b1-8889-6bf210168781,Sulleyman Arthur,https://play-lh.googleusercontent.com/a-/ALV-UjVdV2_zECiESWWGNDMZtk7gs0WythsW1E-Z2Bu3dBAryzM7qTfw_A,The best prayer app so far,5,0,1.0.1,2021-10-27 14:46:30,,,1.0.1
8e41240a-7669-4a64-836f-0cb7ecbd24f7,Elhoussaine,https://play-lh.googleusercontent.com/a-/ALV-UjX-UvqkiS2fSoAq09t0NDjSYVNblxo4J3JZgrOKKLpAJ9hZxRuf,"Great app brothers, but I think you should fix a bug wich is the Athan sound. The call to prayer (that beautiful voice) does not always work, sometimes I hear it once a week or more! Barakallah ou fikoum brothers .",5,4,1.0.1,2021-10-23 18:21:24,,,1.0.1
49f4cca2-89de-4681-925c-ae3075629dab,Rameez Raza,https://play-lh.googleusercontent.com/a/ACg8ocKBUWvhSerM2I-uRNosn1sy068AIIehuXYoV1BrlF3Oa2N6JADT=mo,May Allah reward you,5,0,,2021-10-23 11:29:00,,,
c1f5801a-1ead-4121-ac13-268ea20f5fa3,Muhammad Habib Samarkand,https://play-lh.googleusercontent.com/a-/ALV-UjWEIIeyGPkIDldT6kIYGBLHsZGKtEsvqZCakitvomRjsk02N-zYBA,Jazakallah for your beautiful app.. may god Allah bless u.. one request for the developer.. if it's possible can u make your beautiful widget with a rounded corner? Thanks,5,0,1.0.1,2021-10-23 06:50:15,,,1.0.1
4544f71f-f2f0-43f2-add9-fab971613e8b,Tim Alj,https://play-lh.googleusercontent.com/a-/ALV-UjV38SHkLV4FUgQkFryw4R9cm4UvNTKF00SgcK_SYfa-tHD2bsWg,"Alhamdulillah, ad-free, simply the tools you need. please keep it this simple and free. this is the only things mostly muslims need.",5,0,1.0.1,2021-10-23 05:50:17,,,1.0.1
75a4e840-4d86-432f-ab39-5d166c511ff9,Muhammad Rehan Saeed,https://play-lh.googleusercontent.com/a-/ALV-UjW6447km4DpPbIosyc9yuJfjf7tEVCwwL2BDRNhuEUWIksHvVyr,Switched from Muslim Pro because they sold Muslims out by selling our data. This is a privacy first app.,5,0,1.0.1,2021-10-23 02:09:38,,,1.0.1
0a83c9a3-deb1-48cc-bb6f-9551b25e8e42,shorty boyd,https://play-lh.googleusercontent.com/a/ACg8ocK_uu7rUZUlsZkFXOZJvcbZAdYupt8oXIESbwcyiWhrQ0jVekk=mo,"Mashallah wonderful, a request if possible, can you make a single line widget that's clear similar to Muslim pro, it just looks soo good 😭😭😭 sorry for being so whiney lmao, anyway bless you guys",5,0,,2021-10-23 00:09:52,,,
7b4d8728-91a5-4693-94f1-180b51a3f043,Ahmed Khan,https://play-lh.googleusercontent.com/a/ACg8ocKw3TLQ5aiWBg2nBU8SyxzDB5xKZCYTG992EtrBoIXfpCzdDw=mo,Just what I was looking for ...,5,0,1.0.1,2021-10-20 01:07:29,,,1.0.1
1f35bd72-ff58-45d0-bdb8-284d81c6bd13,Ayesha Jogiyat,https://play-lh.googleusercontent.com/a/ACg8ocLr14QZvOnsEsCQeZgQlw9LK_sSc-CHHfhR3MBmDMryyJ0QoQ=mo,"LOVE THIS APP! Brilliant for telling me local salaah times, qibla and the Islamic date. Its features are great, you can put the widgets on your home screen and best of all NO ADs. It the perfect app for finding your time on the go and when in a rush, Jazakallah Team!",5,4,1.0.1,2021-10-19 23:11:58,,,1.0.1
28371b02-c44b-4610-b233-2494968a6ebd,theman ins the swers,https://play-lh.googleusercontent.com/a/ACg8ocIvw7BELF1TPNx7zND98vyOyhcmJClvgIbG9X1wR622hnFX9FU=mo,"Great app, i would love to see, fixed notification setting to avoid the phone closing the app to save battery.",5,1,1.0.1,2021-10-19 18:12:03,,,1.0.1
fa53afef-eab1-4905-81bb-fdb6f6fb53bf,Hassan Suhaib,https://play-lh.googleusercontent.com/a-/ALV-UjVwWe94Nkne9UjCEfX7nYjbuBDXHfqQa0iNv1uZRiJcLo7ouVkEYA,This app is just awesome! Straight to the point and no nonsense!,5,1,1.0.1,2021-10-19 04:07:06,,,1.0.1
8dbd0080-1838-49bc-8313-9098344d1f6a,Hathim Yoosuf,https://play-lh.googleusercontent.com/a-/ALV-UjVsFFs2yLvJ06_xrFC2pZgR9CImgKfJRNZEmAP0KQjV71Voh3kGuA,Does the job perfectly. No ads. Light and fast.,5,1,1.0.1,2021-10-19 01:16:45,,,1.0.1
7758bb3a-4426-4797-b5b1-e69e351516b3,Dawud Thayeb Parkes,https://play-lh.googleusercontent.com/a-/ALV-UjUgJaOC1nGjA6riDoIR4b4vzM0PySJwwgpubL-AUj0BTK95J3wN,"I love this app. As a revert I value having an app that gives me accurate adhans for free, advert free and without collecting data (something I am sure all us Muslims are wary of in the current political climate). This app is good already and if the 'coming soon features are added it will blow the competition away. Shukran brothers for all your work on this.",5,1,1.0.1,2021-10-18 03:40:45,,,1.0.1
d4f3ba8b-31de-4c38-8189-329eae226fe7,SAYYIDA C P,https://play-lh.googleusercontent.com/a-/ALV-UjWdu6bzAXVx-hsC0smJpnFY9esQJU65IiAs-QnoeNOTrPOkLrpo,Jazakallahu khairan,5,0,,2021-10-18 00:41:01,,,
16ef94b4-9500-4fa8-b4e2-aace1cfe5819,Danial Samy,https://play-lh.googleusercontent.com/a-/ALV-UjV3iKZzq7lY1lfJ4j1XiM060Yz2Cy1YQUl_kYwk_74kw6QsHH6FNQ,Beautiful app mA,5,0,1.0.1,2021-10-11 01:27:16,,,1.0.1
5f420eef-8eff-4695-bc34-d72a07b0b7e7,DON'T,https://play-lh.googleusercontent.com/a-/ALV-UjXv25SxSYtlrUzQ7XgPkEw4AV8kFhKXOrp_8cLpNyBK0cz2MUw,"Jazakallahu khairan for this amazing app.If you could make the Corners of the widget curve, it will be awesome to see, hope you will make it the next update",5,3,1.0.1,2021-10-08 19:58:27,,,1.0.1
a93d3195-80d6-46c3-b998-301e45d67fc5,Ali Janmohamed,https://play-lh.googleusercontent.com/a-/ALV-UjXdpi3ATeaFSwSbG80Kuhx3rK_OLQIx5tQqwyznTnYzgiK06CFkQA,Please add more calculation method like the ones the Jafarri community use. The timings here in Canada 🇨🇦 is not exactly the same timing as the one the app shows,3,0,,2021-10-08 17:28:26,,,
afe84e66-82e0-460a-983b-1d657b7f48fe,YOUSUF IMAM,https://play-lh.googleusercontent.com/a-/ALV-UjV6t0yBLQyGnOoayFvBCYEjil7wrxNn5hsjITAXmD81e1R9-hE,"The is no scope of Jaffery school of thought, i.e. Shia theology timings. You should've been more inclusive in creating an app meant for all Muslims ☹️",1,1,,2021-10-08 14:33:00,,,
8dacfb08-3beb-443a-b1e0-3f59cbe909d8,_.,https://play-lh.googleusercontent.com/a-/ALV-UjWbIbjh80TmhxvRaUrN-wbKtTj2hcwn4G3lPtXfdjyCOI7iiw8m,"Absolutely fantastic! If Allah (swt) has brought you here, I highly encourage you to install this & give it ago!",5,0,1.0.1,2021-10-06 21:01:14,,,1.0.1
106a873d-7eab-403d-b8ee-5da84ac6c7a5,H,https://play-lh.googleusercontent.com/a/ACg8ocK-_3a5D-pNbzJD_Fu3f39u9WsxSn3in3k0p3djJZc_n_4GmA=mo,I've been through alot of prayer time and Qibla direction apps. There's no doubt 💯 this is the best. I use it regularly everyday and recommend everyone else too. The one issue I have is the adhan doest play it's random even when I select it to be loud. Please can u help.,5,11,1.0.1,2021-10-03 05:56:42,,,1.0.1
bdad271a-ac05-4f5a-816c-81d9b10686fd,Amjadk47 k,https://play-lh.googleusercontent.com/a-/ALV-UjUMCps3NGLphOUP-ClvOGbJ9HX-aDw1eeDzCE4nwPl45F6BqS8x,Just what I needed !,5,0,1.0.1,2021-09-30 21:03:00,,,1.0.1
367ef7a8-3d4d-42b1-800b-9f6861dd1159,Sai Zan,https://play-lh.googleusercontent.com/a/ACg8ocKCpsMGDnHv2O6qiU4uWcXOsOxYFWGIGn8lMmFg12i8zIjLIA=mo,This app is great!.. The UI is clean and simple.. and no ads.. May the creator of this app be rewarded for his/their good deeds...,5,3,1.0.1,2021-09-30 14:19:54,,,1.0.1
33040205-f39b-41f0-8702-2b47af6d0640,Ibne Muhammad Ali,https://play-lh.googleusercontent.com/a-/ALV-UjVu3Zkk9Fni4X7-RSkZv5NYmYfxbY61J2kxf01oZT658sXKxQvd,Mashallah so beautiful app,5,0,1.0.1,2021-09-27 01:43:52,,,1.0.1
ad92fd01-57f0-4440-9f2f-dac2f04a9cea,Arshad Faiyaz,https://play-lh.googleusercontent.com/a-/ALV-UjWpTy87DZGCLKAmGStr7B1N04W7-NknpAJhaZYz302DLCkhdjhI,Simply Amazing,5,0,1.0.1,2021-09-26 18:15:08,,,1.0.1
7d2063b4-3880-41f9-8832-7f010a0a141a,Darus Salam Rabbie,https://play-lh.googleusercontent.com/a-/ALV-UjV7fCxuIdYnHNwj4vUGI1VEsOyTyD4Lrprbw38EYidIcDye5SRNcw,Such a great app with simple but very useful interface. Loved it so much. Thank you developers for your creativity and effort. ❤️,5,2,1.0.1,2021-09-25 02:22:00,,,1.0.1
2dbe2cb8-8e41-4f5b-9608-f486d871a117,Ahmed Adam,https://play-lh.googleusercontent.com/a-/ALV-UjVaZhxc62oSJnm1EhhmhkUBESIM8IS0FYn90Y5Xo3KKIKS7gRWH,The best keep it up,5,0,1.0.1,2021-09-24 22:40:54,,,1.0.1
f2538309-6773-463c-9a7e-c3219c8f24b1,Syamimi A.Jalalal,https://play-lh.googleusercontent.com/a-/ALV-UjWxRQMo-9_Ye2zDOvfUlgzbYqtpru_aBqbX7QuI9eh5toX0N5c,"Very clean and neat apps, it looks pretty and modern. And i like it that there are no ads. Love this so much. No regrets!",5,1,1.0.1,2021-09-19 18:42:16,,,1.0.1
9fe90126-fd59-428c-ab1d-4d81ea4afdaf,Adhifa,https://play-lh.googleusercontent.com/a-/ALV-UjWVtDhad57948HS0ieizKZ_YpDmbfA9Km2LulPvgq8YyRzLHwZ1,Masha Allah 😍 😍 😍 😍 fabulous but this app don't do azaan only shows notification....Before it did azaan I don't what happened suddenly,5,0,1.0.1,2021-09-19 11:56:19,,,1.0.1
16f99039-d2ce-4afe-9d14-7e5412ed0094,david sarwar,https://play-lh.googleusercontent.com/a-/ALV-UjU70NcNKBMwQgj-jCwjCpr60bgX9VrBSA5mzZ7qgO2PRY9WSeVlFA,The app is really nice but for some reason I'm not getting my notifications on time. This morning the adhan for fajir came at 830 AM. 3 hours after fajir.,3,3,1.0.1,2021-09-19 01:44:31,,,1.0.1
4077f667-4192-4643-aba2-38839f355e45,Khizer Wahid,https://play-lh.googleusercontent.com/a-/ALV-UjV2WVvpKS3Ng3Eb23yrx99b-Ew3rCNf0cpZ4osRc5z8XNxGFzzn7Q,"I like this app, but add sunrise time in widget.",5,1,1.0.1,2021-09-10 19:22:50,,,1.0.1
e5d5bada-4882-4cd0-86df-bef0db46f725,Abdulhafiz Ashiru,https://play-lh.googleusercontent.com/a-/ALV-UjUA-erZ3J8nYxdeDtJVnTPfh9oaVDtmuVWSs3JNjPL84F491PUm,Great app. Very easy user interface. Another beauty is that it has no ads.,5,1,1.0.1,2021-09-10 05:28:36,,,1.0.1
db73c688-2153-4977-948e-3f5df0ade74f,Mohamed Eldaly,https://play-lh.googleusercontent.com/a-/ALV-UjVW5fQM8a8_QJwTo0mx4xkZcC8QC14MIAj9v4mqntHScNFgdwc7,"Very well designed and simple app. This is the type of quality you'd see from a Google or Apple application. I would recommend specifying the calculations used by Makkah, Madina, and Quds for those visiting these holy lands.",5,6,1.0.1,2021-09-10 04:26:01,,,1.0.1
dc6273cb-92e7-4f8e-bbb3-8a3bbc08f141,iZac,https://play-lh.googleusercontent.com/a-/ALV-UjUpTHbb99U5QZ58VUxbOo1WjdOUJtVr0jDhqsmYJWCYEfzXfagf,"No Widget???? See DEENIYAT app try to make a similar Informative Widget Nice, please add Ishraq time too( sunrise)",4,1,1.0.1,2021-09-07 18:50:30,"Assalamu alaykum!

Barakallahu feek for your review. Alhamdullilah we have now added the widget feature to the app.

Please check out the latest update!

Kind regards,

The Pillars Team",2021-09-07 18:05:53,1.0.1
c8f5cd55-6f8a-401d-a21d-7f36d5163a02,Rode Runa,https://play-lh.googleusercontent.com/a-/ALV-UjXNeN7LSueI72XAMxsbT5e4g9o_UkzMG9PqH1j4djWZMaydyP2L,Widget only shows the upcoming prayer and its times. Doesnt show the other 4 prayer times,1,1,1.0.1,2021-09-05 04:17:25,"Hello!

Could you kindly clarify what you mean? Happy to address this over email (salaam@thepillarsapp.com) too. The widget should be showing all the prayer times. If you're having issues we recommend reinstalling the widget. If that doesn't work please reinstall the app.

Kind regards

Abdul-Rahman
Co-Founder, Pillars",2022-02-19 05:58:18,1.0.1
fc949c62-3830-4365-8285-b826c8a91796,Imaad Zaffar,https://play-lh.googleusercontent.com/a-/ALV-UjVve9Ed2UUAEjvK-fKHkwgHWBcknnQqmCDgUte93pGeT9Hq5jLWOg,Amazing app made for the Muslim community by our fellow brothers. The user interface of this app is stunning and the widget is also very sleek (nice addition to my home screen). It promises to never sell our data. I love it and look forward to the new features!,5,1,1.0.1,2021-09-03 02:04:23,,,1.0.1
5a3b707d-8e8d-4b59-ae24-278332addc98,Akthar Hussain,https://play-lh.googleusercontent.com/a-/ALV-UjVwqu3QLo9F4iqc6dfPJ61N6D2tiHBsi2WSnAJR-k3PCSDzVI5h,"Excellent app. For some reason the Athan has stopped playing, please help.",5,0,1.0.1,2021-09-02 00:51:24,,,1.0.1
69c8829d-5796-4db7-9b0b-47b9e63a163b,Kashif Iqbal,https://play-lh.googleusercontent.com/a/ACg8ocKamJ3kawB5AUUBaWYeEBiysIm5trDnAvz__acGTsApPkjntg=mo,"I have been using this for a while now, overall great app. It's visually asthetic and simple to use. However, would be even better if Qiyam prayer time was added.",4,2,1.0.1,2021-08-31 06:59:28,,,1.0.1
99e6a40d-1ed5-4719-a63b-a2cbc0a59b2b,Brian Badonde,https://play-lh.googleusercontent.com/a-/ALV-UjUafS_lzUwf_u6cWZNMPqO7k8Q0RJ-YcjWpQ_ZmNuBRdFUHt9lh,"Anybody who takes away a star because of a lack of widget is just being nitpicky. This is the best athan app I've ever experienced in my life, no ads, no in app-purchases, no unnecessary bloat. Just a great, simplistic app with everything you need. May Allah place this on your scale of good deeds on yawm al qiyamah. Ameen 🤲",5,25,1.0.1,2021-08-28 08:39:53,,,1.0.1
9d443bd1-86a1-4e43-87b7-5cfce30d9e26,Najmul Islam,https://play-lh.googleusercontent.com/a-/ALV-UjXUJL2w3UwhS_1ZyvlWkhTAnHjDieWm5ybRPuSZhUkdND4SNBLdSA,This app is excellent. But can you add 'Midnight Alert' feature please?,5,0,,2021-08-27 17:48:14,,,
a717b47b-eb27-49cf-b03b-00806a0981d6,Rochie Sawiran,https://play-lh.googleusercontent.com/a/ACg8ocKooO_i3xQ7qHRdkWSMfR2q-9cftdM9tkmCSwaX9wqZiTdmDg=mo,This app was created after our own brother stab us in our back by selling our data to the us mitary. I hope these guys dont do the same or i'll find them and slaughter them by my own hands,4,1,1.0.1,2021-08-23 09:07:04,,,1.0.1
71a37254-16d8-4063-95d2-172f55a3775e,Omar laghbani,https://play-lh.googleusercontent.com/a/ACg8ocJLrbqGe_w1lxnz4sTzj15qXi7UIbEOqve-NWX5eLQOp-9L0g=mo,Amazing!,5,2,1.0.1,2021-08-20 05:25:19,,,1.0.1
05a7d64f-1562-48e8-98a2-65cbadb8b115,Umar Khan,https://play-lh.googleusercontent.com/a-/ALV-UjV1DCbnDTz5ViXElBgBJgVzQJb4-cFo5CWmdvBQDnGXhDHNiIPbvg,Amazing app. Precise and clean. No complaints,5,0,,2021-08-18 20:33:08,,,
07fdb5ef-a127-4f31-867b-028c7dcb2ade,azizborashed,https://play-lh.googleusercontent.com/a-/ALV-UjV9V5eib4yb-ICj8EEyCG3ZVwV6SGfD_PrhJPEUIpwqpry4QiOo,Would be great if it had adjustable eqama reminders.,4,4,1.0.1,2021-08-18 16:20:36,,,1.0.1
4298d2bb-a9e9-4210-b3df-846b9ceb582b,ashik,https://play-lh.googleusercontent.com/a/ACg8ocKeN_6HPZsDK7j_gywi68GMFYfA84ZAHgphBP6ZWZrCJc1ITzQ=mo,Perfect! Could you please add time for Tahajjud?,5,1,1.0.1,2021-08-16 21:55:08,,,1.0.1
deaaef40-d119-4f19-afaa-9cacab95c3c9,Emaan,https://play-lh.googleusercontent.com/a/ACg8ocLIyXZTAhX33zIzvuF3rnxNRE5EBnVF8uBxGcZGFDvpu03jDw=mo,"Assalam Alikum A very good app, as there are no ads. However, since a few days, there is no audio. There is no update due so I am not sure what the problem is.",4,7,1.0.1,2021-08-16 02:50:19,,,1.0.1
257b3c28-09f5-428e-9758-628c56fdee5c,Farhan Shaikh,https://play-lh.googleusercontent.com/a-/ALV-UjWA01boalBQtCuYyMiPUIP1QSBMuE5wwwOn_gRiyYNcftd6fO0J,"It deserves more Downloads. Quite Underrated But InshaAllah This app will be a big Hit Soon Ameenn ❤️, the best thing is the Azaan in the App by Mishary Rashid Alafasy",5,0,1.0.1,2021-08-15 20:50:21,,,1.0.1
3fcfe77b-4391-437a-b508-16bbe63735cc,Abdulhaleem Muhammad,https://play-lh.googleusercontent.com/a/ACg8ocKwekNceOGFA-NrNLSBharHNY1EZLaTloVXyDp656XX87M8uQ=mo,Recommended,4,0,,2021-08-15 08:00:12,,,
3a50d185-54c4-4389-8bff-9359a1ae2873,Muhammad Bhana,https://play-lh.googleusercontent.com/a-/ALV-UjW_oE9dCkMaFAjLeA5TfE4nXmjeGH807kj_V0UgJF_WtBUpb9X4,Very easy to use,5,0,,2021-08-14 19:11:41,,,
6be862d3-7f34-4999-85e6-8d95e67da089,Abubakar Ali,https://play-lh.googleusercontent.com/a-/ALV-UjX-BvA3r-ACECWetS6pw-OBlNKLO6jYi_S9sSIadp9cyY_lKwpcZA,The best,5,0,1.0.1,2021-08-14 18:15:45,,,1.0.1
b390f932-cd6c-4c1c-a344-df0c4d18a17d,Yusuf Laher,https://play-lh.googleusercontent.com/a-/ALV-UjVeXZtwxl5X6OJPzc-VRMsL9QJ8C9WBvSpS5h_QAzFIshvK0sPQ,Amazing and accurate prayer app!,5,0,1.0.1,2021-08-14 15:39:20,,,1.0.1
130d91f7-2eed-4173-81d4-f4c726257e30,Ibrahim Hamid,https://play-lh.googleusercontent.com/a-/ALV-UjXTj17EXNfEaWAaJkCt-keDuLRpfmwZkMDdestEbDsdwZTkLV2u,Slick. Private. Faith-centred.,5,0,1.0.1,2021-08-14 05:59:41,,,1.0.1
5b761646-073a-4e73-ac43-6fcf2f98f5a2,Zara Khan,https://play-lh.googleusercontent.com/a-/ALV-UjXBEdedB4bBvNjcceFQH3jUUmp6N1aFex2FDO3skJDL12Gz2KDG,Wallah I've been looking for an app like this that gives me the no non-sense prayer timings according to my city and qibla directions. No more setting up manual alarms/ reminders in the phone for prayer timings. The UI is beautiful and thank YOU so much for not including ads. I shared it in my friendly group chat and am extremely excited for this app to receive more adoption. Jazak Allah guys. You the real MVPs!! 🔥🔥🔥,5,2,1.0.1,2021-08-13 21:52:28,,,1.0.1
9155b8ed-755d-4296-aa27-1d54b415574d,Raneem Shanawani,https://play-lh.googleusercontent.com/a-/ALV-UjWXZkPTRJ0d0H0hs7fnefmXHY5WqwN34jSgOrePuLZZOmnB8Ajlzg,Prayer app with great ui and no ads :) love it,5,0,1.0.1,2021-08-13 18:58:09,,,1.0.1
494cab52-2cc7-435d-b197-097bc58a8c25,Zed SQ,https://play-lh.googleusercontent.com/a-/ALV-UjVYIlNodv6vkLPHTFsvTwmsRdBi5ITYdyHoi06VKtdxQ9vHPdLnyg,"It would be 5 stars, no doubt, if only there were widgets for Android, but there aren't any. Please my brothers, make widgets available for Android and this App is absolutely excellent, walhamdulillāh.",4,2,1.0.1,2021-08-13 07:44:03,"Assalamu alaykum Zed SQ!

Barakallahu feek for your review. Alhamdullilah we have now added widget to the app.

Please check out the latest update!

Kind regards,

The Pillars Team",2021-09-07 18:04:02,1.0.1
782ba622-5ce3-4abe-ac3a-e647a5da68fd,Saiem Amer,https://play-lh.googleusercontent.com/a-/ALV-UjV9hQrEIzDU0P48W19nN_lCBIC7sFHx6ybmgfypfjMWdAVmqLZi,This is by far the best prayer reminder app ever developed! Thank you for developing this!! ⭐⭐⭐⭐⭐,5,0,1.0.1,2021-08-12 23:33:56,,,1.0.1
c47199db-9e0d-4da8-83ab-fae60ec9906c,Sara Shahid,https://play-lh.googleusercontent.com/a/ACg8ocKFCOxHepLSvsvDWoRjsaVewFnz5Yg2XsjggdaEN6N25KAQapQ=mo,Favourite app with an amazing UI!,5,0,1.0.1,2021-08-12 11:38:47,,,1.0.1
1c42e641-bc49-4994-8dbc-a2c497582420,sadate shipkolye,https://play-lh.googleusercontent.com/a-/ALV-UjX42KGAaRqlVzG6LZtg8nStwllbfuTebUD8KZYJdqeCqxSKkpt-,Great app,5,0,1.0.1,2021-08-11 19:08:01,,,1.0.1
65de92fd-f3c1-46ae-b2dd-a74943202248,Tara Na,https://play-lh.googleusercontent.com/a-/ALV-UjULmthYtixOPh3D4PUhwaokLS2_-sn86Iqdje33QyJugKc6vcVu,Does the job. Pretty. No ads.,5,0,1.0.1,2021-08-09 01:51:19,,,1.0.1
2ca3a310-6685-4c12-900b-2a484a004b74,Salaam Bhatti,https://play-lh.googleusercontent.com/a-/ALV-UjUD_JItOe0ZLIw5gEjaxQM8_79C52plRTywNCj-iSzk4-HcYIH9Dg,"I'm not gonna be a choosing beggar, this app is great. I would like to see a widget on the home screen for Android users where we can see next time for salat.",4,0,,2021-08-04 07:11:09,"Assalamu alaykum!

Barakallahu feek for your review. Alhamdullilah we have now added the widget feature to the app.

Please check out the latest update!

Kind regards,

The Pillars Team",2021-09-07 18:04:34,
2f279404-9392-458a-afd3-667a86d28271,Brother Waleed,https://play-lh.googleusercontent.com/a-/ALV-UjXzDTaoQ-p4sISyhDvdG1vH0soBi6XLgzv9EH7tZQp4G8mbj1U,Super pog,5,0,1.0.1,2021-08-03 04:46:53,,,1.0.1
edf48ee7-786c-4e65-83a9-cce25ae895fe,Hazim Salam,https://play-lh.googleusercontent.com/a-/ALV-UjVkb2NpAlnOFu9qz02GB0y8JNUy5yAXzY4hJynhUVPqP7AtmWws,"No ads. I love it. Great UI, very minimalistic and aesthetic. My suggestion is you should include Nasser Al Qatami as another muazzin option. Jazakallah brother. May Allah bless you.",5,9,1.0.1,2021-07-27 11:27:07,,,1.0.1
80c61672-4c59-4432-b922-d10df4ae82c3,Zre,https://play-lh.googleusercontent.com/a-/ALV-UjXe3PXxA1I2v3HBdxCfTN9KqCMzuCU_z1bZ54w_4jzXYkrGehWK,Just downloaded it and I'm already excited to replace MuslimPro with this app. JazaakAllahu Khayran to the developers and creators of this app! May Allah accept your efforts,5,0,1.0.1,2021-07-25 05:41:14,,,1.0.1
2613a757-02cb-4db9-a2c0-580297a53d47,SAJJAD KHAN,https://play-lh.googleusercontent.com/a/ACg8ocKqbQf-foAiVsAXDY_NZC1O64oQghx-lTaSZKZ9T5kacoxdSA=mo,"The prayer portion is not visible in 1,2 and 3 gb ram phones😭 please fix it...may allah reward you",3,0,,2021-07-23 22:05:19,Salaam! Could you send us some screenshots to salaam@thepillarsapp.com :) We'll try sort this out inshaAllah,2022-02-19 06:14:14,
96395f16-8529-4cb8-afd4-46e24cc5b581,Muhammad Khan,https://play-lh.googleusercontent.com/a-/ALV-UjXqIdy723bSsOGicEP8f66vi6xPvvNRCGCo3TBUbL80rMrDqdOn,I would really like a manual location setting through timezones. I do not want it to use GPS whatsoever to determine my location. I like the design though. Might return if this problem gets sorted.,2,3,1.0.1,2021-07-23 12:10:59,"Salaam! I understand your concern. However, the reason for this is to ensure that your location is always accurate and we are giving you the correct prayer times. However, we will be enabling an update soon inshaAllah to allow for manual locations for those who prefer this.

Kind regards

Abdul-Rahman
Co-Founder, Pillars",2022-02-19 06:06:54,1.0.1
eca60db5-16e9-4741-988b-677508fe3bb7,Febryan Adi Nugraha,https://play-lh.googleusercontent.com/a-/ALV-UjWA6wfPQu0wuSO86uoPe2IER6OkXaNrFWC_bBNqQiJbzmhT_ZfA,Please add Al Quran,5,0,1.0.1,2021-07-21 13:44:21,,,1.0.1
b0fb7817-91fd-40c0-bbe4-c6bdf6aa8667,Gibreel Abdullah,https://play-lh.googleusercontent.com/a-/ALV-UjWTOU2dRHy0oGQK0NswrW8xc0J6ZCXmTHQX5eTO5aaHiX4Euw7UMg,"Nice look and fell but it needs a widget (check Salatuk app). And how do we know location data is not stored, is the app open source?",5,3,1.0.1,2021-07-20 12:34:40,,,1.0.1
18683649-18fb-4aab-ac3e-fce457037217,Ezzaty Husna Wan,https://play-lh.googleusercontent.com/a/ACg8ocLPN8a8Hf4ZRM35wPr1IufyLYlRTPsh7iHAtD0UsmRC4WxB3A=mo,"Very easy to use, pleasing to the eyes, and mashaAllah free from any ads too! This is a great app if you're looking for one. Thank you so much for this app!",5,0,1.0.1,2021-07-19 16:40:06,,,1.0.1
2fccede0-b394-4027-8977-d4019d00eb3e,Khaled Miari,https://play-lh.googleusercontent.com/a-/ALV-UjWsQVh99UuZKuZ_udveCp-eSCPzAEsQaB44_pqNoi60cyRgMTWY,"Phenomenal, wonderful, brilliant, and astonishing. I can keep going with the adjectives! Prayer times are on point, hour by hour, minute by minute, and second by second. Very interested in the future of this magnificent app, perhaps with the addition of some sort of Muslim journal, the sky's the limit! I have found just a tiny bug, where I have notifications for the Salah on adhan + notification, and only the notification would go off. It's not something too major though.",5,47,1.0.1,2021-07-17 14:33:58,,,1.0.1
9123cf6d-fb08-49ee-8835-9e1c6d7f3b91,Ronnie U,https://play-lh.googleusercontent.com/a/ACg8ocIZH9cZw8k_Q3SOg6z5YtpEaElGtqC-SPkfjWrei3cO2R9AUQ=mo,"Mashallah, very well thought and user-friendly app. Love that there is no ads and free. Would be great to have al-Quran (with translation) in it though and also a donation options for satisfied customers.",5,4,1.0.1,2021-07-11 10:18:02,,,1.0.1
58f0b9fe-867f-47cb-bb47-3476d1224436,Hakeem olagoke,https://play-lh.googleusercontent.com/a/ACg8ocL_MIP5ioq81YQnTRS5nuPE0kBc0EJeXST5Z5AiSEJI_O56vA=mo,This is beautiful... it is made beautifully and does something spectacular... may the blessing of Allah be with us and the developers... assalamu alaikum,5,0,,2021-07-11 05:23:57,,,
677c6f57-ea0e-43e1-a5ba-cfe0664982bc,MNUR WAHID ANUAR,https://play-lh.googleusercontent.com/a/ACg8ocKIgpIEhYU1muPdbufX4Qo0D1cHX70gXLV4ahPfQjDlu3r6rg=mo,"Assalamualaikum, I have a suggestion. Can you add Malaysia time from Jakim ?",4,0,1.0.1,2021-07-10 18:42:47,,,1.0.1
8a651c7f-75da-4b74-857d-b0a057560bf8,Rahmat Aulia Ikhsan,https://play-lh.googleusercontent.com/a-/ALV-UjUoEfx-wPaS86ClpwQcU5qY66o80wg8R1MRNF7f6VITZ2MIGLbF,Calculation method in Indonesian please,5,0,1.0.1,2021-07-08 10:24:06,,,1.0.1
2baf6091-3034-4366-854c-a30e195b2d3e,Muhammad Ahmad,https://play-lh.googleusercontent.com/a/ACg8ocL6VtaCnKvh6BLAb3OWn-yuK38Op5JBVfaMHKciOsn9heEhRw=mo,The prayer times are off by a couple minutes for isha and 1 minute for other prayers,2,0,,2021-07-06 09:23:09,"Salaam! We've now implemented an update that allows you to adjust your prayer calculation settings including the angles or minute adjustments. This will address your problem inshaAllah! Abdul-Rahman (Co-Founder, Pillars)",2022-02-19 06:07:40,
8dde78d7-084f-4f50-b02f-73cdf27ca2f6,Tremor Drake,https://play-lh.googleusercontent.com/a-/ALV-UjUgM1TXVSlK6e9wWzxNE1SWGUvskcV2UEBkiRRe_RjO4rsdOZid,This is a great app. Please do not make it worse by adding more things to it. Just having accurate salaah notifications is good. I've already made a donation for your efforts of making an app that protrcts the privacy of muslims,4,0,1.0.1,2021-07-03 07:35:21,,,1.0.1
0138c139-a6cc-4997-9143-490922e02dfb,Amir,https://play-lh.googleusercontent.com/a/ACg8ocJWOQMgW-XdMO-aJvzIZyfqMZA3Lx3aeuqMTbwDeRZNuugbcGs=mo,Simple and easy to use!,5,0,1.0.1,2021-07-03 01:35:26,,,1.0.1
9c93f979-039b-433a-bd16-fef61dad01ef,Skash Senior,https://play-lh.googleusercontent.com/a-/ALV-UjUcApoGhSijaT02TKs5cwhbpr6GgZB3__IE87KaZ39_h1wvLCKl,"Mashallah, just waiting upon widgets..",5,0,1.0.1,2021-07-01 20:17:04,,,1.0.1
2d03152d-e9be-446e-aa69-5799c46c3f94,Shahrizal Aidin,https://play-lh.googleusercontent.com/a-/ALV-UjWmojSFFfjig6ULwLh9KhI4O4GwFxxQKqR9chbytgurX_6dTVKX,"I just hope it got widgets for the home menu. Overall, Alhamdulillah it is nice!",5,0,1.0.1,2021-07-01 00:33:26,,,1.0.1
639c2b92-b5e4-4bc3-9509-9b1e8c65446d,Armaghan Khan,https://play-lh.googleusercontent.com/a-/ALV-UjWnd6F7IV4FDuCFUm_sbjj0HN1BgutI5viHEGgUF0rosD2H4NF8,Please also add time for tahajud,5,0,1.0.1,2021-06-30 11:01:43,,,1.0.1
77a4a7b7-2e5e-435f-828b-b21043221817,Rimzy Mohamed Riza,https://play-lh.googleusercontent.com/a-/ALV-UjUe8puLW2LOrJmkGAltcpA4qe2XQ-3B29XSe8yOdGQ0r7sIZG_PHg,"Amazing application with great UI, simplicity and no ads!",5,0,1.0.1,2021-06-28 01:53:56,,,1.0.1
935eca69-361f-4848-8fb3-596d4ab5aa0b,Sam Harold,https://play-lh.googleusercontent.com/a-/ALV-UjUe11SXsv8Kqt2EIXJhqN3nN8C5VJfTfsudEmYnpTkM5p-WYZsC,Excellent app.....I would recommend adding qiyam time...and translation.,5,0,1.0.1,2021-06-27 11:18:32,,,1.0.1
340499b6-4920-4c08-94d6-1b0fd466c732,maryam ramlan,https://play-lh.googleusercontent.com/a-/ALV-UjU8ovF2bAGyI-zL5ekJcEvQPcI3Hl7TSZnX4j6hXPgvFNjBJW9z,Prayer time and qibla are acurate. Its just doesnt have widget,4,1,1.0.1,2021-06-26 19:26:38,"Assalamu alaykum!

Barakallahu feek for your review. Alhamdullilah we have now added the widget feature to the app.

Please check out the latest update!

Kind regards,

The Pillars Team",2021-09-07 18:05:34,1.0.1
0a058387-84ab-478e-93d1-4687de4af73b,Ayman Halawa,https://play-lh.googleusercontent.com/a/ACg8ocLJSU7lpE4o2qE-MpSUOZEcCzihmom91a1yUTcKNU8QkKuOeJgB=mo,"Thank you for that great app, very good design and animation . One small request: if you can add beautiful widget for the day prayers timing , that will make the app perfect",5,1,1.0.1,2021-06-23 02:25:48,,,1.0.1
185e73d9-a2b6-46cd-9f3f-11f12799a156,Nasreen O,https://play-lh.googleusercontent.com/a-/ALV-UjUNKpaukzdJbuN_J-ONGzTIRyX9vGkO2AGnfvq8ACL8ZSBIfewp,"Great app, I like it especially as there is no data collection. Also the interface is aesthetically pleasing. One thing missing is a widget on Android!",5,2,1.0.1,2021-06-22 17:11:45,,,1.0.1
2e9b44bc-8772-44bf-b674-ed291147e7ce,SirHumanoid,https://play-lh.googleusercontent.com/a-/ALV-UjXEnAYWCaU2y5BeDyAncoPfdfAyICU1X8wERTks7BxnNdlZQAY,This is a great looking app. Simple and spartan. However the lack of a widget to display prayer times is a big letdown.,4,0,1.0.1,2021-06-21 19:44:17,"Assalamu alaykum!

Barakallahu feek for your review. Alhamdullilah we have now added the widget feature to the app.

Please check out the latest update!

Kind regards,

The Pillars Team",2021-09-07 18:05:43,1.0.1
1b602ad9-60e5-4f0a-bd91-ff50b60bea65,Syed Tanveer,https://play-lh.googleusercontent.com/a-/ALV-UjU7BmkMbmPVPiyvym7KEdvNG3wPN6kheoeVrKy3l1G4MCa3NIzM,Vwry simple and great app to use. Keep up goos qork team.,5,0,1.0.1,2021-06-20 16:41:15,,,1.0.1
083e49e9-bf6b-47ce-bf15-a73c65ea6201,Verda F,https://play-lh.googleusercontent.com/a/ACg8ocIxmb3rruxNNG7Jsz25kgx5odX_CV60-n9ehy1krzuIaKSXHj9c=mo,Superb. I'm very critical of user experience and this app has surpassed all expectations. Duas for the developers.,5,0,1.0.1,2021-06-20 06:28:13,,,1.0.1
bce8d5e0-a215-4d1c-973c-150f04495969,Jewel El Tahir,https://play-lh.googleusercontent.com/a/ACg8ocJhm4Oh-7GfR9rwm6cKWg7jX5cRND4vsHXMjuhhXULqCmEMe-LQ=mo,My new favourite athan app 👏 JZK,5,0,1.0.1,2021-06-20 03:31:45,,,1.0.1
ebe2f6ed-cb64-4d5c-85a2-2ac054ea4de6,Deni Agusri,https://play-lh.googleusercontent.com/a/ACg8ocIhEDnx7RdRXH8sk8ULpQFpt6Bn21_Pj8BIKvk5hwDWZ2GgsEWM=mo,"Great app, but please add some widget on home screen.",5,0,1.0.1,2021-06-19 18:34:08,,,1.0.1
7dad55ca-4492-4b2e-b383-d5e4a04cf6e8,Mohammed Safvan,https://play-lh.googleusercontent.com/a-/ALV-UjVifWV0g-TlnmgUfFtZzSBZKb2B6w3zupEL3TSPxhtARsGDYncm,"Assalaamu alaikkum The app is to good, Please add the feature manual correction in prayer timing Jazakallahu khairen for a good app",5,0,1.0.1,2021-06-16 07:59:33,,,1.0.1
00f8c423-3bd7-4b53-958f-6862832556f4,S Boulfoul,https://play-lh.googleusercontent.com/a-/ALV-UjWDWttSWKfpxOlyBJ1kp_UV5z7jcqXEh3fmaUBJ83BlFDfbZGKe,"Needs full time table on the notification bar with location and countdown please, thank you.",5,0,1.0.1,2021-06-16 00:28:43,,,1.0.1
fbd7c625-9ade-4b68-8d3c-b635a4277d06,Saimakhan1980 Khan,https://play-lh.googleusercontent.com/a/ACg8ocKnjY7ApT1Qi90tE2qtIwYvz3exI06xmI6pKZFp07MbUO8ryw=mo,Helpful ❤,5,0,,2021-06-15 18:33:28,,,
13918a1b-9c73-4220-aa85-ad15d5d79c14,Aamil “Abu Haitham” Bin Mohammed,https://play-lh.googleusercontent.com/a/ACg8ocIrHMVuJFfipanL9HHMg7XcZAk8l5zB2E4pUTI9NboPJFJ6g69t=mo,"Beautiful work Devs, Clean UI, no Ads, and very fluid - a modern and up-to-date app to benefit the ummah. May the almighty accept your efforts!",5,0,1.0.1,2021-06-14 21:00:04,,,1.0.1
c0152c96-84e1-47f8-ad59-7608da78f054,Faizahn Al-Hassan,https://play-lh.googleusercontent.com/a-/ALV-UjXlWrrMsjlq1wMtVnGtEaQvH3vi9ickKdP0_52LRkdqzCEgux4,"Love it, thank you",5,0,1.0.1,2021-06-13 22:54:59,,,1.0.1
3e3618c0-6047-41c8-92de-a0d556eac8be,The Debil,https://play-lh.googleusercontent.com/a/ACg8ocInRqW8535h5lKMhSFF_aL1qWsfnTs7gjJvIUdvqm6xzU1CxQ=mo,"Perfect, but could be better, just need widget for home screen",4,1,1.0.1,2021-06-13 17:08:30,"Assalamu alaykum!

Barakallahu feek for your review. Alhamdullilah we have now added the widget feature to the app.

Please check out the latest update!

Kind regards,

The Pillars Team",2021-09-07 18:06:03,1.0.1
e029c06a-4b10-425a-8d7b-a588f9a88db8,Nayeema Goni,https://play-lh.googleusercontent.com/a/ACg8ocJoKf8tIWWTz9jmVG50CIjwgsoyazXGj7Oe9QOQENHQEMWjSg=mo,Ma Shaa Allah 100% recommended app for prayer,5,0,1.0.1,2021-06-12 20:13:12,,,1.0.1
38a0e01b-b9dd-4e25-8ca2-28b7f0dfbe0d,Basma L.,https://play-lh.googleusercontent.com/a-/ALV-UjVQswcV-moEASeh1rEgurpalTs-MYmjH5caJoWfawXMc1gtmqGI,Great app so far so good one suggestion is to make wedge for it,4,0,1.0.1,2021-06-12 16:31:58,"Assalamu alaykum!

Barakallahu feek for your review. Alhamdullilah we have now added the widget feature to the app.

Please check out the latest update!

Kind regards,

The Pillars Team",2021-09-07 18:06:09,1.0.1
7742655d-42c8-4524-8131-6f3560c457ce,Hessin,https://play-lh.googleusercontent.com/a/ACg8ocKhiW6Gn6rR7Rx7SJrodN889kAKnapTN57g1lXfjfuLnNZ1oNY=mo,Why we can't enter our own calculation method? It's a very important thing you need to develop. Because like that this app is unusable. What a pity....,2,0,1.0.1,2021-06-11 04:47:54,"Salaam! We have updated the app to allow this alhamdullilah. You can now select your own angles and adjustments in the advanced settings. Abdul-Rahman (Co-Founder, Pillars).",2022-02-19 06:10:54,1.0.1
60fdd4d3-6c03-4477-9b46-b10b42f62d55,Shaik Jaffar Sadaq,https://play-lh.googleusercontent.com/a/ACg8ocLL8IrsuFnAckXfBdSd6wAlcOfPHTClZkzZyVBogW532YQJSifp=mo,Awesome app with clean interface..no ads..and most importantly it doesn't compromise on user's privacy.. accurate prayer timings.. with inbuilt qibla finder 😍😘,5,0,1.0.1,2021-06-09 02:29:41,,,1.0.1
07fd85b8-a594-4320-843d-41234e805d76,MK,https://play-lh.googleusercontent.com/a/ACg8ocLLQETMEMvGXJb3Tj60VQIKL0jO-friy4WiErBHumvIOKXB0k8=mo,"Very good. No ads, clean ui and helps me prayer in time 🙂",5,1,1.0.1,2021-06-08 02:18:23,,,1.0.1
ab8a48b2-82ec-4180-bf07-cc437d542240,Shahanara Begum,https://play-lh.googleusercontent.com/a/ACg8ocJPaCjLdmif9XRo5PX88yRMwuSO_VLkE9qelgaqNP_b2-jrvw=mo,Very good but location is glitchy and I can't use,5,0,,2021-06-08 02:16:54,,,
ff60498e-c725-443a-9682-5f4eab6c2a58,Omar Meshref,https://play-lh.googleusercontent.com/a-/ALV-UjXWz4Qqj1IKT2_kf40dVLDdv924EKANAgTTO_xQpEUvwCQEvQ2W,clean UI. no ads. pretty great. if it would have widgets for android showing prayer times on home screen would be really useful.,5,1,1.0.1,2021-06-07 03:38:41,,,1.0.1
4d0c06a4-d3cd-41b5-af04-d0ca61d5c5fd,Canibotlin,https://play-lh.googleusercontent.com/a-/ALV-UjVwB3Atk4mTWee7x5pvrhsDyFk6_lEDGBEUwN-fdfWfzHc03Jo,"Mashallah, best athan/reminder app ever created. The User Interface blows my mind, Jazakullahi khairan. My reccomdations will be to add some widgets. That will make it easier to check the Salah times.",5,2,1.0.1,2021-06-05 19:44:22,,,1.0.1
8f7abbad-1e8e-48b2-b825-57c11bc16200,Aamer Badshah,https://play-lh.googleusercontent.com/a-/ALV-UjUQksteS-_Qoa0huRVJbTUPyssFpj_rlaoEQkpr-07eZX4N9Is,"Masha Allah, the best app",5,0,1.0.1,2021-06-05 02:53:43,,,1.0.1
d2a7d4b6-6d00-4ff3-b622-140618298071,Farhan Maricar,https://play-lh.googleusercontent.com/a-/ALV-UjUtQlHwJOo4wI8bDigWpqN4Az0oDnpXoB2MDy78eRIBACf3lv4T,"Pillars is a very easy to. Would reccomend as pillars has zero adds, made by muslims and doesnt make you pay for some features. Would be nicer if it had a tasbeeh featurw",5,10,1.0.1,2021-06-04 02:35:38,,,1.0.1
f021c535-3e66-439d-a8c3-0783303b37b0,Saida Fathima,https://play-lh.googleusercontent.com/a-/ALV-UjXK8-13eV-NOUz8q_83qlxW2H5vge2TniL5AAqBiSnAFGvjJNch,From Reddit. Love the App. Apps like these without ads are rare.,5,0,1.0.1,2021-06-04 00:00:10,,,1.0.1
6520206c-fabf-4e4a-b462-a4716f88048b,Sara Grewal,https://play-lh.googleusercontent.com/a-/ALV-UjW98N3fbHK_UC0pTIMUcR7e6nO6DQfGdqHwIippYnWKvEAqOml5BA,So great to have a prayer app that I don't have to worry about using! I love hearing the adhaan. I find myself praying more promptly now that I have this app on my phone. I love the ease of use and the simple design. The creators are super responsive and helpful if anything comes up. Do yourself a favor and DL this app!!,5,12,1.0.1,2021-06-03 22:19:16,,,1.0.1
e44e1f90-5129-468b-8a05-0a96cd8f1fc9,Komeil Alattar,https://play-lh.googleusercontent.com/a-/ALV-UjUeyfCLd-qBhsLlMzXdJXsXCOfeQnRImpRrs6ciipoBY-nQJKAz,Great app. Easy to use. Beautiful simple interface.,5,0,1.0.0,2021-06-03 22:13:20,,,1.0.0
9b9386a8-db59-44da-9de3-7b06d768d68d,Abdul Aziz Baraba,https://play-lh.googleusercontent.com/a-/ALV-UjUnWgKfheZ_iNV3HTNrEJtvAHcLB02-o1qoscVY8u8Wr-1YWy2Bdg,Well design however we need widget for this app. With widget it will be easier to see the pray time,3,0,,2021-06-03 17:28:57,,,
e2340fdb-a527-4994-ae4b-3b84f8137292,Zain Ul Nazir,https://play-lh.googleusercontent.com/a-/ALV-UjU4Zobmq9WJlGRKfsQ38nfxWtvWOEJdBlztsqMcynhYllTUnFQ8TQ,Beautiful app and very user friendly interface. Thanks for such an art. Please add Hijri calendar as well.,5,0,1.0.1,2021-06-03 13:13:24,,,1.0.1
79174d0b-6c20-4cb5-afdd-1cc9c373a2d8,Ali Zakaria,https://play-lh.googleusercontent.com/a-/ALV-UjVrdRDDM0D_SpumwPW9iYT-4vy4NpHEUtIXfjR5gTAUgxtFOuH4,افضل تطبيق صلاة التصميم جميل استمروا,5,0,1.0.1,2021-06-01 00:53:21,,,1.0.1
d3b0d776-9d21-42d9-98eb-7f8173a06d53,Majed Khater,https://play-lh.googleusercontent.com/a-/ALV-UjUkv8sk5VNHVVw8mC8WKyKSB30xojfUgwNYR8kSPtKplCceLg,"Excellent, easy to use and no ads",5,0,1.0.1,2021-05-29 07:59:40,,,1.0.1
47319aaa-efe5-4451-8160-2c5b621a22fc,Amberine,https://play-lh.googleusercontent.com/a/ACg8ocKcFqA7CxH2v3riCU8Af6VKCoJg1Seho3Hcdrq6yUqLVUk6=mo,"Excellent app! Love the aesthetics, very easy to set up and use, however, the 'subscribe to mailing list' and 'send feedback' buttons don't seem to work. Also, would be nice to have more adhan options (especially the adhan from Madinah please). Jazakallah.",4,2,1.0.1,2021-05-27 08:11:59,"Assalamu alaykum!

These should now have been fixed :)

Kind regards,

The Pillars Team",2021-09-07 18:07:17,1.0.1
6780f460-334e-484a-bfa1-c8cfac3bb85f,Earim Chaudry,https://play-lh.googleusercontent.com/a-/ALV-UjVwlKtE84WWY33uI_PH_5ttrrQvPLqjRtrmjk1acXq6xlZ2pBjO,"Fantastic app, subhanallah brothers",5,0,1.0.1,2021-05-27 04:47:29,,,1.0.1
fabbdd90-073f-47ff-871b-545429f91d2e,Mahmoud Adany,https://play-lh.googleusercontent.com/a/ACg8ocLCbV4poyvT521t2yBdI3XKA9EW-LCGgRruRJollBpfmFccSA=mo,مشاء الله تسلم يد إللى عمل التطبيق ممتاز بارك الله فيكم,5,0,,2021-05-27 03:06:04,,,
017d53ff-109d-42d3-8123-390082c7ad92,Az Xiaomi,https://play-lh.googleusercontent.com/a/ACg8ocIHEr1ChzVodRkonEXVYsD9vYU01adNKFw52rk9NhMuHnnITg=mo,"Great app, exactly what was needed, a simple app, light, qibla direction and variants of prayer times as appropriate, easy to the eye and user friendly",5,0,1.0.1,2021-05-26 21:52:37,,,1.0.1
86c4dbcf-e263-45fa-9100-85b2ffda940e,Haaroon Y,https://play-lh.googleusercontent.com/a-/ALV-UjXf0THNt_hZAymTv9YZ2g91MUbDLiV-OemdvLbR5PzgG2oEGrNzrw,Hands down the best prayer app I've ever used. Privacy focused and clean! One request can you please make an android prayer widget. May Allah accept your prayers,5,0,1.0.1,2021-05-26 17:48:56,,,1.0.1
51146a31-c942-4fa1-98f3-1839bbb20798,Saleem Mohammed,https://play-lh.googleusercontent.com/a-/ALV-UjWiH6QKoR27vgKSf3x13qiVnG9q9vp8KvvmH23mcYyGtnY3GgAI,Great app,5,0,1.0.1,2021-05-26 17:07:41,,,1.0.1
c4350e71-b94b-4566-ad8d-b17f09bf1ca2,Sakib Chowdhury,https://play-lh.googleusercontent.com/a/ACg8ocLGwkx2XsgbeIFyK7xlWkiY8an5wQsUGN3uGJZVWvpZOEAh_QQ=mo,"I really like this app. It has a clean design and no ads. However, i think a big feature that's its missing right now is not having a notification that is 15 or 10 minutes before the next prayer. This feature on other apps reminds me to pray on time and i would probably drop the other apps if pillars had this feature.",4,15,1.0.1,2021-05-26 14:05:56,,,1.0.1
1b99588e-968a-4c5f-80bc-8fe73cbe71d9,Abdul Basith Ashraf,https://play-lh.googleusercontent.com/a/ACg8ocLHwFxDRzrOawSRLNT10iHAgWNuhlbMG78LQ_Aqeu9IgI1DUw=mo,Qibla experience can be improved. It works only when the phone is exactly flat. To developers: Consider a level bubble in the compass to see if the phone is flat.,4,2,1.0.1,2021-05-25 19:30:37,,,1.0.1
0730af0a-8b28-4d79-9298-ee5ae2b971f3,Muj Miah,https://play-lh.googleusercontent.com/a/ACg8ocKqh8d8pTJfVDQDTQ6AbC_YZfRNj7-fco-vPIl25tdZLb7qkQ=mo,Freshly grounded ep.229 recommend this app,5,0,1.0.1,2021-05-25 16:19:50,,,1.0.1
f39257e4-f2ee-4807-991f-17060ebbe7f6,Irfan Hussain,https://play-lh.googleusercontent.com/a/ACg8ocJlMT34cfGWQVQMRulS-Y8VESI-eYnf_pPDNUJx2l7-UpUN9w=mo,"This is my go to app now. Intuitive UI, clean look and easy to use. Best of all is the committment to privacy and no ads. It's free but I'd happily pay for it. Great work guys!",5,1,1.0.1,2021-05-25 15:09:53,,,1.0.1
71cde049-0436-42fe-af48-bcfa7d41492c,Iftakhar Alam Khan,https://play-lh.googleusercontent.com/a/ACg8ocJeE7rSlmL_Wdpzi-K5mstbftPG4tnFgjIGloaFoDDn-1T68n4=mo,Great app. Free. Recomend it,5,0,1.0.1,2021-05-25 09:01:29,,,1.0.1
e69fb627-cba4-4275-87ee-9dde930ea971,Bearer TV,https://play-lh.googleusercontent.com/a/ACg8ocLk1_m4rrzFZjS_lmQfINPOfhOhLvz77qp-CrkFqsdXGQq34A=mo,"Just downloaded band the fact that the data don't leave the phone and developers protect Muslim privacy unlike some apps, I recommend this. Clean and easy interface, Masha'Allah.",5,0,1.0.1,2021-05-25 06:53:54,,,1.0.1
ca6d609d-25c5-41a6-803e-6d31e804dbe5,Nasif Chowdhury,https://play-lh.googleusercontent.com/a/ACg8ocJr28jI1i28xMc60iVTydfVAAuJFQy1Dh_YazqfIWxkBoEzYfs=mo,Amazing app by two brothers who took the initiative. Kudos to them 👏👏👏,5,0,1.0.1,2021-05-25 03:31:32,,,1.0.1
c9db9d62-902e-424b-ab58-40f556809671,Iman,https://play-lh.googleusercontent.com/a-/ALV-UjVWWppKHx4AQuFPaRNQAJx0jdzDIrg0cLPjLhvgEOq8h-eCRyIVBw,It doesn't sell my data ♥️,5,0,,2021-05-24 17:09:45,,,
ea406adb-c321-435d-8d76-014c929bc2b1,H Faizal,https://play-lh.googleusercontent.com/a/ACg8ocI15I6QGVA7WNXzPw5-9LOxbAO2d5H5DYmU-C56gX5vw5HkxQ=mo,Excellent app. Just what is says on the tin . No unnecessary Ads. Does not slow down or take resources. May Allah rewards these brothers/sisters. Who created this app,5,0,1.0.1,2021-05-24 16:07:49,,,1.0.1
2306ef48-f472-46e3-81ce-abb6f791f90e,MOON KNIGHT,https://play-lh.googleusercontent.com/a-/ALV-UjWRepVKTpd2ErcAdsdb_JlDslhiWn59mUwg8RHuefK9csDlgwmk,Very nice,5,0,,2021-05-24 13:25:35,,,
19d3358c-aac5-4f85-ac54-30f87d53d44e,Imran Maskatia,https://play-lh.googleusercontent.com/a-/ALV-UjX1PdLRYnCH_ahGgcydqMWPDCgAtHFze_D2d9c-5huzq1D3UXlPzw,"This is a clean, simple experience. It's already become my go-to app for prayer times. I'm looking forward to the home screen widget!",5,0,1.0.1,2021-05-24 12:33:44,,,1.0.1
108188cb-11a0-4960-b5f3-389bc0dadbdb,Sophia S,https://play-lh.googleusercontent.com/a-/ALV-UjUVkcTMg_O1MMOEuBWNfV1k0agzeeCDg5uFNZESgRlx8MeuiHfI0w,Beautiful! JazakumAllahu khayran,5,0,1.0.1,2021-05-23 19:54:43,,,1.0.1
6ce5a6a4-3a0b-45df-860e-8b2ce3b8fb17,Shahid Noman,https://play-lh.googleusercontent.com/a/ACg8ocK3BcqvhrLmcNtfYYAbCnFBViklw4sexSu0hmN8xE3f7dJboQ=mo,Elegance at its best. JazakAllah,5,0,1.0.1,2021-05-23 19:08:24,,,1.0.1
4855ba97-d80b-4806-8995-53d5b4c48bf8,Hussain,https://play-lh.googleusercontent.com/a/ACg8ocJWVncX5NUzJjj39-wZo1lXlKKELf3vUq-j4C_fwyH0qME_SQ=mo,"Excellent app. Very simple and easy to understand UI, ad free and customisable.",5,0,1.0.1,2021-05-23 09:05:53,,,1.0.1
3ca68361-1f54-43fd-8708-aa565d08cddb,Sardar Wahdat Akbari Khan,https://play-lh.googleusercontent.com/a-/ALV-UjVcjlCaI7FhuYlDVcM9K3bkkJbHgW7vlVYApfL4fvYwcJfGXYCXNQ,Very simple to setup with a beautiful design not withstanding free of haram advertising and security/privacy. May Allah reward you Abdur Rahman brother.,5,0,1.0.1,2021-05-23 08:50:17,,,1.0.1
16446ccb-2fd6-47b1-8876-ee0c43234901,Shah,https://play-lh.googleusercontent.com/a-/ALV-UjUMxkCcvf661Mg0ssC4C43QHfC2ipghYFzwrz0Ou3omSQIGYLZu,Great app without ads and its very easy to use.,5,0,1.0.1,2021-05-22 17:21:08,,,1.0.1
bffb15b8-9876-4aad-94d3-5ef69d98675b,Facts matter,https://play-lh.googleusercontent.com/a/ACg8ocJv31JpEDMtAtvVkT7VFZQNgFEQit_QaYkkl-N5MEb2ALemgA=mo,"Alhamdulillah, we don't need to be dependent on others. The Apps like Quranly and Pillars made me really happy. May Allah(swt) reward developers the best.",5,0,1.0.1,2021-05-21 15:53:06,,,1.0.1
19a9ad4f-349a-4971-8e34-2ddd5791a34b,Aslam Mohammad,https://play-lh.googleusercontent.com/a-/ALV-UjUehV7GlIZ4CaV7-trHypYASy8OjPYrRYiWXQ40N7DUtzThqMqoSg,Mashallah,5,0,1.0.1,2021-05-21 08:03:38,,,1.0.1
e9b823af-bc44-478b-baa2-66dc3ee850dc,Shahzad,https://play-lh.googleusercontent.com/a-/ALV-UjXgJEU8cZJajfVaadUJgyS6YnjibpU95MIv1637DZt_DAg17dbfEw,Came here from Islam channel - JazakAllah for creating this application - I hope to see more apps from you and improvements on current one's.,5,0,,2021-05-20 21:02:00,,,
ba861402-0050-4c24-8bcc-85605e385365,Mehdi_A,https://play-lh.googleusercontent.com/a-/ALV-UjXrgXcULs5e9UnwJZ-Enfp6an1jwE2r89XQSSayS8ZkeIWnITm0FQ,Amazing app. I love the fact that there is zero advertisements jazakallah,5,0,1.0.1,2021-05-20 07:32:38,,,1.0.1
fb8c4120-bb13-48d0-8419-afe1c2906473,Hidaya M,https://play-lh.googleusercontent.com/a-/ALV-UjWowa8E1NSglzwLSOmbargq_TDRGdVUh3eOrcsETTInxVQYb5iQ,"Simple design which is aesthetically pleasing, Muslim owned, for the ummah and even Ad free. Cannot complain! MashaAllah! May Allah reward all those involved! آمين",5,0,1.0.1,2021-05-20 05:34:51,,,1.0.1
f1fd0e6e-3079-4e57-bfff-dc3799579cfe,Howmeara Ali,https://play-lh.googleusercontent.com/a-/ALV-UjWKfHPu1Yb2Kl6MbQVsrRrlqjOo56G9wP7CE24cXf1prvRWA-w,Excellent,5,0,1.0.1,2021-05-19 21:28:50,,,1.0.1
c69371d9-083b-4fb6-bc4d-db58fe1cced1,Muhd Syafiq,https://play-lh.googleusercontent.com/a-/ALV-UjXPZASHdOrBaxZaYG7kZtKYp1hocLoy_qiGOPS9NyW482KBiyRO,"In Malaysia, better synchronize with prayer time in local there. The app is nice and good but significant different for prayer time. So pls, take look there. Also, pls put language setting for Malay. Thank you.",4,0,,2021-05-19 14:16:58,,,
db7cba84-16fc-4b40-b559-eca52d4ce4ec,Nik Ameer Faiq,https://play-lh.googleusercontent.com/a-/ALV-UjW0OdX_nrTLUkebWtgozk3P2H_faegMKgfgnoQnric5vuhW8V-vXw,Perfect app! Looking forward for future features.,5,0,1.0.1,2021-05-19 12:50:53,,,1.0.1
1fefee61-4937-423a-b366-acdd4885a10e,Syed Afandi,https://play-lh.googleusercontent.com/a/ACg8ocLZn1MLyvC8yBg-Q_Pmqe3yTfDaY6vBVtQ1LHisVKxAfEUDiQ=mo,Very simple yet effective. Love the design. Totally worth it.,5,0,1.0.1,2021-05-19 11:29:18,,,1.0.1
1b65b04f-a15c-4855-b5e7-03b0406545a0,Syed Elahi,https://play-lh.googleusercontent.com/a/ACg8ocJO-OgVefjj4WwGAVN-wfH7CNbmlK_MKo_u-FJ-785ZtU1-DQ=mo,Brilliant job! Beautifully designed & correct timing of salah.,5,0,1.0.1,2021-05-19 10:57:03,,,1.0.1
986fb00b-1d5b-41b2-8952-b15d68daa73a,Syed Hassan Rizvi,https://play-lh.googleusercontent.com/a/ACg8ocI_13SEld6U8tATHUX8dqDE8R9dvgVBAj_ENVIwm3F4R6IitQ=mo,"Extremely user friendly, simple yet elegant design, just what I needed.",5,0,1.0.1,2021-05-19 08:43:10,,,1.0.1
6f626a89-fbb5-484a-8b3e-f940eb4c911a,Abdifatah Artan,https://play-lh.googleusercontent.com/a-/ALV-UjWbLVEj5hP2z9HbJBHHkuA3jgS1BtFciXSYdnkCXJL5bQmRyXwi,"Amazing app, simple to use and great user interface. Only suggestion would make is, if it is possible to use the app without GPS location once the initial setup is done. Currently it is switches on my GPS everytime I launch the app.",4,0,1.0.1,2021-05-18 18:47:53,,,1.0.1
29a9bca6-6191-4cef-a72e-f13d5954257b,HSP,https://play-lh.googleusercontent.com/a-/ALV-UjUT4yL5uAgWd_BQwfSQJsixN2K8G17AR0AnPnKDYOowl5QKBM7z_A,"I heard about this app from YouTube, where one of the developers was talking about their motivation for developing the app. I gave it a try, and I am so glad I did. I sincerely think this should be the gold standard for prayer times app. It's beautifully designed, free and ad free. I strongly suggest this app to other users. May Allah bless the brothers who developed this awesome app.",5,28,1.0.1,2021-05-18 17:17:14,,,1.0.1
280f70be-83ae-427b-9d72-5e159c8e74fe,Aamer Badshah,https://play-lh.googleusercontent.com/a-/ALV-UjVBEEWRoxTIvnDbpbkKeUvrQ8XVers0mFmHByf4oBtVUE5VxqRw,"Excellent App, Masha Allah, I love it",5,0,1.0.1,2021-05-18 16:53:35,,,1.0.1
456e9a22-c8ba-41da-83bf-60be8cd038ac,Zeba Hassan,https://play-lh.googleusercontent.com/a/ACg8ocJqNOSgk8S9PNEfL8r4NhUQdBOaGti8veRgoLB8BmmTLQm1lQ=mo,Assalamualaikum I really loved your app. But can you please add an Azaan feature also. Please add the Azaan of Rejad Al jazarey,5,0,1.0.1,2021-05-18 16:44:57,,,1.0.1
2856ce84-cf81-4ef9-961c-bfb25ea31544,Mubarizun,https://play-lh.googleusercontent.com/a-/ALV-UjUA6tqyR2u0bfTaikU7AHkdAwuc4aNwA-oGg1u6DSXaEQaf2WPz,No manual Lpcation Settings and the Feedback is also not working. This App should have the fundamental Options at least before beeing Published,1,1,1.0.1,2021-05-18 12:54:57,"Salaam!

Alhamdullilah we have addressed the issue with the feedback button. We are also shortly going to add a manual location option to the app. The main reason for keeping automatic updates only is to ensure location is always correct and giving you the correct prayer times.

inshaAllah this will be coming soon!

Abdul-Rahman
Co-Founder",2022-02-19 06:01:51,1.0.1
9ede5f14-4260-4e28-950f-b100ffa8d393,Daffa Amalia Putri,https://play-lh.googleusercontent.com/a-/ALV-UjU0sBKgnejTxNPh3P6d0DEXAdvYpmgu4KWkOzn1igT3UzQR3TgV3w,"Mashaallah great job, jazakallah khair",5,0,1.0.1,2021-05-18 03:00:26,,,1.0.1
cc6807c3-0f8a-4249-bb56-7996c91c9eb5,Rejwan Ahmed,https://play-lh.googleusercontent.com/a/ACg8ocLLuHfJGdsgX3XXYgTD0CMOWCikXf-kwcQ-P-MgStGN--iysQ=mo,Very easy to navigate and straight to the point. Privacy and ad free makes it a no brainer amongst all these other apps,5,0,1.0.1,2021-05-18 01:33:17,,,1.0.1
0d97cd42-a30f-42dd-a309-0eb82e5a459c,Muhammad Kaif Ismaily,https://play-lh.googleusercontent.com/a-/ALV-UjVyjPDqI5hRsZsGi2WP3JLh8ErBR701LOBJ-ZXz5TRTYQqh_jSO,Thank you in advance,5,0,,2021-05-18 00:31:45,,,
b111ba30-7224-47fc-8b22-4e102f9e6fa3,Rashel Sarker,https://play-lh.googleusercontent.com/a/ACg8ocKcHUfiLk0tBzbkLIDylKIiVu0b2ORd9Yc51cGZatMwG_ih0Mic=mo,Very user-friendly app,5,0,1.0.1,2021-05-18 00:18:33,,,1.0.1
7eb96735-bbfe-43c6-9d87-7da4259a449d,MOUNIR IMMEL,https://play-lh.googleusercontent.com/a/ACg8ocJtAm9Ie0rCbMvGr5DHzxY14X9ncpLyYLBcF2OHfHU5NPqrpYI=mo,Great App,5,0,1.0.1,2021-05-17 23:04:00,,,1.0.1
383f9404-bbb0-434d-92a6-bf444577eba7,Butters,https://play-lh.googleusercontent.com/a-/ALV-UjUSr4zdvUuJuCEMDad7mamhiiBsrf1xDnzmMXOQp7-H7nnPNnyo,Nice logo. This is nice and functional. Thank you for making this I appreciate it mate. This is cool nice work.,5,0,1.0.1,2021-05-17 22:45:09,,,1.0.1
368cca11-4dec-479d-8b59-9a4da7e2c561,KHARCHOUF “HunterXWild” Mounir,https://play-lh.googleusercontent.com/a-/ALV-UjXIsg4QCvrzp0FUP-tJDvZuRUU50TksjkFuWIrigW501EdGNis,Thanks lot for this app I was searching for something like that and my project was to do it myself but alhamdo lilah. Other people have same motives. I didn't install any prayer app before yours because of the privacy issue. Baraka laho fikom from Morocco.,5,0,1.0.1,2021-05-17 22:06:06,,,1.0.1
fe7b775d-1d5e-4a74-a282-e262100cf0b4,Muzz Manaf,https://play-lh.googleusercontent.com/a-/ALV-UjUSsnQsuq1fTymg5b1wJAdGzWIi7DYPDq3FLO8gKbjkWO_QYWKo,Found your ad from Islamic YouTube content... Install it immediately.. love it n I wish the Qibla compass will responsive according to user location soon. Wish you all the best n may Allah grant you His mercy and jannah for you guys! Love from Malaysia!,5,0,1.0.1,2021-05-17 21:54:08,,,1.0.1
656413d9-1edc-4a9c-b27c-bc93fda4aa55,Ali Shahid Kayani,https://play-lh.googleusercontent.com/a-/ALV-UjVtZMUqRJ8-rI-42yOI97h2oN5QHNW2OjJhqCVO4_IPoOLik-W48A,Excellent,5,0,,2021-05-17 21:18:57,,,
50d5bf8f-5b9d-483d-ae48-4f39e90a2bd0,Abdul Mohaimin,https://play-lh.googleusercontent.com/a-/ALV-UjXUkAnCG0kT8K1uN6lrU_TqZVV-LXHG08fj1DCOqdBk54NOYsHX,Looks amazing!! I saw a video on Islam channel on YouTube about the app.,5,0,1.0.1,2021-05-17 20:35:51,,,1.0.1
e7c631a5-cd76-4b75-b85f-5ee42b076160,Farida Akbarova,https://play-lh.googleusercontent.com/a/ACg8ocKkPY13UQqsm92zjIqk5W7Tmu5ONxozhHpTXhOoc2ETdj5iZQ=mo,"MashaAllah, a very vveeery helpful app, I will be praying for the maker.",5,0,,2021-05-17 20:09:38,,,
464b3e79-08b4-4d64-951b-5ae2ac5847e2,Ahsan Khan,https://play-lh.googleusercontent.com/a-/ALV-UjULSrx4j6UQONlhQCicR228Tc-pThmt7AZy2lTHm4JXiOeNvSdP,Best app for muslims,5,0,,2021-05-17 20:02:43,,,
558b122c-7ac0-44f7-88f1-153b949ffb4a,- V,https://play-lh.googleusercontent.com/a/ACg8ocLiYg5x6Er5MMH0LcqaUM8flOrZlJ8B0uj08pxxbGL7R1cIuw=mo,"Maa shaa Allah, it's perfect! I was going to suggest things that could be added on (namely the widgets) but I can see that's already in the list of things ghe developpers want to include maa shaa Allah. Honestly this is a great replacement for *that* app that I used to use. It's add-free, easy to use and aesthetically pleasing. Overall a great app, may Allah reward the brothers (and anyone else involved) abundantly. Ameen! Keep it up! 👌🏼",5,9,1.0.1,2021-05-17 19:50:09,,,1.0.1
ab0b8b10-e140-4385-92dc-0d91c2e0d5a2,Muhammad Amiruddin,https://play-lh.googleusercontent.com/a-/ALV-UjXFetthRvxbTL1k8O6HCCd_HBKHEmlKs1npSpvAjN66PYvAqkc,This app very help me 👍👍,5,0,1.0.1,2021-05-17 19:47:10,,,1.0.1
810a3e00-7dd8-4c8d-afdf-54906ee783d7,Shamma_ شماء,https://play-lh.googleusercontent.com/a-/ALV-UjXjPI-8mJnoU4l1pzaDjGSP9JdwZpPx2E9A-7GT6ytjSP5n_fdRtQ,"Nice interface,No ads, everything is good, but please add Qur'an into it so that we can read everytime we wanted to 🤗🤗thank you",3,1,1.0.1,2021-05-17 19:22:11,Salaam! Barakallahu feeki. Please feel free to vote on features you'd like to see on our feature request page here: pillars.noorahq.com,2022-02-19 06:12:40,1.0.1
ca347104-0d19-4605-b880-e5b9d0d36235,Anoja,https://play-lh.googleusercontent.com/a-/ALV-UjXZDCwtBi3AECaefGurKEM0kztCCWPxyCypSuzqlsFPDju4272oqA,"I just installed it , design and interface is sheer peaceful to look at... And easy to use too",5,0,1.0.1,2021-05-17 18:55:40,,,1.0.1
a9a44788-8775-4823-b58f-cd375a07e96c,Mr Gash,https://play-lh.googleusercontent.com/a-/ALV-UjVK5aZVoN9ic9pyNaEYbKacRnQqD7c7O5QD8mjw3jr_COsvSj4,Thank You so much for this app May Allah SWT reward you with the best of the best in both Worlds.... Ameen This app is so unique and simple . For now I love pretty much everything about it.,5,0,1.0.1,2021-05-17 18:33:12,,,1.0.1
8fda7dda-2b8f-44ee-9b18-51fae804a20d,Goku News,https://play-lh.googleusercontent.com/a-/ALV-UjX8j_WjhcQJXjpMkaTXZ_OfcyRhZMTc3wgaBKrVt6zaqiKlWeI,Best app for islam people around the world.I would recommend to any muslim person.,5,0,1.0.1,2021-05-17 18:03:02,,,1.0.1
81fad27e-1466-4211-b382-0a44a717b6be,Ali Junior,https://play-lh.googleusercontent.com/a-/ALV-UjVy2iqMwczHSJZpcwdpMxwEULAJtvXrwJy7dNi-Q4Z1rOePGuY,This app is simple . May Allah grant you highest place in jannah,5,0,1.0.1,2021-05-17 17:59:53,,,1.0.1
f4ca1656-12e5-4d5d-a953-773815b1d4ca,Tomorr Stasa,https://play-lh.googleusercontent.com/a-/ALV-UjWUbgpT0LSEAAGhjz8uncSzXWA4BWvY3WLLNmp3fQZBIQV-faz4,Long waited app and not to worry about privacy. May Allah reward you all.,5,0,1.0.1,2021-05-17 17:53:06,,,1.0.1
4cafe6d4-b1c4-4ddc-ac03-22883ca22e52,Omar Najibullah,https://play-lh.googleusercontent.com/a-/ALV-UjVfdsWW1O94XPiyt2dMsa1xQW8_OVhVy0rYuXKhpQcLnOROSHUx,10/10 and no ads,5,0,1.0.1,2021-05-17 17:49:24,,,1.0.1
3e9bf88b-1b5d-4fa5-b535-d1207caddb83,Kazim K,https://play-lh.googleusercontent.com/a/ACg8ocKHpRVnwJux5SwiqPiC99VehqkDNjVnwh5J7P1Kda5Kim2JM7Y8=mo,Mashallah amazing app,5,0,1.0.1,2021-05-17 17:47:22,,,1.0.1
e99963a3-bade-4f0e-a17f-f08f29a7890e,Ishfaq Ahamed,https://play-lh.googleusercontent.com/a/ACg8ocJudrxnKwbJl2K-6vjNvEJ2QkKp0CJWzTOqvAozTkJ5XYA7LPk=mo,"Masha Allah, best wishes to the creators, May Allah be pleased with you guys. This is the best App after Muslim Pro, I still miss the Quran, Hadiths, Duas. I hope you guys will add them in the next update. Love from LK.",5,0,1.0.1,2021-05-17 17:43:44,,,1.0.1
f7a0d4e0-9f1b-4261-9a6d-8dcd6693d777,A,https://play-lh.googleusercontent.com/a-/ALV-UjU7czTZdYKO3u44hbXaW81S-FU7YxF3AZpgCBIro_sPWFbVSXui,Bless you guys for your efforts in forming a viable solution that protects the privacy of Muslims while proving such an essential function in today's modern age for Muslims. May all involved in the development of this app be rewarded.,5,0,,2021-05-17 17:34:41,,,
6eb1a94f-a625-46c2-9fee-68a9fdcc4be1,Md Afzal,https://play-lh.googleusercontent.com/a-/ALV-UjU4Jh9Hi5a236z4n-wF_4qzumpfPV30b01_hP0uln9ODSSEawoZ,Oweasem,5,0,1.0.1,2021-05-17 17:21:11,,,1.0.1
44db7b56-e3ff-4541-8cb0-09f1404144f5,Nilanjana tabassum Mokta,https://play-lh.googleusercontent.com/a/ACg8ocK_R-Rvq-hu66Kz-i6Tr64AxB-_1iGs5ibyzGJfnVBYO7ZGKw=mo,Thanks For This Gift.. May Allah reward your team for your good deeds..,5,0,1.0.1,2021-05-17 17:20:43,,,1.0.1
19bf243c-c3f0-40f3-b57b-fa2daf959e9b,SirDaus Elite,https://play-lh.googleusercontent.com/a-/ALV-UjX2cZu7BYPjykUxZnPl-0qYkfK0YDnQJNKPBA0Sh81XZ1E4D18,Would have been a 5 stars if it have more adhan choices + a few choices of widgets to look at salah time at a glance.,4,0,1.0.1,2021-05-17 17:20:11,,,1.0.1
210c980a-2916-413a-95d3-113ca4486a6c,Rayyan.,https://play-lh.googleusercontent.com/a-/ALV-UjVWoSsL48JYp2l5BLV9Gaj3RKhTHzWYZSdnmt-XJm02gNvbAkL8,Beautiful UI and perfect functionality,5,0,1.0.1,2021-05-16 12:55:11,,,1.0.1
8044c844-a819-4c15-b2e0-7c987b3cf561,Ikram Desai,https://play-lh.googleusercontent.com/a/ACg8ocLVXtjzh2vn0mrYBK4LS36I5YwiDeRb2YY9ZCAZhKCUOi356g=mo,Amazing app and developers,5,0,1.0.1,2021-05-15 23:54:00,,,1.0.1
adf24d92-0b19-4d19-8df4-1bd7a2b1e1f4,tunde olagunju,https://play-lh.googleusercontent.com/a-/ALV-UjWuxvE4sNOmmi9u9U8xdu3XIhBBdsT6b3-COwcnQ20dEkWwWe-S,Alhamdulilah. I love the simplicity of this application.,5,0,1.0.1,2021-05-15 20:51:03,,,1.0.1
b9339ecd-6e53-4665-a352-2f2b56f52870,O W,https://play-lh.googleusercontent.com/a/ACg8ocLVCzM924TUX_Gwj3kPXdon_wbXWZumVm75F6v55gN3dpO_4Q=mo,Top notch UI!,5,0,,2021-05-14 04:02:12,,,
27bc92a5-57d7-4ce5-bf43-c276f1b839dc,SUBAIR QUADRI,https://play-lh.googleusercontent.com/a-/ALV-UjV14SJLnVWSMEZ59qETFpSC2P3AvbZFO6icsUZ9CtzC7QlHZurL,The App is very easy to use and awesome. Simple the best!,5,0,1.0.1,2021-05-09 13:27:36,,,1.0.1
b5acf182-dbef-4750-a543-f4971862545d,Mahmud Bustami,https://play-lh.googleusercontent.com/a-/ALV-UjUGHCqlpbN3CQHWT4gRTBySv9ForUYkvln4qgmAJpGuD-k-RxI,"Easy to use, private no intrusion. May Allah reward the two young men who developed the App.",5,0,1.0.1,2021-05-09 00:18:11,,,1.0.1
fa28ad2a-5997-4873-b92f-34d0215b51d6,Hussain Hussain,https://play-lh.googleusercontent.com/a/ACg8ocL_XFtm03RQfyNuEnwHPTuquLMgHvjDDLww69TVeeEUFi-QHg=mo,The Adhaan doesn't even play if your phone is on silent. Sure its a nice app as there is no adds but not much to navigate you around to show around make the Adhaan work,1,1,,2021-05-08 19:43:28,"Salaam,

If you're phone is on silent then by default the phone should not be playing any sounds.

Please turn your phone off silent to ensure you can hear the athan inshaAllah

Kind regards

Abdul-Rahman
Co-Founder, Pillars",2022-02-19 06:03:28,
b9383aaa-396e-4d25-9b87-372d0c9b26c3,Sana Aftab,https://play-lh.googleusercontent.com/a-/ALV-UjXX9akXF_nu0SwKNfaPiKfUC25BYx15I1QymsLNX_chng1xlp63,Unable to turn on location.. app looks great. Will bump up when starts to function after location.,3,0,1.0.1,2021-05-08 10:18:45,"Salaam! This is an unusual issue. Could you please explain what is happening and email it to us at salaam@thepillarsapp.com so we can address it inshaAllah. Abdul-Rahman (Co-Founder, Pillars)",2022-02-19 06:11:32,1.0.1
880a2921-8a6c-4147-b316-7a2ee22e5e37,Ali Mahmood,https://play-lh.googleusercontent.com/a-/ALV-UjU7IbvjzYl4vBUe6NksxcFbGXqzv5GFz_UhmWraATLvyRKvz72t,The app is amazing on android and has everything a Muslim needs to salah times including the qibla compass,5,0,1.0.0,2021-05-07 17:48:36,,,1.0.0
cbe552fb-368e-49b5-87a2-039e7db59d57,Leen Khatib,https://play-lh.googleusercontent.com/a-/ALV-UjXLGII9zg78S5k-A5QILyHQmX0GdOg8sdSCH6SNAqJl4IVvTDW8,Thank you,5,0,1.0.1,2021-05-07 10:07:15,,,1.0.1
dbc99444-7b3e-4cdf-ac7c-d488309a9cee,M.,https://play-lh.googleusercontent.com/a/ACg8ocLhWgevxeLw7Ec2sZe2kpsecIPv91xNF6g9Mhn-dw65HFdI0Q=mo,Aboud and Tariq you legends ma sha Allah may Allah reward you both I absolutely love it. Especially with the new adhan addition!,5,0,1.0.1,2021-05-07 02:43:39,,,1.0.1
309e7b29-28de-43f6-8af8-40e1ffc7ae8f,Dalia Samara,https://play-lh.googleusercontent.com/a-/ALV-UjX_gIzSRMmtJnl1_HgBpLd5M25nwEQzsP4f6iY1CSbI6vTibe4,"Its so aesthetic and lovely and practical without all the complex nonsense. Straight to the point, masha'Allah, looking forward to new apps!",5,0,1.0.0,2021-05-06 19:19:43,,,1.0.0
187a59d9-1ff2-4ec7-87b4-861d8c9075cb,alhassan idris,https://play-lh.googleusercontent.com/a-/ALV-UjX8QKQpSAwKobRmmcQjukqTHLvGxzm6rYay29EEGRRe_MIbnStC,Very useful app with great UI. Only issue is Qibla that's quiet way off. Would be great if that is looked into. May Allah accept it from you and grant you great rewards for your effort,4,0,,2021-05-06 13:31:02,,,
770f0517-8287-46f5-9a2c-3883ecf958ae,Fz Radwi,https://play-lh.googleusercontent.com/a-/ALV-UjWkiH0-DX-HQpsmCl7kYut_bUmANNvOscEvBplLx5-aw7cyzDresw,"Nice design. Very limited functionality and options unfortunately. No option to set the Adhan notification type, for example.",2,0,,2021-05-06 09:07:32,"Salaam! Thank you for your feedback. Please let us know what athan options you'd like to see. We're always receptive to suggestions. Perhaps add your suggestions here inshaAllah (pillars.noorahq.com). Abdul-Rahman (Co-Founder, Pillars).",2022-02-19 06:09:02,
a0a8944a-4431-4155-b624-0981774b5c82,Aamir Jawaid,https://play-lh.googleusercontent.com/a-/ALV-UjWFhfakY0MWFh4csdm81irGx8aXdmK4J4_y0O_UHnF6_vtf54yIEg,Bumped it up to a 5. The issue resolved itself on my phone. I am looking forward to actual athan (instead of just notifications) for maghrib esp during Ramadan. Using another athan app in parallel for that ---- Simple app with an excellent design. The notifications need work though. I only get notifications for a second when it's time to pray and then it automatically gets dismissed.,5,3,1.0.0,2021-05-06 07:59:04,,,1.0.0
895f86cd-3a81-471e-9093-501891a056b8,Nurul Ashikin,https://play-lh.googleusercontent.com/a-/ALV-UjXipC1Ntm5nACa5z6O8siETjza6JNgt0ZaQK0vXdthKJNYd3FZe,Simple and nice. Just that the salah timing was a bit off +/- 2 or 3 minutes. Can check the timing from Malaysia islamic departments websites to provide more accurate info.,4,0,1.0.0,2021-05-06 06:57:28,,,1.0.0
5c8f401f-aa70-4ce9-8ae9-1f42d423f4a9,Don Casper,https://play-lh.googleusercontent.com/a/ACg8ocKFFAfin3JB_xk9klHYsEm1UAMlCdE6Eu0Fk7tHuyyvtXzfzw=mo,Allah reward you both insha'Allah. Loving it so far!,5,0,1.0.0,2021-05-06 02:30:06,,,1.0.0
726f3c4c-00ac-4b6f-b9be-d4e34be11489,S Q,https://play-lh.googleusercontent.com/a/ACg8ocK9EcDpk-XmP21sR7JLyPAnc-YsxbIfVhKLx4qnAxi5WuYsiw=mo,"Excellent to use, very easy and smooth",5,0,1.0.0,2021-05-06 01:45:13,,,1.0.0
5211b352-5edd-4a20-ad9e-b99009aa86cf,Usmaan Mufti,https://play-lh.googleusercontent.com/a/ACg8ocJ7UyNvJMq2SGlPinuUYkeZAfz5Q9GQ3y1lTefnHLVurQMyTeFc=mo,Absolutely phenomenal,5,0,1.0.0,2021-05-06 00:54:35,,,1.0.0
1f8820ff-b651-44e1-a9d3-84219eb25a73,Hafsa Zikria,https://play-lh.googleusercontent.com/a/ACg8ocK0LBrOsV2nzNvKPBJo5l3T-oFhQNGsWYGURdHVvdCfrxKMJK0=mo,"My favourite of all the prayer apps I've downloaded so far! The only thing I would change is it would be nice to have a widget (android phone) like some other prayer apps do, where I can see all the prayer times at a glance on the homepage of my phone.",5,0,1.0.0,2021-05-06 00:32:57,,,1.0.0
de81309b-03aa-44af-be3d-379a514240ab,Ejaz Taj,https://play-lh.googleusercontent.com/a-/ALV-UjVRbGk5GLvwIThVbZbbGXE_w4Q0bORs9evQTC8vRZb67PbtWGteXg,"Beautiful app Jazakumullahu Khairan. For future updates, could you please add widgets for the Android version?",5,0,1.0.0,2021-05-05 23:37:07,,,1.0.0
4bed5513-5cbe-4aa1-abe2-7010136777cf,Mahmood Adams,https://play-lh.googleusercontent.com/a/ACg8ocLvK1oQGCVucLg89idaAxL46KEhDbMr1r4KdOOZkWd1iB7py9c=mo,Really love this app easy simple to use & the design 'n layout are just sleek 💯👌🏻,5,2,1.0.0,2021-05-05 21:24:09,,,1.0.0
74633392-5a09-4b93-96fb-1bfd142fbc34,Fahim Shahriyar,https://play-lh.googleusercontent.com/a-/ALV-UjWm2Re5vRBMooB1GH2KaTaHKfadAh80_yDuKgqU4RXcFh54lpNV,Clean UI and no ads. The updates are always significant and adding something new 👍,5,0,1.0.0,2021-05-05 20:02:20,,,1.0.0
4a92ea6d-09bb-41a9-8fc1-c3feaba0f917,Kawshik Ahmed,https://play-lh.googleusercontent.com/a-/ALV-UjUM6Q8RTaFXsYv3KEbDzBJ8BvA7f9M42-C48f8AUKzpDVmXSeaRag,Great app.,5,0,1.0.0,2021-05-05 15:06:08,,,1.0.0
02312890-f5b9-4afd-9c72-24260a358eef,Samiah A,https://play-lh.googleusercontent.com/a-/ALV-UjVpWCEvWLJGF4SIsLStEuqkPdMi0YZIhSHL7UVv5xnhxHj2nuY3kA,Clean and functional without any ads or random videos distracting you from prayers.,5,0,1.0.0,2021-05-05 09:38:18,,,1.0.0
15da87db-52e7-4698-be69-3cd72aa739ce,S Akhtar,https://play-lh.googleusercontent.com/a/ACg8ocLQ2d2A6ZOxkanDmEO_Monvi8_YW5zhtbWdqTnB_QUCrS8cHaI=mo,Brilliant,5,0,1.0.0,2021-05-05 08:09:58,,,1.0.0
62da7058-bfea-41df-b947-b74c933b285a,Jamal Adam,https://play-lh.googleusercontent.com/a-/ALV-UjVB_0YisYfAd8OyfFMeOU9FBqd-VZb7-E4J6QnsxClBUn1brQCm6w,"I was hoooked when I saw the design of the app. This is without question the best athan app on the market. It's a beautiful app that is, from the get go, user centered. It's easy to use and navigate. Did I mention there are no ads. I would be willing to pay money for this app.",5,5,1.0.0,2021-05-05 06:11:45,,,1.0.0
dbbb37d6-5d04-467a-96a2-3b8b6b3fd32e,Yasmin I.,https://play-lh.googleusercontent.com/a/ACg8ocLbAgyrd2hgKQ-vlaohxpwko2uPXC6FPPWK5iN66Ni8ssD8vQ=mo,Great app with easy UX. Qibla has been way off the mark for some reason (literally opposite direction to every other app and compass which point elsewhere). Really like the interface. Prayer timings could do with a bit of work.. mine appears a few minutes off for every prayer (problematic when it comes to breaking fast / ending suhur) so having to take this apps prayer timings with a pinch of salt and still use other sources unfortunately...,3,9,1.0.0,2021-05-05 02:15:55,,,1.0.0
5c28c6fa-f4a6-49a8-93a5-78b9680cdc84,Nasr Timol,https://play-lh.googleusercontent.com/a-/ALV-UjVHkrlod8n-M-HREPE5j77ZlYLYoE831RYmQAdhbPgP4nYiJ9gC,Excellent app - cant wait for the widget.,5,0,1.0.0,2021-05-04 12:40:05,,,1.0.0
1e9f3f85-0dd6-47ff-8946-7f7e98630649,N H,https://play-lh.googleusercontent.com/a-/ALV-UjUe_658gyYPpWCKqZHxymCFF76gwyev6mPErxcSBZVy0ZiNy_iY,Simple. Clean. Efficient.,5,0,1.0.0,2021-05-04 08:00:33,,,1.0.0
669a1f27-b832-49f8-a962-105b2fa46622,Mumit M,https://play-lh.googleusercontent.com/a/ACg8ocK2jxQIJLOMIxrUtIEzBVgdzU4VSEhJhqUM8mav9Cndg9hfOw=mo,The only thing missing imo is a third option for prayer times as most Shia pray maghrib at a different time,4,0,1.0.0,2021-05-04 05:37:17,,,1.0.0
8dbf81e9-b420-4ffd-b07d-f859afcff3e4,s,https://play-lh.googleusercontent.com/a-/ALV-UjV1qfMZGWTVbWz9hLZ9SHaBHc8sdPrX3Y_VDHICISMRjRU_fztn,Such a clean and smooth ui. A guarantee of data privacy. Ten out of ten would recommend,5,0,1.0.0,2021-05-04 04:52:16,,,1.0.0
8d1e7f5a-2813-4fe1-9a3e-27bde22dd484,Zain Arif,https://play-lh.googleusercontent.com/a/ACg8ocIQKog41jCy01pFKkEEovunhBfqyTsjYW9FugQLPItLtpk9Dw=mo,"Great app. No ads either!! Design is very very slick, great user interface, super easy to use and navigate. Timings are very accurate and are exactly the same as my local masjid!",5,1,1.0.0,2021-05-04 02:54:12,,,1.0.0
49ef41f7-a87b-4901-976e-7c591c8ef4fd,Jabran Rafique,https://play-lh.googleusercontent.com/a-/ALV-UjU9QH3LXPdZa6dKEfac7UpeD45W2kqZhzTWZDlLlDoh73GYrgb1eQ,Great friendly and clean UI. Great UX! Definitely recommend.,5,0,1.0.0,2021-05-03 23:57:10,,,1.0.0
4e6f54e8-98cf-422b-88db-ddccf308fabb,Waleyeldeen Ahmed,https://play-lh.googleusercontent.com/a-/ALV-UjUGPV2vRNfk8aPYCATkzQKUaXD_zTietNUCalJRRlFQM-O3Sa8ogA,"I just can't describe bow much this app filled an important gap in the Muslims apps space, it's just a first of its kind. Elegant, fast, no ads and privacy...all what you desire to help you as a Muslim. On top of all that the app is community based and the 2 developers are in close contact with the users, so I expect many features to come based upon the community's feedback!!",5,0,1.0.0,2021-05-03 23:00:01,,,1.0.0
6a8b998c-888b-4022-a355-89c03a759a7d,Aqsha Adam,https://play-lh.googleusercontent.com/a/ACg8ocKE8F3uWlrjf0QSLUcjyhx9077qjwAP5h5kbib2HVCqAH6iOw=mo,Love how clean and beautiful the design is. Really love that it's ad free and privacy is prioritized. Can't wait for more features and updates - like a widget for Android!!,4,3,1.0.0,2021-05-03 22:01:57,,,1.0.0
89a890a7-b361-46aa-81a1-a818c81daa48,Haseeb Khan,https://play-lh.googleusercontent.com/a/ACg8ocIc9-PQozahh61e1oZhJy7Xvz5wdhIIsnj2eZykciU4XNNr=mo,EXCELLENT!!!!! I am a muslim and have NEVER seen a better looking application. It's about time someone made a proper prayer app for muslims. Thank you very much for this incredible application!!! Your developers are incredible. Legit magicians 👍,5,0,1.0.0,2021-05-03 20:53:22,,,1.0.0
832582d7-d280-4200-ad79-a9286c91a64e,The Kabilis,https://play-lh.googleusercontent.com/a-/ALV-UjVapKXGt9MJHJw1egBH8Y-1gq0YioI4KUPdzHCqaETIW2_QuQ_Hqw,"a very sophisticated looking app. Sleek design and easy to navigate. Salah times are identical to local mosque timetables which is not the case with some other apps. No ads at all & privacy focused, so no privacy blunders like other apps. & It's all for free. Only downfall is the widget isn't available for Android but I'm guessing this will be added as it's a new app. Also is there a way to calibrate the Qibla?",5,3,1.0.0,2021-05-03 20:49:42,,,1.0.0
0051602b-b459-4dd6-9ea9-a8d685c96bc2,Nabil Belahouane,https://play-lh.googleusercontent.com/a/ACg8ocKoqI7BrjhITqjO3CMl7wDUrntdt2Ahcs-K47W_y5rndZPa=mo,"Professional, sleek and high quality. No ads and most importantly no haram ads.",5,0,1.0.0,2021-05-03 20:43:17,,,1.0.0
f94d74d1-2698-4309-9938-30bf2947c434,Amirul Ikhwan,https://play-lh.googleusercontent.com/a-/ALV-UjVjqqf6D2nI2eZ-bgYEIuZZb1o5DV3h4t64tu08n3eVAD3m-9ChGA,"I just love the design in the app. Very simple and organize. Everything in this apps seem to be perfect. But only one thing, where is the widget for android. Please make widget for android. It will be really cool.",5,4,1.0.0,2021-05-03 19:09:19,,,1.0.0
c838cf34-4d64-40f5-8f5b-6c7287401384,Abdul Haseeb,https://play-lh.googleusercontent.com/a-/ALV-UjU7N23JBIrmGuyd_1d3s8ZRhXRlKjTZ_K2lWAT2BSiHvQwDyMup,Very clean app. Beautiful simplistic design. No ads... and that is the super feature. Thank you brothers... جَزاكُمُ اللهُ خيراً,5,0,1.0.0,2021-05-03 19:00:56,,,1.0.0
5c48e1cc-6821-4d87-87b1-516a7615f970,Hasan Asania,https://play-lh.googleusercontent.com/a/ACg8ocKAegEtRU7ie7ZCrbTK3uxpt0Ek45yGENrKaMZcrlVno6BtWA=mo,"Brilliant app, simple, beautiful Ui And says what it does on the tin",5,0,1.0.0,2021-05-03 18:27:58,,,1.0.0
7aba18a8-5dbb-40f5-90d9-5f1ae8c3e6d0,Maryam Farid,https://play-lh.googleusercontent.com/a-/ALV-UjUvq79il0smTJVhQttaLEQhhYKznVeJv78mrKaWMBCgyIQINFxmog,"Amazing and everything one could want from a salah app, masha'Allah it's been made so perfectly and is already my go to! I don't plan on switching it out for another app at all!!!",5,0,1.0.0,2021-05-03 17:35:49,,,1.0.0
bef1ac85-97b2-4887-9f1e-4ca288c657b7,Bio Yoyo,https://play-lh.googleusercontent.com/a-/ALV-UjVsgUerhnj_FGg5wQxJc5BwyG1x2QvWzWcICaNlcVSg-7WYzXil,Would love a widget!!,5,0,1.0.0,2021-05-03 09:26:29,,,1.0.0
45ea3abc-7ea4-4827-a81b-60b23c728434,Mohammed-Hanif Tarajia,https://play-lh.googleusercontent.com/a-/ALV-UjWhxaUszgVjkHVMsuH5XU2RNEepM5DUT_MFgqgXTWhWcVsneuFl,"Great UI, clean, modern and not distracting. Does what its supposed to do, without compromising your data or charging you £199 to remove ads! Also, all notifications are available for free...",5,1,1.0.0,2021-05-03 07:27:50,,,1.0.0
82cf5cb1-5e9f-4e65-8a48-6d8b74fb96f0,Azan Hussain,https://play-lh.googleusercontent.com/a-/ALV-UjUAf-ag7-qe6Yrurb2Zf-9Xmzwk293evWuBd_e_MXG3JPoWIZge,Excellent app mashallah. One minor inconvenience that I have with the app however is the fact that the notifications for salah stack. I feel as if it would be better if the current salah notification was to replace the existing one. Other than that the app is amazing and I look forward to the new features listed in the description :),5,6,1.0.0,2021-05-03 06:32:42,,,1.0.0
2a2971ba-6a4b-4958-bb73-70772442e51a,Ahsan,https://play-lh.googleusercontent.com/a/ACg8ocKwfMWtOWFgeU3IwAXwfW0W2JOPOyirqSTP7mNfWJYbYV5o0Q=mo,Excellent layout. Very easy to use.,5,0,1.0.0,2021-05-03 05:51:44,,,1.0.0
615c3f68-1043-4825-b27a-e88fe1e28856,Mazin,https://play-lh.googleusercontent.com/a/ACg8ocLxJJdP7rMykKFuh_uXiw8CEVwE9LVhOR1Dhzow_PFnOuEU8g=mo,May Allah reward the developers,5,0,1.0.0,2021-05-03 04:13:49,,,1.0.0
2cc3e1c6-6938-453e-ab9a-50f70cdbec43,mohammed uddin,https://play-lh.googleusercontent.com/a/ACg8ocLL0PfL4gclAbnoP6LgzZb5BOun6GV-NIChjbcSfkcJRtRMxw=mo,"This is great. All Muslims that want to get a prayer app get this. Made for Muslims by Muslim. Data is safe, no ads unlike others. May Allah reward them immensely. It also contains a qibla direction tab, which is great. All in one. They also happy to take feedback to improve.",5,1,1.0.0,2021-05-03 03:27:22,,,1.0.0
ad2f5966-c2ee-46ae-9e8c-62d25ff8668a,Irfan,https://play-lh.googleusercontent.com/a/ACg8ocK0lYn8-cN9D6Oe2bKiJ872EAP90OlSa20-SSkqmZ-4qLnJY6Zf=mo,"Great privacy centered, ad-free prayer app.",5,0,1.0.0,2021-05-03 03:15:43,,,1.0.0
3ea72ea8-736c-4e92-8587-7d19aa4dc5a6,Nahian Sajjad,https://play-lh.googleusercontent.com/a-/ALV-UjUBrIHxFlQpSPcsftvEr-AVBb7sMleozpKDyBXF6VKWGxgUCzss,"An amazing app with a beautiful simplistic design. Hopefully future updates will include Salah/Ramadan tracker and a du'a section (Hisnul Muslim) so that it can overtake Muslim Pro, the money-hungry app that doesn't value the customer's privacy.",5,1,,2021-05-03 01:05:25,,,
8be493f9-11b1-47d7-bc3e-f3d5f9f77b32,Nazifa Chowdhury,https://play-lh.googleusercontent.com/a-/ALV-UjUo2nYKcz9TQ59baoZi5y9M0brPAQjQZOMESmOROh4ncH4VZyg,"What's great is how user-friendly it is: you'll notice it in the little things, the countdown to each prayer, the way the current prayer time is highlighted, all the features you'll need while managing to look clutter-free and elegant. It's the only app I know of with a responsive team. I found Muslim Pro intolerable because of the ads and too much going on, so only used it for the Qibla and a basic Prayer Times app for checking the times (which had nothing else). This app has replaced both.",5,33,1.0.0,2021-05-03 00:51:31,,,1.0.0
63ec120f-4b55-413f-971e-f66f1cb9570c,Owais Sarwar,https://play-lh.googleusercontent.com/a/ACg8ocKC0aPozo42h6gBXkrqBF1_1WUfUW-sW-Nu5b6crA081mlyUQ=mo,Beautiful,5,0,1.0.0,2021-05-02 23:43:41,,,1.0.0
b8522027-2a36-401e-96c0-4356eed30f51,Asif Rahman,https://play-lh.googleusercontent.com/a-/ALV-UjW0WjSxR47jlgB7jbrSjzbrOwjiLiG62ZPcQn5pRkXMUHiOS8fm,Allah bless the creators of this App. Very useful and designed beautifully. Allahumma Barik,5,0,1.0.0,2021-05-02 23:02:14,,,1.0.0
cd0c3b4c-4fc7-4be8-b2ac-33642a6d2fe4,Shakir Hussain,https://play-lh.googleusercontent.com/a-/ALV-UjUAs6hRZJo7CONHiclmt7-5As0GGLzLekNpNCby_TKZFKyPkZFCzw,Thank you for this simple and easy to use app,5,0,1.0.0,2021-05-02 22:45:28,,,1.0.0
8c8aafa6-27a2-45b0-977f-397438958639,rakay khan,https://play-lh.googleusercontent.com/a/ACg8ocId3g1gi0pSMH0p6nYP0R-9pF6wskt2Yw9dbVhUdKKmBPLkWw=mo,"Brilliant UI, very slick and minimalistic, can't fault it.",5,0,1.0.0,2021-05-02 22:38:10,,,1.0.0
1a2b2b3d-1d31-482b-a016-7c938da9b26e,Sam,https://play-lh.googleusercontent.com/a/ACg8ocKIqKnIjhz8aBEboY9PBfX4H8JvkcgJYsgNKhYMn7MYJN4Rhg=mo,Clean and easy to navigate. JazakhAllah Khayr!,5,0,1.0.0,2021-05-02 22:35:18,,,1.0.0
f394615a-3617-4d2a-8250-d74319a90d3f,Reeha Chowdhury,https://play-lh.googleusercontent.com/a/ACg8ocLB97zwuAJXZw3szdbcE6Odqp-8uLKk4v5UP6o8IBOhzmlCito=mo,"A beautifully crafted app, easy to use and very aesthetically pleasing.",5,0,1.0.0,2021-05-02 21:34:49,,,1.0.0
11b9dc99-e694-4437-b800-71d037922a63,Sana Bham,https://play-lh.googleusercontent.com/a/ACg8ocLtOpFGJN65_gvtnFXUmWlLev0n7dXUgq2bXWHcHOAdgBU61sQ=mo,Add free and easy to use,5,0,1.0.0,2021-05-02 21:22:24,,,1.0.0
7e2d36cd-697d-4ed6-aa84-520a099fdab9,obaid syed,https://play-lh.googleusercontent.com/a/ACg8ocIoqnw1AMVbN0onU-2qKNZKihQWHl5mPTaw8H28EqOmxFptGg=mo,Such a clean aesthetic. App works smoothly! This is a game changer!,5,0,1.0.0,2021-05-02 21:17:25,,,1.0.0
21cc3371-c36f-4c30-9479-7555ac4a1bec,Aisha Abid,https://play-lh.googleusercontent.com/a/ACg8ocLUXH2dhzF7TBEzeDTWnrH1meU9QhGCUcBqQhSBM7lad-574g=mo,"This is a beautiful app! The design, the application, and super easy to use! It's add-free and user friendly. May Allah SWT reward the creators of this app - Ameen.",5,0,,2021-05-02 21:16:01,,,
bfae0e92-5e8d-4664-b794-2e9266f37163,Tasneem Sharrem,https://play-lh.googleusercontent.com/a-/ALV-UjVuPMlE_Or1tBdeqy7v1SY9J8Eyt07DrGP35mizY0IWGtXxZ0k,"Like so many others, I love the design and aesthetic of this app. It's really straightforward to use and means I don't need to keep looking up prayer times online, they are simply there waiting for me in the app. The Qibla direction finder is an added bonus. I look forward to seeing what's to come with this app and wish the Co-founders the very best of luck developing it further insha'Allah. It's great that there aren't any ads too!",5,25,1.0.0,2021-05-02 20:57:21,,,1.0.0
98b18209-f84c-4839-afee-8cea5532e0ef,Zainab A,https://play-lh.googleusercontent.com/a/ACg8ocJmnD1UuIHl8GAK6iyWV0Mpuf2Y74645JmJOQhhxSIdLebtCSjW=mo,"It's a beautiful and clean app. No clutter, no ads and complete privacy. I would definitely recommend.",5,0,1.0.0,2021-05-02 20:27:13,,,1.0.0
c681b7db-5c35-472d-ab75-351a92489f97,Haleem Hosein,https://play-lh.googleusercontent.com/a/ACg8ocLON2unEXaDMZoNFZBbsm-vZzpPloscgoH5mOc9fGzjZ234eQ=mo,Alhamdulillah it's very clean and easy to use! JazaakAllaahu khairan,5,1,1.0.0,2021-05-02 20:03:27,,,1.0.0
785d64eb-dfc9-4880-a42a-ef025c04b39a,Bruhndit_Bandit I,https://play-lh.googleusercontent.com/a/ACg8ocIOi31Lk5mrW00RVn8NGOiAcOXZnK8Y-ARke2vjuBpVWTkdvg=mo,"Perfect. No ads, full privacy.",5,0,1.0.0,2021-05-02 20:03:17,,,1.0.0
ee42d73a-4c26-4a8a-9b2f-89f60e1022c1,ahmad alsaeed,https://play-lh.googleusercontent.com/a-/ALV-UjWWm8T0FYSsNsaXBMK99X7dUB-MEEkgVlzPPfAL32obtRN8e5th,Wonderful and easy to use 😀,5,1,,2021-05-02 19:52:51,,,
b5c9977b-817d-4d8c-87c0-ebe735c89913,Zo Khan,https://play-lh.googleusercontent.com/a/ACg8ocIxcWq-vQb2YzZdeC3xUNwhbzl9usu7sTDJbvIdP-0myI6o=mo,"Beautifully designed app. Really aesthetically pleasing and simple. Would be nice to see the additional options (duas, verses, tasbee) added at a later stage but for a first release this is a great app.",5,1,1.0.0,2021-05-02 19:30:14,,,1.0.0
1e1ced51-3a00-4647-97ac-e8e136e4d632,Tafhim Chowdhury,https://play-lh.googleusercontent.com/a-/ALV-UjUHmxLYg7xrR8uncyBwiVeJtcTkUFpDNI24WSIABm7ekfsRWkfY,"This is the greatest prayer times app out there, not only is it beautifully made and functional, it doesn't constantly bombard me with soul-crushing adverts every 5 minutes. Everyone who used to use MuslimPro should replace it with this new and brilliant app, may Allah bless those who created it",5,2,1.0.0,2021-05-02 19:23:15,,,1.0.0
604bd5aa-9961-419d-89e9-5946d797f36b,Nazmul Huda,https://play-lh.googleusercontent.com/a-/ALV-UjXmDbuXduIFUsFWogmtZVYDUQplYxezRH3BolbL1FbmNsY81BYRIg,Keeps buggin on my s20,1,0,1.0.0,2021-05-02 18:34:05,"Salaam!

Could you kindly share some more details so we can address it inshaAllah. When are you noticing the app bugging?

Our email is salaam@thepillarsapp.com

We're more than happy to help!

Kind regards

Abdul-Rahman
Co-Founder, Pillars",2022-02-19 05:59:35,1.0.0
bf76b300-5343-41f1-8275-6230beab0fcd,Ess Bee,https://play-lh.googleusercontent.com/a/ACg8ocKS136B0o1EPqQ5TKq_c8v0aoNiGxBJaeiTXsWYC6YMcWnhrg=mo,Any chance we can manually set the location? As the location isn't accurate!,4,1,1.0.0,2021-05-02 18:26:37,,,1.0.0
55cdd45a-3907-4c99-9a8d-28419bec5963,Ibrahim Adham Veddin,https://play-lh.googleusercontent.com/a-/ALV-UjUaSLyUl4WZgvuOo93YeqbCTrxpfyoUiD5mE6JXvnefTXMnxnfJ,"The design is very clean and simple. No ads. The thing I like the most is the Home section, where you can take a glance at the next prayer and the time remaining, the date and your location.",5,1,1.0.0,2021-05-02 17:02:02,,,1.0.0
7cde1e97-b7cd-4bf5-b399-2d14a25d2e75,Mahmoda Begum,https://play-lh.googleusercontent.com/a/ACg8ocL7mV0F0iXAelms_wsGlHSfXvVUjYEQ4U4Rh-aT3DkOss8UAA=mo,"This is honestly one of the simplest apps for prayer times and qibla. No fuss, and the most accurate qibla finder I have used.",5,1,1.0.0,2021-05-02 16:49:52,,,1.0.0
26e896b5-b426-4709-9ae4-4d3b25fbb685,Khairul Aiman,https://play-lh.googleusercontent.com/a-/ALV-UjVtjuf85KHLsd_OFBpB-VctxCQbGaFY6cpWzFCy-TUEd6sOa3o,Aesthetics are nice and simple to use,5,1,1.0.0,2021-05-02 16:28:08,,,1.0.0
2b6699c1-eb90-4fad-bcce-579c86d21cef,Mohsin Syed,https://play-lh.googleusercontent.com/a-/ALV-UjWnw3vzowRJzKNtf-fJsFDDLf8fEarKkTpdiSFP5FUuKy2H4lgY,Definitely off to a great start!,5,1,1.0.0,2021-05-02 15:58:28,,,1.0.0
53bc473d-2f0b-4bd6-831f-76d76bc41964,Imran Ali,https://play-lh.googleusercontent.com/a/ACg8ocLaBDt2V61TkukIbXOiJMUb7-jfskTUzFxcSGC6qKv7NpyItw=mo,"Great app. Very simplistic and aesthetic. It all has you need without the extra faff and noise, also it's free of any ads. Prayer times easy to view + easy to turn notifications on/off for individual prayers. Please add widgets and it's the complete app for all prayer needs. It's very rare to find a very high quality app which is ad-free AND free!",5,29,1.0.0,2021-05-02 15:48:44,,,1.0.0
ef7b790e-01d6-49af-a121-a7a345cc02d7,Kazeem Oloyede,https://play-lh.googleusercontent.com/a/ACg8ocLuTAbGEr8N6gBmYHXv7vkto1oOGMlU-lGzZl29CmI-_e-Z=mo,"Professional clean and user friendly. We all know the issues with the other ""free"" prayer apps. This one is free with no ads whatsoever. User friendly and looks so nice and aesthetically pleasing. If this app had widgets for android phones this would be great. Also an Islamic calendar that can link with person calendar that will update on dates etc. I know this can be tricky with start times of various months and predicted eid days. Ma sha Allah, my brothers have done well with this app.",5,12,1.0.0,2021-05-02 15:35:32,,,1.0.0
eb655d0e-b12f-4ade-bee1-9c646c5212ba,NAYAB S,https://play-lh.googleusercontent.com/a-/ALV-UjVaPYZZDqmT6VaY9GKB3gGP_qg1s3_koMi2FCuJRTmtwFpfYQ6L,"Love it, the prayer times seem to be correct and its super easy to use. Even my mum is pleased with it. It would be nice to get surah notification and/or hadith too.",5,1,1.0.0,2021-05-02 15:17:09,,,1.0.0
fbcede8e-2e5c-4a0e-8863-7cf90867934e,Aftab Sarwar,https://play-lh.googleusercontent.com/a/ACg8ocLDpvTqBoBR87bTGl7Yfe4FXC3fMvRZCBMqLjmNt37QQTItww=mo,Very clear layout and intuitive to use!,5,1,1.0.0,2021-05-02 14:35:15,,,1.0.0
caa5e7dc-2f21-46aa-a2a2-2a6fa3bef32a,Sharif Abuzir,https://play-lh.googleusercontent.com/a-/ALV-UjXxcyxLwjpoUlhYxDB6kQSJ05nbS6KHuZC1GPisCAzJedvpbzhnXA,"Great app, but I wish you could have the option to change the 24 hour clock to a 12 hour. Still... Not that big of a deal.",5,1,1.0.0,2021-05-02 14:12:01,,,1.0.0
d408ccc1-63fa-4154-96d2-dfb6127c5f85,Ozair Mukhtar,https://play-lh.googleusercontent.com/a/ACg8ocI4ZMYuEDRyF_kT-9KNAV-rx2HkpSNTGiEuKwniEVBDwa7ETg=mo,Great UI and it's refreshing to have an app that respects user privacy,5,1,1.0.0,2021-05-02 13:58:45,,,1.0.0
9859f126-9981-4632-939e-69ae236f104d,Maryam Kontagora,https://play-lh.googleusercontent.com/a-/ALV-UjWNx7Nd76roz7d72mqn47m704XAStUbjZXDvffD_OA-AI5jJZaOuQ,Very appealing and easy to use,5,1,1.0.0,2021-05-02 13:35:01,,,1.0.0
8c710c68-fb32-46c1-af84-b0291e3a985c,Shaz Dasilva,https://play-lh.googleusercontent.com/a/ACg8ocLUtnl1GBRMXxQOCrcuDYxSFon6bdIT8yeWWFYUknjcKBjgzQ=mo,"A really beautiful design, very simple, no ads. Does exactly what you need. Can't believe there were nothing like it for so long 👌",5,3,1.0.0,2021-05-02 13:08:31,,,1.0.0
9cab20d6-2254-4aa7-a0ac-367963eb0803,Dania Hanif,https://play-lh.googleusercontent.com/a/ACg8ocLWUO8ifReO5MXMoLJQRSWN8EOGV11q0nxblJ4t-dSnLI0jYSg=mo,"Love the simplicity, design, options to choose Madhab and timing calculations, and esp the later Asr time. Basically, everything! Looking forward to the widget!",5,1,1.0.0,2021-05-02 12:29:47,,,1.0.0
c0b4c3f0-eb1f-48d2-a130-cccfda7ab026,kushairi norazli,https://play-lh.googleusercontent.com/a/ACg8ocKLvsYE29HN5JjhKQUEGILLE1MrU-ZMR0lWxbX7Pg3xiX8L5Q=mo,the ui is very user-friendly but i hope we can enjoy other features like quran or sadaqah. May Allah grant anyone who's working on this project jannah.,5,1,1.0.0,2021-05-02 11:23:32,,,1.0.0
17f2c3ff-5439-431e-9894-340989ac9167,Adnan Sayyed,https://play-lh.googleusercontent.com/a-/ALV-UjUA4hbaH5tRcn5AMnmTIFJB2egfRoZI9VnifpV5ETOr9LmXEkNc,Clean and easy to use. Homescreen widgets would complete the app,5,1,1.0.0,2021-05-02 11:16:23,,,1.0.0
1ce0e738-9a63-4a46-8c4f-5898f4485d4d,Haj,https://play-lh.googleusercontent.com/a-/ALV-UjUMQNJOdDsPndkzfmYwQuZ94_V9BnT4XFwzdWbRKNptPsBiPmTt,Just beautiful!,5,0,1.0.0,2021-05-02 11:06:05,,,1.0.0
1ee1cc11-de48-4c60-8c47-87c645f8162c,Morak,https://play-lh.googleusercontent.com/a-/ALV-UjWC-8XfUz1jW04BxjGv8fuI91zU8Sr535lKbKwjLT-6HsLeHFmO,It is a very good app,5,0,1.0.0,2021-05-02 10:44:24,,,1.0.0
c27099f1-b20b-4d8c-ab89-0af3d809a4b7,Hash Tiger,https://play-lh.googleusercontent.com/a-/ALV-UjWuLCgxnUEemDfS6DrZDi4_8ZUF67kgs5TbV5j8HQu55cA6dUPP,👍🏻,5,0,1.0.0,2021-05-02 10:24:29,,,1.0.0
4c1cb652-6701-4ee9-a8a1-6649eb515562,Parveen Memon,https://play-lh.googleusercontent.com/a/ACg8ocJCFWCzxP0jsU47z9TuuZ0du_OST2wajx5l0WieruoXokZtbiM=mo,I have been using this app for a couple of weeks now. Very easy to use and ofcourse no advertisements. It replaces all previous Islamic apps I have had.,5,1,1.0.0,2021-05-02 09:10:38,,,1.0.0
95b53e07-136d-4ebd-9a1c-be78a2d3e129,Omar Khan,https://play-lh.googleusercontent.com/a-/ALV-UjUvAbYp9afjPHuQBO_oHNG8VSU3w77KQd884DqfB0oRH75jCzzbUw,"Masha'Allah absolutely love the app! It's very sleek, minimal and the information we always look for in a prayer app is very accessible. A big congrats and dua to the team behind making this a reality ❤🤲🏻🌟",5,1,1.0.0,2021-05-02 09:05:17,,,1.0.0
63d33efd-cdd5-4868-ba6e-a57d23896b77,Saturated Glass of Water,https://play-lh.googleusercontent.com/a-/ALV-UjVsK8JDEi-aL9xWb-EpWRdM-kXgw3OL3osBHV1SBVtCu9BXIOw,Thank you.,5,1,1.0.0,2021-05-02 09:04:07,,,1.0.0
e072fd97-1757-4850-8f86-96b24d0b6fbd,Tahmid Rahman,https://play-lh.googleusercontent.com/a-/ALV-UjVECsVCYIYtDBIYGSA5ylufQWaxiat2FreZJELFrDgKwM5TzOE9qQ,"An excellent app that looks clean and crisp, developing with Muslims in mind. They respond well to feedback and have an active community of supporters shaping it to actually be meaningful for the things we need as Muslims. Loving it now as it is but also very much looking forward to what's coming. And no ads! 🙏🏾",5,8,1.0.0,2021-05-02 08:59:13,,,1.0.0
9cb3e845-f3ea-46ba-b112-9a824d6d9c04,Adiba Chowdhury,https://play-lh.googleusercontent.com/a/ACg8ocLJDOV2uECDtrOPlsoovPVX7JHe92MsPC13wuPyWe0Atkqg30UJ=mo,"I been looking for an app like this. Its very customizable to what school you follow. Thank you, can't wait to see what else you have in store:)",5,1,1.0.0,2021-05-02 08:58:16,,,1.0.0
dc074947-0188-43c8-8394-163204875bd4,Omar,https://play-lh.googleusercontent.com/a-/ALV-UjV6UjTwN7_NlNHHvGAzCvn7WE0O_ylU4Yoq9tBCHt6xU6-8hsasyw,"Very sleek design MashaAllah, loving it",5,1,1.0.0,2021-05-02 08:42:48,,,1.0.0
149f9d84-191a-469d-84e3-5f141f14382a,Rami Brams,https://play-lh.googleusercontent.com/a-/ALV-UjXIC4tE2_D4E7fIgmylN8PHV3WJF9aE0ma6PiCpzIBo-lVlBKI,For the muslims by the muslims,5,0,1.0.0,2021-05-02 07:36:26,,,1.0.0
4d0b425a-340d-41fc-96f0-a6ca28de7ba3,Rahat Chowdhury,https://play-lh.googleusercontent.com/a-/ALV-UjXJPeU0-lAjUje4PP0Ei4c6kAp6sJWFOHanNfMDlZKH98a6vB8,Way better than any other Prayer app I previously used. It looks amazing on top of that.,5,1,1.0.0,2021-05-02 07:29:58,,,1.0.0
5fc2cf1a-49d5-4f0a-84c4-ca5592255cb8,M Can,https://play-lh.googleusercontent.com/a-/ALV-UjXNiaLyg_L32SGi8gSKuCJF0EKB6T8TJH4cvMBn7Cgngf6iDFUa,No ads! Very functional,5,1,1.0.0,2021-05-02 07:13:45,,,1.0.0
c3d84fee-cffc-4a72-ad85-c2534dfe1483,Ibraheem Adam,https://play-lh.googleusercontent.com/a/ACg8ocK6nLkssUYC3VsWXqVJt7cmKh-gMF_dpeurxXp8I8MDT47XUw=mo,Great layout and very simple,5,1,1.0.0,2021-05-02 06:31:01,,,1.0.0
38070043-c690-4549-a64c-e608350ca823,Nur Diyana Md Nasir,https://play-lh.googleusercontent.com/a-/ALV-UjV7rIRURTleQ7E7V5QawpRqui_oLvn-nbslu7tPzU_axSv1Ihug,"I just downloaded the Pillars app and I really love how it looks! It even has a countdown timer - which is great so you would know how much time you have left, to get ready for a prayer. Some timings are earlier by a minute though. So I'd recommend Singaporean users to also check MUIS' website for the exact ones. 😊",5,3,1.0.0,2021-05-02 06:25:51,,,1.0.0
59409988-dbd5-4cbb-8ee0-61574264e5de,Aaminah H,https://play-lh.googleusercontent.com/a/ACg8ocL9pHwtfrVWxk2pZGpV0M4bcP0boWQe4U7c5i5KmLDVt4d6aA=mo,Great visuals and easy to use. No more having to wait through 5 second ads to find out the Salah time. The app developers really listen to us the consumer and are great at adding new features to enhance the experience. May Allah SWT reward them for upping the prayer app game ☺️,5,4,1.0.0,2021-05-02 06:17:49,,,1.0.0
f32fed25-f0f6-458b-8b16-e6a8b8f3c87f,Yasin Abdelmajeed,https://play-lh.googleusercontent.com/a-/ALV-UjX5W6lIDcsuCV5i7FS_sHxvb1JrCwI5eAriA6Oobr2WLfzc37Ct,"Clean interface, easy to use!",5,1,1.0.0,2021-05-02 06:13:54,,,1.0.0
3ebb0618-f62c-4c89-a12d-1c6f565e60b7,Boucherb Mouheb,https://play-lh.googleusercontent.com/a-/ALV-UjXfjuFXTsvydOvSK5xghpLmOCiC7FtNQMENa2YDhKppcBfowwWi3Q,"An amazing app that contian all the necessary functionality for a praying app with a beautiful UI and a nice experience, all that without any ads",5,1,1.0.0,2021-05-02 05:48:58,,,1.0.0
4d11fee8-c1c7-413b-ac2a-1f959086c0b9,DSM DSM,https://play-lh.googleusercontent.com/a-/ALV-UjVWD0unoHWfLwvkh_r2Euq-nDMhq3bHKv8uOQaILU6CnZSHO0Ks,"Top app right here. Modern, sleek and prioritises privacy.",5,1,1.0.0,2021-05-02 05:48:56,,,1.0.0
430ab242-7d10-4406-9926-a6b9e1d3402c,Maksymilian Martins,https://play-lh.googleusercontent.com/a-/ALV-UjXusQznNRz_SK7uyMVz5AClJnKSsRJGQtk1kBfM8t7DwKz3KvZhkQ,very user friendly,5,0,1.0.0,2021-05-02 05:24:19,,,1.0.0
1429aa02-a8a4-404f-a8de-1a7ccaaba679,Hamza Dalvi,https://play-lh.googleusercontent.com/a/ACg8ocK0X6fmBj8kSFJJ-z_xXrAMRtPvk_Gfh-PjMg2aHqP-hILT1w=mo,"Much needed application. So smooth to operate with such a sleek, easy on the eye feel to it.",5,1,1.0.0,2021-05-02 05:20:37,,,1.0.0
38d8f42f-0f4b-4920-9476-548dd3663ad0,Ahmed Ali,https://play-lh.googleusercontent.com/a/ACg8ocLxn9xqjW2bOYrUgDBIwodV90GfhEZYektaelmlpSazyr-MMA=mo,"Sleek, Clean and gets the job done! 👍🏽",5,1,1.0.0,2021-05-02 05:13:47,,,1.0.0
c953039f-89d6-425e-864a-cc775fe29f78,Ismail Mohammed,https://play-lh.googleusercontent.com/a-/ALV-UjXCgbUc5YVA_6VM-NiqECL_1SLdDbMDcMGJAkFqk9u60DBgAwgNfA,"Simple, free, no ads!",5,0,1.0.0,2021-05-02 04:55:22,,,1.0.0
3cbc2412-0640-4ef5-bdea-a4b65ffa10aa,Abdulsalaam Blain,https://play-lh.googleusercontent.com/a-/ALV-UjU9QUaYw9U-2nLFgOEcrN-U_KQatavhkPlDNB6nbKpWh37iIW68,بارك الله فيك,4,1,1.0.0,2021-05-02 04:54:36,,,1.0.0
f9c439c9-3b48-4044-944e-23eee09db3d7,Shaima Urmi,https://play-lh.googleusercontent.com/a-/ALV-UjVZMyQSaAZ_1zuIu-TFwdfLUuGSFOwX0X4VYPg6_rmletQ5gTw,Beautiful design and so easy to use! Love it!,5,1,1.0.0,2021-05-02 04:51:36,,,1.0.0
aa6d40d7-7ce0-4622-b790-13de88251e30,Youssuf Aldoufani,https://play-lh.googleusercontent.com/a-/ALV-UjX9HRNszm9Qu8H88aD8i5_OiTK_qrsJus5l52rggNGtS09ytMYx,Beautiful,5,0,1.0.0,2021-05-02 04:47:04,,,1.0.0
bec614a2-8489-4317-b61f-1a0be850b0e5,Zak Shah,https://play-lh.googleusercontent.com/a-/ALV-UjUaUdDtbEwFnMi3NShRqIGnqEme5ASqKBPlF9BX0laeGQLFN7c,Beautiful UI. Please add android widgets as its much easier to have the prayer times on your home screen.,5,1,1.0.0,2021-05-02 04:40:56,,,1.0.0
56cf85cb-844a-43e3-b9be-7a7fd27494fd,Mamadou Sylla,https://play-lh.googleusercontent.com/a-/ALV-UjWYaG62oZgvHIIJ0Adp1xFYz-TbcLpExNrL1FOyLDQH-9dely4NiA,Cleanest and most pleasant interface and functions I have ever seen! A+++++,5,1,1.0.0,2021-05-02 04:39:07,,,1.0.0
4733a735-dcf8-4778-b9c8-2e6463e2ce12,Maryam Amod,https://play-lh.googleusercontent.com/a-/ALV-UjU00b5ipWCA7K3-e0QQ6hxCDdrFt-dI0t4GlMsCpzkqQqbhi0-juA,"MashaAllah, an aesthetically pleasing and accurate app. Absolutely love it. I've been using the beta version and so glad it's finally launched for everyone. Alhumdulillah. May Allāh accept from all those involved. Aameen",5,2,1.0.0,2021-05-02 04:29:40,,,1.0.0
4ee52255-46c6-4cbe-a5f0-b1eade17582b,Osman Mohammad,https://play-lh.googleusercontent.com/a/ACg8ocK6C4Ih-gfhkR5rhWfu9792hGBSDEAGhCY1uz1xL9e9ahaBuA=mo,Simple and clear UI. Can't wait for the widget,5,1,1.0.0,2021-05-02 04:05:15,,,1.0.0
255f14ae-2280-4685-b890-dc98c4403553,Syed Sheheryar Umer,https://play-lh.googleusercontent.com/a-/ALV-UjVKBhdpbDzjF6SaZBQzb9sN0R4_CG6nvxg3WGBaYcue0Jdy33KvRA,Clean and easy to use,5,0,1.0.0,2021-05-02 04:03:43,,,1.0.0
5e297df2-e373-4783-bd32-3ca24a3c259f,Ahtesham Arshad,https://play-lh.googleusercontent.com/a/ACg8ocJVkfAr59ZwbOVKQOKq-44qKdXdOhTDWsUH_ss_tKldc-2L2Q=mo,Clean minimalist UI. Does exactly what it describes and does it perfectly. And all this without any ads!!! Excellent job guys keeping an eye on what comes next from you guys,5,2,1.0.0,2021-05-02 04:01:38,,,1.0.0
e65e453a-ba3f-4e64-bd7f-6d384119f901,Ameer-Ihsan Qureshi,https://play-lh.googleusercontent.com/a/ACg8ocIJEI2DBrH-ogemqiE44iDe_pvRdybq2RYwNnZpPIdd6wnn-w=mo,A great sleek and easy to use app.,5,1,1.0.0,2021-05-02 03:49:01,,,1.0.0
e46c9510-8e12-463a-bfbb-f5023fcacc84,Muthahhar Choudhury,https://play-lh.googleusercontent.com/a/ACg8ocK3A-4452FWmJhrb1WGRun3LLzERVvMc0l05XP5XMUtefLI1Q=mo,"Absolutely amazing! With a sleek design and a great, friendly user interface, this app has superceded my expectations. There have been confirmation of further updates already, and I cannot wait for it insha'Allah!",5,2,1.0.0,2021-05-02 03:45:36,,,1.0.0
a6fb01d1-5a97-4ef0-b9f1-c5ab98d82726,Raz,https://play-lh.googleusercontent.com/a-/ALV-UjXjExXDtfyBZF_KZTNoXyqx9mSFozcaJ8RAXaMwq06SE-EmhK3cbw,"Sleek, no ads. Exemplary app. Only suggestion would be the option to adjust stated prayer time (+/-) by minor minutes",5,1,1.0.0,2021-05-02 03:43:18,,,1.0.0
e85eb7ca-58de-43fc-b0f9-c8b50192fd30,Fahmida Miah,https://play-lh.googleusercontent.com/a-/ALV-UjV_XeDW6tdVB4-BXCtgrCMAs9Bj9hNVzpCdjnNNn5mQoZDAx3kunw,Gorgeous design! Really easy to use and very helpful :),5,1,1.0.0,2021-05-02 03:40:59,,,1.0.0
1d564fc9-bffa-4f30-8eab-3caf22405709,Mohammad Rahman,https://play-lh.googleusercontent.com/a-/ALV-UjXwGMb38QQPMx39xYZMIlQdyQs74OHZo8CbRmj2v6416qKiN8gVsQ,"Ad Free, Clean UI, Accurate prayer times and Qibla Compass. What every Muslim needs on their smartphones. Free of charge.",5,2,1.0.0,2021-05-02 03:31:38,,,1.0.0
dbc0ef48-4219-47ce-9a95-e869665ecc0c,Naila Choudhury,https://play-lh.googleusercontent.com/a/ACg8ocKlzDhHDMdpCYYd3AQMog54fYwg-SN1hIBxb7HHPtRq9mv1BQ=mo,"Really beautiful app mashaAllah, very simple and quick to use since it doesn't have ads. I appreciate that it has made my Ramadan better :)",5,2,1.0.0,2021-05-02 03:30:26,,,1.0.0
70009cf0-d22a-422d-9682-db89da74f182,Anisah Osman Britton,https://play-lh.googleusercontent.com/a-/ALV-UjWq_SdEe5i0gNaqQubYuWhzvDij3X8Kp4Cr8g1ctXRHxS9J_UWIGQ,Finally! A really beautiful and easy to use (and non data selling) prayer time app. I'm using it from Germany at the moment and it works great. No need to enter any personal info to use it.,5,1,1.0.0,2021-05-02 03:30:21,,,1.0.0
d1f026af-3917-4b58-a0e0-a54245e2f4b2,Nas A,https://play-lh.googleusercontent.com/a-/ALV-UjUFt6hlS7YZ-zLd5GYouFEtpWckv8zJ0Im4gOQorqV9EWyp9Yjs,Beautifully designed and I love the qibla direction feature.,5,1,1.0.0,2021-05-02 03:27:56,,,1.0.0
be4c3a60-1f40-45ec-be5b-43601493ede7,Khayrul Motaleb,https://play-lh.googleusercontent.com/a/ACg8ocLaVDW-ohqjuxix-p3P3LRnU0B42MM31DdyvqGZZhSW05hABA=mo,"Cleanest UI out there with crisp visuals, privacy focussed, truly helpful options such as being able to choose prayer calculation methods as well as the main thing, NO ADS. Can't wait for the widget to be released for Android.",5,3,1.0.0,2021-05-02 03:16:55,,,1.0.0
8d1a7d47-a27d-4b48-bdd7-73590e32fc00,N,https://play-lh.googleusercontent.com/a/ACg8ocKhoNRjBdCAp4hgxrPDNDmcGTMrWzzAeNh6xTgJNRb1RqAx6A=mo,"MashaAllah TabarkAllah! Such a clean, simple, beautiful design. Needed a prayer app so this launched just in time Alhamdulillah! The best part- Its Ad free! Please keep it that way! May Allah SWT bless and reward you!",5,1,1.0.0,2021-05-02 03:14:57,,,1.0.0
0d2a3f8a-6b8f-4543-bb19-97cce23a8b01,Aamir Ali,https://play-lh.googleusercontent.com/a-/ALV-UjWAreJ5hGqfyvkUOa6ZzyiTPYtigBmnsvhZ5B-pkBsyjFUMsR3F,"This app is exactly what I've been looking for, a prayer app that is accurate in determining the direction of the qibla, prayer times and no ads. Highly recommend!",5,2,1.0.0,2021-05-02 03:14:02,,,1.0.0
ef2b7e6f-3d7d-4f81-a8d7-e8ab681d1b05,Ahmed Gatnash,https://play-lh.googleusercontent.com/a-/ALV-UjX7C-lK8R4UgqD6oTMb-2VP9cNO4iOFsJ90DY0YVLp7l1XGTWLDpA,"Beautifully-designed, clear, simple and ad-free",5,1,1.0.0,2021-05-02 03:13:47,,,1.0.0
0922806c-1987-4d79-b70d-75ad89fecb99,Dexrx,https://play-lh.googleusercontent.com/a-/ALV-UjXza3wCsLnapfdV1dXQ85UwsWaTqmdg3voqm-Nl1xY7m0ajcdBG,Everything is great and it looks very good. Ma Sha Allah. But i live in the Maldives and the prayer times dont match.,5,1,1.0.0,2021-05-02 03:13:06,,,1.0.0
00a73125-6399-403c-8ac2-3f9020fd2f4e,Heera Miah,https://play-lh.googleusercontent.com/a-/ALV-UjWe0Z-rEHMal2PqqHHwEQFBK4xcQlpOCqgIYB8k_zKXodWvoxFcbA,"Goodbye Muslim Pro, Hello Pillars! The best prayer app, simple, intuitive, perfect in every sense, we finally have a Salah app that is free of rubbish ads. Alhamdulilah.",5,2,1.0.0,2021-05-02 03:07:37,,,1.0.0
50e7166f-32ff-429a-967a-e6c2c0b40f06,Mohi-Uddin Miah,https://play-lh.googleusercontent.com/a/ACg8ocKkkPc8JdR9nsYzwv33UwVtS8-bsHVAAwfjoDziTRT4qG27fw=mo,Ma'sha'Allah the app does what it says on the tin! Super simple interface making it easy to navigate. Doesn't confuse the user!,5,1,1.0.0,2021-05-02 02:59:48,,,1.0.0
4e1aae4c-51c2-4c62-acfd-70fe46377491,Sam,https://play-lh.googleusercontent.com/a-/ALV-UjVsPLuiJWosjkjmfnJqdIFCik7myV_bg7dNii4eGB5b7eOohwIStA,"MashaAllah, finally a great ad free app for prayer times which also focuses on privacy. May Allah bless the creators of the app and all the best for future updates.",5,1,1.0.0,2021-05-02 02:53:42,,,1.0.0
4a94c181-41dc-4586-90b7-d22aaa048b62,James Newman,https://play-lh.googleusercontent.com/a/ACg8ocIChGchtyrOWixV5bN0XvNWUOJ-npoyx2b1MPsCdcDC-zhTZA=mo,"At last, a prayer app that is beautiful in its simplicity. It is now my go to prayer app.",5,1,1.0.0,2021-05-02 02:52:29,,,1.0.0
381b93eb-9e60-43f2-a4f2-6498e8639fb5,Tamer,https://play-lh.googleusercontent.com/a-/ALV-UjWE6adipLWIE5QoV94Shi6weCWLK-nomYcFj1aSy4pTywJ_nxjJxQ,Super clean app with a completely ad-free experience. The developers have been transparent throughout and very receptive to constructive feedback. Hands down the #1 Muslim prayer time app on the Google Store!,5,1,1.0.0,2021-05-02 02:49:52,,,1.0.0
f4e0854d-89bb-4fae-8fdb-d7b2a8e84116,Hasan,https://play-lh.googleusercontent.com/a-/ALV-UjWXruiGax6yjYw0W1QKxSl8dSzj8s4pz3Kk1_DVzE-AKawKFCs,Looks sick,5,1,1.0.0,2021-05-02 02:49:17,,,1.0.0
e3b670e1-d3c6-42b8-a0f5-82052b895adb,Ismail Hussain,https://play-lh.googleusercontent.com/a/ACg8ocLPNX3LMYWbRwkmOYsFGbu-lcrcUg14-d2SCaFOy4wQI4QnQoOA=mo,Banger,5,1,,2021-05-02 02:45:34,,,
c24a3fd4-be04-489d-a71a-c201b2774695,Oischi,https://play-lh.googleusercontent.com/a-/ALV-UjVlW7wOa1wkmCnKyOE8rw9C8BqI7qxN3NRaxmAI1Pm70NxFS2Eu,So beautiful and simplistic yet it has everything you need. In Shaa Allah can't wait to see what's in store for the future. May Allah bless the brothers who made the app! Ameen,5,10,1.0.0,2021-05-02 02:44:35,,,1.0.0
ae72c2c7-d91e-4c63-92a2-959cd68f06ea,J Sanyang,https://play-lh.googleusercontent.com/a-/ALV-UjVkzgZnQ4FhayF8TzOuyOVdivJYfBL8H0qTY85uErYuxiLC2Yrjyg,So much better and clearer than the app I was using before!,5,1,1.0.0,2021-05-02 02:40:02,,,1.0.0
d3485d36-49eb-4f7a-b399-70fc82c114f6,Ahmd M,https://play-lh.googleusercontent.com/a-/ALV-UjUqqwsdjnIJx1DQxL8uxsf6vWXNFgRNPfwM8axGVq0RszoYNXSb1g,Honestly the best app I've used for prayer times. Very accurate to my Masjid. Strict on privacy and AD-FREE! Alhamdulillah! Praying for widgets soon 👌🏾,5,0,,2021-05-02 02:36:34,,,
1118db78-097c-415c-a8f1-c1bd6dd61126,Ahmed Nihad,https://play-lh.googleusercontent.com/a/ACg8ocIK9xzqxKIFEBlHcWkI_NdLN5inzeTiIpQQ2a_C9fnf845IHA=mo,Very helpful app,5,0,1.0.0,2021-05-02 02:36:24,,,1.0.0
0817e80b-1d26-4b3f-b869-50228ead38c0,Asya Begum,https://play-lh.googleusercontent.com/a/ACg8ocLDt2QgRFvuokbFSIEtRac9uGS4Idj7fGq1ypelxqBEXruQaA=mo,Great app,5,0,1.0.0,2021-05-02 02:35:38,,,1.0.0
ea132157-d223-44a9-a70d-63219d2e4172,Dilwar Alam,https://play-lh.googleusercontent.com/a-/ALV-UjX9pMQQSJjot-qcarjPOazhfEc5GNiLlUFjGQ2011b3Jape9hed,"Very well laid out user interface, no ads, madhab options, this app is great!",5,1,1.0.0,2021-05-02 02:35:38,,,1.0.0
d57be210-be7b-4173-ba47-230b3ad78890,Nazmul Islam,https://play-lh.googleusercontent.com/a/ACg8ocLygq7zEvsKLOz928eM6997nNgQemSmeNazUP9nyB1P_EMqoA=mo,Hands down the best prayer app in the Play Store right now. The aesthetics are beautiful!,5,2,1.0.0,2021-05-02 02:33:40,,,1.0.0
ae85405a-0dc4-4785-83fa-9a346d2d6b0d,Mohsin Sadiq,https://play-lh.googleusercontent.com/a-/ALV-UjW1rhqUt8k2P_hv1e-PCfbwpo6aO9MCAAvnB_StI25MerjJtF91rw,Perfect. Been looking so long for a minimal app without extra bloat that just reminded you to pray and this is it.,5,1,1.0.0,2021-05-02 02:31:46,,,1.0.0
cb83dc94-9b69-4170-8583-130d01043013,Haris Rahman,https://play-lh.googleusercontent.com/a/ACg8ocLtPhIhpgQ1i95xNIAVezDmZCxY15bga6owXEZMClme_T8aBQ=mo,"As Salaamu Alaikum! Good job brothers, especially on the UI front. Please add Umm Ul Qura in prayer calculation method and also add widget. Also ability to get reminder 15 minutes before prayer time would be nice. JazakAllahu Khairan.",4,5,1.0.0,2021-05-02 02:28:09,,,1.0.0
6b9f8514-83f8-4be7-b706-bd41ac5eb4e1,Sheharyar Ahmed,https://play-lh.googleusercontent.com/a-/ALV-UjVOZLVD8CNtMUEtjJAJXeSBrM1bjwjpLzVlQvpWdzaOfBwCvlH6,Love the app. Minimal UI and 10/10 user experience. Just one small suggestion: please allow times to be in 12h and 24h format both. Currently it only shows time in the 24h format.,5,24,1.0.0,2021-05-02 02:17:36,,,1.0.0
9ad5fec6-7e4a-4813-ab3b-50e6d7f2ba8a,Shahina Ahad,https://play-lh.googleusercontent.com/a/ACg8ocIT_5ZW2RTkGssYvc2aOgxNwQwQEe91wvowYiggNwIP0PF-oaA=mo,Can't wait for the app to get widgets and other additional features,5,1,1.0.0,2021-05-02 02:12:23,,,1.0.0
f1e89dd3-dcd7-4f66-988b-53d486d4d288,Zahid Ahmed,https://play-lh.googleusercontent.com/a-/ALV-UjXkD6DXOqwbg86Ni8QmgkviupPqlCHapTcopiXQoUoP-kb2iLADiA,"Alhamdulilah what an amazing app. UI, responsiveness and creativity all in 1. Best prayer app I've ever used doesn't do it justice!",5,2,1.0.0,2021-05-02 02:11:47,,,1.0.0
9b20a429-9c08-4d32-be2d-c0301167712a,Ifty A (Ifty),https://play-lh.googleusercontent.com/a-/ALV-UjXwZVOiH5toxAdhE1M33YXKlZswTemlgrVRWuh5PAJHHt4uG2--,"Pretty much hits the nail on the head for a simple, clean and user friendly experience for prayer times. Love the UI Design especially",5,1,1.0.0,2021-05-02 01:38:59,,,1.0.0
29fcd53f-904b-4895-b47c-038476c436d8,Anwar Ally,https://play-lh.googleusercontent.com/a/ACg8ocLSnX6xwi6HRS0dyL6otjAA8TQmqds6uKbjLO5PB32hY3MwWulK=mo,Great app...love the UI...doing a great job may Allah bless you guys.,5,1,1.0.0,2021-05-02 01:32:47,,,1.0.0
4b5a3733-e279-4e6a-819a-4f28d3e58969,koyangi saram,https://play-lh.googleusercontent.com/a-/ALV-UjUx_qQ74ElDBbsMknNQC3wlojjAiDUlWQwvZwz_uVfhKi9REYvW,"Great UI, really. But the prayer times for Malaysia is not accurate. Maybe you can refer to Jakim or e-solat.gov.my for the exact times.",5,15,1.0.0,2021-05-02 01:24:25,,,1.0.0
40224205-96e8-4a28-9642-9215d7fa992d,Luqmaan,https://play-lh.googleusercontent.com/a-/ALV-UjWZwKRtGS47OczJGTODc_q16I2FMcGwKX71GsPEENPyJKwH6jLzNw,"MāshāʾAllāh lā quwwata illā billāh. It's so beautiful and simple. Stop reading this review and download it! Lol. The compass needs work though, at my location, it should the opposite direction..",5,2,1.0.0,2021-05-02 01:24:01,,,1.0.0
4973a28f-3542-4f67-aa62-f39199a57b86,Emaduddin Mohammad Ibn Tariq,https://play-lh.googleusercontent.com/a-/ALV-UjWwt1FTQ86PapYKHJsE5_k7lZn7QC3ReDHZ7xjVjQS9rPcjJyd8RA,"ABSOLUTELY love how lieghwieght and simple the app is whilst providing ALL the functionality I needed in a prayers timings app subhanAllah keep it like that guys, it's incredible the UI is so asthetic I love it",5,1,1.0.0,2021-05-02 01:20:09,,,1.0.0
757ab586-77be-44d8-b9fe-61739ffb0344,Nabeel Chowdhury,https://play-lh.googleusercontent.com/a-/ALV-UjWuguncjNegy64vkOXXD3dA2dsF7L965LkCOzAOvSOTImyaxkCT,An ad free experience that provides the much needed essentials for Muslims around the globe. It was extremely interesting to see the development process on twitter and I am so happy to finally use it!,5,8,1.0.0,2021-05-02 01:19:30,,,1.0.0
f0c277fc-b974-4b45-95b0-a340de24cbd8,Bilal,https://play-lh.googleusercontent.com/a/ACg8ocJa3zglHkC-flaymSc-AnHjzrLm-wXf1SRwuAhjeE3MgMTkFxM=mo,"Clean design, easy to navigate, and ad-free!",5,1,1.0.0,2021-05-02 01:10:27,,,1.0.0
abcaee3c-065a-4176-b0fb-5ba04bb2a349,Sohil Luhar,https://play-lh.googleusercontent.com/a-/ALV-UjX_YHwmqykqJvxFxQbwF0Y_QBKoXHnXBQGyvs3EvX0XtN3j2WtYvA,Mashallah Amazing App,5,0,1.0.0,2021-05-02 00:52:05,,,1.0.0
66aa7ed4-b3cd-4f54-8862-6a08f6e33cf3,Ahmed Tagelsir,https://play-lh.googleusercontent.com/a/ACg8ocLKNhadYs7nVIzeyU3WLIa47UUxy-NCRSGpA21Tjt-W30jKfbYz=mo,"It's a beauty Masha'Allah! The app is so neatly layed out and clearly the developers put alot of thought into making it as user-friendly as possible, may Allah bless them",5,3,1.0.0,2021-05-02 00:34:41,,,1.0.0
5b5d9dfd-f350-4ba4-98df-862478390aa3,TheAfroSultan,https://play-lh.googleusercontent.com/a/ACg8ocJFbxG9B27ap02toarz0aj-pibLfI_Mh8Abu8J-D_RYZ-_pBQ=mo,"The BEST prayer times app on the play store. Clean and easy to use, and best of all NO ADS!!!",5,2,1.0.0,2021-05-01 23:04:55,,,1.0.0
