reviewId,app_name,score,at,content_clean,theme_code
efb464f9-5e5a-4daa-9cc9-17dbaffc0c58,Athan: Prayer Times & Al Quran,5,2026-08-01 03:11:11,"Must have for all muslim brothers and sisters, + it's completely free",
f42172c2-8eff-44e5-ba17-000bf21cba0d,Athan: Prayer Times & Al Quran,5,2026-07-19 06:17:46,Alhamdulillah.This apps is helpful for Muslim man and women life.,
86456207-00ba-4afe-9892-fe74ec962ec9,Athan: Prayer Times & Al Quran,1,2026-07-18 09:45:51,"Too many ads. You have to wait 10 seconds to skip an ad, just to check how much time remains till fajr or till sunrise. Truly shameful how the developers obsessively prioritise maximising their profits on an Islamic application. Many of the ads contain Western women, obviously not covered properly",
3ec64c30-b5e5-4a25-a009-cde66fd86146,Athan: Prayer Times & Al Quran,5,2026-06-11 22:07:21,"the app is very good and works very well but I have one concern...the ads at least what I get have women with their hair uncovered (you know, clothing advertisements) I'm a woman so it's no problem but if a man gets these types of ads, isn't it considered Haram? I'm not sure about this but if you see my review please look into this,thank you.",
ffcccbf3-dbc6-412f-9472-a99f3c15220a,Athan: Prayer Times & Al Quran,4,2026-05-31 16:26:28,The only complaint I have is: when I turn on menstrual mode it doesn't turn off the prayers as it promises to do. Please fix it,
79023f7d-b0bd-41b3-80f5-40c03434c523,Athan: Prayer Times & Al Quran,4,2026-05-25 14:42:27,"Very useful App for prayer times, daily duas, Quran reading and general Islamic calendar/events. One thing I don't like is the menstrual cycle feature on the App. Apart from that, I will definitely recommend.",
5f46f76e-88df-4575-88f2-eb448a960309,Athan: Prayer Times & Al Quran,2,2026-04-05 17:25:39,"This app used to be excellent. Now it's full of ads, many that are not appropriate for an islamic app. I see ads for fashion brands with women wearing revealing dresses on Athan!! WHY?? Also, the ads go off suddenly and the sound blares in the middle of the masjid when I open the app to check prayer times. I will be uninstalling this app as soon as I find a good replacement.",
98c5c4c5-b5e9-462c-9b3c-4425a66abe66,Athan: Prayer Times & Al Quran,5,2026-03-21 00:49:40,"Best App for every Muslim brothers and sisters. they're not like any other app, they don't force their users to pay for extra features. This app has nearly everything a muslim needs which is so astonishing. Love this app and may Allah swt grant jannah to the developers of this app, Ameen.",
4c441560-a3c0-4187-a709-851ad30fb348,Athan: Prayer Times & Al Quran,2,2026-03-09 17:32:51,"Obnoxious ads every time I open the app just to see the azaan time. Also, getting a ""how's the mood swing going?"" from an Adhan app when I had menstrual option on, was annoying to see.",
d19468bf-916d-4090-8f79-cf4af4bb7e6a,Athan: Prayer Times & Al Quran,5,2026-03-08 18:40:12,"""I am writing to share feedback regarding [App Name]. While I truly value the app’s features—specifically the prayer timings, the Quran recitations, and the wide range of translations—there is a significant issue with the user interface. Currently, the commercial profile/opening imagery features a female picture that many users find unsuitable and inconsistent with the spiritual nature of a religious app. This type of imagery feels out of place in a tool designed for ibada",
99bec69c-9c27-427c-96d0-1eac8e7a860e,Athan: Prayer Times & Al Quran,5,2026-03-07 22:29:58,"I purchased to have ads removed and it has made my experience much more enjoyable! As a revert, I love being able to check-off my daily prayers, or switch to menstrual mode. Athan is like my toolbox.",
7bbb5114-0e32-4482-b62e-b96cf6bab17c,Athan: Prayer Times & Al Quran,4,2026-03-04 20:05:57,"this is my most preferred islamic prayer, quran apps of all time. but please please please make it more ladies friendly. yea you sure have menstruation mode but shouldn't you include exception for fasting and quran recitation? i am quite upset as it is causing my streak loss :( hope you can fix it ASAP",
8a831b18-3a0c-4837-b589-18831f2b1bf7,Athan: Prayer Times & Al Quran,4,2026-02-24 01:47:37,"the athan app is really good for all Muslims to be honest ,There isn't really alot I can think of that this app doesn't provide,But,I'm pretty sure the prayer times are a few minutes off which is okay,and I also wouldn't really trust the qiblah compess,but other then that this app is a must have for all my brothers and sisters!",
774110d9-cf47-4b02-bb88-bacb732ed097,Athan: Prayer Times & Al Quran,5,2026-02-21 08:53:24,"Good services providing and motivating app, specillay for new Muslims brothers and sisters.",
be15bfc3-403e-4442-a90d-7f8ef263cdfe,Athan: Prayer Times & Al Quran,5,2026-02-20 18:58:34,just downloaded ATHAN today in ramazan of 2026 ... its a very amazing apps reminding you prayers nd quran nd zikr notification... with a menstrual mode too( turn on when you are on ur periods ) which is unique.... may Allah help us all,
3f0affe6-cada-4c0f-8adc-22a5afeaab41,Athan: Prayer Times & Al Quran,5,2026-02-20 07:39:00,I'm impressed!! This is the ONLY Azan/Azkar app that recognizes muslim women and their menstrual periods! respects its timing and ALSO provides information and tips for it !!! Many thanks for devs !!,
8d2c6fdb-7f7b-437f-bb28-951298b4cc04,Athan: Prayer Times & Al Quran,5,2026-02-16 11:18:14,"it's a nice app, good and very easy to understand and assimilate, if i have to recommend the app for my fellow Muslim brother or sister i will surely recommend this beautiful app",
5bc48d7f-a252-4509-8bd4-8a308565794d,Athan: Prayer Times & Al Quran,5,2026-02-12 23:20:48,very good app for a muslim woman,
1c96c2cb-c5b6-42dd-b4f2-34dc9c2e3370,Athan: Prayer Times & Al Quran,5,2026-02-02 03:49:32,Athan is a very useful app and I will 1000% strongly recommend it to all brothers and sisters.,
21ef58a1-1346-4d1f-a040-b4a55a62af1e,Athan: Prayer Times & Al Quran,3,2026-01-01 23:58:48,"it is what it is. a reminder for prayer, however, does anyone know an Nathan app that has the option for a female voice instead of male?",
e5736ea7-9b9b-4042-8dbe-95a387111ed2,Athan: Prayer Times & Al Quran,1,2026-01-01 07:26:43,"The athan app contains haraam ads which contain music, uncovered female awrah and interest based banks. Please fear Allaah",
fcee92bd-5860-4e32-9ec3-57be9e5b2471,Athan: Prayer Times & Al Quran,4,2025-12-26 15:14:56,"Perfect, gives you athan, has many duas, allows menstrual modes, and you can change the fonts, etc.",
30889a20-3f8a-446e-829a-262693cc0169,Athan: Prayer Times & Al Quran,5,2025-12-16 17:20:18,the best Islamic app only that it doesn't work offline while reading some Quran but it's amazing as a woman i love the the menstruation setup ...alhamdulillah am glad that y'all sorted it out may Allah grant us financial stability so that we make use of those features,
92e9afec-ec89-4bf8-95f8-552afe5543b9,Athan: Prayer Times & Al Quran,1,2025-12-12 17:38:53,"I'm sorry but running ads while someone is trying to read duas is just stupid. im sitting in a mosque, and pictures of unknown women starts to appear in the ads. It's sinful astaghfirullah.",
f24482c9-4952-41a4-84de-ea0992347351,Athan: Prayer Times & Al Quran,1,2025-11-10 06:50:22,Salaam is being So long Waiting now For a Night Mode this is the only issue I have for this app rather then that I really Love it So Much is a Perfect app Please reconsider the night mode or Themes Functionalities please guys I will take away this Rating Insha'Allah But only when you updated your themes Jazakal Allah Brother's & Sister's:) Since Now You Take. my point I guess there is no need to keep this app bye bye for ever...,
d97f2328-9042-41de-86b0-554c02edb446,Athan: Prayer Times & Al Quran,4,2025-11-04 22:41:03,"it is good, but if you remove ads, it would be perfect. You're helping your Muslim brothers and sisters. I understand you need to also make some money, but I think apps like this they have to be free and no ads",
ea09d664-0e99-4c4e-9052-d1621017e5fc,Athan: Prayer Times & Al Quran,4,2025-10-28 05:46:49,"What happened to the videos with updates regarding our brothers and sisters in Gaza, daily dua, motivation, educational, etc.? I dont normally write reviews, but this app is part of my daily routine, and my favorite part of the app was watching the videos to hear messages. I was hoping it was a glitch but I just read someone else's post about the same thing. Other then removal of videos this app is one of the best out there in my opinion.",
79f22a8e-078d-4c8f-b8f6-17c68a0b065b,Athan: Prayer Times & Al Quran,5,2025-10-20 06:54:14,As-salamualaykum i live in a very small town and there are not many Muslims here and so being able to access this app to help build my closeness with the Allah (swt) and being able to seek knowledge that I cannot ask other brothers and sisters has been a blessing. Alhamdulillah,
27857375-e08b-4dc0-8706-95be3f940724,Athan: Prayer Times & Al Quran,5,2025-10-19 06:41:36,"This may sound like bot behavior, but I do find this app useful for daily reminders, like Salah dikir and even the Quran. It even has a period tracker for the ladies and what duas to read during it.",
8c9bf3a5-7912-4232-a0c3-be78a5e3ff43,Athan: Prayer Times & Al Quran,1,2025-10-14 02:19:54,"why do almost all of these app devs for Muslim apps have ads? they show women in the ads and you cannot control what they choose to show. To the devs, don't be shameless, put a donation link and I'm sure Muslims would donate. Do not sell out your religion for ad revenue from shayateen. have some dignity and honor.",
747500df-06f6-4ac4-86bf-adaa82789e1b,Athan: Prayer Times & Al Quran,3,2025-09-11 22:02:17,"used to love the app. not a fan of the update, or having to make a profile to see my history. can't find menstrual mode. Looking for something else now. such a shame because it used to be pretty much perfect",
49ff7d49-b3e4-4c21-af18-b2cbc0a756d4,Athan: Prayer Times & Al Quran,5,2025-08-30 06:40:22,Tasbeeh Counter with customized themes - User-friendly Tasbeeh Counter for Azkar and Dua’s - Make Tasbihat and Azkar with عداد تسبيح / Dhikr Counter Menstrual,
59359c8c-7b51-44a5-b5b5-1adcce80e838,Athan: Prayer Times & Al Quran,1,2025-08-29 16:13:12,The new interface after the last few updates is really horrible. It was much much simpler and prayers logs were there easy to view and organized with the prayers. Whoever designed the last few major design updates really ruined the application till the point that I am considering to delete. The most important thing which gave this application it's edge for me was the prayer logs and now that has been kept in a way that is really not easy to track or view. Also there are haram 18+ ads of women.,
75bcff1a-cd8d-4833-bcbe-454cfb9c4355,Athan: Prayer Times & Al Quran,5,2025-08-15 12:37:36,"This app is an amazing app,Mashallah! It helps me to offer my prayers on time and to learn different duas with their translation. I've been using this app for more than 2 years. The people who want to listen to Quran recitation but are facing internet issues, can use this app. For women, this app also provide ""Pink guide"" that tell them some Islamic tips to stay safe and healthy during menstruation. IT KEEPS YOU CLOSER TO YOUR DEEN E ISLAM",
40820e8d-3149-48c4-9bcd-27c3279b3da0,Athan: Prayer Times & Al Quran,5,2025-07-23 18:40:29,Alhamdullilah it's very easy to use and I love the fact that it has menstrual mode for the ladies we still want to be on deen even during that time of rest,
06ae4f3e-ba5d-4c82-af01-977bfdc90624,Athan: Prayer Times & Al Quran,5,2025-07-01 09:15:10,"Best app allhamdullilah, I love that also touched on women during menstruation",
55eb950a-a3f5-4cd8-bc72-3eb4e56a9445,Athan: Prayer Times & Al Quran,5,2025-06-24 22:33:09,"This App is a must have for all our Muslim Sister's & Brother's in Islam. Especially when traveling to different towns in South Africa for mosques, namaaz times, Qibla direction & most of all I no longer carry my Quran for reading. The Athan App's Quran is very easy excess to all surahs with meaning & also with very clear wording. Jazakillah so much for your services. Allah ta Allah reward all for make this App possible. Ameen",
e342bcb4-8778-4c4c-819a-e1ed3f537981,Athan: Prayer Times & Al Quran,5,2025-06-04 04:35:44,It is an exceelent and mind blowing app for a muslim both men and women......ilovee this app...good job athan app...exceeeeeeelent appp forvmuslims......and now it is much much better than before............allah bless the maker of this app....,
81af33d3-cdb6-4d81-9f8c-ffd5bb0ec3e7,Athan: Prayer Times & Al Quran,4,2025-04-03 05:51:21,"This is such a GOOD app, like so good, it has so many features and it's very comfortable to use. RECOMMENDED. edit: I reduced a star not because of its functionality, it's just as good as before, the only thing that bothers me is when I open the home page, there is an AD that appears and it shows women clothes. overall the app is still amazing, but I think either the AD should be removed or either better ADs should be displayed on the app. jazakallah khair!",
ef7205b9-1b46-4b8c-9020-ace5b8654395,Athan: Prayer Times & Al Quran,1,2025-04-02 11:33:53,your application shows ads that show women's awrah. If you want to run ads then at least make sure to filter through them before green lighting them or find another way to make money. 1 star until something is changed,
7c255834-fa52-4e2e-bf7a-4f875e4c4f9b,Athan: Prayer Times & Al Quran,4,2025-03-26 06:46:42,"Every time I click on a feature, there is an ad that pops up. It is okay, but do you know which kind of ad is popping up? It is a haram ad, it is always a woman and music. Woman with showing all her awra and music in the background. The money you make is haram too due to the haram ad. We shouldn't follow our desires. If you don't know about the ad, please check it out and remove it. JZK",
4e8c3ad6-94cb-4fd8-b927-2a99888bad89,Athan: Prayer Times & Al Quran,5,2025-03-23 18:32:40,Nice app Very helpful for muslim brothers and sisters,
e1f52525-3483-4bab-96b7-7f7d81c41a38,Athan: Prayer Times & Al Quran,5,2025-03-22 17:42:38,"Wonderful, covers every aspect, you have adhan, you have dua for every occasion, you have quran, you have tasbeeh counter and much more. I reccomend it brothers and sisters.",
c794c0ee-173f-491d-beb3-75401ae114ad,Athan: Prayer Times & Al Quran,1,2025-03-08 05:04:30,"Unfortunately, as Google Ads are haram. In ads, women appear with bare dresses, which is not good. I recommend you remove the ads & keep just the subscription model. -4 star for Ads",
6092aa4f-8f44-4dad-8720-81fdadc1d64f,Athan: Prayer Times & Al Quran,5,2025-03-04 22:59:51,MashaALLAH I LOVE THIS APP As-salamualykum brothers and sisters this app is very useful and it has help a lot I would have subscribe but I don't have any income at the moment inshallah in the future I will do my best to subscribe inshallah and I will really love to win the ramadan challenge inshallah and if I don't win the person that wins may Allah bless you and your journey to umrah and may Allah accept your umrah too I love you all ramadan Kareem By Mounkadir hassan,
d8b855e2-0c7e-4979-8cfd-0adb526d03e6,Athan: Prayer Times & Al Quran,5,2025-03-04 06:33:03,"I really love this app and have been using it for over a year now, it even has the option to excuse prayers for menstruating women. There used to be an option in the prayers section to edit all the prayers, the recent update doesn't have that anymore, it's there for only the current day and not the past days. I'd like the option of editing present as well as past prayers in the app as I sometimes forget to mark them sometimes and do it the next day.",
3fa443fb-b8d4-4363-8d95-7c9c5f3fdd5e,Athan: Prayer Times & Al Quran,5,2025-03-04 01:05:37,"The app is truly beneficial, although I have faced a problem with it during the menstrual days - it mutes the prayer for the same but fasts during the Ramadan are not. As we all know, women don't fast when they're on their periods. Even though I am on my period during the day, it still shows the fast on the goals list of the day. Hope u get what I mean to say. I think that during these days , fasts are also muted with that pink heart , just like prayer times.",
4b855c50-b298-4e43-be16-7a5ed5de18e5,Athan: Prayer Times & Al Quran,5,2025-03-01 07:28:34,Update: 01/03/25: Please can you add a pregnant or otherwise excused mode for Ramadan so for those of us who are excused don't have to tick the goal of fasting off on the app. Thank you Update 18/11/23: all bugs seem to have been fixed. Thank you! I've had this app for about 10 years now and I'm so glad that one of my suggestions about havig a mode for excused prayers for women is finally implemented. I'm sure many other sisters wanted this feature.,
e64fdb22-f74e-4368-a892-6bc008e5da2b,Athan: Prayer Times & Al Quran,5,2025-02-24 22:19:26,"Salaams, after the update, I need to update my review. I am really enjoying the new features, I like the small goals you can set for yourself, and checking them off makes me feel very accomplished. I am very thankful that the menstruation mode is finally made simple. I do have trouble with the compass working for the quibla direction, but that could be my own phone's problem. Jazakallah khair",
3b6f2990-5f0a-4e5b-b85d-8fe73301b992,Athan: Prayer Times & Al Quran,5,2025-02-09 00:30:08,Very good app exact time for salat and gives good advice for ur menarstration cycle and more mashallah,
667d2dbc-7a83-4fa7-a672-17a5914eaf85,Athan: Prayer Times & Al Quran,5,2025-02-03 11:19:48,"A complete app for your deen alertness. Prayer timings,Qibla direction,hijri calender in one place. Additionals like dua of the day and Haj/Umrah guide,period guide are commendable.",
5408bea5-87db-407c-a48e-5baeb2898aa2,Athan: Prayer Times & Al Quran,1,2025-01-30 21:09:16,"Has haram advertisements of women cloths and beauty products, 0 stars",
5e1215d8-5c4d-485a-9809-70e7f8f40e27,Athan: Prayer Times & Al Quran,1,2025-01-26 22:11:55,Lovely and outstanding for all Muslim brothers and sisters,
8c833ab6-81b8-456c-ae0c-c2bc4c7a633f,Athan: Prayer Times & Al Quran,5,2025-01-23 05:14:15,"Excellent app, for all our Muslim brothers and sisters. You guys are doing a good deed by introducing this app, lots of things is there in this app, prayer times, Quran translation, motivational stories/updates/status, motivational and inspirational speeches by the Scholars.. and many more. 5 stars for sure. May Allah(subhan wa taa'la)guide us all and bless the makers who made this app.",
12cdbbc6-f61b-4095-886a-40c2d612abac,Athan: Prayer Times & Al Quran,5,2025-01-22 17:32:33,"Masha'Allah. Great job to the brothers (& sisters, if any) that worked on this app! May Allah reward you. But please add Nasser Al Qatami's adhan call in the varieties. His call was always my go to for the Adhan notification back when I still used Muslim pro. Really soothing...",
8223a82a-30ec-42c9-9381-c782d51667b3,Athan: Prayer Times & Al Quran,4,2025-01-21 13:40:26,"It's rly good, it's very easy and clear to use. The quran is available in different fonts and u can read/listen to it offline too. It has a specific page dedicated for duas that are clearly written, available in its transliteration and English meaning, includubg the quran so it's great if u struggle in reading Arabic. I definatly recomend this app!! Additionally it has an option to pause Ur athan tracking when Ur on Ur periods and duas and tips for when Ur on Ur periods",
5f918df6-d25a-4bb4-b0e8-2710feb3766c,Athan: Prayer Times & Al Quran,3,2025-01-20 03:14:01,The app has embedded ads that feature scantily clad women. It seems the ads are not vetted for the type of app this is. Could the developer please instruct Google to keep their ad content rated G? We don't need to see seductive images when we're looking up the times of salah. I'll increase to 5 stars once this is done and confirmed by the developer here on this comment.,
7d87fbc7-2543-4a9a-a3bf-7d7a086bfa6d,Athan: Prayer Times & Al Quran,5,2025-01-19 13:40:11,"My everyday go to place, love all the features expect for the fact that they add a lot of nasheeds and background music to their everyday status. Its haram, if you don't know. Please don't destroy your good deeds with music. Because you are adding music or some type of nasheed to your video i am unable to share it to other Muslim brother's and sister's as i don't want to bear the sin of the music in it.",
26fb31e8-853f-4bb7-a697-6a1f7b67484d,Athan: Prayer Times & Al Quran,5,2025-01-04 06:36:40,It's awesome app for prayer timing location duas azkars azaans nd also for women's menstrual time date days nd for many more...love this app.,
f85fe4f4-e114-4dda-b291-b85875136b6d,Athan: Prayer Times & Al Quran,5,2025-01-02 09:36:37,"Ma cha Allah, I really love and enjoy this app, and I recommend it to all my fellow Muslim brothers and sisters. May Allah bless you all.",
e560a0a5-cece-4d2a-83db-4334416a3d24,Athan: Prayer Times & Al Quran,1,2025-01-01 21:45:50,You don't expect to open an islamic prayer app and then see a video of a naked woman (Ad) Stop trying to make money in a Haram way!,
a8fc6419-c285-4234-8d08-8d00833afd39,Athan: Prayer Times & Al Quran,5,2024-12-10 15:30:59,This app has helped me track my prayers. I really love the menstrual mode and i appreciate that even the ads that play are muslim-friendly. I don't have to worry about something bizarre popping up on my screen while in public. I can't wait to see how to developers will expand this app even further. L,
a8c07933-4247-48a4-8165-3d14efd3a56c,Athan: Prayer Times & Al Quran,5,2024-12-01 00:19:49,Nice app for Muslim brother and sister,
a95f8890-9daa-4b9c-8336-12abc31339cd,Athan: Prayer Times & Al Quran,4,2024-11-21 06:38:39,Great app there is a lot of ads with women.,
9101cc64-ce99-45db-aee5-6993d47b9e96,Athan: Prayer Times & Al Quran,5,2024-11-10 21:51:55,"Just an amazing experience and its an amazing app. Good many more key features present here Good in terms of the features like calendar, direction of qibla, tasbeeh, menstrual cycle reminder,prayer times reminder,Quran recitation,duas,hajj and many more.",
e04f1bb0-31f0-467a-89e2-2b2a7911f9fd,Athan: Prayer Times & Al Quran,4,2024-11-07 03:27:58,A very good app for Muslims who wants to be keep connected with Deen in their busy life and also good all individuals who wants to learn about Islam and grow their knowledge about Islam every Dua and also Quran has English translation with benefits and Duas has sources also. I am a huge fan of menstrual function. I personally like the Eglish translation because I am not much familiar with Urdu and function salah tracker function. But It Still needs some improvements. That's why one less star.,
7b8349d5-66ce-4f6d-8a99-935f4487e374,Athan: Prayer Times & Al Quran,5,2024-11-03 12:06:57,"Athan is a fantastic app for staying on top of prayers, with precise prayer times and azan alarms. The Qibla Finder and Tasbih Counter are super helpful, and I love the Quran with audio for easy recitation. Athan Stories bring daily short Islamic videos that keep me connected, and the Menstrual Mode is a thoughtful feature for women. The app’s Islamic calendar and Hajj/Umrah guides are invaluable. It’s user-friendly, comprehensive, and an essential tool for all Muslims. Highly recommend it!",
9306307c-8ebc-46ec-b716-d0ff0894e4a9,Athan: Prayer Times & Al Quran,5,2024-11-01 14:46:59,"Dear Brother/Sister, As of I have noticed, I was sharing an Ayat of Surah Maryum, it surprised me that it was written fine, translated fine, reference given, ""Maryum Ayat#"" but the above title was mentioned as ""Al-Kahf"" - kindly correct this Jazakallah khair",
57e07355-347b-4612-a328-d467fed2c4f2,Athan: Prayer Times & Al Quran,5,2024-10-25 06:55:04,"this is a great app for beginners who are struggling and want to stay on track with their salahs. it also has other really cool features and A LOT of duas and daily adhkars and stuff. theres a separate menstruation mode for females which is great. overall really a good app and i feel like it has everything i need as a beginner, im not thinking of replacing it anytime soon.",
13ab2954-4666-4145-994a-b459aff399ad,Athan: Prayer Times & Al Quran,5,2024-10-19 23:44:00,"Very helpful app and the tech support are polite. I had once an issue with settings and I contacted the support, they were very kind and fast in replying and fixing the issue, and they kept me updated with the progress. I recommend this app to evry brother and sister.",
05c32d87-9969-4577-a360-438dcc96473b,Athan: Prayer Times & Al Quran,5,2024-10-02 09:07:29,"This Azan prayer app is perfect for those seeking a reliable tool for their daily prayers. It provides accurate prayer times and includes the complete Quran Pak with recitation in a single voice. The app’s simple interface makes it easy to navigate, and you can listen to the Quran anytime. Along with features like Qibla direction, Islamic calendar, and customizable prayer reminders, it covers all essential needs for All Muslims Bros & Sisters.",
0063c29d-93c0-46d9-ae67-3f6dcfcf680e,Athan: Prayer Times & Al Quran,5,2024-09-26 22:25:36,Perfect app for muslim and women's features was so helpful .mashaallah,
a30376aa-4a06-46ee-9de9-25140445b24b,Athan: Prayer Times & Al Quran,5,2024-09-04 08:47:41,"This app is really great. It really helps to motivate and keep me on track on salah. There's also a lot of great features like daily duas, qiblat, tasbih and not to mention, menstrual feature for women.",
d4ef3c9c-2a98-4896-be4f-b04ce0518285,Athan: Prayer Times & Al Quran,5,2024-09-01 20:40:05,It Help Me To Increase My Faith In God And increase My Iman Also Have Menstrual Guide And Many More....... LOVE THIS APP THIS APP IS WORTHY TO HAVE 5 START 'S,
1fd0ac8a-cac5-4124-a92d-7f5cf55d63fd,Athan: Prayer Times & Al Quran,5,2024-08-31 13:15:09,Jazakullah Khair brothers and sisters and whoever was involved in creating such a wonderful app. Keep up the good work. The daily reminders work well.,
ed259e6b-73ac-4e04-8df2-6623cce6b7a7,Athan: Prayer Times & Al Quran,5,2024-08-19 20:25:45,"this is a great app for beginners who are struggling and want to stay on track with their salahs. it also has other really cool features and A LOT of duas and daily adhkars and stuff. theres a separate menstruation mode for females which is great. overall really a good app and i feel like it has everything i need as a beginner, im not thinking of replacing it anytime soon.",
10bdbb0b-1e1f-41dc-b663-c3097a9766b2,Athan: Prayer Times & Al Quran,5,2024-08-15 05:16:51,Ma Sha Allah this app gives too satisfaction to my heart i recommend it to every muslim brother sister,
634c71e7-f103-4e91-b4fd-96334d968c77,Athan: Prayer Times & Al Quran,5,2024-08-04 04:17:53,Love a assistant life in alert to using an appropriate service for Allah ameen following to success with brothers and families sisters too ameen to use Islam is real nice and live Muslim life in Allah and expects his companion is prophet Muhammad is messaging to people to come to majid majestic to clean and tidy and love forgive ourselves for another opportunity for 7 gates to heaven Allah ameen 5 obliged to day and dua,
696fcda0-ee59-46b4-879a-5fe92affe42c,Athan: Prayer Times & Al Quran,5,2024-07-16 09:18:10,Why doesnt it play the adhan it's the whole reason I got it I'm on mobile data does it only work on wifi? Nvm! Ladies don't put it on period mode.,
a15ca268-47f7-451d-ae8f-946f22d48c06,Athan: Prayer Times & Al Quran,5,2024-07-14 10:21:23,As a Muslim sister who is trying to get on her Deen and become a better Muslim this app has helped me severely like so much if you're a Muslim struggling please download this app,
b238e878-4fbe-4f26-ba4f-c97ceebd3139,Athan: Prayer Times & Al Quran,5,2024-06-27 23:19:07,"The app was working good but i had my periods and after that app showing wrong prayer timings. Next prayer is now maghrib but app showing next time is for Qiyam. I reinstalled app, updated it. But still it's incorrect",
57aa481b-9502-4938-b5a9-3b373f300b04,Athan: Prayer Times & Al Quran,5,2024-06-20 15:46:27,"It is a beautiful app and make the Islam very powerful.No ads The azan time to time Beautiful islamic Gallery and Are holy Kuran recitation Beautiful voice.. In Ramadan I. Install this a beautiful app and time to time dates. And timetable, I read this app 5 out of 5. May this app Heads every muslim brothers and sisters to Get the knowledge about Islam.Thank you asalamo alikum",
73073f80-2171-4ba7-806d-1046aba42cfd,Athan: Prayer Times & Al Quran,5,2024-06-13 21:50:22,"Loved the app! It has so many options as per my needs such as , menstruation periods, istigfars, duas n recitals as well , I find it immensely helpful where I can read quran n do every such things in one app Only thing I find it bad is there is too much adds coming on if thrs no much adds tht would be the best .",
b6300393-dbae-4f55-a54a-77e2a1586ddd,Athan: Prayer Times & Al Quran,3,2024-06-07 09:48:07,"This app shows improper ad contents that violates shariah laws, such as ads about pigs, women with improper hijab. Very much inappropriate for an app created for muslims.",
2a698af2-e469-4c60-b405-f1084ed2919b,Athan: Prayer Times & Al Quran,1,2024-06-01 05:17:33,very disgraceful. very frequent app are showing including non mahram woman with less clothes and bitcoin haram concepts,
f6df01a2-a2b0-410f-ab1f-09d02800a449,Athan: Prayer Times & Al Quran,5,2024-05-30 06:06:40,Subhanallah!! Absolutely magnificent app... the best features about this app is not only that it has the prayer log feature but also that dua section where you can get any kind of dua you want and not only that this app provides us with the holy Quran feature too where you can read and learn Quran easily....As for the prayer log it keeps us in never ending cycle that making a goal for reaching and praying a good amount of prayers well this app will help you with this...I am having a great time,
b48ffb39-865e-4f6e-81c0-892f420161bf,Athan: Prayer Times & Al Quran,5,2024-05-12 23:02:46,Alhamdulillah. My Muslim brother and sister. Trust me its a really good app. May Allah bless that person who created this app. Ameen.,
462dfe88-1ab2-41a9-964d-2e0d2f6bace1,Athan: Prayer Times & Al Quran,5,2024-04-23 08:56:42,Perfect keep going brothers and sisters .,
f49699be-9542-40fe-baab-b84672d1e241,Athan: Prayer Times & Al Quran,3,2024-04-21 04:06:24,It's really nice for us Muslims for sure it even have the menstrual reminder,
3e11b85c-0a83-459c-8da0-2c18d9463b89,Athan: Prayer Times & Al Quran,3,2024-04-20 18:46:37,As salaamu alaykum. The menstrual mode is not easily accessible and it doesn't allow for edits. I was forced to put the wrong date because it wouldn't allow me to go back to the day before to input.,
1dd93a8e-f287-4745-8444-bd63d8c523e5,Athan: Prayer Times & Al Quran,5,2024-04-05 21:48:53,Mashallah...!! This app has helps me a lot by reminding me my Salah timings ...and yeah I can even recite or listen to The Quran anytime I want...Plus can you believe ? !!! ... it has a pink guide for women and trust me I've experienced the best of this app...Allhamdulila honestly loved it !! And there is much more this app can provides ..like you could learn various Duas as well ..!! Highly Recommend,
ec1ffee1-469a-43e9-842f-23fe50b82dc5,Athan: Prayer Times & Al Quran,5,2024-04-03 02:23:20,This app is wonderful! I cant keep track of the time of prayers and this app helped a lot! Allah bless you and thank you so much for this beautiful app! I also love the menstrual update in the app! I rate this five stars!,
54ceca7e-f01c-495b-a1d0-bbaa7c46a381,Athan: Prayer Times & Al Quran,5,2024-04-02 19:09:20,I love everything about it I highly recommend it for all my Muslim brothers and sisters,
4334e3d6-6a43-459e-b7eb-9b77f6563b0e,Athan: Prayer Times & Al Quran,4,2024-03-28 08:04:54,It's very good app. Every islamic information is in it. And for women it's the best app,
fb79ec60-c932-4f47-96e5-91dec6bc5e05,Athan: Prayer Times & Al Quran,5,2024-03-28 01:45:09,"Each and everything of this app was good. But since, pink guide has become menstrual guide, I have some issues. It doesn't give the notifications about period. I have to excuse my prayers manually unlike before. Why did you change it?? Please give the 'pink guide' back.",
4dfef934-481f-454c-b084-8f8c4f57130e,Athan: Prayer Times & Al Quran,5,2024-03-27 15:34:03,"actually one of the best muslim apps I ever seen, it has an azan, it has prayer logs and prayer times, the quran available in transliteration, translation, and arabic, daily duas, menstrual mode for muslimahs, and a ramadan fasting log",
fb21841f-8f8f-4ff0-9279-9d5b4bf6e17e,Athan: Prayer Times & Al Quran,5,2024-03-26 13:10:57,"This is a very good app. It’s the most beautifully designed Islamic app and well maintained. The different theme options, dark mode, Hadith of the day, picture of the day are all lovely options. It is very good for girls&women as well",
47ec1bef-2bc8-41a5-9219-a4eb38714030,Athan: Prayer Times & Al Quran,5,2024-03-23 03:44:31,"Has direction of Mecca, Tasbih bead counts, reminders, prayer reminders and trackers, menstruation tracker and advice. All the prayers in translation and transliteration, duas for everything. Amazing and super super helpful",
842125cf-30b4-4edc-992c-07751b65b594,Athan: Prayer Times & Al Quran,5,2024-03-21 06:43:25,"The most organised app I have ever used ,it has littrely everything that an individual Muslim can use in there life and become a better person.u can read Qur'an with any translation it is the best part of this app.or so so many things.highly recommended to all my Muslim brothers and sisters.its is also most beneficial for a new reverted Muslims.",
f7f37a31-434e-4bfa-b654-31f21e4602bd,Athan: Prayer Times & Al Quran,5,2024-03-14 19:06:25,I love the new look and progressive content development and micro sharing to 3rd party. I gave started using the menstrual feature this month.,
f5e50bf3-f687-4221-8a9d-0cc35870f4d3,Athan: Prayer Times & Al Quran,5,2024-03-14 17:20:00,It's the best islamic app which I ever encountered. It is the giant mountain of all duas (all duas) which is too good. Nd also have special feature of women about menstrual holiday. Best ever app go for it . The only drawback is there are lot of adds which I personally won't mind much .,
a2da8dac-5f91-4adf-a333-d57713b90e0c,Athan: Prayer Times & Al Quran,4,2024-03-14 08:50:56,"Thanks, I'm enjoying the app. However, with this system that you have, women are not able to take the fasting badge during Ramadan because we have our menstruation",
1229e446-50e6-47ed-b62d-9594b2b517f6,Athan: Prayer Times & Al Quran,1,2024-03-13 06:44:31,"Disappointed with the ad content. Please consider filtering the ads atleast. While reading dua, inappropriate ads appear, featuring women dancing with background music.",
5e2372c7-0501-4d2f-95e1-7a4e7003eed2,Athan: Prayer Times & Al Quran,5,2024-03-12 19:06:08,Masha alllah. Really very use full apps. Women's very use ful.,
35247a5a-0dcf-4edc-bad0-54825ddaf86b,Athan: Prayer Times & Al Quran,5,2024-03-10 09:39:32,I am really happy with this app and recommend to all sisters and brothers,
6b10c439-fea7-4fd2-b229-3196daa2f53b,Athan: Prayer Times & Al Quran,5,2024-02-27 23:17:07,Very nice app it help me to stay in the right Thank you my brothers and sisters,
f2e58314-b781-411c-bcb8-c2005c7bdf8e,Athan: Prayer Times & Al Quran,5,2024-02-25 23:39:48,"App is good. But would be better in my opinion if it includes prayers details process of shabe Miraj shab e baraat and lailatul qadr. You have guidance details for prayers, umrah and periods, but nafl prayers for these three auspicious days. Kindly consider.",
3aaaaf69-cdc0-4602-bb67-0a9fcc3bd8e3,Athan: Prayer Times & Al Quran,1,2024-02-22 23:20:08,App features are good but it's too much bad experience with app ads it's ads are not suitable for us because once I completed my ablution and going through this app suddenly an ad came where a woman is half neked. This should be stopped in this app this ads are not suitable plzzzzz hv a look at this issue. Thank you,
f7c87f6e-9553-4a81-a8aa-6fa3e89a39f6,Athan: Prayer Times & Al Quran,3,2024-02-13 18:40:59,"9.1 update broke notifications use 9.0 istead good app, but haram ads in the past, not sure about now even now ads seem to at least show female hands and feet to not see any parts of the opposite gender when trying to worship would be great, and if you who made the app believe in the day of judgment I recommend you be fearful of being held accountable for all you shown people however I'm no one to judge and have no experience with making apps or pushing ads, sincerely: some USA hill billy",
35cca006-ef19-4001-959f-b87adb68d1a5,Athan: Prayer Times & Al Quran,3,2024-02-09 11:53:46,I really like this aap because of women can read Quran,
961d2e90-a9fe-4058-bcdf-105bce81447c,Athan: Prayer Times & Al Quran,5,2024-02-07 04:17:21,"Alhamdulillah its a good app for a practising muslim. But most recently I am facing difficulty due to an advertisement of tourism showing half naked woman. Its really embarrassing when you open the app to see the timing of salat in the mosque, the advertisement comes first which is really disgusting.",
8992bce0-4d4e-4432-a37c-626fa23ee91b,Athan: Prayer Times & Al Quran,5,2024-01-26 20:44:43,It is the best app for a beginner. The language and control is so intelligible. You can have access of all the daily duas' and can be opened easily. Brother and sisters lets increase our deen,
87900c61-814a-4928-a1ec-4a482eff02a6,Athan: Prayer Times & Al Quran,3,2024-01-19 09:12:57,"Such a great app. My only issue is with the type of adds I get. I know they're generally targeted ads, however, I get clothing ads from temu, etc, and it shows uncovered women. It's incredibly embarrassing having a woman with her legs, arms, hair and chest showing on my phone while I'm at the mosque, trying to read Qur'an. No I will not pay for no ads. I was just expecting appropriate ads. Hope we'll get halal ads only inshaallah",
bce75aa9-62e2-40f4-9930-7deb9c6c18f8,Athan: Prayer Times & Al Quran,5,2024-01-07 18:22:15,"Perfect and Minimalistic app which covers everything you need. Especially for women, the feature Athan pink is great. Though I have one suggestion. Add a marking for namaz that covers Qaza Namaz too.",
d935ac3d-13b1-4f30-b61c-7b6478a2fc4b,Athan: Prayer Times & Al Quran,5,2023-12-30 22:11:17,"Assalamualaikum, this app is so cute and very easy to use. It has all the info you need as a muslim and it's so helpful!!! I really love this app and it's really helped me become a better muslim with it, I recommend it to all. Although the ads can be annoying, but I think the positive stuff make up for it. And also the Athan pink is so cute and really helpful!!! As a muslim woman myself I often experience pain during my cycle, and athanasius pink give you solutions and advice during ur cycle!!!!",
2d8b1a7a-5db0-42bc-9ea4-24b9c554eddb,Athan: Prayer Times & Al Quran,5,2023-12-28 06:19:09,Good app for muslims . Expecially for muslim women .,
8ee0bc2f-0b80-4f5f-8ba2-b17053554df6,Athan: Prayer Times & Al Quran,5,2023-12-22 11:46:37,"This is really nice and beneficial for Muslims...it will give us challenge like we have to perform namaz ...this is the key of success in Islamic life in this application we got everything like dua's ,Qur'an,athan timing, menstruation time everything",
9668e578-681b-4179-8bbe-aff37cb60834,Athan: Prayer Times & Al Quran,5,2023-12-17 07:49:25,"I have been using the Athan app for the last 1 and half years, and It is a wonderful experience. Good features for women. Salah tracker is also good. Thanks to the team, for the their hardwork, and may ALLAH, bless them in their efforts.",
c09a1e3a-d21e-4435-a16d-9ed1f44f9999,Athan: Prayer Times & Al Quran,5,2023-12-16 15:20:22,"I am a newly revert and have started using this app since November. It is very beginner friendly and helped me keep track of my prayers. The useful features like event calendars, menstrual advice, and other info about habits. It really helped me build myself and learn more",
d7c7ebd0-feea-46d3-9f40-0088a0c417ad,Athan: Prayer Times & Al Quran,5,2023-12-02 18:02:37,"Alhamdulillah, exceptionally good app for new Muslims, practicing Muslims. I use it everyday and highly recommend this. All the best to the Sisters and Brothers who are working behind the scenes for this app. Jazakallahu Khairan",
8d0d8a54-b8c1-44f3-a1c0-3963347c8fbf,Athan: Prayer Times & Al Quran,5,2023-11-24 01:07:23,"The app is great overall Just minor inconveniences like ads. Also had some issues adjusting date in Athan pink like if i forget to edit my period start date and it has already passed i can't correct it so it remains synced, because the previous dates can't be selected.",
f58f6c62-2159-4b3c-b60b-5e64b7d5c978,Athan: Prayer Times & Al Quran,5,2023-11-05 02:30:30,This is such a good app! I certainly recommend this for my fellow brothers and sisters who need prayer times!,
2a31d5a2-e5eb-41b7-91b1-b902256917b0,Athan: Prayer Times & Al Quran,5,2023-10-31 18:09:22,"Oh allaha i never know that these kind of apps is exist in app store , you can get literally everything whatever you searching for , prayer time , dua , quaran , qibla finder , prayer notification , the best things is about this app is PINK guide its all about our muslim sisters about pray , exercise , health everything is there thanks for the development team for providing us this kind of apps 5 rating is not enough for this apps",
718c746e-d03e-45b0-9858-ead2da65ff9a,Athan: Prayer Times & Al Quran,5,2023-10-29 02:39:48,I love this app because it reminds me to pray and it is especially for women,
035b1e1c-8754-422a-a623-73c7aab07a31,Athan: Prayer Times & Al Quran,3,2023-10-29 00:29:26,"Help needed: I purchased the Annual subscription of the pro version App, during a promotional discount period for 50% off if I remember correctly. I don't remember the exact price to be honest. However, I keep getting charged the monthly subscription fees every month. I'm unable to view/check/modify my subscription from the App. Please look into this and help with the situation. Thank you.",
28924e52-4369-4f61-937d-4f030d2c45e3,Athan: Prayer Times & Al Quran,5,2023-10-22 19:38:50,"A superb app, finally after keeping many apps, The salah reminder feature is good. Good features for women. Salah tracker is also good. I am using the free version, and I must say the only irritating feature is the ads, which I understand. Thanks to the team, for the their hardwork, and may ALLAH, bless them in their efforts.",
9f53731d-0b8d-48f8-9866-83c6a428be18,Athan: Prayer Times & Al Quran,5,2023-10-21 06:17:53,"1) Easy to navigate around different dua for different occasions 2) There's audio function 3) Bookmark function for easy access to your favourite dua 4) Period/mensuration section. 5) Qiblat, 99 names of Allah, Islamic calender Yeah, you can tell it's my go to and most used app (next to Instagram :))",
9fd9aa7e-a073-4eb5-a9ea-dfc960755e03,Athan: Prayer Times & Al Quran,1,2023-10-06 07:13:35,"Filled with ads. Not only that but the ads have woman dressed immodestly and it's disgusting that they would put ads on an ATHAN app. So disappointing. Download the app called prayer times it's much better and cleaner, plus it has amazing widgets.",
7a25b688-2824-4be9-9c17-b816fca86a30,Athan: Prayer Times & Al Quran,5,2023-09-04 22:31:43,"its a wonderful app that helps me keep track of my prayers, but i have a slight problem with the pink guide. i put my period as 5 days long, but it shortens it to 4 days so my prayer progress stops being paused. otherwise, it's a great app",
b8c43773-7438-4e0b-b094-9378ed7d50d9,Athan: Prayer Times & Al Quran,5,2023-08-31 02:08:24,"Bismillah,If you are really trying to revive your faith and don't know where to start,this app is for you.It contains everything that you would need for your daily routine and zikr.It helped me a lot and I am posting this review after several months of use.May Allah grant us all jannah and relief to our ummat worldwide,Ameen. (Personal opinion - Support the good cause of our sweet brothers/sisters developing this app, get the paid version,Inn sha Allah, you won't regret paying the one-time fee.)",
b1a9b926-4ef9-4503-b960-3828065093a7,Athan: Prayer Times & Al Quran,1,2023-08-25 22:31:54,I want to advice the team working on Athan to not allow ads with women and music because this is forbidden and haram money,
2af015dc-db3c-4188-900b-8f87230c6b2e,Athan: Prayer Times & Al Quran,3,2023-08-17 11:49:34,Please close the ad. In this app you upload the whole islam and most of the ad is very redeclues like without cloth women and etc ad. So please close this ad,
af4c1cb5-9fad-4fdf-bc04-01ef188b0cdf,Athan: Prayer Times & Al Quran,5,2023-08-01 09:25:18,As-salamu alaykum my brothers and sisters. I believe this an exquisite app.,
b74d5165-76ac-44a1-95a4-fce7acd31d4d,Athan: Prayer Times & Al Quran,3,2023-07-31 15:32:13,"The ads really ruins your spirituality suddenly. It feels so awful when one tries to recite the daily duas and Quran from the app, suddenly an ad appears with background music and female models. It instantly ruins the spiritual emotion of a person. You should restrict ur certain ads to appear on ur this religious platform.",
c2d75e2d-ae60-425f-967e-9d38803f9ad7,Athan: Prayer Times & Al Quran,5,2023-07-28 11:38:25,Good experience for Muslim brothers and sisters,
f52eb767-1913-4fd1-a029-e1497e406b41,Athan: Prayer Times & Al Quran,5,2023-07-21 14:18:45,"Athan prayer is a very good app. It helps me term of my life.: my religion and health, wealth and my family. The only one thing is that I lost my menstruation period calendar. Thank you for the app may Allah SWT BLESS YOU",
6fc77640-0ef0-4a69-b522-d4b232da3a6b,Athan: Prayer Times & Al Quran,5,2023-07-18 03:50:29,"Great app with many useful features, such as the Quran, duas, and many other links. I like how the Pink feature is added for women. The only problem I had with it was that I'm unable to re-edit if I made a mistake with the period start date. Other than that, excellent.",
813a5c2d-b1b5-453f-a062-7853a302ab32,Athan: Prayer Times & Al Quran,5,2023-07-14 15:44:46,"*Re-edited from 4 years ago* Within the 4 years, Alhamdulillah they have fixed all of the issues that hindered the Muslims from having an enjoyable time using the app. The app now caters to women, when we need our break once a month. Also if you forgot to log in & you are now able to go back and change it. Also during Ramadan, if you forgot to log that you fasted, you are now able to change it. May Allah bless your endeavors & keep you in the Deen. Aneen",
c6c3b1e1-0861-42e2-8f25-77c46112d6d0,Athan: Prayer Times & Al Quran,5,2023-07-02 06:08:11,It's a great App. May Allah swt bless who came with the thought of building this app. I recommend all my Muslim brothers and sisters to download this app.,
e80083f9-7fae-41ca-913e-4f7a93fe5a40,Athan: Prayer Times & Al Quran,5,2023-06-13 10:12:22,"Mashallah to all of u who has worked on this app, All my dear brothers and sisters you are earning thousands of good deed may Allah SWT reward you for this beautiful work I really loved each and every feature of this app The beautiful azaan on time the notification of informative things, facts related to islam The whole quran Mashallah And the best pink athaan for girls so they can excuse their prayers and learn new things to be healthy and Islamic on their periods Loved it",
6c56b41c-d088-4365-86c0-cf1d535c7c2a,Athan: Prayer Times & Al Quran,1,2023-06-12 01:48:29,Worst app. Lot of ads. Sometimes showing women small pics with no proper hijaab. Would Never recommend this app!,
88aef0c3-4460-4734-998f-6f072397b0f4,Athan: Prayer Times & Al Quran,5,2023-05-14 02:23:05,"One of the best Muslim apps I've ever used. It had EVERYTHING, from dua and thikr, to how to perform hajj, to check in for daily prayers, to Quran, to daily motivational quotes and facts. It is also very user-friendly. Everything us easy to find and the apps layout is very simple and very easy on the eyes. Currently, it has a new update for menstruation which I absolutely LOVE as I've never seen it in any other app before. I'd say more but I reached the word limit. 100% RECCOMEND THIS APP!!",
643aa64a-f404-4546-bce3-01115149dd6b,Athan: Prayer Times & Al Quran,5,2023-05-06 14:01:21,Loved it!! I'll recommend this particular app to all my Muslim brothers and sisters. The best thing amongst other features is the daily notification reminder for Salah. It beautifully reminds me to offer the daily prayers.,
f4c099af-c8b6-4c8a-8c4a-027e67736bd3,Athan: Prayer Times & Al Quran,5,2023-04-22 00:19:16,"Loved the new features. The accuracy of athan, reminders, and advices for Muslim women and men and community. Emazing application. Thank you for the effort put in this app. Also pink part for women.",
62c961c9-61e4-4392-937a-d43e28c19197,Athan: Prayer Times & Al Quran,3,2023-04-15 20:23:20,Assalamu alaikum..The hadith quoted regarding women reciting the Qur'an during menses in athan pink faqs is daeef (ibn majah 595)... Jazak Allahu Khair,
d844deed-bcf2-41b4-9325-86739e66400b,Athan: Prayer Times & Al Quran,1,2023-04-14 04:21:41,"Islamic app with ads is for me just a big no. You can't expect what kind of ad you will get to see. I don't recommend this to any brothers or sisters on the right path. Answer on the developer: slm alkm, Like I said you dont know what kind of ads that will show, you have no control over it. You're doing a gamble, maybe bad ad or maybe good ad. When a haram ad is shown it's too late and a developer should not ask to report on a bad ad if you could have prevent it in the first place. Allahu alem",
e5d6d265-089b-46ed-bfb6-9c2007c1ff82,Athan: Prayer Times & Al Quran,5,2023-04-08 03:06:11,"I have been using this app for a couple of years and like that it helps jeep me on track and that it is updated. The new pink edition was a big breakthrough now it is just as helpful for our sisters as it is for our brothers, Mashallah!",
49672f08-ee59-409e-b309-ac87f731e403,Athan: Prayer Times & Al Quran,5,2023-04-07 20:24:10,"Salamualaikum, Ramaadan Mubarak to you. I wanted to say a suggestion. There is athan pink for prayers missed during menstruation but not for fasts. I would suggest that your company should also do it for fasting so that women know that how many they missed and their fasting log isn't disturbed by it. Thanku so much for athan pink. Salamualaikum",
a5f968fe-a1c3-44ea-811c-770c8403265c,Athan: Prayer Times & Al Quran,1,2023-03-26 03:58:31,ASA Hello I would like to make you aware that the prayer times is not correct! You have us breaking our fast at 6:33 pm when the correct time would be 7: 12 pm I have been going by the times of this app which is totally incorrect so I had to cancel your app until this serious matter is taken care of! Your app is misleading our brothers & sisters with the wrong praying times by half hour to 45 minutes so please fix this situation tks!,
bcb7c3ff-76d2-428d-9bab-5c1c7d3a9857,Athan: Prayer Times & Al Quran,5,2023-03-16 09:22:28,"Alhamdulillah Thank you Al Baari Allahu Akbar I seek refuge with Allah from Satan May the peace mercy and blessings of An Nur be Upon you Allah Subhanu Wa Ta Ala He created Himself He is not a man, a female or a duel He is Allah Subhanu Wa Ta Ala He is too much light for our perception that’s why we can’t see Him He created Eternal Bliss and the earth and all in between in Six Days. He sits upon Kursi (Arsh)–(Throne) Allah Subhanu Wa Ta Ala sits upon And Prototype of the Qur’an Lawh Mahfūz (Mot",
8d64c9d5-b96b-4943-b2f9-04688d94e42d,Athan: Prayer Times & Al Quran,5,2023-03-15 05:19:27,"Excellent app for Azan and daily prayer times with a very well-polished interface! Has the Quran, daily reminders and other info about different aspects of Islam. Also has a special feature for women.",
603a075a-2cb6-4a53-a316-4b6f4544a736,Athan: Prayer Times & Al Quran,4,2023-03-14 19:34:14,"Jazakallah u khair.. The app is really good. I hate the short ads,anyways yhats too common now Advice: You can add Hadiths as well !! Overall Masha Allah loved the app especially the period reminder",
e82456e8-d06d-4667-80a4-30e6fe88e169,Athan: Prayer Times & Al Quran,5,2023-03-14 07:29:22,"It's good for the one who don't know and the best is the dates of special occasion, allah names , daily quotes everything is just awesome . But sometimes its just the ad who disturb ALOT ... Whoever is maintaining the app you just doing great my sister or brother . May Allah guide us to a straight path .",
85802ed5-d990-4cb6-9f1d-fd3934a16f93,Athan: Prayer Times & Al Quran,5,2023-03-12 19:26:42,Great app for new muslim women and men and children to learn the steps and guidance through prayers,
aab19841-2595-4383-8471-6e50593e55a2,Athan: Prayer Times & Al Quran,5,2023-03-12 17:43:07,Alhumdulilah it's easy to read and no disruptions may ramadan mubarak to all my muslim brothers and sisters,
00ccca27-0943-4f4c-9700-8874a901cc93,Athan: Prayer Times & Al Quran,5,2023-03-10 06:00:29,"Amazing app, really helped me to remind and not miss a prayer and the new addition of pink guide for menses for women is an amazing approach. Loved it. JazakAllah",
e17b7bc7-94d4-44ab-855a-c65a3ac0f1ea,Athan: Prayer Times & Al Quran,5,2023-03-05 19:26:49,"It's the best app I've ever used. I feel much more closer to my Deen after using this application and the new features are ""GREAT"". As a Muslim women I thank you for pink feature. May Allah Bless Everyone.",
15cb5592-e19a-4c00-84f0-2ed1d7e074e8,Athan: Prayer Times & Al Quran,5,2023-02-27 00:37:41,"It actually has every thing you need from when every Islamic event are to food diet when your going through menstruation, I'm telling you you should get this app right now if you think you need reminders when Salah is.",
bf45e892-01fe-4e6b-a10d-c16c79e00605,Athan: Prayer Times & Al Quran,5,2023-02-12 11:23:19,"I love this app so much ,even as a woman it's so so helpful",
fa94b0c4-6d4f-4630-a117-d723e6c8f17f,Athan: Prayer Times & Al Quran,5,2023-02-05 18:42:59,"This is a very good app and best for Muslims!It has many features for both boys and girls, Like benefits of going praying in masjid and period tips and facts about periods for girls. There are some ADS But they don't appear all over the screen-they usually appear in a corner at the top or at the bottom.I Highly recommend this app for Muslims.",
4b263ccd-8486-43e9-944c-9601ba738e56,Athan: Prayer Times & Al Quran,5,2023-02-03 11:04:09,This app is very useful for every woman specially for housewives because during house chores and taking care of children sometimes we don't realize that the time is gone for zohar or asar namaz this app is a perfect reminder and resihting Quran you learn the actual pronunciation this the best thing for all of us may Allah guide us towards the right path aameen,
6a7d7986-4dc8-4931-8a4a-8fcda522556e,Athan: Prayer Times & Al Quran,4,2023-02-01 23:32:16,"I am happy with this app. The app can be a powerful instrument for newly reverted users. The pink guide can use the flexibility of user being able to select exact day of period. Currently, I am unable to go to date beyond the date I originally began app. Please add solution and update app.",
4a00e12c-d30b-4a75-9f95-e1f7ad3a577b,Athan: Prayer Times & Al Quran,5,2023-02-01 05:44:19,"Love this app. Great for Reverts and anyone who has began their submission to Their Creator. Also enjoy the new Sister's feature to excuse the prayers, looks like many Sisters were all thinking the same thing, mashallah!**However my app keeps closing on me when I go to prayer times (1/31/23). My phone says the app has a bug. First time this has happened! Hopefully this can be fixed soon. As-salaamu alaykum wa rahmatullahi wa barakatuhu. Jazak Allahu Khayrn for this App!",
36365050-beb2-48ee-825d-203c01085347,Athan: Prayer Times & Al Quran,5,2023-01-30 06:00:12,I love this app since I downloaded my Iman started increasing and how it send reminds to u to pray just so good and it also have a women excuse when ur on ur period u can choose the pink dot then it will know and stop reminding u to pray. Jazakallah akhi/akhti,
a05639f2-51ab-48c3-bd01-105837f97aa0,Athan: Prayer Times & Al Quran,5,2023-01-17 16:05:32,"Alhamdulillah !!! . I'm super grateful with the developers. This app is super easy-going and cute. The part which amazing me, it's the pink athan for Muslim women with periods. You guys are increíble!!! Allah y3rda 3alik",
541ce846-6b5e-46ca-a695-a677e21c0853,Athan: Prayer Times & Al Quran,4,2023-01-14 16:49:00,"I really love using this app because it has the pink guide for girls who are going thru their menstruation cycle ! I really love how there are a lot of dua's you can read here and there. I also love the fact that it gives the Azan very loud and clear so that I know what time to pray here and there. Alhamdullilah I really recommend this app however, I wish it doesn't have too many adds !",
201dedf7-ea6b-4379-bd54-e2ac89211efc,Athan: Prayer Times & Al Quran,5,2023-01-05 12:26:12,Its perfect espetially for girls. Cuz it has also the period thing. But i wont send spoilers about it. You need to see this masterpiece by yourself. Enjoy,
f1c705a3-a276-4aa5-8c43-3caf5afd9c14,Athan: Prayer Times & Al Quran,5,2022-12-20 01:59:44,Great App for Muslim Brothers and Sisters Enjoying updated and new additions added May Almighty Allah bless developers,
bcc70865-a7a4-43ed-b64d-d955e58d2b88,Athan: Prayer Times & Al Quran,5,2022-12-08 13:18:04,"Salam ! The Thing I really loveare Articles In this App, they're Totally Helpful & Satiesfying and Appropriate As Regard with Quranic Verses . Athan pink is Excellent Feature Especially for women which I've Personally Experienced In this App. Also, this app provides u with each & every Thing A muslim need to have.Athan Always encourages Me to Offer Salah with Important Notifications & Much More. I'm Hearty Grateful to makers for this App.May Allah bless you for ur sincere efforts. Aameen.",
7cceec4b-fe65-4452-9d94-51c5dae10e1b,Athan: Prayer Times & Al Quran,5,2022-12-03 11:56:52,Asalamu alykum Bhai and sister and father &mother mashallah this app very nice for Islam.,
268c8322-221e-4205-97c0-31f33666634f,Athan: Prayer Times & Al Quran,1,2022-11-26 07:08:02,App is good but the lot of the ads really in this app like women's ads is really disgusting.Allah should save us from this .,
5e3e2eef-a7dd-448a-8dd3-7b8f213141a6,Athan: Prayer Times & Al Quran,5,2022-11-11 23:52:56,It is good prayer app and now women's pink guide is also available on adhaan and it's so good and helpful for womens,
59ca637d-dbfa-44c9-ac53-7e6a6215e3d9,Athan: Prayer Times & Al Quran,5,2022-10-28 22:15:57,"Amazing app for Muslims beginners who just started to go on a right path it have everything a beginner needs dua,Quran, menstrual cycle info,imp reminders ,namaz timings and so on",
2d47191c-c9e0-4ef8-ba9e-4244e21c1044,Athan: Prayer Times & Al Quran,5,2022-10-23 02:23:19,"One of the best Islamic apps you can find it includes so many features including prayer times, duas for basically anything , menstrual mode , Qur'an , prayer tracker , guides and so much more for free! This app is easy to use however there are lots of adds but if you use it offline you can get rid of the adds which i recommend.",
dbf0cc70-10e4-41f8-a436-6d4a48852ca7,Athan: Prayer Times & Al Quran,5,2022-10-22 17:35:23,"It’s one app providing multiple,or maybe all Islamic features that can be done online,even specail features for women! It would be even more satisfying if the Quran section is more developed.",
2ae3a5d9-4f9c-4bf2-9dfa-554fafff7421,Athan: Prayer Times & Al Quran,5,2022-10-06 23:49:46,I absolutely love the new period feature i still have to check it out and see what all it has but best choice ever.....Allah swt bless u guys,
6b534e43-491e-4fb9-98cd-c64dd68bef39,Athan: Prayer Times & Al Quran,1,2022-10-03 21:56:12,"Not happy with this, pretends to be halal when it advertises alcoholic perfumes? And gets stuck, pretends to help women..... ruined my trust in Muslim apps",
ab631891-fde5-49d7-a77d-cf78d7e9fb78,Athan: Prayer Times & Al Quran,2,2022-09-27 05:36:52,"I'm getting ads of Haram content, which doesn't make any sense. gambling ads and women's underwears for example. if the ads were more refined and reasonable the app would be substantially better",
6e90b0cf-d69d-4424-aed1-018d3b589147,Athan: Prayer Times & Al Quran,1,2022-09-06 12:14:20,"The content is work of Allah but the app is work of devil , Like when you are reciting Quran and suddenly a woman appear on your screen dancing. I am not saying you should not earn but Is this appropriate ? Not at all . So please have some modesty and remove those ads how can you promote devil's work with pious words. You can show other ads which are beneficial for everyone.",
925bc831-2fd7-432e-810a-b3e562597906,Athan: Prayer Times & Al Quran,5,2022-09-04 14:25:55,"Assalamualaikum brothers and sisters, I highly recommend you to use this app to remind you to prayer your five daily Salah, also you can learn the Qur'an from the app also",
cb9db3d5-f806-457d-8714-4673a1a3d4a0,Athan: Prayer Times & Al Quran,1,2022-07-30 08:23:58,Horrible experience. Cannot log me in and has ads on it with half naked women. Make up your mind if you want to provide an Islamic service ormake money off of it. Weirdos.,
3570133c-0fb7-467a-bdc1-3d1d3779b655,Athan: Prayer Times & Al Quran,4,2022-07-26 09:22:11,Reading the Quran in this app is very easy i like it and i invited my muslim sisters to use it.,
efc80d6f-129d-4c15-87e0-d9cd9480af93,Athan: Prayer Times & Al Quran,5,2022-07-06 17:45:36,A really easy-to-use app for Salah timing and quran with many more functionalities. I would recommend it to all muslim brothers and sisters. May Allah give ajar to the creator of this app.,
15b692a1-0587-4f6c-9d4a-4d5234239b49,Athan: Prayer Times & Al Quran,5,2022-06-28 21:13:08,It's amazing app but only drawback I've notice is that it's not period friendly.,
98e995c1-43ba-44bb-82a3-3d4487c38e61,Athan: Prayer Times & Al Quran,5,2022-06-06 21:54:10,"This app is soo good it brings me closer to Allah thank you brothers and sisters who created this app I wasn't paying attention to praying much but this app really helped it made me memorise surahs it was very helpful as I was always drunk and never paid attention I quit and I am clean now I also stopped smoking, allahmidllah",
bb3ad0ce-1c0e-48fb-8096-092f67da44e9,Athan: Prayer Times & Al Quran,3,2022-06-03 08:10:21,AS-Salaam Alaikum to the believers the true brothers and sisters. And i am enjoying everything about the Athan app and the prayer times. and everything else that is including. it do remind me what i like or love to attendant to do on the app.,
152f1388-c2b2-4494-9574-3ad2b132f973,Athan: Prayer Times & Al Quran,2,2022-05-29 19:55:50,Scantily clad women in advertisements. Why want to make money out of faithful Muslims? Mega-corporation-esque developers. Stick to a more honest app,
dc9aa8fc-5eb7-40c9-97ab-9318605d12b8,Athan: Prayer Times & Al Quran,1,2022-05-15 18:54:01,Prayer app opens with half naked woman ads! FEAR ALLAH. I AM DELETING THIS NOW,
d9ecb3ef-6a3c-436c-8133-2f9d4020c555,Athan: Prayer Times & Al Quran,5,2022-04-30 19:18:19,A very great app and I can recommend it to any Muslim brother and sister.,
194ee25c-6b1c-4353-84b5-f631222a3363,Athan: Prayer Times & Al Quran,1,2022-04-22 01:25:13,1 star becuase of the ads in the free version. Please remove ads. You may block certain features in the free version. People who pay should enjoy those features. But in the free version there shouldn't be any ads specially the content which violates the Islamic standards. There are ads with music and ads with women. Stop this ! Like I said you earn money from paid version. Still ads in the free version is not acceptable. It is not the ads but their content which is not accpetable. Uninstalling!,
f1bca7c4-15e7-4cf2-9702-60dd3b067c98,Athan: Prayer Times & Al Quran,1,2022-04-19 05:16:17,"Ads are fine, but this type of irritating ads are not good (period).",
a93fcbce-f760-4181-bb4b-6067bb560cea,Athan: Prayer Times & Al Quran,5,2022-04-08 08:44:01,This app is brilliant. The only feature I'd add is to allow women the option to mark the days they're on their haith because we're unable to pray on those days.,
b743949d-5e54-47d9-826f-8ba353638ce3,Athan: Prayer Times & Al Quran,5,2022-04-06 16:52:43,I am really loving this app! Definitely worth the $12! I am reading the reviews and everyone is complaining about the ads. It's very obvious that a lot of time and effort went into this application for the benefit of its users. I personally don't go to work or provide my professional services for FREE. If you choose not to upgrade and pay for this service then please don't complain about the ads. Support Muslim businesses!! They give a grace period to change your mind if your not satisfied,
d1489ffa-2ea1-46c5-9b0c-f45b5a61d41c,Athan: Prayer Times & Al Quran,1,2022-04-02 23:06:47,Ridiculuous!! Remove ADS from Qur'an. We're getting Tinder like ads while reciting the Qur'an with provocative women.,
ebf5b761-bde1-4311-9879-a165472d56ea,Athan: Prayer Times & Al Quran,1,2022-03-12 16:00:50,Muslim app with disgusting ads like men and women in bed???? How could the developers allow this???,
4162d2f8-c004-4783-aa5c-97f0e5935d1d,Athan: Prayer Times & Al Quran,3,2022-02-19 03:08:55,very much useful. but ads are not appropriate for this app. ad selection is poor. Islamic apps should not have those ads featuring women.,
64eb99e9-40c2-49dc-81ca-03781fe9a7ad,Athan: Prayer Times & Al Quran,5,2022-02-16 05:43:48,Assalamu alaikum brother and sisters Very good app easy to use Mashaallah,
3d63f368-7576-4be1-9dd4-bf78c229019b,Athan: Prayer Times & Al Quran,5,2022-01-16 10:21:19,"الحمد لله I recommend this app to my brothers and sisters in Islam, you must try this app, it's helpful for you to become productive Muslim. انشاء الله",
4c95f907-14b2-494d-9824-3e9fcf22828a,Athan: Prayer Times & Al Quran,5,2022-01-14 20:55:42,It's definitely need of every Muslim brother and sister prayer timings direction to Kaaba,
ea7a3bd7-cedc-4f67-97c1-f739a9480c9f,Athan: Prayer Times & Al Quran,2,2022-01-09 09:12:12,Good app but you should make the Ad free .imagine naked ads of women over the Quran subhanallah...you guys doing good things but at the same time destroying...I was just readimg one of the surah all over sudden an Ad of a naked woman pops in.Not everybody can Afford what you are asking for free Ad version.thus forcing them to use the app like that with naked women popping up and loans app...goods thing over bad thing...jazakallah,
4cfd2364-abf8-4e92-9143-4d15c9cbe32f,Athan: Prayer Times & Al Quran,5,2022-01-03 02:55:33,It's very nice app.because he offered me prayers regularly plz brother and sister download the app. Thanks,
e137eb19-3d91-48cd-9f97-5afadb62884b,Athan: Prayer Times & Al Quran,5,2021-12-31 21:49:23,Good best workout for men s and women's aza timings,
5f705e23-7859-4b79-86b4-a582254bb479,Athan: Prayer Times & Al Quran,5,2021-12-29 21:27:50,"Assalamualaikum wa rahmatullahi wa barkatuhu dear sisters and brothers,this app is amazing! Mashallah Tabarkallah! I Recommend every one of you to download the app. Jazakallah khairan kasira. I agree with sister Fatima Zahra.",
dfda7b01-6438-4dca-becb-299b3de4781d,Athan: Prayer Times & Al Quran,5,2021-12-24 23:07:19,It is perfect aap for Muslim women's especially,
1e237ac8-00e8-4d0c-9056-883c57051830,Athan: Prayer Times & Al Quran,5,2021-12-11 06:38:33,Excellent app for Muslim brothers and sisters,
7b6765e0-6e98-4f03-8f45-f9b31898cd6f,Athan: Prayer Times & Al Quran,5,2021-12-10 06:37:49,It's a helpful App to regulate 24 hrs activities of a Muslim man or women in the light of Quran and Sunnah.,
5de1d9c1-6fa0-4da2-9b83-66bfd0a21459,Athan: Prayer Times & Al Quran,5,2021-12-07 17:09:15,Very important app that is helpful for my Deen and da Deen of other Muslims brothers n sisters...,
c150bfbd-6e5f-4eff-8aab-31010d940129,Athan: Prayer Times & Al Quran,5,2021-11-27 06:54:03,Very nice app I recommend my other bro and sister use this app make easy for u when pray and ...,
7d9644eb-fc40-4b13-bfe2-cef361ba4c80,Athan: Prayer Times & Al Quran,1,2021-11-26 05:13:33,Owner is Devil.Bustard Islamic apps and Contains Adds and show female photo,
000fdbda-02ab-4ef0-b03d-5e2ed9f87dc0,Athan: Prayer Times & Al Quran,4,2021-11-06 04:01:59,"it help me a lot n never faced any problem yet.The solat reminder pop up in good manners.Still i pray for this app to be better and better n more people ,muslim or not,man n woman,big or small, can gain benefits from it.If possible, users should not be required to update so frequently.Please limit app updating for users.",
08f98a2a-27d5-41e6-a7e1-6e12d5b89edc,Athan: Prayer Times & Al Quran,5,2021-10-21 00:16:14,Salam brothers and sisters this app is wonderful. Direction prayers times with all dua correctly .i love this app. May Allah bless app creator. Ameen,
c0b2b97a-4203-403d-a992-ff97b8bb685f,Athan: Prayer Times & Al Quran,4,2021-10-13 18:48:21,"Assalamo alikum warahmatullahi wabarakatuhu i have not paid for the app so i get ads and thats fine. But its very inappropriate that we get ads with music or women in them, plz filter ur adds",
ac5dca23-8ae9-4bfd-a7e3-ccec49946ed8,Athan: Prayer Times & Al Quran,5,2021-10-09 21:33:52,"This app is so good Mansha allah, the sheikhs are great with a unbelievable voice. Ads happening rarely from time to time and they don't have raw games on them. Best app for reading quran and getting Dua's etc. Nothing bad in my experience but this is a great app. I approve to my brothers and sisters.",
a60db6db-cd51-4b1d-a031-a72ca20881f2,Athan: Prayer Times & Al Quran,5,2021-10-07 18:36:42,Very good but close ads who distract muslim Brothers and sisters,
08ced11a-5da9-4e5f-be54-8ce8cc6728e4,Athan: Prayer Times & Al Quran,1,2021-08-25 05:59:20,"this app has all good except ads. we know its matters of money but it's embarrassing. Sometime we open this app in mosque. let me tell you what happen once, I just open this for the salat timing, just in a sec a ads open and it was aloud women voice. yes it takes one or two sec to close this app but it was loud. we studens like me, can't pay you monthly, it's true and you guys have to find a way for this project. may Allah make easy.",
51011ed3-b4a4-4d60-ac66-8f13f454dd89,Athan: Prayer Times & Al Quran,5,2021-07-11 13:42:17,"I need Allah & the reminder of ""HE"" that continues to strengthen me. With every difficulty there is relief. This app nor only strives to be the reminder for thee Muslim it is also my relief. For the man woman & child who has this app I pray that u find relief and benefit from Allah. To the person who created the app I pray that u, your children, children's children and family are blessed beyond measure of comparison to find relief in your life, your graves, Yamakiyama, & after Asalamu Alaikum",
21446de5-27cd-4de3-928d-da954ea5a654,Athan: Prayer Times & Al Quran,5,2021-06-10 18:33:36,Mashaallah best and best helpful app for Muslim Brothers and sisters,
c8262886-279a-45ae-b09f-02f3f3c29bfd,Athan: Prayer Times & Al Quran,2,2021-06-07 04:06:33,"I downloaded the app but had to uninstalled it straight away because of a totally inappropriate ad (Badoo) that came up, with the picture of a woman with the text asking 'Are you single?'. I appreciate you need to advertise to keep the app free to use however you must be very careful with who you allow to advertise on this Islamic platform.",
3c118690-9ade-4897-a80c-9e660bbc8d21,Athan: Prayer Times & Al Quran,2,2021-06-03 19:49:33,UPDATE there are ads of naked women in the app. How dare you allow this to happen? If you want to earn money through the app at least make sure to control the ads. I am removing this app and will look for something else. OLD REVIEW: I like this app as it reminds me of praying times especially when my computer is turned off. So far it has worked great and accurate,
9e7eade4-4df2-4a60-9c3c-2ace7fc55744,Athan: Prayer Times & Al Quran,1,2021-05-24 00:11:06,Assalamu alaikum... I have 1 star just to gain ur attention.. Please wallahi this is something true that happened to me.. I opened this app to remember Allah but the ad that is coming subhanallah... Wallahi no words.. It will end up a person who is trying to be good to watch things which are unlawful..no doubt in it... Please find a way to turn of the ads or atleast ads which promote women....,
c56e3a9e-fe44-444b-a8b9-3d0e5749954b,Athan: Prayer Times & Al Quran,1,2021-05-23 17:13:07,"Unfortunately, watching Vegas and naked women dancing advertisements in the app and the website what is happening here ?. Can you stop the advertisements ?. It looks like the app and the website is not an Islamic website its kind of something fishy here I will report the app for misconduct and not respecting religious beliefs.",
6616ac13-aea0-4a20-beb1-001cabfb0964,Athan: Prayer Times & Al Quran,5,2021-05-16 17:01:30,"The Best app for Athan and other necessary duas, qibla direction and alot more important notifications ... Loved this app recommended by my cousin Mufti Adil Ayub ... Highly recommend this app to all my Muslims and non Muslim brothers and sisters.",
410ba2ea-194f-4d55-ac10-35d826724a62,Athan: Prayer Times & Al Quran,5,2021-05-09 02:11:36,"I like it, i am really enjoying it thanks brothers & sisters.",
7b36d673-1f53-4c12-8e71-b9634d24e8ef,Athan: Prayer Times & Al Quran,4,2021-05-08 19:22:57,"I love this app. Alhamdullilah it has helped me to develop my prayer habits and really thankful to the creator of the app for sure. But there are several constructive criticisms I would like to address, I hope you guys would improve. 1. STOP GIVING ADS EVERY MINUTE. 2. DO ask for the gender of the user. As we all know, women can't pray and fasts during period. So we girls should have that option so that we can keep track how many fasts we've missed. 3. Dhikr Counter please",
7899fdc6-563f-4cff-a705-c7039f3b9d82,Athan: Prayer Times & Al Quran,5,2021-04-29 19:20:59,Its realy a good app for muslim. Please try this app my muslim brother and sister,
7c42b0c5-7939-460a-b3d3-2146c2fefc3b,Athan: Prayer Times & Al Quran,5,2021-04-28 15:11:59,Perfect app but difficult to use in masjid because of unnecessary adds suddenly appears with women's pics,
7b2a0a1a-d673-4ae2-b2b7-ea9d59083e65,Athan: Prayer Times & Al Quran,5,2021-04-14 11:46:08,"This app has strengthend my iman and kept me on track of what's going on with brothers and sisters in islam I think it's amazing and helps those who need it, thanks athan for what you have changed in me!",
c234ffb6-dd92-4d7b-87bd-46b2593a67c5,Athan: Prayer Times & Al Quran,5,2021-04-13 23:31:52,This is helpful app for a practicing Muslim who are living non-Muslim based country and can't hear the voice of Azaan from Mosque and especially for Ramadan period Muslims people can easily access all schedule about Paryer.,
768d2a36-01bf-43e0-a30e-36347f6c42b2,Athan: Prayer Times & Al Quran,5,2021-04-02 12:06:44,Just love this app!!! Highly recommend it for all the muslims I have learnt a lot of things from other muslim brothers and sisters through the groups! It's very easy to get the meaning of all the Surahs too!!!! And there is a lit more to explore,
29d905b7-6010-4f0e-aa6b-2caa82bcd4a4,Athan: Prayer Times & Al Quran,5,2021-03-29 08:34:56,I love this app. Buy I wish it had audio. But im grateful to have this app. I'm a beginner muslim women.,
d85f44ee-5d6d-4445-97bd-ec67cb5167d9,Athan: Prayer Times & Al Quran,5,2021-03-22 07:21:56,Is it possible not to show advertising durning reading. Advertisements with women model are fitnah to look at and you are making us do that when reading Al Quran. Hope you understand.,
d1e3550c-576f-4c42-8752-1e7b1aa53fef,Athan: Prayer Times & Al Quran,5,2021-03-20 02:05:31,Useful for all my muslim Brothers nd sister's,
807fb7f7-4b20-440c-854f-b45866c0bf82,Athan: Prayer Times & Al Quran,5,2021-02-20 00:24:33,"Mashallah Thank you so much to the developer for creating such an amazing app Totally satisfied Easy to use Love it The man who develop and create this app may Allah grant him jannatul firdous Who have not installed yet please install brother/Sister By using it u will learn all the duas, never miss the namaz, will get time table of 5 waqt namaz, U will find qibla from any part of the world easily by using this app",
588e5bdb-a922-4880-a0db-b7ecb4a0527d,Athan: Prayer Times & Al Quran,1,2021-02-10 14:18:17,"Best religious and Islam app by far! Nothing compares to the functionality and usability! The UI is fantastic and the adds are only mildly annoying. Near flawless, couldn't ask for more! UPDATE: Years later, the ads have become more and more intrusive to the point of them making the app a challenge to use. Worst of all, they now constantly are of disgusting Facebook ads of women dancing to pop music Astaghfirullah, I'm done with this app, currently looking for a halal alternative.",
e9e2d436-5303-4431-9d71-3eb6b123e2e5,Athan: Prayer Times & Al Quran,1,2021-02-07 08:08:24,"Lot of non sense ads, while reading quran you get non marham women dancing on your phone, how is this helping muslims to read Qur'an and use this app in masjid. It was good app but jot anyone due to ads. It's annoying. Islamicfinder, Find other means to earn money, don't make mockery of quran and islam. If you are so desperate to earn money don't offer free download make it paid app at purchase, atleast by this people won't download and get annoyed. May Allah guide Islamicfinder in right path",
50441a7e-b336-482e-b2f3-a6b17d1e1667,Athan: Prayer Times & Al Quran,2,2021-02-01 13:11:24,App is great over all! But as of recently when the widget became only accessible for premium users only that made it harder for me to keep on accessing the app with all the ads popping up all the time. And had some issues with the app not notifying me the prayer time through Athan enen though I had it on that in the setting! Made me very confused. Jazakum Allah khair Brothers and sisters this app was great but guess I'll be switching to another one for my salat notification!,
7288c61c-4a87-451c-965c-6511090e1423,Athan: Prayer Times & Al Quran,1,2021-01-19 08:45:47,You removed the widget sorry but I have to remove the app too. If we had to do a 1 time payment then that's not a problem but a subscription? Brothers and sisters please download SAJDA it's a great app with a great Widget and NO ADS.,
c8a76e68-f222-486b-961a-387c4b5133a6,Athan: Prayer Times & Al Quran,1,2021-01-16 12:30:42,"I had this app for about 15 minutes and saw one ad with a half-naked woman in a swimsuit.... THEN, another ad talking about vampires. Uninstalled IMMEDIATELY, and do not recommend this app to ANY Muslims. Get some halal sponsors. Nobody wants to see that trash. As'salaamu Alaikum.",
2c895773-6b63-4014-9deb-8739e3475949,Athan: Prayer Times & Al Quran,5,2020-12-30 15:37:31,Ma Sha Allah You guys have done a great great job...thanks a lot my brothers and sisters,
c407151f-81f7-4f93-ab22-70d5273f5dac,Athan: Prayer Times & Al Quran,3,2020-12-21 14:21:25,"Asalam, please stop putting inappropriate ads of sometimes barely clothes women and especially when I am reading the dua please. JazzakAllah",
ecdc6dae-1119-49e8-aa70-c484cdc59210,Athan: Prayer Times & Al Quran,5,2020-11-14 05:10:58,"Brothers - Sisters, Fully Amoled Dark Mood? It is Very Hurting on the eyes at Morning Time.",
75043d66-b3f2-4d97-ba48-6edc4e57fbfd,Athan: Prayer Times & Al Quran,1,2020-11-10 19:54:39,Its haram you put ads and women picture is there.wallah may Allah ask you question about this.you make app make money Allah see you intention of sawab and sadka jaria.,
72cbf670-0f61-46af-a030-724b2c4e02fc,Athan: Prayer Times & Al Quran,5,2020-10-23 05:35:15,I always use this aap when I'll be try to pray salah ...it's much useful my Muslim brothers and sisters who are developing this . Allahu Khairu jaza,
33e4b212-2ee2-4c9b-99dd-8e0e1bebe581,Athan: Prayer Times & Al Quran,5,2020-10-21 18:51:58,One of the best application for all muslim brothers and sisters I'm enjoying it and thanks for took us more closer to Allah,
df54c4db-dad7-466c-98e1-be592a4b0d3f,Athan: Prayer Times & Al Quran,5,2020-10-18 05:56:38,"Alhamdulillah, First I wanna say thank you so much for creating this wonderful app, And I used this this app for long time, and I really enjoyed it, it's very helpful and , I really appreciate you, And strongly recommend for all Muslims brother and sisters, Many Many thanks , Jaza kallahu khair,",
7092d192-eba0-4b48-8da8-cd2f4e9b307d,Athan: Prayer Times & Al Quran,5,2020-10-17 01:36:07,"As long as ads are removed, this app is recommended for every Muslim brother and sister who has a phone.",
bdd03e64-64c5-49f0-86dd-daf45bd7ddd0,Athan: Prayer Times & Al Quran,5,2020-10-14 18:31:49,I should recommend this beautiful app to all my Muslim brothers and sisters.,
420998bc-d7e9-4424-aee2-ae38477ad600,Athan: Prayer Times & Al Quran,5,2020-10-12 00:33:41,Satisfactorily guiding in prayer times and fajr time during fasting period and beyond. May Allah reward the initiator or developer and all those who contributed to the working of Athan software. Ameen,
1bebfc01-1ffa-4c1b-a323-b12d8c5150f0,Athan: Prayer Times & Al Quran,1,2020-10-11 12:10:48,"I don't care how great this app is, the ads are absolutely rubbish. I was doing my morning prayer and guess what showed in my screen. ""SX HD"", a women in mini skirt urging you to stop reading. I just don't know the meaning of putting such ads by the devs. We're here working on our deen and it's totally understandable you need to generate revenue through ads but something so explicit in a middle of reading the holy Quran? This is so insulting. I hope the devs will take this matter more seriously.",
9068e353-3c21-49b3-a6a4-aec1275b1f60,Athan: Prayer Times & Al Quran,4,2020-08-17 06:10:06,Like the app But Cant login using mail Id. On my sisters phone and on mine I didnt recieve the verification mail. Hope some one can help. Thank you.,
4204e71a-4069-4921-86b4-8c888da8fdfa,Athan: Prayer Times & Al Quran,2,2020-08-11 20:07:05,Salaam to all brothers and sisters. This app will not let me locate the Kaba,
c452c435-a2b7-4d5c-a6f5-3913a62e570b,Athan: Prayer Times & Al Quran,3,2020-07-24 18:32:53,Everything is good about this app but would be better if there was tafsir of the quran and hadith included in it . Maybe the only discredit would be the ads that frequently pop up and most of them containing music and women . I hope u can rely on halaal sponsors rather than on ads,
46ff45ab-32a1-415e-88a9-44b137403d4f,Athan: Prayer Times & Al Quran,5,2020-07-01 19:01:07,Very useful APP for Muslim brothers and sisters. It ease us in finding Prayer times at the destination and also convenient to find nearest Masjid.,
c8ad875e-5808-4c04-a085-b27b0c5374cc,Athan: Prayer Times & Al Quran,5,2020-06-25 21:09:41,Great experience to track my prayers on day to day basis. I want to know the validity time period of premium pack.,
ee0fcced-24f3-4e48-9f58-0e2fbb791198,Athan: Prayer Times & Al Quran,4,2020-06-11 10:55:30,"Many of our muslim brothers in the world doesn't know the starting time and ending time of Salah (namaz), most of us think when azan given in the mosque the time of Salah has started , where as it's not like that , Hanafi, and Hanbali time's are available hence easing our brother's and sisters to know the starting and end of Salah time which helps to offer Salah if any body will become busy after half an hour or hour which they could miss Salah can immediately offer Salah after time starts .",
34dc6033-938f-4b9d-8182-5c8f4a4746d9,Athan: Prayer Times & Al Quran,1,2020-06-02 05:42:17,Prayer time 5 stars. Al Quran 5 stars. Other features 5 stars. Total 15 stars. . Inappropriate Advertisements for example pictures of woman wearing bikini beside ayats of Al Quran..... negative 100 star. Just uninstalled this app Using an app free with some ads on it is totally acceptable. But there should be a barrier about what kind ads will be shown there. Either make it ads free Or do something to stop inappropriate ads on it.,
6e9f3040-72b6-4958-8d66-a5a35562a030,Athan: Prayer Times & Al Quran,1,2020-05-30 04:32:53,There are advertisements of women who aren't covered sufficiently within the app. The last thing I want to see in an islamic app,
8f170aaa-45ef-46aa-b2dd-60e844e0989d,Athan: Prayer Times & Al Quran,5,2020-05-25 04:06:21,Extremely helpful. Especially for revert brothers and sisters. Jazak allah hu khair creator of this app .,
81784edb-00a0-42df-91c7-e131bc48ef4d,Athan: Prayer Times & Al Quran,2,2020-05-14 21:49:13,"Too many ads, Asslaamualekum Warahmut'lahi wabarakatuhu, Dear Brother/Sister The concept of app is good, but as always nothing is perfect. You should give an option to listen the adhan in the app, also give them option to play Adhan so if people like they will buy it. Also the frequency of ads is so much that people will tend to uninstal the app immediately and go for other alternatives. Please see your content of ads too, don't let them post ads with sound because one might be in the masjid",
97668112-62f8-40a4-8baf-de4f7b7c05d2,Athan: Prayer Times & Al Quran,2,2020-05-12 19:36:51,"Never have I seen an app displaying ads twice every minute. Yes you read it right. 1 full screen ad with music every 30 seconds. I would've gladly purchased the app as it is very helpful and beautifully made, but I decided not to. This is because advertisement bombardment are of an epic nuisance level. I've also seen scantily clothed women popup in ads. This review stays till the devs fix the issue. Request for donation instead of unfiltered ads every 30 seconds and ad strip in the bottom.",
8149e706-2147-452b-bd99-e2399573a6fb,Athan: Prayer Times & Al Quran,5,2020-05-08 07:05:45,Masha Allah Nice app during ramadan period,
676f7b66-9098-459d-9012-54c67b0b8db7,Athan: Prayer Times & Al Quran,5,2020-04-28 00:21:46,Just what I need in this period of ramadan,
af0daaf7-5cf9-44cc-9058-4cbe22660cf9,Athan: Prayer Times & Al Quran,5,2020-04-25 22:37:58,"Athan is the most compiled and handy Islamic application, which fullfil all daily needs of a Muslim brother/sister in one application Must have it....",
0af0348e-8e60-42c9-969e-47c611b8c878,Athan: Prayer Times & Al Quran,5,2020-04-25 09:47:39,So far so good....still enjoying the features and alarms.... May allah bless the admin and the team ...easy to understand and read. If english translation added will be easy for other non muslims brother and sister to understand much better.. JAZAAKALLAH.,
f3abc1b0-9543-487e-8699-0f51cdaffc4a,Athan: Prayer Times & Al Quran,5,2020-04-24 20:44:06,Marvellous. I like this app. It's very educative. I recomended it to all muslim brothers and sisters.,
ec953af3-b492-42e3-9aa8-4cbb4e88ca5c,Athan: Prayer Times & Al Quran,5,2020-04-15 22:59:23,"Im a new muslim sister. I converted the day my mother had her proper Islamic burial. I have been trying to study and research to know all I can other than what I knew already. Hopefully from what I saw, this app will help me in my journey.",
6042d736-aa2f-439a-a0cb-830cb22d39df,Athan: Prayer Times & Al Quran,4,2020-04-05 01:59:10,"Alihamudulilahi I love the app the problem is when athan is being call during this period if message or anything interrupt it, it will stop and it won't continue. Please look into it. Jazakum lihairan.",
68b246e1-6877-4c27-b371-404d860d1c36,Athan: Prayer Times & Al Quran,1,2020-04-01 02:18:17,Don't mind ads but do mind shameless full page ones with music and scantily clad women. Use it with internet off to avoid such surprises!,
247a2abe-7cef-490f-b417-fdba2bf8b24c,Athan: Prayer Times & Al Quran,5,2020-03-28 20:34:10,It's very helpful for momin brother n sister wo are interested in deen,
dc5afc6c-324d-4c49-b563-3a5d7b5557ba,Athan: Prayer Times & Al Quran,5,2020-03-22 03:16:09,"The best app i have experience so far.... qI would highly recommend all of my Muslim bothers and sisters to use this app for prayer timings,dua and Al Quran reading.",
15587234-7a03-4625-b9fa-4dcf8e48399d,Athan: Prayer Times & Al Quran,1,2020-02-05 19:34:53,There are supid adds in this app. Women adds in islamic app....,
2321b5a8-74cc-4025-8977-a9cbca21f026,Athan: Prayer Times & Al Quran,2,2020-01-23 12:04:39,"There are annoying ads in this app. Sometimes, ads take away the whole screen and disrupt what I do. These ads often contain unveiled and semi-nude women which is really unexpected in an Islamic app. Remove ads if you can. Otherwise, Please make ads not take away the whole screen suddenly and also remove unislamic ads which contain music and unveiled women. Otherwise, this is a great app. I have uninstalled this app. I shall re-install it only if you solve the problems.",
efbf04ac-d784-4595-bb8d-e527d679d07f,Athan: Prayer Times & Al Quran,1,2020-01-18 14:06:31,"Edit: I reinstalled this app today, the ads situation became worse. Now the ads are full of ""Likee"" videos, with loud songs and half naked women. Dear developers, please opt-out from ""Video ads"". Editing my reviews from 2 stars to 1 star. May Allah grant us barakah. ---- Too much ads (almost 1 ad per minute) ruined the app. Ads interrupting the reading of Duas cause major irritation. Allah is the provider of rizk. If money is that much important, who don't you choose banner ads (top or bottom)?",
e2c0275c-7e72-4052-88bd-b5f8c74d608a,Athan: Prayer Times & Al Quran,4,2020-01-06 20:49:58,"It is a wounderful App. i would give it 5 stars if there was a tracker for Sunnah salat. It would be amazing if you ""off"" option for women for the days when they can not pray in. Jazakom Allah Khayran",
fca4f91f-3984-4b99-88d6-408e65c24570,Athan: Prayer Times & Al Quran,5,2019-12-30 16:37:39,"Dear brothers and sisters,this app is very supportive.download and enjoy!",
93928c66-c9c7-48ae-b8c0-0c87d0be108a,Athan: Prayer Times & Al Quran,5,2019-12-13 15:49:07,"This app is very much helpfull for any Muslim and Muslima. Beside Allah, this app reminds and provides you with the needed basic dua's for the day and hours. You don't need to carry your books. You guys did create a wonderfull job, alhamdulillah and may our Creator provide all brother and sister, who does great and wonderfull deeds, all the needs in the day of akhirah.",
a8497bb8-6420-4094-8153-3511e1575ef6,Athan: Prayer Times & Al Quran,4,2019-11-01 07:43:40,"This is a great app fr muslims.Quran, duas with translation & benefits, qibla direction, prayer times everything together is a great combination of ones desire. But the adds are so annoying.Too much annoying that 7-8 adds suddenly came up and playing continuously with 30 sec laps while reciting a single dua. Also some of these ads containg women without purdah!! Felt so weird to see such ads in this app. Willing islamicfinder team will fix it soon. Jazakallahu khairan.",
e2e2d0b9-ae99-4b7f-820a-1e7aa53704e1,Athan: Prayer Times & Al Quran,1,2019-10-04 14:34:32,"Remove ads its Islamic application and ads containing naked women how, this too much",
3e061f81-fa40-4c7f-bac0-6fc204b49fb0,Athan: Prayer Times & Al Quran,5,2019-10-03 19:00:20,"Exuberant, fulfilling and exactly what Allah ( S.W.T) Requires of us the best... May Allah (S.W.T) be pleased with the work of my brothers and sisters InshAllah..",
af3c3cf2-a524-4e1d-bf33-3d8e89bd8458,Athan: Prayer Times & Al Quran,5,2019-08-31 01:14:25,"It's a great app Ma Sha Allah. My only criticism if any, is that there isn't a way to record when a woman is on her menstrual cycle so that she doesn't miss prayers. It would be nice to have this added feature on the app. Jazaka Allah kheir",
e597a135-ab48-4ff2-b40a-c7d767be13b8,Athan: Prayer Times & Al Quran,5,2019-08-19 09:39:24,"I'm a Muslim from Ghana who travelled to USA where there's no mosque and there's no Muslim brothers and sisters to hang out or pray with, buh Athan: prayer time App has really helped me alot, Holy Quran, accurate Salat times, and with so much duas n supplications as well. I love this app and I encourage every Muslim to use it. cause it helps alot n brings you much closer to Allah SWT. Thank You and Jazakumullahu Khairan .",
4ddf4857-b92d-4b44-8f12-26d9b02eee67,Athan: Prayer Times & Al Quran,1,2019-08-17 13:08:33,"I am compelled to give it one star and to uninstall the app, because while using the app or while reading any dua; ad with inappropriate content or ad with inappropriate picture/video of woman pop up on screen. This is really a unfortunate issue for such an informative app. I hope, the maker of this app will resolve the issue.",
24ac3965-4c58-4d2b-95ca-537890334ab4,Athan: Prayer Times & Al Quran,5,2019-08-16 07:11:38,"i really liked this app,as its distribute the true knowledge of islam to make a better muslim,it's a must for every muslim to keep this app on their cell phones to gain the knowledge and simultaneously one must share this knowledge to our other brother's and sister's of our community as well as to other communities to make them understand our islam in a much better way and to bring them too to the right path of mankind and let them get rid of the wrong concept of Islam.",
985ca8fb-f9d4-4998-a360-ab2c406c7108,Athan: Prayer Times & Al Quran,4,2019-08-09 15:11:35,a very beautiful and easy to understand application for muslims easy to use and ideal for the whole family young and old Male and female u would definitely recommend this to all.,
6abc4f0e-c73b-4bb3-b8fa-25604af24706,Athan: Prayer Times & Al Quran,4,2019-08-08 17:57:01,this app helps alot especially to muslims sisters nd brothers l,
be220ecc-4e36-48e3-9fde-bb38117d6780,Athan: Prayer Times & Al Quran,5,2019-07-11 08:22:05,Very helpful and the brothers and sisters are very helpful as well,
a62f1443-6134-4d09-86eb-0275f845f5e9,Athan: Prayer Times & Al Quran,4,2019-07-02 09:21:30,It is a very good muslim app. It even has a prayer counting thing. but it expects everybody to be male and does not account to when females get their periods. aside form that it is a very useful and helpful app and i recomend it to all my muslim brothers and sisters.,
b007c483-c37c-49ac-b437-67fabf9e5879,Athan: Prayer Times & Al Quran,5,2019-06-27 18:07:43,good for muslims brothers and sister,
f40da7a1-bdd6-4bb6-bcfe-6ffb173c02fd,Athan: Prayer Times & Al Quran,5,2019-06-14 03:54:27,It is an awesome app. Every MUSLIM brother and sister should download it. #ALHAMDULILLAH #allah #subhanallahuobihamdihi #ALHAMDULILLAH #allah #subhanallahuobihamdihi #ALHAMDULILLAH,
cd66cef8-066c-4ff7-91a6-78832db3ba2f,Athan: Prayer Times & Al Quran,5,2019-05-25 11:28:15,"i amazing app for all Muslims Brother and sister. you can see the calender, Adan, qibla and daily Dua for better life. Zazakallah",
fea333f5-4f3d-423a-a6d9-969a91872ab1,Athan: Prayer Times & Al Quran,5,2019-05-18 03:45:22,"this is hands down the best app for Islam I've ever seen. the sheer amount of content available is astounding. my wife and I are particularly fond of the dua feature, which have prayers neatly sorted into categories for any type of situation imaginable! brothers and sisters, do yourself a favor and purchase the full version if you can and support the team working on this. Insha'Allah it'll continue to be a resource and a guidance for us.",
24fdaa4a-b2f7-4249-a769-fa345d656a34,Athan: Prayer Times & Al Quran,5,2019-05-13 19:12:45,awesome app for all my Muslim brothers and sisters,
97a812e3-a1d2-4fd2-b569-9a22cdb61881,Athan: Prayer Times & Al Quran,5,2019-05-11 19:25:07,Allahmudillah good apps good support for islamic brothers and sisters,
1e368a26-7134-4880-afcc-0f5610e03d5a,Athan: Prayer Times & Al Quran,4,2019-05-11 16:15:30,"I Enjoy this app, I would love though that there was a feature in prayer goals, or in settings, that I could type my gender in. I like all females, have a period, and that would be nice to be able to register it, so my prayer goals is a bit different. since I'm not skipping out on purpose. Allahu Akbar <3",
d87aedf2-c7fa-4ad1-8be6-105312ea93ca,Athan: Prayer Times & Al Quran,5,2019-05-09 00:17:37,"this app has everything. if youre looking to become a better muslim and you really desire it, this app is amazing. it has the quran in transliteration and translation. Itll remind you to pray and you can check off your prayers as you go. Ramadan Kareem, brothers and sisters. May this ramadan bring you closer to allah. it has for me. Allhamdiullah.",
0101c666-bcaf-4a31-8040-fe3c64718da7,Athan: Prayer Times & Al Quran,1,2019-05-08 19:58:39,this app is annoying with the constant reminders and notifications even when turned off they still come on. like a nagging old women lol dont download,
7e1fbd3c-6bc4-41f3-863f-fe773e342695,Athan: Prayer Times & Al Quran,5,2019-05-08 16:11:35,its very useful application but some more additional features like autodetecting namaz timings as per locality and including different parts of the day and prescribed namaz during that period will be very useful for frequent travellers. Please consider my request..,
98172cda-9b5f-4ac5-b4be-bd748a87b362,Athan: Prayer Times & Al Quran,5,2019-05-08 14:10:45,well developed really well done my brothers and sisters,
8c89a0c4-2bb8-48f0-91c0-167f9bd9d887,Athan: Prayer Times & Al Quran,5,2019-05-04 17:44:32,masha Allah jazakalah my brothers and sisters in islam #Somalisch,
d2cb6e94-7134-47cb-9fa5-8c5f482b0cef,Athan: Prayer Times & Al Quran,4,2019-04-10 00:41:07,There are ads with women who are barely covered. the person who made this app needs to take certain ads down.,
2e4cb408-61f7-4eea-ba2d-a6b7896551ad,Athan: Prayer Times & Al Quran,1,2019-03-21 23:34:38,i am really shocked that u call this application islamic. there are certain adds having pictures of barely covered women with men etc. how will u face allah that you share fasad and deviant pics in the name of religion and follow the footsteps of iblees just for an amount of money.,
b51bd6e2-9fdb-42a8-a86c-2b5ca06fde3a,Athan: Prayer Times & Al Quran,5,2019-03-05 21:18:05,subanallah every prayer then Athan time Allah-O-Akbar...immediately everything forgetting grateful almighty God...given our good deeds go to prayer time get reward from Allah.. Athan sound very grateful this App-highly recommend to all Our Muslim brothers&sisters AMEEN,
46258d01-fcb7-4dec-8f23-f904ec1374d8,Athan: Prayer Times & Al Quran,5,2019-02-27 18:15:18,i love it it make me feel proud to b a born Muslim as i read the posts of new Muslim brothers and sisters,
88afacf7-5992-4686-a2d4-44cdf3ffe3a8,Athan: Prayer Times & Al Quran,5,2019-02-17 01:19:15,thanks a lot to all of my brothers and sisters who give affort to help us.. PEACH BE UPON YOU...,
04b0f875-75c5-4001-8c22-8367127203d6,Athan: Prayer Times & Al Quran,4,2019-01-21 20:16:15,I feel like I am inside a masjid when the Adhaan comes as a women in a country where going to masjid is not our way of life as its neither an Arab one nor the way built in west where women goes often it brings Me bak the memories of doing hajj with my dad and umrah with my son. jazakullah,
62cf8eb2-6773-4ff4-8284-30d0946a8d70,Athan: Prayer Times & Al Quran,4,2019-01-09 21:36:11,needs a more added option for girls.. in the days of menstruation to stop tracking the prayers in these days.,
f37cf42b-120c-4743-806e-ad7a87b12c3a,Athan: Prayer Times & Al Quran,3,2018-12-18 05:45:10,"If developers need funding they could ask it by donation option. Why so many ads? in such app, including Ads option is not appreciable. ( Just imagine the situation, you're reading Al-Quran and all of a sudden, a woman's face pop up in the screen. I'm not against this Ads. But while reading Al-Quran, such Ads puts me in uncomfortable situation.)",
9aa71f08-738f-48d3-a8dc-25542159d3f9,Athan: Prayer Times & Al Quran,3,2018-11-21 19:47:45,"FULL OF ANNOYING ADS. WHY THE DEVELOPER NEEDS MONEY FROM HARAM COMPANIES(LIKE MUSICALLY,TIK TOK, ETC.) THAT PROMOTES SINGING AND DANCING OF WOMEN WITH LITTLE CLOTHING? REMOVE ADS IF YOU REALLY NEEDS ALLAH'S BLESSINGS AND MAKE THIS APP FREE OF ADS AND FREE OF COST.",
66ae5356-4dd8-4599-a5f2-8abb7af88de5,Athan: Prayer Times & Al Quran,5,2018-11-10 06:38:22,Thanks for such a great app..Plz stop the adds coming with..otherwise its a great app..also plz put اعراب properly to exclude the mistskes..,
87f38ba2-ba94-4dbf-9a86-52d6996ac13a,Athan: Prayer Times & Al Quran,1,2018-11-02 21:21:39,"Dear brothers and sisters in islam thank you for building this app it may help may of us to learn about our prayer time, read Quran and so on. However: there something that is really annoying is the countless ads that appears every few seconds which makes it kind of unusable it would be better if it would be ads free or a little bit inexpensive thanks peace be upon you.",
736b6526-0915-42e4-a70b-a4304678b35f,Athan: Prayer Times & Al Quran,5,2018-11-01 00:58:25,Jazakallha to all my brothers and sisters,
55297018-700a-438c-8d01-90fef33bc28e,Athan: Prayer Times & Al Quran,2,2018-10-16 21:07:31,ADS ADS ADS! Why do you create this app? Only to mislead people by sending Annoying Ads(most of them with TikTok like app Ads containing women with little clothing dancing and singing). Stop sending Ads and Stop earning money from Haram companies and make this app free if you really need Allah's blessings.,
542bb290-cb1d-425c-a69e-5c685ad903d7,Athan: Prayer Times & Al Quran,5,2018-09-30 21:34:16,This app has been a blessing for me as a new Muslim woman. Thank you. Allah bless you.,
5fc368e6-383a-46ec-ac27-0e6baabe447e,Athan: Prayer Times & Al Quran,5,2018-09-21 15:01:57,"WoW, I didn't know how I came across with this beautiful app Loved it for the accuracy beautifully designed, Keep it up brother and sisters - Regards and Dua from Adnan Al Jaidi",
4f3c032c-12d8-4306-893b-e03e5cde392d,Athan: Prayer Times & Al Quran,5,2018-09-16 21:06:41,All in one.. very good app I do recommend to all muslim brother n sister. Jazakhallah khair,
1f457280-4ef7-4c41-94bf-47f4b5071bf3,Athan: Prayer Times & Al Quran,5,2018-08-27 10:38:42,"The athan application is very good and a great help for all Muslim brothers & sisters. However, there are still bothersome advertisements that hinders and you still need to add other athans and quran reciters with translators so we all can make our own choices. FREE!!! . Why everytime do we have to pay for each application you put on? You should add all the additionals that are needed and make it into a Pro like other applications with a reasonable price for us all Muslims. Jazakum Allahu Khairan",
65b724d7-796d-4f1e-a840-7f126f834247,Athan: Prayer Times & Al Quran,5,2018-07-25 04:52:00,I am very happy to your app Maasha Allaah Jazaaka Allaah kheer brothers and sisters.,
c67b9fde-11d0-4528-b4bd-9a8a40308a76,Athan: Prayer Times & Al Quran,5,2018-06-29 19:50:41,All muslim brothers and sisters plz think about aqirah plz think about barzaq.......plz think about ur real motive.......if u seriously consider than please download this app....,
b3dce9f3-a35a-4c37-9fe7-4be16ec6285a,Athan: Prayer Times & Al Quran,5,2018-06-26 09:07:57,Excellent easy to use azan app but the excessively heavy advertising is inappropriate. Worst part is when we press the home button to exit but our screen gets stuck on yet another ad! As if the developers hijacked my phone. They better remove the home button ads! Makes me frustrated. Frustrated customers will not fork out cash to you. Especially when you are charging a high fee for ad removal. You are charging too much. Ruining the trial period experience,
5883a429-cf90-4c19-9437-8aaf93316f68,Athan: Prayer Times & Al Quran,4,2018-06-19 07:42:08,I would love to give this app 5 stars if it weren't for the ad with women in inappropriate clothes that keeps popping up when I try to read dua,
ab152bd8-2313-4e6b-b716-13ab9e4d918c,Athan: Prayer Times & Al Quran,5,2018-06-06 23:42:09,The best Islamic companion app. Period.,
5fda69de-c02a-4f83-a5f2-ba8ac5182a82,Athan: Prayer Times & Al Quran,5,2018-05-30 20:28:05,Masha allah ...Perfect app for my muslim brothers and sisters out there,
3fc5bece-777f-43cb-a5c9-afddbc0a07c8,Athan: Prayer Times & Al Quran,5,2018-05-29 00:50:29,SALAH BIN SULTAN BIN HAID,
358c79fa-84bb-4caf-9985-fea493a6160c,Athan: Prayer Times & Al Quran,5,2018-05-27 14:22:38,Very Greatly Full Apps For Everyone's Muslims Brother And Sister,
7abaceda-28af-4b04-ab6e-10de893769b9,Athan: Prayer Times & Al Quran,5,2018-05-22 13:03:46,SubhanAllah this app is perfect for the Muslim women and men and children who uses it,
c803f034-40fb-47bb-8784-eef513eb8ea7,Athan: Prayer Times & Al Quran,5,2018-05-18 22:06:14,السلام عليكم... I love everything about athan app. But I would love if there is a feature like excused days for fasting and prayers for woman .... u,
4cc85e73-aece-4c89-85f9-018bc4724ea1,Athan: Prayer Times & Al Quran,5,2018-05-07 04:35:09,Best app to muslim brothers and sisters,
ea63b682-5c71-42be-853e-cd477dd84621,Athan: Prayer Times & Al Quran,5,2018-05-01 20:01:07,One of the best App to download for Muslims brothers and sisters,
01f2bc5c-a8ac-44c9-a068-cb2e682038d7,Athan: Prayer Times & Al Quran,5,2018-04-25 16:11:52,Best muslim app i have ever installed. Congrats and keep going like this. Brothers and sisters enjoy,
0656f829-08a7-4bc1-868c-39d0849090e0,Athan: Prayer Times & Al Quran,5,2018-02-28 09:22:10,Very excellent app for us brothers and sisters of Islam. Allahu Akbar!,
8ed73db9-0cb2-44cd-a5c0-461efa5d0798,Athan: Prayer Times & Al Quran,5,2018-02-08 16:53:38,"I recommend this app to all my sisters and brothers. I like it, Al-hamdulillah!",
882b38cf-de47-44fa-a005-f2236106b09f,Athan: Prayer Times & Al Quran,5,2018-02-04 02:07:23,Great app! Although the prayer log ia less of a benefit to female without allowing a break where we are deficient in our prayer maa shaa'Allah,
0bfb986f-e156-4cf7-b11e-dae09ce1549e,Athan: Prayer Times & Al Quran,5,2018-01-23 17:44:04,Could you please also make an app how to properly pray for women's please I would very much appreciated also the problem is that directions of quibla is incorrect,
b24cbd68-bb9d-49f3-8dc2-feb2ee845763,Athan: Prayer Times & Al Quran,5,2018-01-18 12:58:35,"awesome, just needs sum more inclusive features like a tick for period days for the ladies n etc",
b182e0d1-f9bd-4f8b-abdc-79099f3b60c3,Athan: Prayer Times & Al Quran,5,2018-01-10 03:22:45,"the only problems is advertisements. I just opened the app to see the adhan time and there was a half dressed woman belly dancing on my face!! I cant pay for an ads free version but shouldnt an adhan app, especially if its this good, be ads free? right now im just thinking of ways to prevent my child from opening the adhan app :(",
c7e43aa1-4628-4e9c-b3a7-8fb39424cfc1,Athan: Prayer Times & Al Quran,5,2018-01-08 18:16:53,I think that the app is really useful for me and Muslims brother and sister,
3b615835-b0cc-46e3-886d-af1be95a39a1,Athan: Prayer Times & Al Quran,5,2018-01-01 18:25:35,JazakAllahu Khairan. This app makes it easier for me to follow through with my daily prayers and reminds me to make dua or read the Quran. Indeed we need a reminder for whatever we do as the distractions of this world are great in number. So keep up the good work brothers and sisters. May Allah help all you in making the app even better so that more of our brothers and sisters can achieve good. May Allah bless you all in this duniya and the next.,
db461e01-59ef-4576-9838-1d7838caaabb,Athan: Prayer Times & Al Quran,4,2017-10-19 23:01:17,"It's good I guess, but maybe a option for women that are not praying. Like a ""pause"" button to stop the athan. That would be cool. Other than that, I really like it",
a104826e-5d72-4701-a552-0181887159f3,Athan: Prayer Times & Al Quran,5,2017-09-29 09:07:25,Now I don't have to leasen to my sister telling what time to pray,
f5228976-279c-4752-85f5-a333dc84a67a,Athan: Prayer Times & Al Quran,5,2017-09-22 09:34:36,"It's cool, I just love the live feature. I recommend this app to my European brothers and sisters in Islam",
aac1187b-2dc4-4037-a99e-75ae54cdcaea,Athan: Prayer Times & Al Quran,4,2017-09-22 07:03:29,Very useful for any Muslim's brothers and sisters,
34eaaf75-8399-4f00-8e59-101cbc0e452d,Athan: Prayer Times & Al Quran,1,2017-09-20 06:32:19,"At first I really appreciated this app but when I would check prayer times there would be ads with naked women. Then, OMG, they sent an article by Anna Anwaar saying being transgender is fine in Islam. Apparently Ms Anwaar is a scholar and going to guide us all. I'm uninstalling this app. Susannah Allah!",
671d2445-faf8-48c4-a089-28f9bc1dd4d3,Athan: Prayer Times & Al Quran,5,2017-09-19 11:37:54,"Brothers and sisters ! I highly do recommend this app. It's different actually.. contains a prayer daily meter, translation and transliteration for duaas and verses. Awesome theme however I don't know how select a specific Moaazen. Regards.",
3475fa4e-d0d5-4e84-bf2c-e76fdb2fd8f6,Athan: Prayer Times & Al Quran,5,2017-08-30 17:16:23,Ma sha Allah . Its an great app for all the Muslim brothers and sister's,
e5b4e101-5974-4b99-9c6a-21d88a04f1da,Athan: Prayer Times & Al Quran,1,2017-08-16 00:03:33,Dont show add with a model or less dress women .,
92cfb6fe-6037-45b4-a0f5-a420a4cf2d32,Athan: Prayer Times & Al Quran,5,2017-08-03 03:15:23,Thank you to the creators of this amazing app! Jazzak. Only downfall is when sister is on her time off salat you can't modify it,
3482b762-d1f8-4283-b86d-de3f9c487a53,Athan: Prayer Times & Al Quran,5,2017-07-11 23:59:40,"Very useful app but one sincere request. Google Ads sometimes show very inappropriate pictures of women which is not in line with the spirit of your app. Please remove uncontrable ads, instead use the paid ads in which content is in your control",
e57cb5ef-b8cf-4356-aeff-a302b7e82cff,Athan: Prayer Times & Al Quran,5,2017-07-06 22:53:42,Masha Allah...I'm so glad another sister showed me this app. I'd be lost without it...May Allah reward you all for all your hard work...Ameen ya Allah,
e6bcc6e3-f328-4054-a50a-76289af74b63,Athan: Prayer Times & Al Quran,5,2017-06-13 22:02:01,This is the best apps for Muslims brother's and sister's for all over the world is the best to use.,
06d30fca-550e-44c0-9a67-f9219a8d25f1,Athan: Prayer Times & Al Quran,4,2017-06-07 16:24:26,This app is great and I really appreciate the messages of encouragement when one lags behind in prayers. The only issue I have with it is that it has no setting for the sisters that are off salah. That way prayers can still be tracked and not recorded as missed. All in all excellent app.,
e1c1c3d4-712b-430c-883b-03d2a0afb4ac,Athan: Prayer Times & Al Quran,5,2017-06-03 01:21:21,Best app for muslim brother and sisters.,
c95a5557-f754-47bd-b888-74903df14894,Athan: Prayer Times & Al Quran,4,2017-05-27 19:30:05,this app is amazing in keeping in track of prayers and fasts but the only downside is that it doesnt include an option for gender as this is a mojor difference...for example when women are on their periods they cant really pray so they end up not ticking off prayers from the list so the app then thinks that you forgot to pray when really we have an excuse....if you can include this tiny feature the app can become wayyy better. please take my words into reccomendation,
095b6b44-1880-4b79-a8fe-63554f5d9385,Athan: Prayer Times & Al Quran,5,2017-05-27 03:23:38,Excellent app for our Muslim brothers and sisters.,
7d2a8f4a-6c30-4fb5-bb32-4d1313c38cc6,Athan: Prayer Times & Al Quran,5,2017-05-25 14:56:22,Great App. My (SWA) reward those who are assisting in this. Thanks brothers and sisters.,
ccb31b42-e2ea-4001-98dd-604890e4ef5c,Athan: Prayer Times & Al Quran,5,2017-04-21 09:53:43,Strongly recommended app for brothers and sisters,
06822526-7726-4380-95b0-2ea13da1e215,Athan: Prayer Times & Al Quran,5,2017-03-28 22:23:43,"Great app, give alert for upcoming pray. Please control un ethicists women add",
de2a8a92-cb59-46ad-b511-5300e3be52ef,Athan: Prayer Times & Al Quran,1,2017-03-13 06:24:19,"Unbelievable - within two minutes of using the app got a full screen ad of a woman in lingerie. I understand the need for adds, but the content needs to be controlled. Absolutely discraceful! Devs need to fix ASAP. Uninstalled.",
e29354a9-e246-43ae-8d3a-51667d357845,Athan: Prayer Times & Al Quran,5,2017-01-28 19:48:10,This app has allowed me to take care of my prayer giving me the prayer timing to a long period of time. It's also great to be able to tick off the prayers you have done. At last I'd like to say that the only thing I had a problem with are the adds. I wish that a solution would be found towards it...,
68c49f08-9561-4a0e-8e1e-9f7863091d68,Athan: Prayer Times & Al Quran,5,2016-12-23 13:07:13,Its a blessing to have a great pray time app like this one. Its always on time. I highly recommend it to all my Muslim brothers and sisters. All Praise be to Allah....,
d86440d1-4d53-43d6-b7c8-799635eb0642,Athan: Prayer Times & Al Quran,4,2016-12-11 14:16:11,Try to stop add as sometimes adds with woman in short clothes pops up which is not acceptable please. Thanks,
7253d559-c135-4469-9490-1754b173efcb,Athan: Prayer Times & Al Quran,5,2016-11-29 07:10:30,As Salaamu alaykum Wa Rahmatuallahi Wa Bakaratu this would be the best for new brothers and sisters,
692b2c2d-25df-4d3e-856e-fb4ce1dded7c,Athan: Prayer Times & Al Quran,5,2016-11-29 06:30:43,It's a magnificent islamic prayer finder. The interface 'n the qibla design simplify the beauty of it. I'd recommend this apps to muslim brothers and sisters!,
5b066f14-f0b5-4e55-bffd-7e595f678317,Athan: Prayer Times & Al Quran,5,2016-10-08 02:04:44,Thank you for the help I'm a new sister thank you,
2ba3c058-7878-47e5-8da6-22dad425b1fa,Athan: Prayer Times & Al Quran,5,2016-10-01 17:20:31,"Salam.Thanks to the organisation for the effort to wake us up n remind us for the important call from Allah. Dear brother n sister,what you have to pay to unlock features or remove ads is not much compare to the benefit you get.Assume that all the money you pay is your zakat n jihad to help others.Why should we count on how much we pay for our ad din,but never complaints paying for expensive things that will never help us at the end of the day.May Allah bless the people behind this amazing application.",
0f86dcd1-c222-48d0-b4c2-b4b0263ae926,Athan: Prayer Times & Al Quran,5,2016-09-24 02:54:17,Best app period keeps me sync with the 5 Salah shukran for such powerful and beautiful app,
19dbabd2-25bb-4940-b728-8461e0eafd03,Athan: Prayer Times & Al Quran,1,2016-03-12 20:20:20,"Please change it back to the old version. I tried to sign up and sign in, but it won't allow me to do that. It doesn't show the time of prayers like before. Undeniably, it is looking more trendy compared to before. But the main reason for an athan application is to show time of prayers instead of having fancy look. Sorry brothers and sisters.",
56d7150e-53a7-41cd-87be-5c958eedff68,Athan: Prayer Times & Al Quran,1,2015-09-15 19:50:42,برنامج تجسس لصالح من؟؟ careful my brothers and sisters this is a spying app,
04385b53-7bfe-460a-a93c-6a93ece8cdca,Athan: Prayer Times & Al Quran,1,2015-06-26 01:27:39,Whoever controls the adds I think is making a special point to make the adds as inappropriate as possible during Ramadan All you see is Naked women at the bottom of your screen. I get that is you have to include advertisement to pay for your site or whatever but plz stop all the gaming and offensive ones!!!,
8efb863e-3de8-4048-b581-d5d4633548dd,Athan: Prayer Times & Al Quran,4,2015-02-12 04:02:02,Have a way to include female praying patterns.,
3ee22781-9f7e-4511-bd6b-0c038609550f,Athan: Prayer Times & Al Quran,5,2015-02-05 14:24:31,It's a really cool and amazing app for muslim sister and brothers.,
50ed1b7e-7bbb-485d-9da2-f50db7e1ce81,Athan: Prayer Times & Al Quran,5,2015-02-04 09:10:55,This will remind all of us brothers and sisters Muslim to pray from Allah .,
7281b9e0-002f-455e-a1dc-c5d784963741,Athan: Prayer Times & Al Quran,4,2014-11-11 17:07:17,Please make an option when the women is on her period to make it so you don't have to log prayers. It would be great. Other then that I love the app. May Allah reward you Ameen,
04c3dbf9-afe0-4972-a012-466a94d2adb4,Athan: Prayer Times & Al Quran,5,2014-10-29 17:28:42,Great app brothers and sisters get it.,
25aee186-197e-474d-949a-858a3c3010b7,Athan: Prayer Times & Al Quran,4,2014-10-10 23:56:57,"Salam. I want to suggest u allow alarm for sum rise . Allow one to set alarm for a period after particular prayer time. This way, one can set alarm for may be 15 to 20 minutes to catch the shuruk prayer. It can also be used to alert on the time of iqama.",
57fde0ea-7dfd-40c8-8bc8-dca65d605771,Athan: Prayer Times & Al Quran,5,2014-06-05 00:59:49,"Dear brothers and sisters, Apps is mashAllah super, please take positive comments for this app, because most negative comments are posted by Jews and nasara.",
af78b50a-f49d-4092-9688-98991305f4f1,Athan: Prayer Times & Al Quran,4,2014-03-09 18:25:20,"Ma sha Allah, this is a really fun app. I wish it had a log for excused prayers. It counts the prayers sisters do not have to pray during our monthly cycles as missed, when they are fully excused. Each month, I lose my gold status because your app penalizes me for something Allah does not. This became so irritating, that I stopped using the Prayer Book. Please fix this issue so that having a uterus is no longer a punitive experience for women who use this app.",
9b1b2d6d-8e7e-4064-a331-edd27e23823e,Athan: Prayer Times & Al Quran,5,2014-02-21 18:36:10,Jizakallahu kher developer. Never leave salah my brothers and sisters. May Allah help us.,
a697fcee-51d1-4abd-815e-6258421d1823,Athan: Prayer Times & Al Quran,5,2014-01-10 17:06:59,A very handy and useful application too. keep it up and thanks for the beneficial effort done to spread out this wonderful must have application for all Muslim brothers and sisters.,
e73ff915-fcdb-421b-88df-49e8ca558858,Athan: Prayer Times & Al Quran,5,2013-11-17 13:21:05,For brothers and sisters trying to keep up with your prayer well this is the best app in doing so...,
426d503d-49b4-4735-9fee-fd9a178e2fa5,Athan: Prayer Times & Al Quran,1,2013-10-21 23:18:21,You give permission to all your phone records. You also give them full access to social media on your device. Muslim brothers and sisters dony be sheep. Find an alternative.,
1331c155-dd18-414e-9606-74531c3ea172,Athan: Prayer Times & Al Quran,5,2013-10-20 01:25:16,Alhamdulillah by De grace Almighty ALLAH dey have given a wonderful app 4 Muslim brothers n sisters,
f5c70c7d-746b-488b-aa5c-c8999d2d2f57,Athan: Prayer Times & Al Quran,3,2013-07-02 11:08:57,I've experienced the same probs where the app just changes my location to Makkah as well as resetting my notification to default Takbeer. Another issue is when it automatically logs out after a period of time and Ihad to sign in my account again which can be really annoying. I hope these can be fixed cause otherwise I really love the features of the app. Thanks. Jkkk.,
930a2c30-5b5a-490e-b937-85c6ef683d2a,Athan: Prayer Times & Al Quran,5,2013-06-15 22:54:05,A great app for Muslim brothers and sisters. Easy to set.,
e4209bda-98a4-4e88-b369-79e23803d17b,Athan: Prayer Times & Al Quran,1,2013-05-12 17:57:09,"Key feature that caught my attention was the online tracking, however does not key you logged in. Makes logging unnecessary tedious. Also according to BBS responsible for over 1000 wake ups over a 8 hour period. SGS2 4.2.2",
b7095c87-cc69-47b7-831a-3c7c10f3a89b,Athan: Prayer Times & Al Quran,4,2013-01-26 03:11:38,AS SALAM ALAIKUM I'M CONCERNED WITH THE PRAYER LOG THERE HAS TO BE A TIME TABLE FOR US TO LOG DIFFERENT THAN MEN Leave it to the one you have women only pray sometimes.,
745498af-1291-4c79-87a0-b6c94dc6fbc3,Deen - Islamic App,4,2026-08-07 14:34:54,"its a great app and is very helpful of keeping tracks of the prayers and helps me stay consistent. It would be really helpful for all the women out there if there is a ""menstruating"" function",
c1c85870-10a5-4304-8148-80b1390e3e3f,Deen - Islamic App,4,2026-08-05 01:50:10,great app....love the interface...but one thing I wud like to ask...can you'll add like period/menstrual mode for women...so tht it doesn't show as missed prayers. it will be very helpful. Jazakallah,
a6629f41-45be-49ad-8d56-246025fde11a,Deen - Islamic App,5,2026-08-03 02:01:54,"MashaAllah, this app is beautiful and has really helped me stay consistent with my salah. One feature I'd love to see is the ability for users to specify whether they're male or female, with an option for women to log menstrual days. This would prevent salah streaks from breaking when prayer isn't obligatory and provide more accurate tracking. It would also be lovely to include hadith or reminders about other acts of worship women can do during this time. JazakAllahu khayran!",
d2cb6f8c-831c-4ceb-a621-02bb97ed4a8b,Deen - Islamic App,5,2026-06-03 08:56:54,Assalamualaikum brothers and sister this is a great app to stay on top of prayers and it gives daily hadiths so each day we gain more knowledge inshaAllah. I give it 5 stars no complaints its great for people who have been Mulism their whole life Alhamdulillah and for recent reverts mashAllah. Learn Quran hadiths track prayers learn all about Islam in one app. I hope u enjoy it just as much inshallah and May Allah SWT bless you all endlessly.,
382e5947-8f24-4408-b483-7eb7f3198279,Deen - Islamic App,5,2026-05-24 17:02:32,"aslaamu alaikum brothers and sisters, i think i found an error in english translation of surah taa-haa verse 124, i think it means difficult life rather than depressed life(if its wrong i apologize for my mistake), thankyou for reading my comment",
f7e815c7-0cda-4095-aeb5-1177a1ce8632,Deen - Islamic App,5,2026-05-20 02:15:52,"Best app for a Muslim, period!",
73bde76d-0e28-46a0-9fa5-2a8e2bd7d422,Deen - Islamic App,5,2026-05-19 09:18:38,"as a revert this is amazing Al Humdallah for the creators and may your day of judgment be free of any faults or anything out of your control , my duas is for all the honourable brothers and sisters , Bismallah to Allah Akrbar and for the creators in the app, Highly recommend just because they give honour to the servants of Allah . thank you , Subhaanna",
c7010665-ef30-43f8-8ed5-e3a754e54fc5,Deen - Islamic App,4,2026-05-18 20:53:42,"honestly great app, I've tried lots of Islamic app but this is the most comprehensive and simplest one; I would like it if it had a woman specific prayer tracking w periods gaps , like some category for tht ? also ability to pin multiple surah for easy access!",
7cd517d9-f10c-4256-888a-0f32fba1cc02,Deen - Islamic App,4,2026-04-19 17:44:04,everything is perfect but I'd appreciate if u added a notes option for the period days for women. so that we can mark them as period days,
c02dc34c-748d-482c-953b-f71376821398,Deen - Islamic App,4,2026-03-05 06:05:33,okay I would like to suggest something. as women we have periods 4 to 5 days a month. this breaks the strike rate. if there was something though which we can mark that it's those days and prayer tracker would omit those salat not prayed would be helpful.,
adbe5b03-4550-4900-91c0-db83673beca7,Deen - Islamic App,5,2026-03-05 03:25:09,"Amazing app, been using it for a while, and will probably never stop! One feature that would be awesome would be if women could input when they're in their menstrual cycle so the prayer tracker doesn't count those days for totals.",
62047f90-53d4-42fe-89d9-449018e78dae,Deen - Islamic App,4,2026-02-21 11:46:13,"Hello! I would appreciate it if you could add: 1. A feature for women who are menstruating, so we can use it to track our fasting and prayer schedules. 2. I would also like the option to add the types of prayers or fasts that we want to track, in addition to the obligatory ones. 3. Add a section for dzikr, such as morning and evening dzikr, after obligatory prayers, before sleeping, etc. 4. Lastly, I would like to see upcoming sunnah fasts in the Hijri calendar.",
f7acd2d3-d96c-418f-abca-c012303bb4e9,Deen - Islamic App,5,2026-02-04 18:18:11,Inshallah try the app. Been searching for days for the perfect app. This helps a lot. Thank you to the brothers and sisters on the design team,
1d7e4af5-b793-471b-8ee2-b3eb2769b539,Deen - Islamic App,5,2025-12-16 16:09:22,this app is so good i was finding a good app for my daily dikr and prayer and all other stuffs and finally i found this app tnx to the man/women who create this MAY ALLAH BLESS U WITH EVERYTHING,
c577236d-a5f6-4ee4-a9a4-7f9b89577f98,Deen - Islamic App,3,2025-12-05 16:00:26,"Everything is perfect ,it would have been much better if the prayer tracker was optimised according to a period tracker so that there will be accuracy in prayer tracking. It would alsonhave been better if the quran included more deyailed explanation of the verse and its virtue rather than just translation.",
0b855a08-e84f-49d1-85a0-c45531b31513,Deen - Islamic App,5,2025-10-13 19:06:39,This app is insightful and friendly. 100% recommended for all Muslim men & women of all ages.,
4b22e161-3dd5-4c9a-8193-f90c1f85edae,Deen - Islamic App,5,2025-08-23 05:52:12,"Best Prayer App Period! user-friendly, interface and design is on point and the best part, no ads",
45a9d328-9b97-45c5-87ab-94501ecf296a,Deen - Islamic App,5,2025-08-13 00:26:51,best app download it my brother's and sisters,
60c485b5-ec38-4c4d-8a25-14c4c795e480,Deen - Islamic App,5,2025-07-16 12:15:20,It's awesome and great for Muslim brothers and sisters! It makes u a perfect momin!,
592b0ddc-0a4c-485d-a224-c1babd956afb,Deen - Islamic App,5,2025-07-15 19:25:52,"I’ve been using the DEEN Islamic App since 22nd September 2022, and I’m truly satisfied. Alhamdulillah! It has so many helpful features to stay connected with my faith every day. I feel so proud that my talented brothers and sisters from BRAC University made this app and I really appreciate their brilliant idea and hard work. I love this app and highly recommend it. May it reach more people and bless its creators!",
56de603f-4d7e-43d9-bfe0-2cbbc06fe44a,Deen - Islamic App,5,2025-07-07 21:19:01,The Best Muslim App that I've ever encountered I do recommend my Muslim brothers and sisters to download it because it's worthy,
c10117c6-070c-4d7d-817a-2f93cfe63bca,Deen - Islamic App,5,2025-07-05 17:41:12,"Assalamu alaikum my respected brothers and sisters. This app has helped me so well to track my salah to read quran and to learn new things from it,its an app that all muslims need in there phone. In my opinion this app helped me a lot and i will continue using it in sha allah. My brothers and sisters you can trust the app without any doubt. May allah bless you my brother and sisters.",
1fa28d36-5853-46f0-a285-87f709ce9566,Deen - Islamic App,5,2025-05-04 00:51:52,This app is so good my brother and sisters. you can use that for make your Iman stronger . mashallah,
de734965-cf0a-4767-809d-21f519cfa0c1,Deen - Islamic App,4,2025-04-19 06:28:07,"great, however there're a few things to be done. like tasbihs. why dont u let us save what we are reading daily. also, why don't you include arabic in the languages. how about also a way of inputing menstruation for women",
9c26b608-ce72-4b83-b5de-d6ad6f58d0c6,Deen - Islamic App,4,2025-03-30 04:07:00,"I really enjoy using this app. It's very comprehensive and I enjoy reading the daily hadith and duas. However, I would really appreciate a function where I could put in my period dates so that my percentages are more accurate.",
8b641abf-9f33-46fd-99f8-e01c21c6b0b0,Deen - Islamic App,5,2025-03-10 17:17:00,"This is hands down the best Islamic app I’ve ever used! The design is simple and beautiful, everything is easy to find, and it has everything I need—from Quran recitation to daily duas. No ads, no distractions, just pure value. It genuinely helps me stay connected with my deen every day.I highly recommend all my Muslim brothers and sisters to donate and support its growth. Huge respect to the developers for making something so useful. May Allah bless you all!""",
69539215-199f-4c14-ac4e-1050a94ede98,Deen - Islamic App,5,2025-03-06 05:44:23,Assalamu Alaikum. Deen is a very good and helpful app for muslim brothers and sisters. Still the app is working very fine. Hope to see new features. May Allah bless the developers for their contribution.,
fe92149f-a03e-42ea-9ea8-ec6ee0331a2f,Deen - Islamic App,5,2025-03-03 07:56:59,"""Alhamdulillah! Deen Muslim App is a blessing for every Muslim around the world. This app is not just an app — it's a complete Islamic guide in your pocket. From Quran and Hadith to daily Duas, prayer times, and Islamic reminders, everything is perfectly organized in one place May Allah reward the developers for this amazing effort. I highly recommend every Muslim brother and sister to install this app. 5 stars are not enough for this gem!"" #DeenMuslimApp #IslamicApp #MustHaveForMuslims",
45b09a79-13a7-4290-8236-45bdcc9801f7,Deen - Islamic App,4,2025-03-02 14:01:24,"Great app, but currently, women are unable to log excused prayers, as they are marked as missed. I kindly request prioritizing the implementation of this feature. It would be very beneficial to differentiate prayer logs into categories such as 'On-time,' 'Late,' 'Excused,' and 'Missed' for better tracking and organization",
b16de2dd-6efb-4e4a-9810-6a3ad155c975,Deen - Islamic App,5,2024-12-31 16:36:31,Best app for muslims brother and sister btw I'm from Phillipines,
28d163d7-e467-40a3-a730-eb059ed60a28,Deen - Islamic App,5,2024-12-22 23:27:01,"Best application for you, my muslim brothers and sisters.",
c93192a0-189d-4cbe-879b-8fcf43220b9f,Deen - Islamic App,5,2024-08-20 01:02:05,Outstanding application this app are very beneficial for all muslim brother and sister this app give us a lots of knowledge about islam .... I love it,
f81ad52a-10c5-4152-b531-1be76d0a5f40,Deen - Islamic App,5,2023-09-13 20:53:00,The best App ever. Period,
2826482d-7809-43c5-8b4b-81556b9c1cda,Deen - Islamic App,5,2023-04-14 19:51:01,Assalamualaikum brothers and sisters. This is one of the most useful apps for muslims. Easy to use and bug free as well. Aslo this app comes with a lot of features that will enhance your knowledge for Islam. I highly recommend it,
619d779e-e628-496a-8f01-a44d75bf9fa6,Deen - Islamic App,5,2023-03-28 19:10:43,Proud to be a BracU student and see my fellow classmates develop such an amazing app for my Muslim brothers and sisters.,
4a17dc47-8542-44bc-a50c-c086d1c8e89c,Deen - Islamic App,5,2023-03-27 17:27:43,"This is the best Islamic app i have seen ever. What does it mean you will get all about Islamic Information, prayer times and much more.. Frankly I like a lot. I will recommend all Muslim brothers and sisters to use this app.",
a7e1f694-d864-42a4-8499-3ffdf1688b46,Deen - Islamic App,5,2023-03-27 17:09:19,"I am using this app from the second update got released. I got so much benefits. It's a very helpful app for a muslim brother/sister. I have a suggestion. It will be more better if you add adan reminder. And add more setting option. Like Notification setting, sound setting. And mostly adaan for every prayer time. And at last. I will recommend it to all my brothers and sisters who is looking for a perfect and all in one islamic app. I am so satisfied with this app so I'm giving it 5 stars rating.",
ec6c14e6-d42b-47f0-b4b8-a172ab5a0bd7,Deen - Islamic App,5,2023-03-24 23:34:09,I can describe this in one word 'Mash Allah'. Brilliant app made by our fellow brothers /sisters. Keep reviving the ummah. Allah hafez. Assalamualaikum and Ramadan Mubarak.,
8743fff5-34ce-4719-ae5f-c33508ec5233,Deen - Islamic App,5,2022-05-14 23:39:44,This is a fantastic app. I must recommend this app to all my Muslim brothers and sisters.,
fbaa0a5f-9509-4a19-9f87-6c0cab8934df,Deen - Islamic App,4,2022-05-07 14:10:49,"Loved the app! It has everything, Developers can consider integrating the righteous way of performing salat. Maybe a step by step guide with images or short videos for both men & women do the work.",
7273d570-6c55-47c3-965a-b27290a37e71,Deen - Islamic App,5,2022-04-21 23:50:07,"Take love,brother and sister for this apps.and my allah give you best gift inshallah",
7cde7b0f-d5f5-4e91-bf07-aac18ef62851,Deen - Islamic App,5,2022-04-13 12:10:11,Masha-Allah Best app for my all muslims brothers & sisters.,
46bfd933-8e87-4faf-b39b-0b1fa56148c2,Deen - Islamic App,5,2022-04-13 00:42:39,Masha Allah. Great app for the muslim brothers and sisters. Its free and also there is no ads in this apps. Jazak Allah Khair,
d7823868-39ec-4ac6-95a6-c5a26c7e8236,Deen - Islamic App,5,2022-04-12 12:25:24,"Great job done, brother & sister",
90e31901-8112-479c-b434-9b88542db768,Deen - Islamic App,5,2022-01-11 10:31:36,I am the developer of this app and writing as a user. It's difficult. But I must say the app is amazing. It's improving me to be a better muslim. It made me disciplined in prayers with it’s advance notifications. InShaAllah you all my brothers and sisters will love it.,
5557e0f7-fb12-4542-b891-7515d17d4cc6,Deen - Islamic App,5,2021-04-27 20:45:01,Such a helpful app for Ramadan period. App is very responsive and ui is awesome.,
6bc02cdd-5a84-4358-a164-1c9ab64d2fd0,Deen - Islamic App,5,2021-04-25 17:02:06,Well done brother and sister. Take love I was searching of this kinda app to improve myself,
839b94ed-4cb5-4cde-8ad0-bb6848cb4ac2,Deen - Islamic App,5,2021-04-25 12:19:27,Good initiative brother and sister,
b209494c-556f-4965-9249-428feaf38150,Everyday Muslim - Pray tracker,5,2024-05-17 17:37:27,As-Salamu Aliakum in the Name of Allah the most High the most Beneficial Lord of the universe to whom all praise is truly forever due. I just wanted to say thanks for the Daily prayers and being able to challenge myself because I need this I know with the help of all of our brothers and sisters we can continue to do better through the Grace and glory of Allah Aimee,
e1b9629e-3cc9-44eb-ab49-a0a85792ed12,Everyday Muslim - Pray tracker,5,2024-03-26 03:26:05,It's free no ads it's easy to understand it allows you to pick if you want your period to just write your phone when it tells you or loud beeps or say over and over again and I think it's a good app,
48b80064-acf9-40a0-83ac-083e019aa232,Everyday Muslim - Pray tracker,5,2024-03-13 10:10:13,Excellent app. Doesn't have an option to choose between male and female though,
27ff79f1-c11c-4cc0-81a8-2adf2c3763ba,Everyday Muslim - Pray tracker,5,2023-07-15 04:39:08,"Thank u for not having any ads. Love this app loads, it made me prayer everyday(finally!) I have no way to remove""recently read"" and so everytime I open a new read, it just remains there. I get confused by so many opens. Please add female cycle option to the prayer tracking as its cructial. Allah almighty gave us women this break and it would be awesome to track it as someone who just started to pray and working hard on the challenge. Thank u",
e2517360-cd92-4637-9318-50a028049c1a,Everyday Muslim - Pray tracker,5,2023-05-24 09:48:42,Assalamu'alaikum warahmatullahi wabarakatuh my beloved brothers and dearest sisters in Islam. Highly recommend this app. Encourage and share this to ALL and strengthen our Ummah. May Allah grant us ease. Aameen,
714cb99a-f185-4c8f-94e8-312b1faf4f4d,IslamApp: Prayer times & Athan,5,2026-03-03 05:54:41,Habibi Jazallah my dear brothers and sisters who created this app truly may Allah bless you with the very best in this life and the next inshallah,
7910ee75-0884-48b2-941b-84852fb63e8d,IslamApp: Prayer times & Athan,5,2025-02-14 18:42:13,Great App for All muslim Brothers and Sisters,
59c6a87e-1561-4d2c-9013-9a8c8542141d,IslamApp: Prayer times & Athan,5,2024-11-15 04:08:40,"I like this,because it doesn't have ads.its just tell the time to pray period.which is perfect for me. love the app.may SWT reward those that created this app abundantly.Jazak Allah kheir!.",
19217fe4-3fd6-42f8-b763-57b751df392b,Islamic Habit Tracker,3,2026-06-07 05:18:13,Unfortunately too many ads and without a trial period.,
2b5390da-f351-43ea-b843-825ca3be5174,Islamic Habit Tracker,5,2025-02-26 16:51:30,"Excellanté! This game is absolutely Excellent. It helps Muslim Brothers and Sisters to learn the Quran, Track their habits, track their prayers, get encouraged to do good, do tasbeeh, etc.",
65e7b386-d541-4add-8e10-63943d91b9a6,Islamic Habit Tracker,5,2024-12-31 08:05:12,"The app is so good, wonderful even. Everything in one. I have a suggestion, what if you added an option for women to habit tracking? Muslim sisters (including me) have a secluded time of the month and they can not pray or recite at that time and by doing so we could've saved their streak. Overall, the app is perfect",
ee9c1959-5be2-45b7-b651-69259b95a230,Muslim Bangla Quran Hadith Dua,5,2026-08-06 20:49:50,"Alhamdulillah this is a very nice app, for every Muslim brother and sister. Especially those of us who speak Bengali. I am getting very good benefits every day. You will get everything in one app.",
b07cc619-f3ca-4d27-8efb-1fea3f43fa5e,Muslim Bangla Quran Hadith Dua,5,2026-07-07 18:25:34,"This is a great Islamic app which is helpful for both muslim male and female,it is highly recommended. It has a good number of options and many of them comes with recitation such as 'Asmaul Husna (99 names of Allah)'. On top of that, it has options to donate. It can also be used to keep names for children,arabic calander. The most important feature that I personally like is the prayer timing as it's very accurate and it can also give azan which really helps in praying salah in the right time.",
2e22c73d-d63d-48d5-a883-171cf7ed1066,Muslim Bangla Quran Hadith Dua,5,2026-06-29 16:49:22,"MashaAllah this is a very helpful app, I recommend this app to every Muslim brother and sister. I hope, InshaAllah no one will be disappointed.",
3f6bcb3e-fc84-4756-84ca-8902b38a7c57,Muslim Bangla Quran Hadith Dua,5,2026-03-19 18:38:50,Alhamdulillah..... very helpful app for Muslim brothers and sisters.,
18c6569c-78e1-45b4-99e0-fd9d5d4b9541,Muslim Bangla Quran Hadith Dua,5,2026-03-06 03:14:27,সবগুলো অবশন ঠিক আছে। অনেক উপকারী এপ। শুধু মাত্র বিবাহ সফটওয়্যারটিতে কিছু কারসাজি করা হচ্ছে এক ধরনের প্রতারণা কারণ এতগুলো অনুরোধ পাঠানোর পর ও একটা অনুরোধ ও গ্ৰহণ করা হয় না কারণ মাসিক 1000 টাকা সাপোর্ট চার্জ নেওয়ার জন্য অনুরোধ গুলো নিষ্ক্রিয় করে ফেলে রাখা হচ্ছে।,
9c54a5de-7b33-404a-93cb-4f1ea190bea1,Muslim Bangla Quran Hadith Dua,5,2026-03-05 04:54:05,"Outstanding App for Every Muslim! This Muslim app is truly one of the best applications I have ever used. It is not just an app, but a complete daily companion for every Muslim. I sincerely recommend it to all brothers and sisters around the world. It has made my daily religious practices easier, more organized, and more meaningful. First of all, the prayer time feature is very accurate and reliable. The adhan notifications are clear and help me never miss my salah, even when I am busy.",
0480311f-cecf-4520-8079-f25d832fc1e3,Muslim Bangla Quran Hadith Dua,5,2026-03-01 16:09:10,"This is a very good app that is extremely beneficial for us Muslims. I am very happy to use it, and I would like to tell all my Muslim brothers and sisters to use it. I hope everyone will benefit from it.",
fd2958b2-d6f1-4636-92ad-045898c6c451,Muslim Bangla Quran Hadith Dua,5,2026-01-20 21:23:53,"Assalamualaikum wa rahmatullah Ma Sha Allah This app is really useful and its idea of providing knowledge, practice and service is very useful. The thing I personally like the most about this app is its book option.This is really amazing. Apart from that, prayer times, Arabic Hijri calendar, dhikr, Islamic discussions are also very useful. And yes, some other things like quizzes and question options are also great. And I want to thank my sister who suggested this app to me. Jazakillahu Khaira",
dd3fa36d-e812-418c-a847-34b25dfc6f3c,Muslim Bangla Quran Hadith Dua,5,2026-01-06 06:54:03,"Alhamdulillah, this apps is very helpful for a man or woman to be a perfect muslim",
6589a9e1-1cdc-421f-add1-28f9f05a7b79,Muslim Bangla Quran Hadith Dua,5,2025-12-01 02:28:59,Best app for a Muslim brother/sister Allahumma Barik,
13265f44-38d5-4428-9bb2-1e157524ea6b,Muslim Bangla Quran Hadith Dua,5,2025-11-28 15:27:22,"It has been a fantastic application for all muslims. I think all our brothers and sisters must keep this in their phone. It offers great service wrt the Prayer timings based on our locations, recite Qur'an Majid, read hadiths and important Fiq related queries etc. May Allah give eternal reward to those who have developed and put it to service and still running it successfully for the service of the Ummah.",
d963e89d-26b3-45b7-b66d-38ddec207fc6,Muslim Bangla Quran Hadith Dua,5,2025-11-04 20:17:14,"The app is excellent and helps in easily accessing Islamic teachings, Quran-Hadith, prayer times, and duas. Very user-friendly. A perfect app for all Muslim brothers and sisters.An amazing app for learning Islamic knowledge and daily practices. Beautiful design and reliable content. May Allah reward you abundantly. JazakAllahu Khairan!",
dbcdad33-f817-4137-bae5-15750ef99e93,Muslim Bangla Quran Hadith Dua,5,2025-11-03 17:26:46,"Mashallah, Its a Very Authentic App For Muslim Brother and Sister!",
48d3fec6-a957-4164-bfba-253894fc2879,Muslim Bangla Quran Hadith Dua,5,2025-08-07 13:52:25,"*""The app is excellent and helps in easily accessing Islamic teachings, Quran-Hadith, prayer times, and duas. Very user-friendly. A perfect app for all Muslim brothers and sisters. ""* *""An amazing app for learning Islamic knowledge and daily practices. Beautiful design and reliable content. May Allah reward you abundantly. "" *— JazakAllahu Khairan!*",
21563d12-892d-47a1-9622-ed2591e325f2,Muslim Bangla Quran Hadith Dua,5,2025-08-02 18:17:08,"Since our country Bangladesh is a Muslim country, and for this Muslim country, such an app is a very important app for every Muslim man and woman, especially for those who are interested in learning the religion and those who are interested in knowing and understanding Islam, there are many things here that are suitable for a Muslim as a religious app.",
136e65f1-e1dc-4716-be0e-5c1bd7e4b60d,Muslim Bangla Quran Hadith Dua,5,2025-07-30 13:28:24,"The path to life is narrow, so he has to widen it so he has to do it with brick, sand, rod, cement, not his deeds and faith. الحمد لله ... R This adaptisal Muslim brothers and sisters are very helpful. Whether it is a general or scholar, one is the favorite app of all. Thanks ... Muslim app managers. جزاك الله خيرا .. May Allah Ta'ala accept your religious service.",
5d77ac9d-a11e-4aeb-a225-c0d7301c9221,Muslim Bangla Quran Hadith Dua,5,2025-05-17 12:03:51,This is a very beautiful Islamic app. I can learn and understand a lot from this app. Every Muslim man and woman must have this app on their Android phone.,
73221ead-206e-4514-8c58-b51111aec911,Muslim Bangla Quran Hadith Dua,5,2025-03-21 01:29:51,Wonderful Apps for the Muslim brothers and sisters,
fb165fa0-e496-453a-8480-1765aed2cdf8,Muslim Bangla Quran Hadith Dua,5,2025-03-14 11:45:49,Wonder full app Join with us all Muslim brothers and sisters. I believe life will be change with Allah SWT Rahmot.,
6bff2211-53f9-4fdd-ae1b-1085129417dd,Muslim Bangla Quran Hadith Dua,5,2025-03-02 05:58:14,"Excellent Islamic App! Muslim Bangla is an amazing app! It includes the Quran, Hadith, prayer times, duas, tasbih, and many other essential Islamic resources. The user interface is simple and beautiful, making it easy for anyone to use. I especially love the offline Quran reading feature and the Adhan notification. There are very few ads, so the experience is smooth and hassle-free. This app is a must-have for all Muslim brothers and sisters. May Allah bless the developers for their great",
40f61b00-c088-4955-af10-f14a7a7e3b8b,Muslim Bangla Quran Hadith Dua,5,2025-02-08 22:22:36,It’s really a good app which has many useful features.. Every Muslim man or women should try this,
a9659bf7-28bd-4ea7-9a2a-1ff75a5905dd,Muslim Bangla Quran Hadith Dua,5,2024-12-31 11:41:42,"In a word, Muslim Bangla is an Amazing App. Their Ui is very user-friendly and very, very helpful for the Bengali Muslims. This app will help you to practice Islam easily and can be very beneficial for you. So, I would highly recommend my every bengali Muslim brother and sister to download the app to practice Islam smoothly. 5",
5dd69341-b95f-49f2-8c2d-4b7dbfc2d214,Muslim Bangla Quran Hadith Dua,5,2024-07-05 23:59:02,"Great apps , I recommend to all of my Muslim brothers and sisters to use this app.",
824fe36a-c18e-4f44-8835-aeefec2092d5,Muslim Bangla Quran Hadith Dua,5,2024-06-05 21:05:13,Alhamdulillah..Best app for a Muslim man or woman..,
160c4c73-8314-4795-a150-3324edaa70b8,Muslim Bangla Quran Hadith Dua,5,2024-03-12 11:14:26,Best app for any Muslim brother and sister for knowing anything about Islam religion,
a5065c1d-9f62-4246-90e3-47d182d00a21,Muslim Bangla Quran Hadith Dua,5,2024-02-26 18:46:48,"Alhamdulillah, so many features in just one app. This app is surely going to help a lot o brothers and sisters. Keep up the good work.",
00b9ad1f-57c1-45fc-9c09-e74f2da96978,Muslim Bangla Quran Hadith Dua,5,2024-01-02 15:52:56,Wonderful app for muslim brothers and sisters to know details about islamic rules and supplications. Strongly recommended,
09088590-e43d-4d0e-8da1-1f7e4fb7a329,Muslim Bangla Quran Hadith Dua,5,2023-12-15 16:46:31,Very good app. A helpful app for Muslims. Alhamdulillah Muslim brothers and sisters are requested to use this app.,
ac37d5a3-7dfe-4dc2-b19c-d0850fb8ce5d,Muslim Bangla Quran Hadith Dua,5,2023-12-13 23:18:06,This is very very useful app for Muslim men and women.,
14378ef9-9011-4475-96fe-02b0ab61edb6,Muslim Bangla Quran Hadith Dua,5,2023-09-30 12:16:30,This is a best apps and important apps for all Muslim men and women.,
03d8ec29-cef8-466f-9659-b8851944568f,Muslim Bangla Quran Hadith Dua,5,2023-08-20 12:59:24,Alhamdulillah I found this app through a sister!! This app is very useful and It's features are amazing and easy to use! Will recommend everyone to use this app!!,
ee34da89-5c0d-4146-95fb-8b5b0efcd20a,Muslim Bangla Quran Hadith Dua,5,2023-08-09 00:05:02,Very helpful and smart app for all Muslim brother and sister.,
f47e9014-ea03-401a-9d37-9f68a697b396,Muslim Bangla Quran Hadith Dua,4,2023-08-06 17:48:00,It is very helpful for religious brothers and sisters. I would like to request the authorities to make it more interesting - thank you,
088d0b24-33b2-4a46-a4ce-19ed9eba6870,Muslim Bangla Quran Hadith Dua,5,2023-05-03 08:19:44,"It is an excellent app.All Muslim brothers and Sisters will get a very clear guidence about daily performance of his prayers, Nafal & sunnat amal,In one word it is an essential app for every religious muslims.",
42fc4b86-d922-48d2-a255-e858b0f22499,Muslim Bangla Quran Hadith Dua,5,2023-03-11 13:19:07,very good apps for Muslims brothers and Sisters,
3467b37b-3601-4659-a910-8f3717fabed8,Muslim Bangla Quran Hadith Dua,5,2022-12-13 18:07:07,Alhamdulillah.. One of the best app for any Muslim brothers and Sisters.,
c4e4280e-dcbd-4481-98bc-a44c9b5241a1,Muslim Bangla Quran Hadith Dua,5,2022-08-17 19:38:30,Very helpful apps for man and women.,
e9512682-b133-4653-8e02-2762d4e4e022,Muslim Bangla Quran Hadith Dua,5,2022-05-26 16:39:55,Greatest app for muslim brothers and sisters,
0b5800dc-cbfc-4bae-bedc-1e7e5cb29891,Muslim Bangla Quran Hadith Dua,5,2022-04-02 23:19:56,This is really helpful app for every muslim brother and sisters. We should support them and help them to create more app like that. Thanks to admin,
7c81dcc8-7ef8-42b1-90be-85cace8a4706,Muslim Bangla Quran Hadith Dua,5,2021-12-06 07:09:46,So nice and useful app for BD Muslims. I recommend all of my Muslim brothers and sisters to download this app.,
06255678-eea4-47bb-84e4-381f969dc1a5,Muslim Bangla Quran Hadith Dua,5,2021-11-20 12:48:28,"Your app is nice, helpful and useful. It highly usable for your users. Highly recommended for all Muslims brothers and sisters. Always clears any doubt of belief when needed.",
895accf8-f346-427e-b95a-b96021523713,Muslim Bangla Quran Hadith Dua,5,2021-11-06 18:59:57,Ma sha Allah! Its verry Helpful for every Muslim brothers & sisters Also a soft reminder May Allah give Their Ahsanal Jaza Allahumma amin,
2b6ca140-95d2-4bc4-b205-b4eb5be05810,Muslim Bangla Quran Hadith Dua,5,2021-10-11 04:15:48,"Masa allah, it's really a helpful app for every muslim brother and sister.",
8140a3d5-f5a0-48b5-b334-51ca37a61ab9,Muslim Bangla Quran Hadith Dua,5,2021-09-28 17:07:58,It's a great for all bangali Muslim brothers and sisters %,
93c0a209-90e3-41ac-b7d9-f73c5bafdb9a,Muslim Bangla Quran Hadith Dua,5,2021-09-19 13:49:13,It’s a very important app for every muslim brother's and sister's.. Thank you very much I will share it with my friend's.,
f8987b65-9993-490f-ac09-a837a71431e9,Muslim Bangla Quran Hadith Dua,5,2021-08-01 22:58:55,I think it's An excellent app for any of my Muslim brothers and sisters. Almost all kind of needy things are included in there. May Allah give them more prosper to them and the app. Amin,
9cf93cb2-1576-404c-b561-605df29d3a67,Muslim Bangla Quran Hadith Dua,5,2021-07-26 00:43:11,Wow! Amazing app. Zajakumullahu Khairan all the brothers and sisters who are developing or financing this app.,
2b58840a-91ae-4df1-9eb4-fdab95c15c98,Muslim Bangla Quran Hadith Dua,5,2021-07-21 18:32:19,"This apps is very much helpful for Muslim brothers and sisters, Everyone should try it.",
80700fe3-c65a-4f31-bde7-1dcda8271c7e,Muslim Bangla Quran Hadith Dua,5,2021-06-20 14:57:13,It's so helpful for me and my family. This app is too much useful for women.,
e0e606f2-3fa1-4083-a492-a6be4e99b7a2,Muslim Bangla Quran Hadith Dua,4,2021-04-01 19:28:37,It is very much useful for every muslim brothers & Sisters.,
30c7886b-ffab-4a97-9010-a071b8e96e15,Muslim Bangla Quran Hadith Dua,1,2020-10-06 06:07:16,it was my fev app but now they add advirtise.itz sin totally sin.when i read holy Quran that time also come beparda woman advertise.itz clear u need only money whatever in haram way,
c39523cd-675d-4c0a-9394-29502ac75b26,Muslim Bangla Quran Hadith Dua,5,2017-03-07 12:12:28,"To know the time table of prayer,it is wonderful software ever in the world. Muslim man and woman should download this. BUT I need a workful copass for কেবলা।please anyone give me.",
14184d2d-50c8-4155-9541-fdc698a90aac,Muslim Bangla Quran Hadith Dua,5,2016-03-20 14:08:21,Very important app. Appreciate. Every Muslim male and female residing in Bangladesh should install this app. Thanks to the developers.,
653b77b4-8ae7-4a7f-a10f-e720fc7cb89d,"Muslim: Prayer, Qibla Finder",1,2026-01-02 15:20:05,How can allow women dancing and calling for sex adds on your application. This is not normal.,
b02b9e79-aea1-474f-94a0-96340a737d16,"Muslim: Prayer, Qibla Finder",5,2025-03-14 19:41:10,"Asalam aleikum warahmatullah wabarakatu dear brothers and sisters in Islam. The app has performed to expectations,so far. No complaints. Would appreciate if we could change the Dua/adhkar from Turkiye translation to English or any preferred language of choice. That's all. Wabillahi tawfiq. Saum makbul fellow Muslims.",
9a0c4ca5-6ecf-481c-ae66-fa59ea58fb49,"Muslim: Prayer, Qibla Finder",5,2025-02-11 09:56:33,"very nice app for Muslim brothers and sisters, we are prouding that we are ready for Islam.",
c1d3bc58-19d5-46a4-bd14-c6c6ba8ed337,"Muslim: Prayer, Qibla Finder",1,2025-01-09 20:45:13,This is very interested app that i have't see before because it very highly relaible loveable and also it very meaningful to me as muslim who does't know the perfect time for solat and period for islamic month before,
a907ed7f-9031-432f-aa53-a42c5db6180b,"Muslim: Prayer, Qibla Finder",5,2024-11-28 18:09:26,So much useful as a Muslim brothers and sisters we appreciate you much,
f1d3aebe-d2c4-4e2a-bfe8-a41f8e643718,"Muslim: Prayer, Qibla Finder",5,2024-06-24 18:29:56,One of the best app for muslims brother and sister,
50f49593-46d3-49ec-8f96-b0a58985c27a,Muslim Pro: Quran Athan Prayer,1,2026-08-03 00:04:17,"I would like to report an inappropriate advertisement being displayed in the Muslim Pro app. The ad contains images of women wearing revealing clothing, which I find unsuitable for this type of platform. Muslim Pro is an app used for religious purposes, and many users, including children, may open it in sensitive and respectful environments such as mosques or during prayer times. Showing such advertisements in a faith-based app is inappropriate and does not align with the values and expectation",
8a5878bb-1b5c-490d-8459-f71dada1ef60,Muslim Pro: Quran Athan Prayer,5,2026-07-31 23:34:42,"This is a very nice app my Muslim brothers and sisters, please download now",
9b1f0d37-d254-4e99-82f3-a2e3c6da0a1e,Muslim Pro: Quran Athan Prayer,5,2026-07-31 10:00:15,"Salamualeikum my Muslim brothers and sisters, I'm loving this app already and I just got it. Hoping on Allah to be able to continue with the premium subscription In Sha Allah . Great App!",
59d1376f-f8d8-4ed7-b9e0-4ff455e6cbba,Muslim Pro: Quran Athan Prayer,1,2026-07-24 20:22:02,"Being an Islamic App, this App forces its users to watch a lot of ads with half naked women in them.",
006a3fc6-a4c3-4abb-b78c-9991086c49b6,Muslim Pro: Quran Athan Prayer,5,2026-07-10 13:52:37,A great app for all Muslim brothers and sisters mashallah....,
59ee4b60-84a7-42ec-8d81-505d9cd7b4c6,Muslim Pro: Quran Athan Prayer,5,2026-07-01 09:00:53,"Assalamu aleikum warahmatulahi wabarakatuh, dear brothers and sisters; Alhamdhulillah , we are thankful to Allah S.W, and obey him alone, we love the prophet Muhammad S.A.W as our role mode and prophet , Bismillahi Rahman_Rahim!!! the app MashaAllah it good for me and my family Alhamdhulillah , we try to catch up with Quran and prayer for my family , they catch up with quran but when it comes to prayer I don't understand like fajr prayer the app make an adhaan but it don't make the next adhaan",
7d7ba4eb-9922-44b4-b46c-52605f28fee4,Muslim Pro: Quran Athan Prayer,5,2026-07-01 08:51:14,"to all of my Muslim brothers and sisters, please download this app for prayer time and Ayat versus and more, Insha Allah",
891c8460-9164-42da-8df6-e8c550670558,Muslim Pro: Quran Athan Prayer,5,2026-06-14 16:52:05,Thanks for this beautiful App But Khatam History since 2019 till Date has been wiped off due to Latest Updates .. I used the history as inspiration to my Fellow Muslim Brothers a Sisters in Reciting The Holy Qur'an!,
e7d87c90-45fb-4cab-a15c-9c1bec8ae4da,Muslim Pro: Quran Athan Prayer,5,2026-06-10 03:22:32,Very good and essential for muslim brothers and sisters,
37965a54-fa53-4158-8a9b-0c2a1ebe4530,Muslim Pro: Quran Athan Prayer,5,2026-06-04 04:28:47,It is a very helpful religious application. Many thanks to you all brothers and sisters behind the wonderful and rewarding acts.,
8173b763-62c9-436c-9742-e0fe79a079f0,Muslim Pro: Quran Athan Prayer,1,2026-06-02 06:44:27,"The app is supposed to be a Muslim friendly app, hence the name. Surprisingly it shows haram ads and dating sites and women all over the place. I uninstalled it right away. time to look for an app that follows the Islamic rules.",
da6d5ac1-75bb-409d-9a84-bdc8fab5483e,Muslim Pro: Quran Athan Prayer,1,2026-05-27 13:50:15,half naked temu women is not appropriate.,
ce52c6fb-959d-4373-ae6c-f6a5d3854b03,Muslim Pro: Quran Athan Prayer,1,2026-05-21 06:05:36,"Very disappointing experience. This is an Islamic app for Quran, duas, and prayers, but sometimes inappropriate ads with poorly dressed women and unsuitable promotions appear while reading the Quran. Please improve your ad filtering system. Such content should never be shown in a religious app.",
21d52a8b-029d-4281-b269-aa935c743309,Muslim Pro: Quran Athan Prayer,5,2026-05-17 17:42:05,"Quran the only app you need in your life, and support the brothers / sisters around you. Mashallah, Mashallah, Mashallah",
8b090c64-3814-42c9-80e7-6a14704c541c,Muslim Pro: Quran Athan Prayer,5,2026-05-14 14:36:26,perfect and keep improving each year. very useful not only shalat reminder but qur'an etc. minor feedback maybe from a simple summary notes of fasting and tarawih (missed fasting due to sickness or period as well as shalat tarawih),
ae987d21-00b0-4082-9068-97f4cf47c57e,Muslim Pro: Quran Athan Prayer,1,2026-05-04 23:19:47,"giving 1 star is that there r 2 many adss in this app on every click. plus this app show naked woman's in advertising u can literally see there private parts, bikinis, and with bra's. so as the men's showing shirtless tops. if I am lying I have the evidence to show to everyone. I get it u want us to pay subscriptions fee.",
dd9ff04d-bfbf-4a14-a3ff-0b7aad6ee39b,Muslim Pro: Quran Athan Prayer,3,2026-05-02 11:19:20,SubhanalLaah. how can you allow a naked woman displaying over supplications all in the name of advert? The developers should fear Allah and be careful with your hearafter.,
f7ffa20d-7ac9-4967-a464-1492d8a41472,Muslim Pro: Quran Athan Prayer,5,2026-04-28 03:42:20,it's very excellent and performing worldwide and always alert us before starting Adhan in our places while helping us read Quran for a specific period of time. Meanwhile directs us to Qibla wherever found ourselves. Masha Allah,
31317334-8d44-45ff-8737-604dae87db9e,Muslim Pro: Quran Athan Prayer,5,2026-04-27 18:56:45,"Mashallah, fantastic app - highly recommend it for all my brothers and sisters out there.",
c54d256e-677b-43ab-96bd-d48225dcbf42,Muslim Pro: Quran Athan Prayer,1,2026-04-18 23:38:48,too many popular ads of half naked women,
c54bb9f8-e6b8-449f-baf6-e4c0af4f6da2,Muslim Pro: Quran Athan Prayer,5,2026-04-16 15:20:51,MashaAllah. Muslim Brothers and Sisters must have it and support it ishaAllah,
30869b0e-ef9e-4799-a85b-1c71073fa42b,Muslim Pro: Quran Athan Prayer,5,2026-03-31 11:11:09,Nice app recommend for Muslim brother and sisters,
b171b919-cebc-4649-8dff-23aa221d0661,Muslim Pro: Quran Athan Prayer,1,2026-03-28 20:27:54,"Too much ads now. Very annoying. before praying, now must watch an ad with music or women showing. How can you then start salah and concentrate. app deleted. alternative app found.",
6dee96b2-82f2-4b4f-9a9b-59b85a3c5d22,Muslim Pro: Quran Athan Prayer,5,2026-03-22 14:14:10,I would recommend any Muslim brother and sister to use this app,
fdc92291-eeb2-475a-8185-815634459142,Muslim Pro: Quran Athan Prayer,5,2026-03-19 18:29:03,this is app is really useful to maintain the salah streaks but for women ! on their menstrual time we can't make as prayed so do consider this.,
a314cb7a-0e05-4ff1-872a-b4116f8539ab,Muslim Pro: Quran Athan Prayer,5,2026-03-13 21:16:51,"It's so good, but I don't like the ads. What do u think, brothers and sisters. If the ads are removed, I will really like it. Jazakumullahu Khairan. And u need to go to premium to be able to do some specific things, and it is a little stressful.",
700935c1-2e71-4d01-9641-fe339b587e4f,Muslim Pro: Quran Athan Prayer,5,2026-03-08 16:18:49,excellent app. everything one needs to pack the day with ibadah. beautiful azaan and inspirational content. highly recommended. just one issue with reciter of translation - trying to enable Male reciter for English translation but always plays female.,
953bc509-1c94-45e8-b74f-c5beba444313,Muslim Pro: Quran Athan Prayer,5,2026-03-08 13:54:33,best aap..we (women) can read Qur'an without wazu,
f01df17e-44d6-4014-990a-29e7fa08d1a7,Muslim Pro: Quran Athan Prayer,4,2026-02-28 08:30:20,a feature for sisters who are on their monthlies would be nice so they can keep track,
141d8721-59a5-4b00-b1a3-51ba00538669,Muslim Pro: Quran Athan Prayer,1,2026-02-26 10:55:30,I Find the App really Busy and trying Hard to Push me things I don't really want... So I basically want a Clean Salaat Notification App that lets me know when the Awwal Waqt sets in. Period... I don't want to do Adhkaar or Tilawat or Tafseer on the App or Device - I don't want to track anything on the App - I don't want Media or Social Media on the App & I do understand there are people who want other things - The App should maybe have Options to Add on different Features to a Basic Version,
7e91567c-77dc-46fc-b857-53cbbe2934b6,Muslim Pro: Quran Athan Prayer,4,2026-02-25 10:22:20,"Assalamualaikum brothers/Sisters working on the development of Muslim pro app which is Alhamdulillah the best I've used. I wish to signify that since the app is for our Deen may Allah permit us to get a clear comprehension of my review, I think it should not contain ads because the rewards of your work on this app will come from Allah inch'Allah I pray for that. But some ads like video games and other might make younger brothers may Allah preserve them to download games and waste time on them.",
01dd3367-04ae-4378-b808-4140ee25130b,Muslim Pro: Quran Athan Prayer,4,2026-02-24 07:34:29,"I’m looking for help with the Urdu/Hindi voice settings. Currently, I only see a female reciter available. As a Premium user, I was hoping for more variety. Am I missing a setting somewhere, or are male voices not yet supported for these languages? (Note: I’ve already tried a clean reinstall on two different mobiles).",
ea95306b-c47f-453e-ac64-09308a356c8d,Muslim Pro: Quran Athan Prayer,4,2026-02-22 17:19:02,love the app but hate all the ads with women especially during Ramadan,
2d85358a-e75d-4098-bde9-404e40599822,Muslim Pro: Quran Athan Prayer,2,2026-02-20 14:10:41,could make the widgets better . maybe a feature to show the missed prayers during menstruation,
d8210457-b520-4402-8816-97454577997f,Muslim Pro: Quran Athan Prayer,1,2026-02-19 03:42:46,"honestly Muslim pro team, I was ashamed to see inappropriate advertising ads (dating app/ female in appropriate clothing) while opening the app. it's the 1st day of Ramadan & Now I'm thinking should I even use your app.",
e554562b-18dd-4b39-8859-b42e2d6a303f,Muslim Pro: Quran Athan Prayer,5,2026-02-18 18:45:18,Vey good app to support Muslim brothers and sisters.95% recommend. 5% due to the ads but of course I understand.,
67999dd9-09db-40b7-961f-72f3102cc011,Muslim Pro: Quran Athan Prayer,1,2026-02-17 23:41:31,"Not recommend, what kind of app that is where you have Quranic Verses and an ad of naked women pops up, disgusting",
456dbc47-42d4-42a6-bd36-513182bc78f6,Muslim Pro: Quran Athan Prayer,5,2026-02-17 20:00:37,"salaamu alaykum wa Rahmatullah wa Baraktu my brothers and sisters, May Allah reward you all and increase you all, for every person that uses this app. Ya Allah grand them all Jannatul Ferdous, Ameen",
c53046a4-59de-4008-904a-f45f3797b8bf,Muslim Pro: Quran Athan Prayer,5,2026-02-15 17:51:46,"Assalamualaikum my muslim fellow brothers and sisters this app is very good for those who want to know more about his/her religion such as islamic calender,dates,week,months years etc.",
8254ace9-c625-456f-b986-f4b7a31fe9e3,Muslim Pro: Quran Athan Prayer,1,2026-02-13 12:02:22,"I’m giving 1 star because of the advertising. Right after Fajr I opened the app to read Quran, and the first thing I saw was a woman promoting the subscription plan. Honestly, what’s happening to today’s Muslims? You can show something else if you need to advertise, but this doesn’t feel right for a Quran app. ( can you not use woman's faces for your advertising???)",
e1484d00-d592-4b7c-b436-ce613794be70,Muslim Pro: Quran Athan Prayer,5,2026-01-30 11:59:47,Allhumthoolilla the Muslim Pro app is so useful in many ways im so greatfull 4 being MUSLIM Ameeen 2 all Brothers n Sisters In Sha Allah,
107dda48-2bb0-44d5-aa64-e103bc14de27,Muslim Pro: Quran Athan Prayer,5,2026-01-28 13:46:38,"Very interesting App with very impressive experience. But I would like to advise that putting women's pictures especially not well covered is actually unnecessary and not ideal for the said App. Hope next updates will do away with them, please. However, the developers have done much to assist Muslim brethren in one way or the other. Keep it up. JazaakumulLaahu Khairan.",
1b31bbc9-e095-4bc6-a084-fe957cfc2042,Muslim Pro: Quran Athan Prayer,5,2026-01-28 03:01:32,Always recommended for my Muslim bro and sister,
58168788-676e-4280-b305-9f071bf538ab,Muslim Pro: Quran Athan Prayer,1,2026-01-27 00:31:31,"I am getting ads I can't even tell, it's a shame about this app. Half naked women and terrible ads. Astagfirullah.",
9b6a7043-b067-4ee9-aed6-f6356921be54,Muslim Pro: Quran Athan Prayer,2,2026-01-13 04:59:53,"I loved this app and have been using it for almost a decade, why 2 stars instead of 1. But uninstalling today because: - I am bombarded by ads with sometimes no way to actually view the app so I close and reopen. - I am trying to see salah times and have to see dancing women from Temu. That's really disturbing. Switching to something else.",
c6d3bfd4-b3af-4bef-8ddb-821b2de72c43,Muslim Pro: Quran Athan Prayer,5,2026-01-05 06:08:55,"As salam alaykum brothers and sisters, this app is very helpful i got it and as a young woman learning all about islam, this is amazing with its videos and quran and hadiths and quotes. would recomend",
a7c4e7eb-8a49-4257-a53f-fd2925f6b830,Muslim Pro: Quran Athan Prayer,2,2026-01-04 19:28:38,"I am disgusted and disappointed by the number of inappropriate ads on this app. the likes of which is an app called 'Olive', a dating app, showing scantily clad women posing suggestively. It is extremely inappropriate and unnecessary. I am not sure if the people running the app have a say in what advertisements are shown, but there needs to be something put in place to filter out inappropriate ones such as these. Even before this inappropriate advertisement, the number of ads is ridiculous.",
1c8b64fd-83be-4311-8879-8ecde15609e2,Muslim Pro: Quran Athan Prayer,5,2025-12-28 05:31:53,"the app is very useful and helps me in daily life , I'm using the free version so many ads are there and it's fine ,but the ads like dating apps with pictures of vulgarity of women's pictures just below my quran are not completely unacceptable, please do something to avoid ads like that thank you",
77d60229-afe0-46aa-b73f-c278820fcff7,Muslim Pro: Quran Athan Prayer,4,2025-12-16 21:45:33,16/12/2025 I honestly not really satisfied as i planned to completed my Alquran daily reading..when i was on my period and come back for my last read..it always gone so i always have to start over and over and it has not been reached my plan..please permanent fix,
0158a503-ab44-43d3-b7d7-3ba2b26cb2fd,Muslim Pro: Quran Athan Prayer,2,2025-12-10 01:47:45,as soon as i open the app i see ad in which there are three uncovered women and the ad says no payment 24 hour. Have some shame this is a religious app atleast choose some good advertisement.,
70687dd1-40b7-4e15-be6a-6e0ad9d76f7f,Muslim Pro: Quran Athan Prayer,4,2025-12-08 18:46:31,overall the app is amazing it only has two major problems for me at least. First Is that it messes up the streak as I have seen in other people's reviews. Second is the ads. I don't have a problem with ads just that these ads have to be filtered. I can't be seeing half naked women promoting dating apps. may Allah forgive us.,
8c4e0d40-3f69-4c45-b608-818abcd03b83,Muslim Pro: Quran Athan Prayer,2,2025-12-05 18:04:35,"Asalaamualykum, this is supposed to be a app to help muslim but nearly every week I see ads on the app which are completely haram. half naked people men and women or ads which promote haram apps. Please revise your ads. some ads are unsuitable for children. the are too many ads. I only use to track my salah. a good app.",
a32126d7-3418-4319-815c-944c94a00187,Muslim Pro: Quran Athan Prayer,1,2025-11-28 18:05:08,"I get that you have to buy the app to go ad free but what's with the ads? Sitting on the prayer mat and wanting to look at the prayer time for the next prayer, open the app and voila a semi naked woman appears, tried to skip the ad, tapped prayers and again same ad!",
2aafb36f-613e-4a5d-868e-b916d8c3d461,Muslim Pro: Quran Athan Prayer,2,2025-11-13 11:06:46,"I don't know why they started ads for free plan all of a sudden, even though you want to make money by creating premium, there should be regulations in the type of ads you display. Imagine seeing women parts displaying women cloth early morning when you're to recite your athkar.",
7767fc14-91e7-4574-ac9d-79159a49a44c,Muslim Pro: Quran Athan Prayer,3,2025-11-04 18:22:37,"""We created a very beautiful and well-organized Holy Qur’an app, but there is one problem. Out of respect for the Qur’an, when we open the app, TikTok or gaming ads appear, and sometimes they show women’s bodies or clothing. If possible, please remove these ads, and if not, please replace them with appropriate ones. Thank you.""",
c223d970-af11-4386-8dfc-f71b26205e14,Muslim Pro: Quran Athan Prayer,2,2025-11-02 17:25:14,"Best muslim app around. Will definitely recommend to my muslim sisters and brothers! Edit: It's been a year since I posted the above review and the app has only been going downhill. The best feature I loved about this app was daily verse, but now they shifted it to something called inspiration which is entirely in English. I'd prefer it if they added the arabic verse too. Either add the arabic verse or bring back the previous daily verse layout.",
1c9b5a9c-696f-4282-abd3-4c5c8638d044,Muslim Pro: Quran Athan Prayer,5,2025-10-16 23:52:21,Alhamdulillah. This app was great I recommend this for all Muslim men and women,
dec78e88-003b-45be-a147-b559416f6ee6,Muslim Pro: Quran Athan Prayer,2,2025-10-15 20:17:57,"the ad management is very bad. most of the ads show female naked body, women without any hijab. i have screenshots of one of the ads, but playstore doesnt allow me to post here. i understand that you earn money from the ad. but at least manage those ad contents. you will be accountable for the sins people are doing. some quran translations are not proper.",
b5b67c8a-d709-47a3-9526-467a43bdc89d,Muslim Pro: Quran Athan Prayer,5,2025-10-10 11:35:12,"It's essential and all but some of these ads are really inappropriate... I wasn't in the mosques doing my askar after closing that page ..boom a loud inappropriate ad came up. I know u need the ads to stay in business but please allow appropriate ads and be silent by default. Ads showing lady fashion, half-dressed women on an Islamic app. That ain't right and you guys know it. And NO IM NOT SWITCHING TO PREMIUM. Keep up the good work",
e32aa2a5-85c5-43fa-921d-90e9cc3baa83,Muslim Pro: Quran Athan Prayer,5,2025-10-08 17:55:46,"Review for Muslim Pro App 4/5 Masha Allah! I absolutely love the Muslim Pro app — it’s a beautiful source of guidance and helps strengthen our Imaan daily. The Quran features, prayer times, and reminders are amazing. However, I really dislike the advertisements, especially the ones showing explicit women’s wear or unrelated products from sites like AliExpress. As a Muslim user, I feel such ads don’t belong in an Islamic app that millions use for worship and faith",
bced2924-4526-4d8e-8038-bf2b74d02ac1,Muslim Pro: Quran Athan Prayer,1,2025-10-05 17:37:44,ads are amazing of all video chat apps with half naked women. they can control that!!!!! one logs in the app to check prayer timings or access quran and get to see skimpy clothed women.,
506b8921-8f66-49f7-8ae9-d759d5b2a25f,Muslim Pro: Quran Athan Prayer,4,2025-09-29 10:40:47,"be aware of some advertisements being haram. The app itself is amazing and extremely useful. however, many of the adds used to support the free version are harram such as women in underwear etc which can't be easily skipped til the timer runs out so you have to repeatedly leave the app and try to return. you can't investing haram so you cant buy the pro version to skip as thats supporting haram for others who cant afford to buy the full version. very frustrating",
2f2c83e0-b860-4069-a993-d34a367acefc,Muslim Pro: Quran Athan Prayer,1,2025-09-14 01:00:19,this app becomes more commercial u come to see Adan time and and advertise with naked women Pop out that's crazy my Allah gave who ever made it,
bab657f2-7daa-4bbe-b7fd-69a02771bfef,Muslim Pro: Quran Athan Prayer,3,2025-09-02 22:24:08,"The app is really helpful overall, but I think it’s missing an important feature for women. There’s no option to pause prayer reminders or track days when we can’t pray due to our periods. It would make the experience much more accurate and user-friendly if Muslim Pro added a female-specific option for this, since it’s a natural part of our practice",
101622a6-0ffa-42cd-b460-fe2ecfec0b33,Muslim Pro: Quran Athan Prayer,5,2025-09-01 16:14:13,All my muslim brothers and sisters should use this app. So useful. Alhamdulillah.,
b3c1bb3f-3a54-49d3-80c8-7e80eda1145d,Muslim Pro: Quran Athan Prayer,1,2025-08-11 15:30:32,"Audio recitation is in only AI female voice even for male option. and it doesn't recite correctly in continuety. Further more, it's a shame full thing to start contest for a film on Holy prophet peace be upon him.. All users should quit atone this app. No contest be made by films .",
5634a080-2307-4508-9335-e231b775bd6b,Muslim Pro: Quran Athan Prayer,5,2025-07-28 14:39:34,"This app has helped me so much with getting closer to ALLAH, should recommend for other Muslims brothers and sisters",
f84ae542-426a-4ce9-917c-c759d61e1b07,Muslim Pro: Quran Athan Prayer,1,2025-07-09 04:02:42,"An app with fasting, salah tracking but lacking menstruation mode tracker. Its a vital functions for sisters. adding temu commercials that cannot be exited from more than 1 minute. its becoming nearly impossible to do prayer trackings.",
d1402cd6-4434-4d37-96ea-6fdef9e21bd7,Muslim Pro: Quran Athan Prayer,1,2025-07-09 03:11:55,"bad app, used to be good but now they show adds of stupid games and women and other fitnah when your trying to read quran on the phone sometimes or check prayer times etc. and it takes long to get into the app bcoz of all this rubbish.",
0a681a03-9483-4cb2-90a0-f2675048eb14,Muslim Pro: Quran Athan Prayer,3,2025-07-05 10:56:35,"Bismillah it is a good app with room for improvements. First of all, there is a lot of ads. Every click back into the app is an ad. Plus, it's very hectic to try to set one's desired pronunciation translations and turning off the female english translator seems impossible without messing up all your audio/ text/ display settings. Just spent almost 2hrs of my morning trying to get the previous settings to no avail after it reverted to the female translation",
2f34f97b-c47a-4a6e-9384-00b93a7580c3,Muslim Pro: Quran Athan Prayer,5,2025-07-05 07:59:35,"dear admin after update my phone ,when play ayat quran why automatically women translate come out.can we stop this function? thanks you.Thanks you Admin faster reply .",
46b6c52d-0215-4463-ab8d-9f7a9052a094,Muslim Pro: Quran Athan Prayer,5,2025-07-01 05:54:47,"For brothers and sisters, it's a very good choice! !!",
a6ca1c50-4e10-4958-aca3-a5339922ee27,Muslim Pro: Quran Athan Prayer,1,2025-06-30 03:00:48,"I’ve been using Muslim Pro for over 5–6 years and had purchased the lifetime package. Unfortunately, the app has changed a lot — my lifetime access is gone, and now it’s full of ads, even with a single touch. What’s worse is the type of ads being shown. This is an Islamic app for Quran and prayer, yet I’ve seen inappropriate ads, including images of women and unrelated products like inverters. It’s very upsetting to see such content in a religious app. Muslim Pro has sadly become more focused .",
16087025-e814-42a6-9035-5b9795f7ae1f,Muslim Pro: Quran Athan Prayer,1,2025-06-25 18:05:29,"salam. back 1 star because its so buggy. i can not disable translation reciter. i just wanna hear the qari recite and read the translation not hear the translation, suddenly a female robot is translating, have tried this and that at the quran settings, just cant switch it off.",
ebf97eea-dfb8-4f7b-b1a1-00b7fcde4755,Muslim Pro: Quran Athan Prayer,1,2025-06-19 19:14:51,"your app has a bug. I can not turn off the woman translation voice, and her voice is irritating.",
222685da-3187-4d55-b4e1-e6c28c44df9e,Muslim Pro: Quran Athan Prayer,1,2025-06-10 18:41:49,"I've been using Muslim pro for 4-5 yrs and always appreciated it's features,but recently the experience has changed...now,i see up to 5 ads just when opening the app,some of which are inappropriate or show women in ways that don't align with purpose of reading Quran. Its becoming very frustrating",
efb0fa0f-7982-4e97-9fc1-6b9d2e1ebb66,Muslim Pro: Quran Athan Prayer,5,2025-06-03 23:59:56,"This app, is not just an app, it's a super amazing companion to Muslims and non muslims.. Don't not hesitate to download and make routinize use of it to the fullest. You will not regret the time spent. trust me Brothers and Sister in Humanity.",
1cd0330b-4291-453c-8307-6a0cd275514f,Muslim Pro: Quran Athan Prayer,5,2025-05-20 17:11:47,"I have never seen an amazing app to learn the word of Allah SWA and connecting with my Muslims brothers and sisters ,Ummah like this Muslim pro ..To me I have gotten the love",
6ed8dcfa-7cad-47ad-acc3-05c6bc764ceb,Muslim Pro: Quran Athan Prayer,2,2025-05-16 18:43:16,"It seems like the developers of this app have sold themselves to Temu. It's impossible to open the app and press anything without a number of temu ads opening. And in a lot of these ads it shows women, some who are not dressed in an Islamic way. If the developers truly care about their connection with Allah then they should address these issues immediately. I enjoy this app over most prayer timing apps because it offers a lot but these Temu ads are ruining my experience. Would've given 5 stars.",
c1da4165-9fd2-4703-8282-b39e32c63a2e,Muslim Pro: Quran Athan Prayer,1,2025-05-10 22:08:55,"So this app for Muslims to check their prayers ok, so me as a Muslim whens I open the app before check the prayers time I have to see the ads first which different type of women what if the Satan change my mind and let me go and continue watching them on another app. astugfarallah.",
c2ba0877-5203-43c0-8ba3-e9d2a6fa952c,Muslim Pro: Quran Athan Prayer,1,2025-04-19 16:42:15,"assalamu Alaikum. please note this comment. it's a nice app. But, is it necessary to give women's picture in this app? please remove women's picture.",
0b7fcc09-991d-4145-b83e-51050eaf6829,Muslim Pro: Quran Athan Prayer,1,2025-04-18 03:19:19,"Assalamu alaykum, MashAllah very good and helpful app for everyone, I am married alhmdu lillah I also have kids but this app asking for a lot of money to remove the ads ( brother or sister) whoever created this app you already getting more than enough money just from the downloads of the app if I have to pay for my 2 wifes and kids and myself just to remove ads it's sounds like I am buying islamic helps ... and the Kurdish sorani translate doesn't read but other languages are no problem .",
805559c5-7cad-4567-bbfa-0be6bdc88c21,Muslim Pro: Quran Athan Prayer,4,2025-04-12 18:20:22,very useful app. but nowadays it shows advertisement before opening. that's not the problem..but in the advertisements there are female photos included. so i think It’s not appropriate.. Hope you will take actions.,
1186f245-f428-4a6f-a15b-2fae383a05ed,Muslim Pro: Quran Athan Prayer,3,2025-04-03 21:02:11,"Will be great if no ads shown in the app, you have the right to make income from the app just exclude ads.",
bad6bea7-295b-40cc-a3ca-612660d8b725,Muslim Pro: Quran Athan Prayer,4,2025-04-02 16:50:00,"everything is jus perfect Masha Allah. but can u please consider adding features like qaza prayers and fasting tracker, daily goals to keep engaging and also menstrual period special setting. jus all these r unable hence iam using two other apps. if u could include it in this Insha Allah it ll be helpful. jazaak Allaahu khair",
d2340c0f-e72b-4fd5-90ad-bf6f64131dd5,Muslim Pro: Quran Athan Prayer,1,2025-04-02 02:30:58,"just to look at prayer time i have to click off 7 ads. and if i misclick it, then it takes me to the page and i have to do everything all over again. Worst part is, they have ads rolling at the bottom of the main page where they got women in tight clothes or bikini advertising and if you accidentally see that, then there goes you Wudu.",
abb933e7-8d77-4584-aa4f-e182e59ca259,Muslim Pro: Quran Athan Prayer,5,2025-04-01 09:33:00,"I'll give it a 10 because it gives you many options on things like reading Quran verses, tasbih, direction of the Qibla, time of daily prayers. I recommend it to all my Muslim brothers and sisters.",
14094567-7a9e-4ca2-ab67-6a45429f9769,Muslim Pro: Quran Athan Prayer,4,2025-03-28 00:05:29,it's a great app it has all the muslim things /quran/tasbih etc. but one thing that I don't like is the pop up ads are haram like it's a women standing naked and wearing a I love weed shirt and more things like that so please remove this. overall it's great,
de4ed72b-7097-45dd-a649-265836f0f514,Muslim Pro: Quran Athan Prayer,2,2025-03-27 10:41:52,I downloaded this app about 3 years ago and it had some ads every now and then but it did not bothered me much. But now it forces 3 ads for any action. I want to check prayer time.. watch 3 ads. If you skip it after 5 seconds another screen pops out. Then they come and warn you that you only have 2 more unskipable adds left. So right now is very hard to use the app. One of the adds had women showing cleavage. I uninstall this app since is not usable if you don't pay for the premium.,
0f89cce3-62c2-45ad-aff0-85b1d6275bda,Muslim Pro: Quran Athan Prayer,5,2025-03-20 05:37:56,"Salam Waleikoum Brothers & Sisters of Muslim Pro .. Thanks for your Great Job , very useful App.. May ALLAH swt Rewards You All ..",
a8447fd1-d239-45fd-a6f8-24f9d4dab777,Muslim Pro: Quran Athan Prayer,4,2025-03-16 10:39:47,"Salaam. a very useful app. However I get this notification periodically and when I open it, it does not say what the notification is for. And I can't find how to switch it off. the only notification I want is the one for salaat. I have switched all the others off but I still get it",
0d31ea71-1efb-4087-956f-ff6e94371d07,Muslim Pro: Quran Athan Prayer,1,2025-03-13 00:52:51,"Honestly, good app but the ads are on a whole different planet. Takes me about 3 minutes to get to something I only need to see for 3 seconds. I refuse to believe the creators of this app are Muslim because this heavily reflects greed. I understand they offer an ad free version for money but surely yous have made enough profit of your fellow brothers and sisters to just simply receive great hasanat for providing an ad free for free or even just displaying 1 ad only.",
1439d81a-83ad-4836-93a5-61fabae507e4,Muslim Pro: Quran Athan Prayer,1,2025-03-11 14:36:40,"Islamic app and Ads with Music n Women's, Astagfirullah",
a5a789c3-e160-458d-9ec5-4522125d46b2,Muslim Pro: Quran Athan Prayer,1,2025-03-11 09:56:30,"Don't use! Includes Pornographic AI ads!!! It used to be a good app. It got worse and worse over time with more and more ads popping up but I still kept the app until now. But today I opened it and suddenly got an advertisement for some AI program, the advertisement included oversexualized and pornografic imagery of women. I will uninstall now. Choose your advertisement partners more wisely if you offer an App for Muslims.",
1586e3f4-ea66-4b73-99da-181a25891609,Muslim Pro: Quran Athan Prayer,1,2025-03-10 13:55:57,This app will spam you with 4 unskipable ads in a row only for you to look at the time for 1 azan. The worst part is it will send every type of ad. From online video chatting app of half dressed woman to dating apps and what not. This app isnt what it used to be before.,
e505ee54-ecf0-4c0e-93d4-95a6906561f5,Muslim Pro: Quran Athan Prayer,1,2025-03-10 05:58:25,"There are so many advertisements to push people to buy subscriptions. Also, the advertisements are so inappropriate now, from Korean drama ads to women’s apparel. Anything for money, right?",
6e283028-d9a2-4207-815a-10bf3402a546,Muslim Pro: Quran Athan Prayer,2,2025-03-09 23:38:40,"Used to be good, then great and now its loaded with ads, i mean i have nothing against ads, but showing Provocative content of women from that SuperLive app, in ramadan, while fasting??? Since 7 years of using it, im deleting this app.",
d8d437ce-b300-425d-80f9-bf4b05362d70,Muslim Pro: Quran Athan Prayer,1,2025-03-09 01:58:39,"Too much ad which too annoying moreover some of them with some beautiful women, and you cant even skip.. Ta ta bye bye, you will never be in my phone and will never be suggested.",
4818e363-e5f6-4179-beef-87dc67646b2b,Muslim Pro: Quran Athan Prayer,1,2025-03-07 20:03:24,"7 mars 2025 with pro versin i got an ad with nude women in ramadhan . You care only about money 10 MAR 2024 Same error. One hour just adjustes in north america as sprinng time your app is confusing us , praying before time and maghreb eating after fasting before sunset. Harram 4/17/2021 Haram de tromper les musulmans sur les horaires",
d6b536ab-f278-46cf-89ab-334a4275c597,Muslim Pro: Quran Athan Prayer,1,2025-03-07 05:03:46,Too many ads. For a Muslim app to have named women on the ads is just diabolical. Fix your ad problem,
94a4a19a-dc1f-4acc-9f3d-dbaeb8366d89,Muslim Pro: Quran Athan Prayer,1,2025-03-06 18:19:46,Full of glitches to the point it deletes your progress and it has too many ads i really don't recommend this. edit: ads are becoming more and more about half naked women,
bee32ed6-5380-4126-a643-d457161dbd35,Muslim Pro: Quran Athan Prayer,1,2025-03-04 22:53:19,"They show you naked women in ads, it's better if they just don't have an app. I recommend pillars same thing but ad-free and you don't have to pay.",
ed6ef4fd-0799-42f8-9b84-ecfff04b3347,Muslim Pro: Quran Athan Prayer,5,2025-03-02 13:24:31,What can I say? Very good app. Free version offers so much things and for only small amount of money I can subscribe fro a whole year. Mabrouk and blessings from Allah whoever brothers and sisters developing this app.,
b5a4a021-d9a2-4aac-8d8f-6e4a27e99ac6,Muslim Pro: Quran Athan Prayer,5,2025-03-02 05:06:38,Excellent App for all Muslim brothers and sisters,
05fa5fc1-c378-48b9-a975-c853f14be0e5,Muslim Pro: Quran Athan Prayer,1,2025-03-02 02:16:40,"I used this app for years but now there is ads with seriously bad behaviors semi naked women in the ads please choose the ads wisely , think for a second if you show me a stupid ad like that while im preparing to pray !!!! What are guys thinking !!!",
7c8b4e17-af27-4678-9848-c1771b91f713,Muslim Pro: Quran Athan Prayer,5,2025-03-02 00:51:53,This is the App for Muslims around the world. I recommend this app to my Muslim brothers and sisters,
07fd19ca-3cdc-494f-b9e9-2269961de9fc,Muslim Pro: Quran Athan Prayer,5,2025-03-01 21:29:05,Contains all essential and obligatory needs for all Muslim brothers and sisters.,
7cba0310-52c9-4ea9-926b-5d772c83387f,Muslim Pro: Quran Athan Prayer,5,2025-02-28 00:09:10,It is best for all muslims brother and sister,
e9559a02-cb99-4f4f-a06e-de72c39c4c09,Muslim Pro: Quran Athan Prayer,5,2025-02-26 06:26:04,As slm alykm my brother's and sister's the app it's great except for the adds are too much and they delay the adhan sometimes.,
ef52335f-f100-4685-8899-f3ab44406350,Muslim Pro: Quran Athan Prayer,1,2025-02-25 18:31:12,I payed for premium and i still got 2 ads in a span of 3 seconds. I feel like this app is not easy to navigate with the amount of ads in it. Its a shame that an Islamic app from our own brothers and sisters must be so full of ads.,
0242f288-3178-4265-a5b0-bbca07d6c4bd,Muslim Pro: Quran Athan Prayer,5,2025-02-18 06:49:35,"Alhamdullilah so nice app to read quran,azkaar, duas etc Our Muslim brother and sister must download it ..So nice app it juat changed me and remind me of the day of judgements",
9065d793-45cc-45c9-9cd3-170029d186e6,Muslim Pro: Quran Athan Prayer,5,2025-02-08 18:11:39,Great and best motivation stories are available here. Also my little sister like the videos .,
3ff816a2-ab5f-44a6-a637-93aee1a0a2bd,Muslim Pro: Quran Athan Prayer,5,2025-02-04 16:14:13,"An excellent service by our Brothers & Sisters in Malaysia, well done...",
e2732f23-bbb1-4c6d-b52b-05ec21d95b81,Muslim Pro: Quran Athan Prayer,1,2025-01-25 18:43:43,"A lot of ads that against Islamic rules. You open the Islamic app to know prayer times, or read Quran, and see ads that include uncovered women show up. So annoying!",
07fcbeb6-fc8d-423e-8dc1-a24886db045b,Muslim Pro: Quran Athan Prayer,3,2025-01-22 13:56:50,"So much ads on a religious website even with the faces of women, which is not supposed to appear here .. and the qibla direction has also stopped working for a couple of weeks.",
75c8d72b-2243-4106-80e1-d20c891a2c23,Muslim Pro: Quran Athan Prayer,5,2025-01-19 17:29:55,The video section qualbox I think it's called has Islamic shorts like tik tok so kids don't fell left out the fun of tik tok. The app is customizable and convenient this is no better app for a Muslim period,
c91eca0a-4a0e-4038-a6a6-f3463a3b8d08,Muslim Pro: Quran Athan Prayer,1,2025-01-17 08:34:17,"Thanks for requesting a better review. I installed the app to keep prayer times upfront. I purchased premium to keep prayer times upfront. I'm not into the videos, or the Ramadan survey which centers on shopping I don't have shopping money during ramadan I just have zakat money. The brothers and sisters worldwide recieving that money dont have shopping money either. I got what I paid for here and I get what I'm looking for from the app I have on my windows PC from islamfinder",
5a2be991-66af-45cf-9760-0d4ad4ea486e,Muslim Pro: Quran Athan Prayer,5,2025-01-15 14:00:23,"Alhumdililah for tiedying up a lot My brothers and sisters for the smoother journey for all of the Muslim (slaves)of ALLAH! Insha ALLAH I pray ALLAH that we can join who are not fortunate enough to be there ALLAH made it more smoothly for the Muslim around the globe Marsha ALLAH, insha ALLAH Eid Al ad is approaching and we can join the Muslims, Sheiks and most important the clarity insha ALLAH.",
a3ca5cce-9cec-490e-b6e7-733711c14315,Muslim Pro: Quran Athan Prayer,1,2024-12-27 20:20:25,"This is the first time I've ever reviewed an app but I feel like I have to. I'm disappointed with the adverts on this app. I've heard music in their apps, seen adverts of women without their awrah covered and more. It's a shame that you have to expose us to fitnah when we just want to get closer to Allah and guard our daily prayers. May Allah guide us all.",
a2d07a8e-2f8c-4a29-9d04-b73d146b4d94,Muslim Pro: Quran Athan Prayer,2,2024-12-17 03:00:51,"There's lots of ads which are inappropriate, it's not feel good that you listen azan and suddenly women comes in short dresses shown in your screen,you have to restricted your ad preferences.",
02da3acd-3bb1-4a9b-9b11-0c346ace040f,Muslim Pro: Quran Athan Prayer,1,2024-12-11 06:42:48,"This app shows women in such clothes where they shamelessly show their body during commercial advertisement. It's alright to show advertisement if you don't buy premium. Those advertisement must not break core principal of Islam. But in advertisement what they show is adultery, source of fitna and zinah of eye. As your brother in deen I warn you to stay away from this app.",
ef6d1770-f8de-4820-923b-2ee2b0aaa2cb,Muslim Pro: Quran Athan Prayer,1,2024-12-03 15:09:26,"Zionist owner who sold our data to ""counter terrorism"" in the US. I urge all my Muslim brothers and sisters to delete this app, rate it one star and report it. They replying to me to try and pretend like they didn't sell our data to the CIA. BE HEARTBROKEN AS MUCH AS YOU LIKE YOU STILL DONT CARE ABOUT MUSLIMS JUST MONEY",
a1aaa45c-e5ff-407d-b029-f532c1d048f7,Muslim Pro: Quran Athan Prayer,2,2024-12-03 12:41:16,"The App was actually nice but I would advise Muslims users not to pay Full attention to some of the Things promoted by this App, imagine Subscribe and watch a particular series about Secret of Arabia. Making Muslim Women feel like they are in boundage, and trying to promote Feminism. Who knows other bad content that will be in this App.it is just advisable not to follow it or better still could uninstall it.",
477aaa27-2c64-4c07-bdac-924de95f8c0c,Muslim Pro: Quran Athan Prayer,5,2024-12-02 16:33:17,Maa shaa Allah Alhamdulillah the app is great for our all Muslim brothers and sisters. I'm glad by using this app . It's really a beautiful and well planned app . It have a many features that are useful and helpful for everyday routine. It's just like carrying our Deen with us wherever we go alhamdulillah. It's really a caring app for our Imaan. Really thankful for making this app. Jazakallahu Khairan,
bd9a5c16-dbef-4476-96b5-edd7116b4862,Muslim Pro: Quran Athan Prayer,1,2024-12-01 05:36:07,"Lots of ads, banner with Woman face, video. Tracking data can't store for long time.",
b49df2df-12ec-4a88-88a0-32659b81be87,Muslim Pro: Quran Athan Prayer,5,2024-11-29 16:36:30,"Salaam. I wanted to commend you people for the great work you've been doing concerning the development of the app. Jazakumullah khairan. However, I want to draw your attention to the fact that in the Quran section, the recitation of Sheik Sudai has not been working. I've sent several emails to you people, but you didn't fix it. Also, in the Qalbox section, the shorts aren't working. I guess this might be because you added several features to the app within a short period of time. I hope u fix it",
c7290a1c-8e9a-4b02-a03c-80ad71bdc714,Muslim Pro: Quran Athan Prayer,1,2024-11-28 11:10:41,Too many ads. The owner trying to get rich not helping fellow brothers and sisters. Before this moderate ads i still can accept for free user. Now to many. Done uninstall,
08bedd87-27b0-4d50-ad4f-1713068b0531,Muslim Pro: Quran Athan Prayer,5,2024-11-15 02:18:34,"Salam to my lovely brothers and sisters, Muslim Pro is a magnificent app that I have acquired immense knowledge through that I can recommend to everyone to do the likewise. I pray that may Allah bless and protect the developers of Muslim Pro. Ameen!!!",
a72448fc-c8df-4ce2-b3a1-54cf273617a8,Muslim Pro: Quran Athan Prayer,3,2024-11-10 20:21:36,"Assalamu alaikum This app is OK as far I have seen but there is a problem. Developers should correct it. While using this app, many ad comes. It would be okay but the prois there are women! Even there are uncovered women!! There are music! Fix it Jazakallah khair",
655f79ac-409a-48a0-af90-0f09167f790e,Muslim Pro: Quran Athan Prayer,2,2024-10-18 14:25:07,"Your App is good. But, you are allowing to display ads in your app. Ads sometine contain veilless women or even obscenes. So, you are, in a way, forcing Muslim to watching them and commit or engage in sins. Allah give us Hidayah",
49ce05a0-24f8-4dd0-b75a-d76f96d7b5f8,Muslim Pro: Quran Athan Prayer,3,2024-10-07 01:03:08,"I love the app. However, having ads of a half-naked man half-naked woman coming through when I am reading an ayah is unacceptable. Please remove the ads",
89495a2b-9cf4-432d-a362-796d5208ce1e,Muslim Pro: Quran Athan Prayer,5,2024-10-03 05:27:16,"I had my doubts about this app, after all social media rumors. But after some research I was reassured that the app is legit. Keep up with good work brother and sisters and my Allah bless you all.",
8cb65876-bcd3-44ae-b08a-3c4ef18cf4d0,Muslim Pro: Quran Athan Prayer,1,2024-10-01 07:04:54,"Hello dear respected brothers And sisters i read some of the surah.... Like surah-e-yaseen ayath no.80, and i found some mistakes like zbr/zeer which may change the meaning of the words so please can you put your efforts to correct it or clear my misunderstanding.. With due respect",
965a4eaa-366d-4959-b341-9807b7ef6041,Muslim Pro: Quran Athan Prayer,5,2024-09-23 08:47:27,"App is not made by Zios, this has been debunked and is run my our own brothers and sisters of Islam. Please continue to support this app.",
b758a9d9-c9ca-4a29-99e8-a3c89a6eab55,Muslim Pro: Quran Athan Prayer,5,2024-09-21 18:51:00,This is a must have app for all muslims brothers and sisters. The team is doing an incredible job with the creation of this app.,
dda2e1f3-31d9-4f83-b989-69250eb3922c,Muslim Pro: Quran Athan Prayer,5,2024-09-18 16:07:52,As salamu wa alaykum wa rahmatullahi wa barakatu bro and sister. I love the app and all that it does for my life the helpful insight that helps me to get a better understanding of my religion and closer to Allah SWT the reminder of prayer as I am still learning and it's clear for me to understand in Sha,
5185743e-a1f7-4ef9-acde-5c6b2b3a16ae,Muslim Pro: Quran Athan Prayer,5,2024-09-10 09:10:23,"Subhanallah Alhamdulillah wa Allahu Akbar. This is a Great App for the Umma. It keeps you up to date with the brothers and sisters around the world and plus it provides inspirational materials, duas, Islamic television series and episodes along with movies and much more. May Allah Bless The Umma and Save Us From Sin and The Hellfire. -Amin",
dd888a4c-472d-4014-a8ea-79bc6f924a33,Muslim Pro: Quran Athan Prayer,5,2024-09-05 21:47:40,From 2021 this is the best Muslim app I can recommend to My beloved Muslim brothers and sisters in all aspects regarding Islamic deeds,
38cd20c0-9a06-4b89-ba8c-0ba5dfb718f1,Muslim Pro: Quran Athan Prayer,5,2024-08-31 16:45:01,Great app for non Arab speaking Muslim brothers and sisters,
0687075c-a683-4d25-9a91-7a9180621f29,Muslim Pro: Quran Athan Prayer,5,2024-08-27 19:48:36,Very helpful app for all our brothers and sisters. The Dua section is very good. Thank you developing team,
a966f01b-bf8b-4acb-a176-fedf60bfce01,Muslim Pro: Quran Athan Prayer,5,2024-08-25 03:18:21,The best app for any muslim brother or sister,
a876676e-1b15-4eab-b580-8fbead29b52a,Muslim Pro: Quran Athan Prayer,1,2024-08-24 18:32:03,"Unable to load prayer time in widget, after latest update they changed the widget style and it no more loading prayer time In addition to this they now introduced so called islamic movies in qalbbox which picturizes swahaba like Umar and displaying women this is totally against the beliefs of core islam. I cancelled my subscription will only use the prayer time till last payment valid.",
a0e3929d-bfe3-4fac-88a1-c7791e19c754,Muslim Pro: Quran Athan Prayer,5,2024-08-21 04:31:05,Masha Allah Tabarakallah what a good App. It's must have app for every brother and sister in Islam.,
0cff5103-9762-440f-99f2-8c51fbf1e269,Muslim Pro: Quran Athan Prayer,1,2024-08-21 03:08:42,This app became evil. I have paid for the app in 2017. I should not get any adds. Unfortunately I get half naked women wearing just underwear. There is nothing islamic about this. Bismillah media company has become so greedy. Stop this nonsense I have paid for the app and I not not watch videos and I do not want a yearly subscription and I do not want intrusive adverts.,
317e327b-3ad2-4de3-94c3-ac1094196c29,Muslim Pro: Quran Athan Prayer,4,2024-08-19 06:49:06,"I have marked four stars because I find that whenever I update the app, whatever I have highlighted disappears and I have to mark it again. Also the last surah that I read goes away from the log and since I am a little forgetful I lose track. Another problem is that when I go to a daily read item then too what surah I read last, disappears. One more serious problem is with ads of dating apps or pictures of women with skimpy outfits.If this is corrected I think five stars or more.",
c4bf49e9-c1f0-498a-a1e9-2d0113fd17ad,Muslim Pro: Quran Athan Prayer,1,2024-08-19 05:48:27,"Ever since an update around this period, August'24, they removed free widgets that tells you the prayer times of the day, and another that tells the time of the upcoming prayer. It's already bad enough they mixed the sunrise timing under a small info for Fajr. Now they replaced it with a premium exclusive widget, that doesn't even fit horizontally in a x1 tall section. Now whenever I wish to check the prayers, I have to manually launch the app and be bombarded with ads, sometimes consecutively",
29cd03a8-02ab-4878-811a-b668e7b1ffab,Muslim Pro: Quran Athan Prayer,1,2024-08-09 18:11:44,Not good with women AD,
f7ebf131-111b-442c-b597-c5b1e42bebe8,Muslim Pro: Quran Athan Prayer,1,2024-08-08 07:34:59,"Why this islamic app has to show you dating apps which may include nude pics or videos of naked women? I mean what hell is wrong with them bro? They may get personilized ads to get going this app but, they gotta choose what ad should appear on islamic athan app on my screen so I uninstall it, untill you improve this I won't be using, Thanks.",
28434449-6ef4-4a78-bec1-ccdd8fa6c19c,Muslim Pro: Quran Athan Prayer,3,2024-08-05 08:13:21,"AsSalam o Alaikum, I have been using this app for about a decade and I bought the premier version years ago for my wife. On my phone is the free version and I am sorry to say but just to keep this app alive you forgot to uphold the commands of Allah. Today, I saw ads of nude girls on Muslim Pro. This is immoral, non Islamic, against the teachings of our Prophet (SAW). The ad was from TEMU and it was related to clothing and women stuff. If you can't run the app without ads, you better stop it.",
25ff638f-1315-42ba-95c5-e4bd1d2a4152,Muslim Pro: Quran Athan Prayer,5,2024-07-22 18:51:05,I Am very Sad That You Sale my Muslims Brothers And Sisters Data into USA Army Sham on Your work Please Uninstall instant this application bi hate you develper,
81576d88-3ef2-4829-b243-f618d83cbb4f,Muslim Pro: Quran Athan Prayer,3,2024-07-20 10:17:13,"This app waz wonderful. It had tha adhan rings n quran and very nice reminders and helpful messages. Now this app is horrible. As muslims we should not be using AI. This is evil n unnecessary. Now this app wants to track your every move. It wants to tell you what it wants and not what i want. On top of that, customer service is practically nonexistent. They have added so much distraction to this app, its really unpleasant to open. And at this point i barely it. Too much junk. Period.",
ef4c385d-c50b-42f1-97b4-d9491dcd3da5,Muslim Pro: Quran Athan Prayer,1,2024-07-16 13:54:23,It's a non muslim app ... it is standing with enemies ... pay attentions brothers and sisters.,
17564fb3-82b6-4897-a62f-994b3bf8aa4e,Muslim Pro: Quran Athan Prayer,5,2024-07-08 00:30:33,Best app for a Muslim sister or brother,
017fce2d-0e68-49c0-b508-0d9ffdc415cf,Muslim Pro: Quran Athan Prayer,3,2024-06-28 19:02:32,"Plzz provide the translations for adhkaars and quran, before a period of time it was good, now its been a just act of like reading",
8c8fff1a-c107-4aec-8783-afe93c53496e,Muslim Pro: Quran Athan Prayer,1,2024-05-27 20:53:42,In Islamic app im receiving women undergarments ads and pictures... going to delete it. Not able to purchase the ads free version,
7c354870-4b96-41e6-833b-8015b13fe13a,Muslim Pro: Quran Athan Prayer,1,2024-05-27 15:00:15,My brothers and sister please do your research and find out who made this app. Its founder is not Muslim. Its a French gentleman called Erwin Mace its time to delete this app and wake up for those of you who do not know Google his name once you do I guarantee you will delete it.,
f2b3e17c-27f4-46e5-8bcc-6d439379404a,Muslim Pro: Quran Athan Prayer,5,2024-05-25 08:23:12,Muslim pro is the best have been using it for the past few years now and as a Muslim woman it really helped me,
c5e26be1-1a4e-4896-a36d-4580dfb65b12,Muslim Pro: Quran Athan Prayer,3,2024-05-22 15:44:12,I am super frustrated I used to love this app when it was super less Ads now there's tons and tons unnecessary Ads and not related to Islam. I am aware your team need the ads for profit but if this app for the purpose to make ease for Ummah brother's and sisters maybe your team should consider to have less ads and more efficient for all Muslims. I have to wait the Ads to stop to read zkir and even have to turn off my wifi and the ads still there but blank it is super annoying and time consume,
0c0be968-049f-403a-8ceb-0403a2e2987f,Muslim Pro: Quran Athan Prayer,5,2024-05-16 22:23:15,I love this app so much ! It is so useful in our daily lives and a great reminder too I recommend it highly to all my Muslim brothers and sisters!!!!!,
4f833f1b-1a50-43e9-8c58-46d9b030b4df,Muslim Pro: Quran Athan Prayer,5,2024-05-16 17:24:49,"I've been a premium user for a long time, Alhamdulillah. Brothers and sisters please subscribe to premium to support this wonderful app and team. The annual subscription is very affordable at around USD4 (as per Ramadan promotion in 2024). Even if you pay a little more it will go a long way for the app developments and to our brothers and sisters around the world which are in free accounts. May Allah grant us with mercy, sabr, rizq and jannatul firdaus",
7e336249-a91f-4ddf-8606-e583e3112f75,Muslim Pro: Quran Athan Prayer,5,2024-04-24 10:50:09,This is the best Muslim app for Muslims. you all liars saying it's a bad app just to discourage Muslims from using it. Brothers and sisters in İSLAM download it and use it. it helps a lot.,
d472fe0f-2d4f-446c-a4b2-faeea8cb5e9c,Muslim Pro: Quran Athan Prayer,1,2024-04-18 04:43:21,Is called Muslim pro and most of the adverts show naked women is that on purpose or you are Money grabbing hungry pigs?? Sorry to say that but don't forget the purpose you meant to be serving.,
84c8a64c-1559-434e-a573-6c4706a9b09d,Muslim Pro: Quran Athan Prayer,1,2024-04-13 20:07:50,"had this app since2019 but now it has gone too far. First it was the inappropriate ads including betting,immodest women..NOW there's propaganda being pushed in the name of ""Qaal box""!? Subhan Allah!! A Muslimah who is a hijabi AND a ballet dancer & it doesn't stop her frm being a good Muslimah?? This was the description. If I had to watch propaganda filled Netflix, i wouldn't have downloaded this app. Gonna delete it asap.",
7091bd64-63c2-4221-a8cb-3896b90ef184,Muslim Pro: Quran Athan Prayer,5,2024-03-24 23:53:21,Really good app for my muslim brothers and sisters,
f6c7794c-72cb-4fe8-ab8c-1767b383d702,Muslim Pro: Quran Athan Prayer,5,2024-03-24 11:44:09,"Awesome but I noticed the first letter in the audio Arabic recitation and transliteration of an ayah is cut off,can that be fixed? Could we have more voices for the transliteration , it's just 1 female voice and no room to reduce the speech speed , jazakumllahu ihair",
9299119a-ed2e-410c-bf02-8f4fcf8ed3e8,Muslim Pro: Quran Athan Prayer,5,2024-03-24 08:10:48,Masha'Allah Tabarak'Allah It's my pleasure to rate this app I must say All muslim brothers and sisters must download it and gain lots of knowledge Jazzak Allah hu khaira,
20781236-b9c0-4929-8696-51c92f086fe9,Muslim Pro: Quran Athan Prayer,5,2024-03-16 17:16:34,Assalamu alaikum brothers and sisters. Highly thankfull from bottom of my heart to the app developing team. The callbox option gives manifolds to the devine experince in your journey to connect with Allah Rabbul Ijjat.,
10084e82-8b08-4789-8772-f24a033f31e8,Muslim Pro: Quran Athan Prayer,1,2024-03-15 05:38:40,"Junk app wrong times + tiktok adds filled with naked women, do not install.",
2bc728d6-45a3-493c-b247-1b1836caaad9,Muslim Pro: Quran Athan Prayer,5,2024-03-14 21:02:13,"Very funtastic, i have learned alot within the shortest period",
97dd7ac8-f990-45de-8e8f-1e564309925d,Muslim Pro: Quran Athan Prayer,1,2024-03-12 09:41:21,Too many unethical ads. Lots of dating app ads where women are shown either semi nude or fully nude with transparent clothes. Haram app. I have uninstalled the app. I am not going to contact the team as they ask for the screenshot of the ads that disturb me. Your team needs to figure out the code for blocking haram ads.,
1272def5-5092-494f-8d96-2036bd2d0e07,Muslim Pro: Quran Athan Prayer,1,2024-03-12 00:13:13,Worst app Now. They recite in Arabic and translator is female robot who translate quran in Urdu worstly. Even though translator are available in origonal but you cant access them even after premium subscription. It is same as before and after subscription. No change except Qalbox. WORST. No response from help service.,
13bad6c5-44a2-441c-98ef-4347eb9ebe96,Muslim Pro: Quran Athan Prayer,1,2024-03-11 10:55:35,I used to love this app. Now its just adverts. App is unusable. I don't want ads between my ebada. Especially half naked women ads from Very. DELETED,
b645dd36-b8dd-4b7b-bd96-3be3e809d0e2,Muslim Pro: Quran Athan Prayer,2,2024-03-10 22:17:33,The app is designed well and has been created to do great things but I'm extremely disappointed in the choice of adversiments that show up. I was in the Masjid just completed a section on the Quran and the advertisement immediately changed to a dating app advertisement showing women all of kinds... really not what I expecting from a religious app,
95504890-2057-4c67-b4a8-2cc179fc39d6,Muslim Pro: Quran Athan Prayer,1,2024-03-01 21:50:23,"This app ist bad at all, but the ads ruined it. As I opened the app, an ad appeared, which had ""AI generator"" and an almost half naked woman on it. Why do you even have such advertisements? Please, do not install it and always be careful with such apps, my brothers and sisters! Have a wonderful day.",
665e983e-0dc3-4328-ba9e-dabd0282d858,Muslim Pro: Quran Athan Prayer,5,2024-03-01 00:45:34,"Very useful app for every Muslim family. Masha Allah, may Allah (SWA) gives you the strength to improve more, jazakan. Hajji mabrur brothers and sisters. Jazakallah for the updates, may Allah SWA reward you abondantly.",
1843e232-f5e2-41fe-8b84-e27780f98d19,Muslim Pro: Quran Athan Prayer,1,2024-02-29 03:21:04,Do not download this App its full of viruses and Adds i wanted to deleate my account and i could not their platform turned from relgious app to business app so our brothers and sisters stop this app or deleate it.,
09d51bd2-9d9b-4d73-b9f0-30fc2cece643,Muslim Pro: Quran Athan Prayer,5,2024-02-27 09:29:48,"Great app for azan, quran and many more! if you are trying to strenghthen your islamic future, this app might give you a huuuge boost! thank you brothers and sisters who developed this app! may allah bless upyou all and make you go to jannah ameen.",
0bb51517-6c4e-44af-aa10-3e99eedce894,Muslim Pro: Quran Athan Prayer,1,2024-02-25 22:59:39,This is a Muslim app that should not display advertisements for naked women,
e8c62de6-028e-4695-93e0-6eda04626dc6,Muslim Pro: Quran Athan Prayer,1,2024-02-21 19:16:54,"I've using it for a couple years and in the recent time, It's starting to feel like a different app. The app it once was is now lost forever. And the by the way, the ads are not what you call islamic. Some has non hijabi women, some has music. Astagfirullah, guys. What is this?",
38873c3e-ab99-438d-9578-4536b4d0a1d6,Muslim Pro: Quran Athan Prayer,1,2024-02-18 12:48:29,"This app is no longer suitable to be associated with Islam. The app has ads that are not conducive to Islam. For every time you click on a different section/topic, an ad plays. There are ads from TikTok that's revealing of women features. In 2020, this app was appreciated. In 2024, this app is a disgrace. I can't recommend this app for any Muslim who has dignity and adheres to the tenets of Islam. Instead of having ads that's informative about Islam, the ads are geared towards entertainment.",
be10b9c5-ab8c-4c32-87f3-76d7d61f7f15,Muslim Pro: Quran Athan Prayer,1,2024-02-11 13:41:12,"This app is useful, but the advert is a very bad sexy woman without clothes showing and is unproperate.",
868c12cd-6c66-4d3b-bad7-5bcb5881fd6b,Muslim Pro: Quran Athan Prayer,5,2024-02-11 04:05:29,A very good for brothers and sisters in islam but annoying ads,
1de240da-34ff-41f6-a81b-cc84a21c1aeb,Muslim Pro: Quran Athan Prayer,3,2024-02-08 08:05:45,*URGENT* I saw an ad showing a woman in a bikini. looked like it was from a sponsor called Mexican Vacation. I can send you the screenshot I saved for reference if you'd like to see are these the type of Ads you allow to run on such a platform or has there been a mistake? will someone be looking into this in the future or is that the norm. I gave 3 stars instead of 1 only because although I'm bombarded with Ads I do seldom use the app for its daily verse section.,
bfec13d9-f0e0-499c-ac01-ee66f6a08c82,Muslim Pro: Quran Athan Prayer,5,2024-02-02 03:27:57,"I accepted Islam and took my shadada 6 months ago. It has been the best decision I ever made. When I realized what it truly entailed to be a Muslim woman,I was like where am I going to start, especially being the only Muslim in my family. Muslim Pro app gave me everything I needed and more!!! I love everything about this app and alhamdulillah for creating something so blessed and amazing to all the mustaqunn. I'm pretty sure I miss spelled that but y'all know what I mean!! Lol Salaam Y'all!!",
fc79e887-4374-4467-953c-5c335ea80bed,Muslim Pro: Quran Athan Prayer,5,2024-02-01 23:26:54,"MashaALLAH...is the MOST valueable Apps in my Device... an EXCELLENT app. May Allah Showers His BLESSINGS & FAVOURS upon you all there. MashaALLAH !! MashaALLAH !!! Your newly IMPROVED app is So GOOD. I really LOVE it. It's Marvelous & Fantastic. If possible, introduce LIVE weekly FRIDAY prayer from MASJID AL-HARAM session in the QALBOX. We are Anxiously waiting for 1445 (2024) FASTING period. Hope we will see new features in the QALBOX.",
e273c117-e466-4490-a4d0-edb90f735c23,Muslim Pro: Quran Athan Prayer,2,2024-01-13 11:05:32,"It was a very good app, however the advertisements have become unacceptable! Everytime I open the app, it shows advertisements of AI women and such filthy explicit things! I understand advertisements help fund the app, but at least be cautious of what you're advertising on an Islamic app! Where we read Quran and do Tasbeeh and check our Salah times! Perhaps you were unaware of this, but you must be more careful in the future, and I expect these disgusting advertisements to be taken down.",
e4f4bbff-ab0e-45d8-822c-972a43fec412,Muslim Pro: Quran Athan Prayer,5,2024-01-11 02:42:40,Black men and sister talking,
4b4d5d5f-ca2e-4dc2-b61b-50897d182ea6,Muslim Pro: Quran Athan Prayer,1,2024-01-10 19:40:05,25 second ads before you can quickly check the timing. Clunkier navigation over the years and pushing a video service from a sister company. Not to mention location sharing with other companies in the past,
06da31c9-ec84-4c10-ad0b-ed4856aaca7b,Muslim Pro: Quran Athan Prayer,5,2024-01-08 23:18:21,"Assalamualaikum, I don't know who is createater of this app. While creating this app you thought will be you are helping the people's to learn more about Islam. But now a days there are many add comming in the app and most of them are haram adds. Please don't do this. If you want to earn money from add please filter the adds and the publish it. There are many Muslim brothers and sisters who want to develop their business through add make contact with them post their adds in your app.",
466e6685-1056-468c-ad89-32b183ce6ef2,Muslim Pro: Quran Athan Prayer,1,2024-01-06 21:33:04,"Worst app. It shows half nacked women, music and many H: a :ram things in it. Better use Athan apps",
f019ac2a-dbde-4029-83ea-56f56f354d10,Muslim Pro: Quran Athan Prayer,5,2024-01-04 19:32:18,The best app for my Muslim Brother's and sisters,
6f0ba43c-c435-40a5-b22a-ca01d7477c6d,Muslim Pro: Quran Athan Prayer,1,2024-01-01 11:39:01,Too much inappropriate ads ( woman in ads that you can see their nake brests and gambling ads) you open the apps for pray time or reading quran. Seriously! You guys should be ashamed from making money in such way.,
3ba1faaf-1746-4a05-8699-619ae6dcca66,Muslim Pro: Quran Athan Prayer,1,2023-12-27 17:56:25,"What happened to this application? I used to use it for a long time, and I have paid to avoid the ads. However, now I am encountering them again. I DO NOT WANT YOUR QUALBOX. I installed the app and paid for it TO PRAY ON TIME and TO READ the Quran. Now the ads are appearing again. My 1) settings for Athan, 2) praying track, 3) my fasting calendar are resetting almost every single day. I reached out to tech support, but NOBODY SEEMS TO CARE. Brothers and sisters, I want to make you aware.",
39048580-f500-41d5-a103-2386ab5a1ca9,Muslim Pro: Quran Athan Prayer,5,2023-12-23 00:16:53,I love this app it'll make us be closer to our Deen inshAllah would recommend to all my Muslim brothers and sisters :),
0b13c164-fa82-4a95-b8ee-50286e6d5113,Muslim Pro: Quran Athan Prayer,1,2023-12-10 17:44:16,"Imagine seeing betting adverts, bunch of half naked women popping up on my screen every second. Too bad.",
ad013b51-90b1-4b64-b3f9-330bca843823,Muslim Pro: Quran Athan Prayer,3,2023-12-09 08:13:51,The Qolbox sometimes does not contain Sunnah . It shows women's aurat (private parts) eg. Hair.,
31b80321-97fa-4174-8544-63751e996726,Muslim Pro: Quran Athan Prayer,1,2023-12-04 21:41:39,"Would give 0 if I could, can't get to anything without lots of adverts for random things and then it crashes you you have to go through the cycle again",
4a96393c-ce51-4bd6-89d4-fa60430b5eeb,Muslim Pro: Quran Athan Prayer,5,2023-11-25 01:32:57,Greatest Allahuakbar All I ever want is for people too get along love one another Allah knows my I love Islam I love all creation ameen Sisters and brothers stay strong and I pray that everyone may be guided to Islam Allah the greatest I love humanity and mankind please always care for one another I pray that all of us be happy I cry alot because of wats going on in the world today Allah understands us love all humanity and mankind,
bba58aa0-0c89-406f-85a5-1511009d4ec4,Muslim Pro: Quran Athan Prayer,3,2023-11-14 11:20:21,as an Islamic app You shouldn't contribute in spreading Haram through advertising music and women with no hijab.,
1840c8ce-42ce-4fc5-9e93-3189b4004766,Muslim Pro: Quran Athan Prayer,1,2023-11-06 04:18:16,"They show ads of half naked women, astagfirullah. Totally commercial now a days, also added qalbox and lots of unnecessary and unwanted features, as a practicing muslim living in usa i just want an adfree simple athan and qibla direction..not a Netflix.",
6feb9b28-268b-48ca-a0cd-46ff0b25a177,Muslim Pro: Quran Athan Prayer,3,2023-11-03 00:04:14,"Assalamu walaikum! I used this app, because one sister recommend it to be a good app for praying... But one day I opened discussion about this kind of app on one WhatsApp group and another sister record it to me another app what she's using saying that it's very good. I downloaded that app too, and guess what : time for praying had a pretty big differences,about 30min early between some prayers and 15min after others... That sister download it this app too and same happen it...",
58c8407d-d084-40a7-955f-071f9a777ade,Muslim Pro: Quran Athan Prayer,1,2023-10-06 06:16:59,"This is a jewish producted islamic app only to STEAL muslim ummahs private data, to use it AGAINST us, to sale these to others and later do HARM to us. used to love it but Why would we let them do it? rather we should have our own secured app. Please muslim brothers and sisters switch to other apps ASAP. Rabbi inni lima amzhalta illaiya min khaireen fakin.Rabbi inni maglubun fantasir!",
9c9e0c46-5a5a-440b-a7b9-8bdb4259c121,Muslim Pro: Quran Athan Prayer,5,2023-10-05 19:18:52,"It's amazing that our team of IT has such heart to spread the words of Allah. May the effort of our brothers and sisters continue to bless each and every one To our developer, please help me resolve the (Error Code: 8) as stated: An error occurred while connecting to the Google Play Store. Thanks",
320086b5-bd6d-4a0e-b226-c37e276513c4,Muslim Pro: Quran Athan Prayer,1,2023-10-03 04:03:35,"Muslim Pro is an apps for Muslims, rite ? How come your in apps Qalbox promo showing women exposing their ""Aurat"" ? what were you guys thinking ????? ittaqillah !",
fa8e73bc-2871-4803-a3c4-cc413ec4179e,Muslim Pro: Quran Athan Prayer,1,2023-10-02 21:14:22,"Has women pictures, not suitable for muslims",
428814ea-a221-42e2-b4a5-83b6476b8d9b,Muslim Pro: Quran Athan Prayer,1,2023-10-02 12:55:50,"Sadly greed got the best of this company. Pro Version became just a gimmick since the September 2023 update. They removed all the benefits, even the ads are back. To get the new pro version, called Premium, you need to subscribe to a monthly or yearly fee. We just got scammed off of our pro rights (ad free...) through the backdoor Brothers and sisters. You can find it in the ""What's new"" in the update list. This company just disgusts me to the bones.",
69f36956-974f-47d9-bd52-b1304804fb51,Muslim Pro: Quran Athan Prayer,4,2023-10-02 06:03:19,Very helpful app. But please I ask you to check the type of ads you're posting because sometimes they are ads that has women with improper and unislamic dressing and I just came over an ad that has a woman with bikini and a man holding her and that's not very Islamic to post. So please check your ads attentively before posting.,
b94e669c-f1a1-460f-bf5a-7c77670d2e14,Muslim Pro: Quran Athan Prayer,1,2023-09-25 11:59:02,"INAPPROPRIATE WOMEN, MUSIC, GAMBLING & ALCOHOL IN ADS! I was enjoying this app even with the ads because I'm a revert still learning basics. Usually the ads are just for Qualbox or a random game. However, I just got an ad for DRAFT KINGS with music at 4:45 am as I set my intentions for Ramadan tomorrow. I hate to leave negative feedback, but this needs to be addressed for the sake of our Ummah! EDIT: 9/25 & STILL HAS NOT BEEN RESOLVED - now seeing ads with indecently dressed women! DELETED!!",
928e2614-969a-465a-82bd-48ddf8f0675e,Muslim Pro: Quran Athan Prayer,1,2023-09-24 22:13:30,How is this a islamic app? There's music and non covered women. Please change it. Waisted potential tbh.,
30e6aa87-d643-49ee-a43a-bcfef02c9977,Muslim Pro: Quran Athan Prayer,1,2023-09-17 21:40:37,Why there is ad showing in premium accounts??? That too unwanted ads? Quran App is showing film/series ads with woman in moders dress. Hats off to developers,
ec163f83-307c-40af-8b8f-cdf4a50dfa90,Muslim Pro: Quran Athan Prayer,4,2023-09-13 08:21:59,I love this app the only thing I would suggest is a pink section for ladies. TheAthan app has this and so I keep both apps. Do that I can track the week I am unable to pray and go to the Masjid. It also helps helpful tips for women. If they added that it would have been a 5 stat.,
c360cc38-aa80-468f-a902-c26eb6657144,Muslim Pro: Quran Athan Prayer,5,2023-09-11 17:18:09,"One of the first apps of its kind; thank you so much to the team for making it easy for us to practice our deen. All the features that a free version has are absolutely amazing, I cannot imagine the rewards you will insha Allah be getting from the most High. Thank you and may Allah swt bless you all in this life and the next. Your sister A.",
f1a5f208-81dd-495c-ac39-83f91240b870,Muslim Pro: Quran Athan Prayer,3,2023-09-10 17:54:48,i understand the ads purpose but why is there girls that does not have their aurat covered ads on the app?,
5bc73847-3e3e-46e1-a5d3-81cdb3afa751,Muslim Pro: Quran Athan Prayer,5,2023-09-08 12:27:48,"May Allah bless you all who worked on this app. I wrote the above review 8 years ago. And am still so grateful for finding Muslim Pro. I has been a lifesaver during my darkness hour. It has helped me not only become a better Muslim but also a better Mother, daughter, sister and friend. At time is had nothing but my faith to hold on to. I would open this app and read the beautiful words of the Almighty Allah and find comfort. I ask that the Almighty Allah bless all our Brothers and Sisters.",
eca1fbda-c565-421c-93a3-ea448fd78dc9,Muslim Pro: Quran Athan Prayer,5,2023-09-03 05:21:35,"It's a very good app,, I'll recommend it to all my fellow Muslim brothers & sisters to use this,,, all the features of this app is commendable. It has tasbih, greetings massagee, duas , pray tracking, Quran translation & many more .",
dbb913e4-67b0-45b8-8dff-4417b3d38a83,Muslim Pro: Quran Athan Prayer,2,2023-09-03 03:35:01,I used to like this app. When I first downloaded it in 2018 eversince then it helped me keep track on my prayers and my fasting. But now it's lost ALL my data I even forgot how many days of fasting I missed because I am a woman with an irregular cycle. I relied on this app to help me track my prayers and fasts now it has lost data even with the same login profile I've always used. What happened? I had to uninstall it and find another app.,
1723a241-c05c-479c-92d0-cff0481c95e3,Muslim Pro: Quran Athan Prayer,5,2023-09-02 11:37:20,"Assalamualaikum wa rahmatullahi wa barakatuhu, brothers and sisters, The app is indeed full of wonders but there are some of us that do not have the means to subscribe. Please help those who don't have the means to subscribe, for example,me. Thank you all who worked on this app,may Allah reward you with mercy and give you Jannah,Ameen. May Allah bless all the Muslims insha'Allah Assalamualaikum wa rahmatullahi wa barakatuhu",
da55c4da-cca1-486a-a052-a088bf96970b,Muslim Pro: Quran Athan Prayer,5,2023-08-29 06:29:36,"Is the app working well? There's seems to be intermittent periods where no Azan notifications during Azan. Tried delete app, reinstalling it, restart my phone but to no avail. Please look into it, thanks",
13ba6375-0dfa-4e3b-9f64-61c2d9ed5105,Muslim Pro: Quran Athan Prayer,1,2023-08-19 22:57:48,It was really nice before it started prioritising qualbox than prayers. Why do you think playing football is the way to freedom for women? Is it the way of islamic thinking? May Allah guide us to the STRAIGHT path.,
c3cc108d-c17e-4f62-8b1b-80263b858901,Muslim Pro: Quran Athan Prayer,5,2023-08-19 16:33:04,Asalam alikum warhamtullahi wabarakatuh brothers and sisters. I'm a proud revert muslim and this app help me a lot. Subhannallah alhamdullilah for everything. Thanks and credit to those who made this kind of App may allah ( swt ) guide and bless us always.,
9bf95702-5727-4664-8a17-d62b3da5500e,Muslim Pro: Quran Athan Prayer,5,2023-08-18 06:55:17,Helps me sleep and keeps me updated on my suras dowas and all that other good stuff I PROMSIE U BROTHERS AMD SISTER U NEED THIS IN UR LIFE IT MAKES U FEEL CLOSER TO ALLAH May Allah bless u mashalla to this all,
89e992a6-62af-4513-9ff5-dbe4833a425b,Muslim Pro: Quran Athan Prayer,1,2023-08-16 15:21:07,"nudity adds on islammic app, I was in wazu and going to recie Sura e Yaseen and when I open the app it shows and add of something phone tracker in whcih it shows a women in under garments, who the hell is aproving these kind of adds on an Islamic app",
d74cb731-6d19-4da3-8538-b891bd5458b8,Muslim Pro: Quran Athan Prayer,1,2023-08-14 11:05:13,This app is supposed to help fellow muslim brothers and sisters and make their life easier Subhanallah but instead the greed of putting ads everywhere makes this a horrible experience. I put the prayer widget on my phone's screen because I thought this would finally help me pray 5 times a day consistently but even this feature is blocked as you can only see 3 out of 5 prayers and forces you to open the app to view the prayer times for the other 2. The ads also inappropriate... tiktok? Seriously?,
81d2b776-cf59-4311-90ed-c407762c7999,Muslim Pro: Quran Athan Prayer,1,2023-08-13 15:16:37,"Respected team members, Why there are series where there are women and for what I recaol music was also there(if I am not wrong) As muslims we should abide by Quran and sunnah.This is something really disgusting, if you guys are doing it for the sake of dawah then I ask you were in Islam we find that women moved out without hijab displaying their beauty giving dawah.This is not Islam. I don't want to be rude but just warning you to fear Allah. May Allah bless you all.",
28d94f4e-2b45-4b6b-a58f-3d86d97ef325,Muslim Pro: Quran Athan Prayer,1,2023-08-04 06:50:03,"I am using this app from very long period it's mind blowing but now I further explore it , in new updates they add new feature of movie watching what's the problem it's not our Emman. Did your Emaan Allows you to keep adult picture along with Quran at one Place. May God Curse You",
3f5e0565-40c0-4aa6-9cf7-fa62bb545ce6,Muslim Pro: Quran Athan Prayer,5,2023-08-04 02:00:03,Just a great app for our Muslim brothers and sisters,
8beff9bf-08a6-455c-98aa-ce658554cf88,Muslim Pro: Quran Athan Prayer,2,2023-08-01 01:25:46,"At this point, Muslim Pro is just a failure and a joke among many. I love my Muslim brothers and sisters for the sake of Allah SWT, and I love the ones who made Muslim Pro. That's why I want to advise them on this matter. The amount of ads on the free version is extremely dense and contains MANY haram ads including gambling aps, 'awrah, and more. It's FAR past the point of usibility of the app. I do NOT recommend using this app. There are better apps out there and the one I use is Salam App.",
626ca22e-97fa-4367-ad65-23c7415c1969,Muslim Pro: Quran Athan Prayer,5,2023-07-27 17:37:53,"Masha Allah! Very good Islamic mobile app. Helpful in many ways. Good to have prayer times and Quran in your pocket. Awesome work Muslim pro team!! Keep the good work up, may Allah s.w.t bless you and all my brothers and sisters in the world. Ameen",
870d8920-4a4a-4a35-922d-a774413ee2ac,Muslim Pro: Quran Athan Prayer,1,2023-07-21 02:26:08,"There are disgusting ads in the application ( a woman with nearly naked body). I don't say you shouldn't have any ads at all, but you have to think carefully about which ads you put in this ""Muslim"" app. Uninstall immediately. Shameful !",
b03eee91-3c9d-4af9-a321-ec4380551e42,Muslim Pro: Quran Athan Prayer,1,2023-07-15 09:15:52,"Dear developers I extremely disappointed by the translators voice, that a AI generated female voice and you have mentioned the voice of Ahmed Ali, Muhammad Ahmed, and other persons. I don't know you added it by mistake or intentionally. But it's really annoying. Remove and let me know on email, I'll buy the premium version because I need the features.",
48a548ef-e93b-4521-b77b-fd18a049a757,Muslim Pro: Quran Athan Prayer,5,2023-07-06 08:17:09,"Great app very convenient for the Umma to follow and be reminded for prayer with variety of different types of 'call to prayer ' Azaans Mashallah beautiful heart touching Azaans (call to prayer) keep track of your Sabak allows you to make Khatam upon completion of the Qur'aan Qareem. Amazing Islamic Videos of different types of topics including Nabi Paak's Seerah and the lifestyles of the very blessed Sahaaba Kareem. Brothers and sisters in Islam please subscribe, keep me in yr Duaas, Rafiq",
5f4e0b8f-88d4-4845-9bc1-a0701b2b22af,Muslim Pro: Quran Athan Prayer,1,2023-06-29 10:48:39,"Jazakallahu bil jannat,to those our Muslim brother's and sisters taken parts in these great work of Muslim pro:may Allah almighty grants them jannatul Firdaus,to me five star is too small for you",
5937918c-4c76-4be8-b3d4-e3f71b63a57d,Muslim Pro: Quran Athan Prayer,1,2023-06-28 13:58:07,"Edit: it's not only about adds, yes the adds are frustrating. But do you even know which adds are shown on the app? Adds for dating websites and apps, in which women wear clothes fitting to the publicity of that app. I hope you change it soon.",
5c0ebd35-204b-4952-9c36-9ccd52adffd3,Muslim Pro: Quran Athan Prayer,5,2023-06-27 20:30:23,Assalam wa alaikum! Brothers and sisters it's a very useful app for every Muslim and I honestly recommend to have everyone. As if I have not subscribed it yet but it's really very much useful for me.,
b93015ae-a53d-4aa5-9bcc-4374fa431d7f,Muslim Pro: Quran Athan Prayer,5,2023-06-27 08:02:00,Just perfect for Muslim brothers and sisters out there...,
82a4e97a-f6bf-46fe-b36b-26004f2f9f3f,Muslim Pro: Quran Athan Prayer,2,2023-06-24 23:53:30,"Assalamu alaykum warahmatullahi wabarakatu. My dear brothers and sisters at Muslim Pro, I have been using your app for so long and wallahi it was the best Islamic app out there. However, I have recently had uninstall and install it again and the new version is really hard to use and compared to the old version not good at all. There are too many any necessary notifications, & sometimes the salah notificationand the old interface was way better and more user friendly. May Allah reward you",
4c4368a4-a1c5-4f08-a1ef-b044888936a9,Muslim Pro: Quran Athan Prayer,5,2023-06-18 01:59:43,"beautiful app made for a beautiful religion. I'm really thankful towards the makers, creators & publishers of this app as it has guided me a lot. Many different features in this app especially the qiblat locator as it comes in handy when I lose track of the qiblat especially at overseas. gladly recommend to any fellow Muslim brother/sister.",
32b26dca-5e7b-40f1-8f2b-6da2576f09e4,Muslim Pro: Quran Athan Prayer,1,2023-06-13 07:07:45,"Terrible, while using this app came haram advertisement (a women wrongly dressed for a dating site). Fear Allah with the fitna you spreading among Muslims. For each haram advertisement shown in your app, you all going to be responsible in judgment day . AstagfirAllah.",
a95f2255-4960-4565-8f6d-88968532d051,Muslim Pro: Quran Athan Prayer,1,2023-06-10 04:00:10,"This is a good apps, but why the advertisement? There is poker advertisement, women without hijab, forex trading etc which is against islamic teaching. The team do a great jobs in developing the apps but ruining its truest purpose of providing quran's verses for many people around the world. Quite a shame.",
f67129bd-7788-4c23-b59a-765457bd89e4,Muslim Pro: Quran Athan Prayer,3,2023-05-24 23:16:45,"Great app ! But about the prayer streak, why don't you mention women and their periods in the FAQ or at least something for them so they don't lose their streak ? This is unfair for them. Please make an update about this so they don't lose their streaks because they have their menstruations",
714f7315-112a-4eff-b681-383d91586dcc,Muslim Pro: Quran Athan Prayer,3,2023-05-23 01:37:45,I thought this app was made to bring people closer to ALLAH but then the ads i saw while using the app made me questions your intentions? Some of the ads like Azar are being advertised by women almost half naked. So tell me how does that help us to lower our gaze? Don't choose money over you Creator ! I've warned you and In Sha Allah i shall testify against you when the time comes! Apart from that the App is great!,
3ebf22d5-fd42-40c4-834b-e7a624e54081,Muslim Pro: Quran Athan Prayer,1,2023-05-20 18:20:17,I saw ads with naked women when i was reading dua,
93550afe-60ca-4a0d-a13f-0f5398718240,Muslim Pro: Quran Athan Prayer,5,2023-05-19 14:59:26,The app is great but the ads in between about the some dating app making it worse..the ads have some animated exposable women's and men's which lead to breaking a wudhu. Kindly work on it,
3d1af85a-ab28-4996-9dcc-a03f9f9aa5af,Muslim Pro: Quran Athan Prayer,1,2023-05-19 11:15:12,"Very useful application! Edited: I've been using this application for years even before I gv my 1st review. Recently I'm quite disappointed and annoyed with too many irrelevant Ads. I can understand the benefit of Ads as one source of funding for the developer. However, opening Al-Quran inside the mosque with a pop ups Ads. showing a woman with inappropriate clothes is really embarrassing.",
d36b7380-e358-4549-9d85-f44d6ec8e04a,Muslim Pro: Quran Athan Prayer,1,2023-05-17 22:33:34,Plzz do something about ad it's Islamic app but ad shows sometimes half naked body of women,
87ca4641-6794-40f5-bb09-c88b547fc8f9,Muslim Pro: Quran Athan Prayer,5,2023-05-13 22:07:47,Bismillahirahman nirrahim. Allahuma soli alla Syaidina Muhammad. Alhamdulillah.. may Allah granted to all administration and founder's team jannah. You guyz really helpful our brothers and sisters out here.. if you needed volunteer I'll be always ready Lillahitaallah.,
1e6c092f-6213-41df-bdd0-daff16928c23,Muslim Pro: Quran Athan Prayer,1,2023-05-06 10:16:16,I do not understand why we receive this kind of advertising in an application of Muslim religion with the Word of Allah in it. It is a lack of respect for Allah and it is a lack of respect for the Muslim religion. a half-naked woman. I've had this ad several times. Why???? This world is sick it's all about money. I have the screenshot as proof. I am really disappointed.,
0e706844-e851-4cbe-a1b4-7d98aa46ea06,Muslim Pro: Quran Athan Prayer,1,2023-05-02 00:27:26,"Your Ads literally have women dancing in tight clothes, I got and Sugo ad.. You are advertising Sugo! The app full of immodesty and disgusting acts..! On a MUSLIM APP. You are literally out of your mind. I'm deleting and I suggest whoever reads this do the same, clearly they are not learning from their mistakes and just playing dumb. Find another app my Muslim brothers.",
dab72029-8298-439f-9c67-6d9394e1fd97,Muslim Pro: Quran Athan Prayer,4,2023-05-01 11:53:06,Alhamdulillah it's wonderful and recommended to all Muslim brother's and sisters in Islam,
16b6e54f-3ca4-43e1-8b32-8b0ee9c3da16,Muslim Pro: Quran Athan Prayer,3,2023-04-29 11:33:41,"The app is great it has everything a Muslim needs. However, the ads are very annoying and sometimes offensive, playing music and showing half naked women. I hope the devs adress that and only allow ads that don't conflict with Islamic teachings.",
869bb0ea-f199-42ce-9aa9-6d53c008f7e6,Muslim Pro: Quran Athan Prayer,1,2023-04-13 00:08:47,APP WITH BUNCH OF ADDS. BROTHERS AND SISTERS DONT DOWNLOAD THIS APP DOWNLOAD INSTEAD ANOTHER APP WITHOUT ADDS!!!!!! INSHALLAH I SEE YOU IN JANNAH.,
81ce1862-69b3-478b-9b52-76a9b264529e,Muslim Pro: Quran Athan Prayer,1,2023-04-12 04:54:04,Sister from Sweden here! I'm saddened just found out in the month of Ramadan after using the app for a long time that by large the prayer timings are false! :( Today alone the difference in the correct and app Fajr time is more than 20 mins! Every other app has managed to publish the exact or close timings... Recommend against MuslimPro unless they make an active and clear effort to make amends and fulfill their mission.,
1ee28c1c-2403-47cb-98ee-ce2113cc78ce,Muslim Pro: Quran Athan Prayer,1,2023-04-09 23:15:22,There is huge deffrent between Fajr and imsak 30min don't use this app Muslims Brothers and sisters,
a3ebe9dc-bb9f-42e3-bb84-bf66715aa801,Muslim Pro: Quran Athan Prayer,1,2023-04-06 11:49:00,"Not recommended, as this app mixes halal and haram, and shows things (haram ads with music and women without abaya; films that contains music, free mixing with men and women) that are clearly prohibited in islam. There are so many alternatives available without ads! For example: Al-Quran by GreenTech, Dhikr & Dua by Life with Allah",
a45f97f6-0159-4aa7-9397-8b8b36041f3c,Muslim Pro: Quran Athan Prayer,1,2023-04-05 19:13:39,Why this app has hookup ads and shows female baked body,
e388ae97-1320-424c-8878-78c398d03268,Muslim Pro: Quran Athan Prayer,5,2023-04-01 05:59:17,Thanks for this useful app for every situation. Need effective search engines for Duas & Suras. Please remove those adds which contains women or girls.,
b374596c-2af9-4f06-bbfb-5fa3c2649f66,Muslim Pro: Quran Athan Prayer,1,2023-03-31 15:14:35,"Too many ads! Some ads don't go with Islamic belief. Difficult to protect the eyes from such women appear on the ads. Some ads cannot be expected and accepted in Islam. For example, half naked models. The Developer should work carefully",
300c3b2f-85fc-4eaa-ac8a-bbc56856add1,Muslim Pro: Quran Athan Prayer,2,2023-03-27 06:32:10,The app is great. The problem is with ads. Whenever i try to navigate back to home page an ad pops up. The only problem is that the ads are irrelevant and contain music & images of women with improper clothings. Also the ads are related to betting stuf.,
438aa125-cbe1-4b9d-9d71-da36fa82bbae,Muslim Pro: Quran Athan Prayer,5,2023-03-25 13:39:59,Musha'allah very organized app! Jzk Allah Kheyrun brothers & sisters for working this app well. Alhumdullilah,
2c11637a-57db-4049-8351-a8a8bf95d9eb,Muslim Pro: Quran Athan Prayer,1,2023-03-24 05:01:01,"Updated Ramadan 2023. No changes have been made to fix these issues, they are still persisting, shame on the developer of this app for allowing filth on an Islamic app. Very disgusted with the content of advertisements. I've up till now only used the app for its prayer time feature but am now bombarded with advertisements with gambling ads and half naked women. Would not recommend this, will be using my local Mosque's prayer calendar from now on.",
7e4938d7-01d5-4539-afa9-8b154e1449f4,Muslim Pro: Quran Athan Prayer,3,2023-03-23 07:39:43,Everything is good except the ads. While reciting Quran I'm getting some adult dating app ads with women in it. Do you think it's ok allow ads like this?,
3882b8dc-b175-4015-96af-949e51d83a62,Muslim Pro: Quran Athan Prayer,3,2023-03-23 06:09:00,I really like this app but recently they made it partially non Islamic. There is a section to watch movie etc where some are Islamic and some have women with non hijab etc which is really sad to see. Watching movies even hijab women is not always halal as the story could be made up which makes you waste your time watching a lie. The adds sometime comes very non Islamic as well. I hope and pray all the non Islamic contents gets taken away as this app was doing good without it before Alhamdulillah,
5b8abfad-1db5-4483-b91c-aa9ec6d314b0,Muslim Pro: Quran Athan Prayer,1,2023-03-22 14:46:36,Control the ads. Some ads contain music and women images.,
df4ccdbd-10f4-453f-b057-5f78b1b4465c,Muslim Pro: Quran Athan Prayer,1,2023-03-21 21:45:53,"The app is full of adds and some is for lingerie , imagine Islamic app with ads to naked woman ,!!!! Is unrespectful",
275f77bc-e32d-4593-9172-76e988622024,Muslim Pro: Quran Athan Prayer,1,2023-03-13 19:45:33,"I don't like the qualbox I'll soon uninstall this app. Islam prohibits from telling fake stories(you are doing on the name of motivation centred films)and the women without hijab or without appropriate hijabs. And beside ths once i also have came across a da'if hadith. Brother, i suggest you to improve and make this app Islamic as according to Qur'an and Hadith. Your good deeds will pave your way to Jannah otherwise you know what will happen. But pls don't divert or misguide muslims. It's a sin.",
182352a7-1abe-4d51-88f0-9cdcdfd8fb57,Muslim Pro: Quran Athan Prayer,5,2023-03-11 11:22:52,"It's the best app but I believe you should make the app more accommodating to the ladies, like the prayer count, we all miss prayers during our monthly cycle. You guys should include that feature for the ladies so that we won't feel bad while counting our prayers",
8ace11cf-de5a-470f-884d-3ca9a610ebf2,Muslim Pro: Quran Athan Prayer,2,2023-03-10 12:52:37,"very useful, but Qalbox has many not good film like : about Muslim Woman with man who has different religion, etc etc. So this is not a good content. From 5 to 3 because the update. Remove Qalbox, and i will give back to 5 stars . Down to 2 because no action to what i concern about.",
f1e88e41-59f7-47ee-805b-8a9fd3f6b34a,Muslim Pro: Quran Athan Prayer,3,2023-03-09 17:18:49,"It is very sad to express that sometimes some ads are shown in this app, which are very visual and show pictures of different women. I would request the developers to decide to stop these sighted ads soon.",
77bf3222-2873-4c85-837a-b20de5102541,Muslim Pro: Quran Athan Prayer,5,2023-02-23 05:24:54,"Salam, i find this app very useful as a muslim, but when i have periods (sometimes) i dont know how i will turn off the adhan because i cant pray..",
bcac0fcd-f543-4424-9c77-3084397f30e1,Muslim Pro: Quran Athan Prayer,1,2023-02-21 00:56:47,You have ads of women in their underwear on a Muslim app. WHAT IS WRONG WITH YOU! Very unacceptable will be deleting this app full on. Muslims do not use this app it's haram.,
d899562b-0947-48af-9373-b150439d8960,Muslim Pro: Quran Athan Prayer,1,2023-02-20 08:46:10,"spare me your god damn stinking hypocrisy, PERIOD...",
06bb5ec0-10d9-4e47-9347-852327727cb0,Muslim Pro: Quran Athan Prayer,1,2023-01-29 16:11:52,"The Message is an epic period film that chronicles the life of Prophet Muhammad. It serves as an introduction to early Islamic history and depicts the true spirit of Islam told through the perspective of the prophet's uncle Hamza ibn Abdul-Muttalib and adopted son Zayd. Shockingly, all castes in the film seems to be non muslims . The Cast are: Anthony Quinn, IrenePapas, Michael Ansara.They might be Christians or Jews. So with this I come on a conclusion that Muslim Pro is anti Muslim App.",
92300ec3-f364-442c-a7ba-aa17e6d971ef,Muslim Pro: Quran Athan Prayer,5,2023-01-28 12:48:04,"Assalamualaikum to all brothers and sisters out there, subhanallah may Allah swt bless each and every person working behind this app, this app is one of the best muslim apps I've used so far and subhanallah it has helped me sooo much with my prayers,tasbih and also it has these amazing articles through which I've gotten to know soo much about our prophets and our lord (Allah). This app surely is the best choice for all.",
a5ae16a8-e009-48fe-9b8b-637f4ec3a271,Muslim Pro: Quran Athan Prayer,2,2023-01-27 22:40:15,Alhamdulillah. This used to be very good app in the initial stage. At present the Qalbox features are very annoying. There are the offer to watch videos of Ladies without Hijab and not fully maintaining the modesty and chastity as per the rule of Qur'an. There is also videos of free mixing between male and female which is also not permitted as per Shariah. Previously I gave 5star but I'm really sorry I had to take away 3 stars for this misleading features.,
717c6e1c-4cac-444c-a3c6-c78f86bdbaad,Muslim Pro: Quran Athan Prayer,2,2023-01-23 00:05:58,"This app works well however an advertisement came up showing women wearing provocative clothing, which should not be shown on an app such as this.",
7384bb41-caf1-4d88-b6cd-6b4180c2dda6,Muslim Pro: Quran Athan Prayer,1,2023-01-18 20:37:37,"You are playing around with allahs deen , promoting women with their legs open , promoting tictok and these worthless app don't mess about with islam , this is no joke I am aware millions use it , still dosnt make a right, I have unistalled !",
55260f38-9f35-4c0f-95a7-43ffb74b51a7,Muslim Pro: Quran Athan Prayer,4,2023-01-17 18:45:49,"I really like the app, but I think that as a woman I should able to have the option of keeping my prayer streak, like there should be a option of selecting the days I menstruate and those day would not count as days missing. Because once I have my period I can't pray anymore and that affects my streak. Other than that the app is beautiful machalla",
5919ea0a-f973-4eb8-a5ce-0a4fa82b5c5c,Muslim Pro: Quran Athan Prayer,1,2023-01-09 22:22:35,They are advertising for SHEIN where half-naked women's picture pops up!,
505fdd06-e9b7-45fa-921c-e0a049a397c6,Muslim Pro: Quran Athan Prayer,5,2023-01-02 15:57:59,As salamu alaikum Brother/ Sister. Surah Al-Baqarah the word believe is missing some letters. May Allah forgives the error.,
1669e164-5642-463f-b0b4-8f1fa251b0f5,Muslim Pro: Quran Athan Prayer,1,2022-12-19 18:33:00,Why add women photos ??? Before was good now spreading fitnah Shameful for Muslim pro developer......,
77b37082-adc2-4553-b65e-f9fb6dc41525,Muslim Pro: Quran Athan Prayer,4,2022-12-17 11:47:18,"Āssálàhm Àllaíkùhm Brothers and sisters in Islam: Muslilm Pro by Bitsmedia is a worthy app and is easily known by popularity. The app features an abundance of language options, making the Qûr'an accessible worldwide. (Thank the developers for this inclusion.) MP default setting provides us audio notice on each Saláh tracked by gps. This addition will be appreciated by the pious of prayer duty. Pages of the digital Qûr'an are edited in settings icons and you may choose the your book style.",
63e03c43-1522-4545-b6d4-efaae06c411f,Muslim Pro: Quran Athan Prayer,1,2022-12-14 18:04:44,It's bad because they are displaying women under Qolox. Fitnah everywhere. Even this Qolbox forcing me to watch haram movies pics videos etc.,
b2bbd9d9-d30d-45ae-961e-1a9176f41a68,Muslim Pro: Quran Athan Prayer,1,2022-12-10 10:15:22,"Not about the app,but please refrain from putting female pictures on the Muslim pro",
7598a843-fca4-4e7f-bfd9-77070c82da1e,Muslim Pro: Quran Athan Prayer,5,2022-12-09 20:07:14,I love muslim pro thank you so much from your efforts for making this beautiful community to all muslim brothers and sisters,
f2ffb5c2-b40d-4215-9b5f-58e04631c07b,Muslim Pro: Quran Athan Prayer,1,2022-12-09 17:37:10,This app has included alot of junk and dirty ads. You'll be reading quran and a naked woman will pop up,
65737a5a-39eb-4a8d-a9b9-2bd9f731a795,Muslim Pro: Quran Athan Prayer,1,2022-12-06 16:09:58,Dear Muslim brother and sister please uninstall this apps. Muslim pro dah jual data lokasi mereka pada US. Guna Babelstreet dan xmode oleh ketenteraan US(USSOCOM). Used for US military. Just becareful.,
cbeba614-0323-4525-bcdd-5ba673dd1ee6,Muslim Pro: Quran Athan Prayer,1,2022-12-01 05:24:19,App is barely working well. I was subscribed and ads were still popping up for some reason. And that's not the worst problem. The type of Ads are disrespectful because it's a Female Model showing her behind and flexing. This is haram.,
ac7b76bc-8793-4497-84c1-a638aefa0b15,Muslim Pro: Quran Athan Prayer,1,2022-11-14 18:37:18,"The fact that they display ads for dating apps with photos of women is enough for the true muslim to avoid this app. It is an evil way to get people to buy premium. I have written to them once about it and it only got worse. There are far better Qur'an apps available with all if not more features than this one, do not be fooled by the large number of downloads, it is a perfect example of corruption from popularity and greed. May Allah guide us all. Ameen.",
ac896b0b-9dd5-46f9-8f17-770170c3427c,Muslim Pro: Quran Athan Prayer,5,2022-11-10 04:01:52,I love it because i am Muslim thank you to my brothers and sister how are in there.,
f535df67-1213-42e5-b6bb-b3d96aaff904,Muslim Pro: Quran Athan Prayer,1,2022-10-30 07:37:43,Just hate their ads appearance specially while trying to open any verse or Surah... n the most disgusting thing is ad type which is really very inappropriate....i mean u want to earn money but plz fear Allah SWT for ur selection of ads specially for Holy Quran where u dont expect nudity or adult or some female personal items to show there...,
643d2ee2-208f-48c5-a91f-ea64ac535511,Muslim Pro: Quran Athan Prayer,4,2022-10-30 00:14:06,Muslim application. But there are so many ads with short dressing woman. Even some ads are from dating site.,
5a32e4bf-c9e7-422b-9bd6-a786e3c7625e,Muslim Pro: Quran Athan Prayer,5,2022-10-27 09:51:43,Extraordinary app for the Muslim brother or sister worldwide living any where on Earth. I am a devoted Muslim and you can trust me on that remark.,
db3753fc-2e99-4113-9979-cc5417eee2d4,Muslim Pro: Quran Athan Prayer,5,2022-10-26 22:31:23,"Very good app for Muslims. I personally love this app. It tells me the right time of salat,lots of Qur'an ayats and more. So i recommend to all Muslim brothers and sisters to use this app. Thanks to the developer for building a great app",
58410934-ba08-47f0-8f61-5698edd88513,Muslim Pro: Quran Athan Prayer,5,2022-10-16 11:32:40,"The App update is great. I love the new UI too but i have a huge complain. The fact that the update makes the app online only. This is not fair. This is an app used Worldwide, not every country uses free WiFi or have a stable data to make use of it at all times. The Management should've thought of all this before making it an online only. My elder sister just came to me complaining about it, however i convinced her not to uninstall it yet. Pls fix.",
a373e2a7-03da-4418-9b2f-99ece32c6d17,Muslim Pro: Quran Athan Prayer,2,2022-10-15 23:53:24,"I would first like to say that this is a really great app for Muslims to use. I find the design very neat and the app is easy to navigate around. However, there's this one issue regarding ads. There are some ads being shown which showcase major sins like shirk and free mixing with women revealing their Awrah. I would very much like the developers to monitor the ads being shown on the app and stop this from happening.",
09789fcc-654c-4909-b5ac-62dd6589088b,Muslim Pro: Quran Athan Prayer,1,2022-10-02 00:08:57,Uninstalling. Simply wanting to check prayer time NOTHING else... could bcos of the ad until its finished. Was never like this. Now im getting add with women half naked for a dating site called baddoo? REALLY!?,
1d95e474-9aea-442f-a572-e845b6e99c37,Muslim Pro: Quran Athan Prayer,1,2022-09-24 17:27:27,"This app is sooo cancer, except prayer time and Tasbih, nothing is good. Now they started Qalbox, wherein there are female actress with inappropriate head scaves. The fact that they started a series is cancer bad in itself. Also, everything is like so westernized and the staff working at muslim pro is not even muslims. Just cancer and more and more cancerous application.",
345dee7f-16d5-4c30-8b9f-0e0b1403e2a8,Muslim Pro: Quran Athan Prayer,2,2022-09-22 00:48:48,"Very disappointed with the app. The restructuring of the sections has made it so confusing, I wasnt able to locate the Qiblah compass for a while. And to top it off, constant ads which at times are quite inappropriate (I.e dating apps like Badoo with pictures of women exposing themselves in beach wear). This is not something I expect to see in a Muslim app with the Quran in! Just think how it will look if I am to introduce this to a new revert or someone considering to come to the deen. Smh",
873af201-cd8f-417f-9cf6-2de05e074c62,Muslim Pro: Quran Athan Prayer,5,2022-09-08 18:24:53,very good recommend it to all Muslim brothers and sisters,
e1d3c72d-cad2-479d-86f3-2d9e244fd8e5,Muslim Pro: Quran Athan Prayer,3,2022-09-06 05:05:04,"Good aps, but I saw women's half of her arms (bracelets area) in picture of inspiration? If I'm not mistaking. WALLAHU A'LAM",
27c27c21-8e7d-418e-bb70-bf261eadb448,Muslim Pro: Quran Athan Prayer,1,2022-09-05 08:09:32,You took away the direction of the Kaaba! You have dating apps with woman pitchers and apps to dress woman. I uninstalled,
4db0b8de-5c77-42bf-a5ed-4df30e445fec,Muslim Pro: Quran Athan Prayer,3,2022-08-31 20:40:32,"I used to like it since you add that stupid qalbox , I can not find my qibla anymore.. Ok I can find my qibla now, but too much adds with almost naked woman sailing shows, it's Muslim website..hallooo",
27284cc3-8cee-4170-b476-a309804395b9,Muslim Pro: Quran Athan Prayer,1,2022-08-26 23:32:28,"Its haram to see face of non mehram women, stupid and greedy developers of this app now including movies! Like when someone is tired after doing ebada they can pass their free time watching movies! Containing women and music? Who are you fooling here?",
988d9667-8a2c-4b7a-a4b1-d6984bf9ad06,Muslim Pro: Quran Athan Prayer,5,2022-08-18 06:07:32,I reckon this is the most helpful and well set up and easy to use Muslim related App it has helped me more into my Islamic religion and i very much appreciate it thank you brothers and sisters that responsibile for this App and it's content Salaam Alaykuum,
195fe28c-3b49-4907-9c1b-9692eb474fb3,Muslim Pro: Quran Athan Prayer,5,2022-08-15 20:48:20,"I gained a lot from it during the Ramadan period, it would have been better if the English version of Quaran is added.",
c2bfcf5e-c41b-44d5-9b80-36b45b282daa,Muslim Pro: Quran Athan Prayer,4,2022-08-14 07:56:34,Clear explanation for dua and importantly ŕeading dua for brothers and sisters who ask,
3f6b61a9-c9bb-4de5-9ebe-8cc7983093ac,Muslim Pro: Quran Athan Prayer,1,2022-08-12 02:30:47,they will show you ads of uncovered women and inappropriate products constantly. I hate this apps creators and I pray God guides them. they could use different avenues to make money instead of sinful activities.,
a4e4241b-8dbe-496d-bc53-6afd411d92e6,Muslim Pro: Quran Athan Prayer,1,2022-08-10 02:49:22,Why are you putting Badoo ads with naked women in a Muslim application. Are you serious? Show some respect to Muslim community,
e7596b67-e69e-4a7e-92cd-0306c0eb4edf,Muslim Pro: Quran Athan Prayer,1,2022-08-09 10:15:40,Not interested in qalbox. Women's football in Kabul? Series and movies? Canceled my subscription.,
00a8545e-7053-48c9-899a-f7a5f6e5494a,Muslim Pro: Quran Athan Prayer,1,2022-08-07 09:33:07,The app started well. Unfortunately now it has become a source of trial in the guise of an Islamic app especially with content featuring women and particularly with the so called 'Muslim Entertainment ' which features men and women who are non mahram and designed to keep Muslims binging on episodes. The add content is also unmoderated and most ads are leading towards fitnah. May Allah guide us all. Aameen. May the app be what it was first designed to be.,
8b92b71a-f3b3-4b96-bac5-da9f1c6b7207,Muslim Pro: Quran Athan Prayer,1,2022-08-03 04:59:51,"Plz do something abt the ads on this app. I use this app with wudu but while reading Quraan, the ads popping up contains bepardah animated and real pics of women which changes the mind to use the app for Quraan all the time. the app ws gr8 al HumdulilLaah but the ads needs to b personalized or atleast they shouldn't be shown while using the Quraan. RE: Remember u must ansr Allah fr wat u promote. I saw same Seductive and revealing Pics ads as I dwnlded it today again. Deleting this app.",
6f5ed5a8-3f54-4e54-a8c1-cbd8f3f44436,Muslim Pro: Quran Athan Prayer,4,2022-08-01 13:13:07,Amazing app ! The only small problem is showing inappropriate ads... showing me half naked women while about to read Quran....,
eb3fb0a0-8135-49a8-ad1c-58239ba95727,Muslim Pro: Quran Athan Prayer,5,2022-08-01 03:28:38,Alhamdulillah this app ia very useful to our brothers & sisters of islam,
068e2137-3280-45d3-93b3-81976ef5781a,Muslim Pro: Quran Athan Prayer,5,2022-07-30 20:52:09,This app is very helpful for all Muslim brothers and sister bcoz in this app many valuable things is present like masnoon duas and other things,
fcfa5b95-09ed-42a9-a6f8-569a7c444fd9,Muslim Pro: Quran Athan Prayer,5,2022-07-29 16:18:55,Thank you the Muslim Quran and the athan mashaahall brother and sister .,
9a403f06-92ec-413a-9639-390a646f1ddf,Muslim Pro: Quran Athan Prayer,5,2022-07-28 20:04:55,"A super app but the only problem with it is that, after downloading a quranic audio recitation, it vanishes within a period of time. Will be very glad if it's corrected so that all downloads are stored on the internal storage. Thanks",
d54f57e4-9afd-4eb6-a0cb-3cfe466777cf,Muslim Pro: Quran Athan Prayer,5,2022-07-17 11:09:55,Good for every Muslim brothers and sisters,
27c3590a-e2fb-4a09-9ce2-cddbfc6afd2d,Muslim Pro: Quran Athan Prayer,5,2022-07-14 17:01:26,"I've been using this app for like 2 years now and the feature that I love about is the track of fasting, it helped me trace back my missed fast last Ramadhan due to period so with this app, I'm able to count days that I needed to make up aside from that prayer track was nice too. I like that in one single app it comes with many beneficial features, I wish the Qibla finder works offline though. I'm having great experience with the app Jazakallahu khairan, Allah عزوجل bless y'all!",
9816f435-fb64-44ff-808c-b3e105d8438e,Muslim Pro: Quran Athan Prayer,5,2022-07-14 11:27:55,Allahu Akhbar...May Allah Give Us His Jannah and Rahmat..Love you All My brother and Sister..,
aa89eea9-2ffc-4dcc-a3c5-d8259dc325f4,Muslim Pro: Quran Athan Prayer,1,2022-07-11 10:33:34,"Asalam alaikum warahmatullahi wabarakatuh. I am going to have to Uninstall this app. You have advertisement, Hero Wars that show cartoon women in sexual positions! How can you allow this? I have witnessed this App criticized for years for inappropriate Ads and recently sharing the personal information of the subscribers. I stayed as a subscriber even after. But no more! I hope more of the ummah uninstalls this app also. The developers need to fear Allah",
878dadfc-64a9-4bcc-b979-23fc236b780b,Muslim Pro: Quran Athan Prayer,1,2022-07-11 06:29:32,"I always liked this app even though there was news that Muslim pro was caught sharing information with US I still used it but I no longer believe that it is run by proper muslims. WTH is Qalbox? They are clearly trying to deviate muslim brothers/sisters in the name of informative videos, and by putting up about muslim guys/girl. Even if the the characters in the story are muslims, IT IS STILL NOT ACCEPTABLE TO WATCH NON-MEHRAM PEOPLE and NOT ACCEPTABLE TO ENCOURAGE PEOPLE TO DO ZINA",
00c579e7-4dcd-4188-b88c-a625b6fa38c5,Muslim Pro: Quran Athan Prayer,1,2022-07-11 02:38:18,I'm very disapointed with the new update. This is a MUSLIM app. Why is there an option for movies and other haram things? The awrah of the women are not covered. The men who'll look at it will be sinful. Everything was fine before and I could easily find the contents. You can keep your liberal app to yourself. I'm uninstalling this nonsense.,
855e6b01-3d01-490d-9677-42028c9f04ef,Muslim Pro: Quran Athan Prayer,1,2022-07-05 09:54:28,"1 star is the lowest I can rate. There should be options for zero star or negative star. There is no way to attach screenshots here, otherwise I could show people what kind of vulgar ads they allow in the app. If you don't have the paid add free version, you will see ads of adult dating sites, ads with women (in exposing dresses). Does not matter if you open the app in masjid, at home to read Quran or see prayer times, you will always see this if you dont get the paid version. Please avoid it.",
1b32c01a-7d82-4202-a447-bcda749cef04,Muslim Pro: Quran Athan Prayer,1,2022-06-30 22:27:16,Why there's a sexy woman ads in this app?,
f3c29f02-a87b-469b-90ac-bb61f81c80a6,Muslim Pro: Quran Athan Prayer,4,2022-06-23 14:14:17,"I am kindly requesting you to avoid unnecessary ads. When I reciting quran using this app inside the mosque when I pressed the back button, an inner wear ad for women was displayed. It is not good to display such ads. Please make note. Otherwise the app is very good.",
6fb1f9e1-7a1d-4300-808a-c0e66e2c02ee,Muslim Pro: Quran Athan Prayer,1,2022-06-20 14:28:24,This app is good. But my notifications are not working and I saw this app has so many ads even women ....,
47edfec0-1b0c-4463-b9e1-6ecd72f14812,Muslim Pro: Quran Athan Prayer,5,2022-06-11 19:53:47,Very nice for all Muslims brothers and sisters,
be405eb6-8dce-4523-a799-f2ccc77a3c73,Muslim Pro: Quran Athan Prayer,1,2022-06-11 17:45:06,Do not install this app. They even do not show prayer times in free version. Ads pop up with half naked woman animations of game promotions. Absolutely unacceptable for an islamic app. I am disgusted by what they did. It is pretty clear that this company is not a proper muslim group. They just want to make money and are not shy of showing ads with half naked women in they app.,
92e403ba-d87f-40de-9011-d08efcad3e21,Muslim Pro: Quran Athan Prayer,1,2022-06-09 08:39:59,"To the App management team, fear Allah guys.. You have subscribed to Obscene and Indecent ads, there is always a define way to block such ads but you wont care.. Its so embarrassing to see half naked women ads in an ApP that has the kalam of Allah and when you are not on premium and open it up in Masjids you are ought to see songs, tiktok videos and what not.... Watta Khulla la allakum tuflihoon..",
221cd473-6cba-4bc5-b442-65ec511b806c,Muslim Pro: Quran Athan Prayer,3,2022-06-05 05:27:22,"I actually like this app. Although i dint really quite understand how to use some features like khatam quran although i tried many times . I paid for premium because i want to get access to quran features. However after paying for premium, there's still ads, and it even looks quite the same as when i did not purchase. I'm not sure what is going on. I hope the team can fix this. Oh ya and the ads can be quite disturbing too.. Sometimes embarrassing with pictures of women not closing aurat.",
0e23a973-85c4-4d81-b7e4-a8fc3e9d64cd,Muslim Pro: Quran Athan Prayer,5,2022-05-24 08:31:35,"It's nice app. I recommend using it to Muslim brothers, sisters.",
e70d88ff-152f-4bc8-8b21-6a8b9e1ef8bb,Muslim Pro: Quran Athan Prayer,1,2022-05-18 19:10:11,"I gotta remind everyone that this app is still selling your personal info to the US military. Not to mention the company behind this app is not a muslim based company. If you ever realize that it contains unappropriate ads, then you'll realize that a muslim app shouldn't contain those type of ads. Remember brothers and sisters, this app's purpose isn't to help you with your faith, but rather to be profitable to the developers of this app. I encourage everyone to delete it and install other apps.",
42ab5596-cd66-48d4-ab87-f60b2adefa03,Muslim Pro: Quran Athan Prayer,5,2022-05-14 23:21:10,Perfect app that i recommend for all brothers and sisters,
cec54885-af8f-45b5-9c99-f8e3f782cc98,Muslim Pro: Quran Athan Prayer,5,2022-05-14 19:24:32,"Assalamu alaikum brothers and sisters, masha Allah this app is very helpful. But, I am facing quite a few bugs in this app and because of that I had to erase the history of tasbih hoping it would resolve the issue. I kindly request you to solve these issues as it is bothering not only me but also others. Sometimes it lags even if I have a better phone. Please fix the issues as soon as possible. Assalamu alaikum",
ced2c837-f0bf-42c0-ad8c-61095484eef9,Muslim Pro: Quran Athan Prayer,5,2022-05-05 10:34:06,"Aslm, Musliam Pro is one of the most opened apps on my phone. It has everything on it, Prayer time, Inspirational quotes, Quran, Duahs, Tracking (Prayer & Fasting - Love it) would like an option instead of saying no for fasting due to period have it make it a solid Red with helps female track our circle and help with our daily streak rewards same for Prayer time. I will highly recommend the app to any new or born Muslim. My own daughter has downloaded the app, will definitely for upgrade her.",
354d9a70-4136-42d0-892d-4f448a22f33e,Muslim Pro: Quran Athan Prayer,5,2022-04-29 04:15:26,"I had initially rated 1 star for not updating pro subscription after I paid, 3-4 days after I sent email they have restored the purchase since then it is working absolutely good, interface is very easy to use and the features like daily tasbih, daily verse, Ramadan tracker, salat tracker, quran khatam progress tracker are all good to know your overall ibadat in given period.",
77ed74a7-ac3a-4f1e-b329-22e30a822777,Muslim Pro: Quran Athan Prayer,5,2022-04-28 22:54:12,"Back to 5 stars, thank you for your quick response brother/sister.",
683d818d-bcd2-45de-ad8a-61a24ceed380,Muslim Pro: Quran Athan Prayer,5,2022-04-28 04:05:34,Great apps. Thanks to people who create them and they really served Muslim brothers and sisters in Non-Islamic countries.,
ed927704-45c1-49ac-ac46-26466b804d8d,Muslim Pro: Quran Athan Prayer,5,2022-04-27 14:36:31,Assalomu aleykum brothers and sisters. I was really happy about this since now. I can't open it. Please can you fix faster. I miss my favorite app.,
833d647d-b284-4800-9c7e-e5711dad4570,Muslim Pro: Quran Athan Prayer,5,2022-04-27 06:00:58,My favourite app Because this app totally changed my life cycle Best app no words to say about this app.,
1ebc19d6-30bf-4ea9-94a6-dfa4d5ea4b63,Muslim Pro: Quran Athan Prayer,5,2022-04-21 22:52:00,Ramadan is gowing Musslam put mor eford for preayin in this ramadan Period,
c2340e35-b204-441b-b5c7-cb7f96674295,Muslim Pro: Quran Athan Prayer,1,2022-04-21 07:41:07,"This is a wonderful app until you pay for the premium version. Once the refund eligibility period is over, the app goes back to default and you end up with much more ads",
a1c371a9-ca91-4ab8-b882-552a00a7b069,Muslim Pro: Quran Athan Prayer,2,2022-04-15 13:21:43,The ads on here are very problematic. Recently there was one that had women at a gym. This is unacceptable for an Islamic app. Alot of good things about this app are being buried purely due to this.,
2daedc6f-12c8-49cf-bbee-2bc834ce6971,Muslim Pro: Quran Athan Prayer,5,2022-04-14 10:14:39,Jazakumullah khairan. This is my favorite Islamic app. Always being updated to suit the period therein. May Allah reward the developers abundantly. Thank you,
a161ab9f-a014-4db1-b3e0-8b9084a120cd,Muslim Pro: Quran Athan Prayer,1,2022-04-13 20:29:55,"Hello everyone, these guys are cheats. I took pro subscription. Till the time I was using trial, it worked fine. As soon as trial period ended and I was charged, I started getting an error saying there's a problem connecting with Google Play Store. Now they will ask me to drop an email to some team, just to let you know I have already done it and there's no response. They are just looting us. Edit: No ticket number received.",
0856aece-bd7c-43d2-9b66-b299799be2f0,Muslim Pro: Quran Athan Prayer,1,2022-04-13 07:44:19,It is well known that they share your data and if you look through their policies you will find many contradictions. Dear brothers and sisters please do not use this app. Astaghfirullah may Allah make it easy for us all allahumma ameen,
9dd4d8d7-2698-4906-acbf-da3e4fb9a329,Muslim Pro: Quran Athan Prayer,1,2022-04-11 17:40:51,"Very bad experience with ads, just reduce ut, I am not saying to remove it, peoole dont want ads slapong on them at every step they take and also make sure about the ad you guys show, people use your apps for islamic purpose whereas you guys show people ad with women to them, very shaming thing",
5062d5b8-5ae4-4adf-8042-ec4bcc83ecde,Muslim Pro: Quran Athan Prayer,1,2022-04-10 09:40:05,Lots of technical issues. I even did not get 7 days trial. My card got charged instantly. English translation was in voice of a man then a woman voice who sounds like they in a hurry. How I wish audio is in Arabic then translate in English. So difficult to use! I need to try it first but my card was charged on first day. I Uninstall then install back multiple times because of technical difficulties but then it won't let me log back in! This is so frustrating!,
5a95785c-2701-4ea5-92ec-37ab8bfaf1f9,Muslim Pro: Quran Athan Prayer,1,2022-04-09 21:48:03,"This could've been one of the best Islamic apps, it had all the potentials, only one and the biggest downside off this app is those annoying adverts. This is absolutely DISGUSTING to see nude women dancing while I'm trying to find out, may be, the prayer time. If you're so much after money, there're other ways to earn it, for e.g., having different adhan voices can be a premium feature. Because of your disgusting and greedy business model, I'm gonna refrain. May Allah give you Hidayah. Ameen.",
10201f46-3f45-48bc-8c82-ec8c408b08b5,Muslim Pro: Quran Athan Prayer,5,2022-04-07 23:12:33,Honestly speaking this is a great app for the motivation towards our deen-e-Islam. I really like this app and recommend this to my Muslim brothers and sisters.,
3d6844bf-2f81-4393-89fe-aba3c5153415,Muslim Pro: Quran Athan Prayer,1,2022-04-05 14:02:50,Very filthy ads of women shows up unnecessarily.,
5fcd0be3-0b97-4558-8765-ecd9c0fe1c3d,Muslim Pro: Quran Athan Prayer,1,2022-04-03 15:57:12,"Hi, I just subscribed for 1 year period. However, the google play got error due the payment. My gopay was recuded for the payment but I still cant moving to premium version. Please fix the problem.",
4fc36215-58dd-4073-8b03-75308ded443a,Muslim Pro: Quran Athan Prayer,5,2022-04-03 10:52:33,It is an appropriate app and it is essential to all Muslim brothers and sisters.,
6ad1da44-27bc-4b90-b2bf-b5f9fadc6096,Muslim Pro: Quran Athan Prayer,5,2022-04-02 23:48:12,I am newly coverted Muslim and this app is amazing one of my Muslim sisters stated it would help me and yes it is assalamualaikum bisselliella,
c2adced0-b4d6-46f2-a8a2-1fe3732b54bc,Muslim Pro: Quran Athan Prayer,5,2022-04-02 08:15:35,Ramadan Mubarah to all my Muslim brother and sister's is the world.,
8980e3a9-0d42-4667-8a0b-59a30c241a38,Muslim Pro: Quran Athan Prayer,3,2022-04-02 07:50:19,Complaint is that it has adds I know for its not your doings but adds show TikTok in a Quan of a woman head and entire mid section and tight leggings this must change you cannot unsee it with your eyes. You can edit what content is shown and I will look again before choosing which Quan app I study.,
952941b0-f9a2-42a9-8141-30e56da80901,Muslim Pro: Quran Athan Prayer,5,2022-04-02 05:11:19,Its a very good apps for my muslim brothers and sisters.,
9d2c88f6-5e15-4d51-a26e-286afcb55425,Muslim Pro: Quran Athan Prayer,4,2022-03-31 04:22:50,App is good except prayer time. Twice a year time time changes in the UK when salah time also changes. But this app doesn't change prayer time for long period even after time changes. This is something app moderator should look up on..,
9039b3fd-06b0-4daf-949e-c5349617517f,Muslim Pro: Quran Athan Prayer,2,2022-03-23 19:41:19,Since this app isn't working fine on my phone I'm unable to get the notifications so I stoped the services and uninstalled this app ...why have I been charged again after the trail period when I had uninstalled this app.? Please get back to me asap,
c1c04e93-56ed-4209-a2d2-032f24fb0e85,Muslim Pro: Quran Athan Prayer,5,2022-03-15 18:12:54,Marshall good application for Muslim men and women. thank you so much.,
cae3bb95-c895-4dce-8cbf-8df421c2486e,Muslim Pro: Quran Athan Prayer,5,2022-03-09 04:19:46,"As-Salaam-Alaikum Muslim pro had now become a daily companion for me, cause It got a very accurate prayer time in fact everything pertaining Muslim pro is so accurate and is the best Muslim app i have ever downloaded. That's why I'm recommending Muslim pro for all brothers and sisters to download it don't miss cause it contains alot. May Allah bless the creator of Muslim pro App Ameen thuma Ameen.",
7668c7f3-7d83-41aa-a649-750350a22d72,Muslim Pro: Quran Athan Prayer,5,2022-02-22 14:40:38,Alhamdulillah for this app Thanks my brothers and sisters who involved in invention of these application It's really a great Great App,
9e1603c5-1869-4283-aff1-a7666006eade,Muslim Pro: Quran Athan Prayer,4,2022-02-19 12:04:15,Very useful app Recommendations to every Muslim brothers and sisters.,
0504c422-8b01-4bc7-b240-d18f7cd9930a,Muslim Pro: Quran Athan Prayer,1,2022-02-16 07:31:05,"Muslim Pro, we cannot afford to upgrade to your premium. However, we are still Muslims by the Grace of our Lord. Why do you violate our religious rights by showing us naked women on the beach ads. You can imagine reading the Quran and the ad of naked women playing beach ball pops up. This is Haram, we only downloaded your app, so we can be reminded of the time of prayer, to read the Quran and increase our level of faith. If you must have ads, can they be respectful of our Islamic faith.",
25718aa4-3515-4307-81e9-cae4840d0981,Muslim Pro: Quran Athan Prayer,1,2022-02-13 16:07:20,"Just to make people buy premium version,you guys went so dirty that you guys started showing inappropriate ads(which includes half naked women) , I wasn't expecting this from this App",
2abd8dd5-6056-4c3e-ab34-6375ae092c03,Muslim Pro: Quran Athan Prayer,1,2022-02-06 20:01:24,Adds with naked women on Islamic app . حسبي الله ونعم الوكيل,
5a6e763b-544e-4edf-b39d-171423aa300a,Muslim Pro: Quran Athan Prayer,2,2022-02-05 04:11:33,I do not know nothing about the allegations but I just saw a photo of a woman in a 2 piece bikini on the app what in the name of Allah is happening is the app manufacturer that desperate for money?,
a84166d2-9330-4276-856e-39e98d892c0d,Muslim Pro: Quran Athan Prayer,5,2022-02-03 23:36:09,It is very good for us and keep it up brother or sister but the name of app is not very good because pro is not relative,
e6318119-8543-444c-9b8a-21e0af3c4773,Muslim Pro: Quran Athan Prayer,4,2022-01-29 08:45:42,I have found a mistake in surah waqia in ayat no 20 plz correct it. I have screen shot but i am not found the method to show it. The other thing the translate in urdu voice of a woman is so bad plz change it in man voice and a clear smooth voice,
0754ed36-43a3-4500-a1d2-72f4dd934a9d,Muslim Pro: Quran Athan Prayer,2,2022-01-08 01:09:26,Overall a very good app. I understand that developers need to make money to support the app but they also need to make sure they are displaying relevant ads. Most of the time the ads I see contain haram material like people singing and dancing. Semi-nude women promoting tiktok and other apps.,
fe0a3127-229f-4657-bb6b-f4c69254133b,Muslim Pro: Quran Athan Prayer,2,2021-12-28 03:55:32,"I WAS loved this app, lot of features that helped me to know when it's time to salah, to mark where i was last read quran. REMEMBER, I WAS, until those ads. women show their aurah with provocative dance? seriously, you guys put ads like that in to this kind of app? i really DISAPPOINTED",
2c61a501-d38e-4028-9aec-f6ca646845d5,Muslim Pro: Quran Athan Prayer,5,2021-12-22 17:34:36,The best app for my Dear Brothers and Sisters,
f8d83370-19bc-4770-9099-bd7ea3641eac,Muslim Pro: Quran Athan Prayer,1,2021-12-20 19:18:23,Ads have half naked women on them and my membership won't work after switching phones,
b647e658-5347-4a3d-ab12-f4249ec1c5ed,Muslim Pro: Quran Athan Prayer,5,2021-12-07 17:36:28,"[The Command of the Messenger] Then prayer beads oppose the command of the Messenger –sallAllaahu alayhi wa sallam-, when he said to some women: ‘You should make Tasbeeh[3], Tahleel[4], Taqdees[5] and do not be negligent and forget Tawheed (and in a narration: mercy), and count them on your fingertips since they will be questioned and will respond.’ This hadeeth is Hasan, narrated by Abu Dawood and other than him, Hakim and Dhahabi authenticated it and an-Nawawi and al-Asqalani graded Hasan.",
b78abe16-23bf-46ed-a489-01cc19ea1f2a,Muslim Pro: Quran Athan Prayer,1,2021-11-09 21:29:36,Muslim brothers and sisters learn islam from here,
cb580642-160d-4b5e-b2c0-60dfbb2d3ad0,Muslim Pro: Quran Athan Prayer,5,2021-11-01 13:26:51,This app has helped me improve a lot in ma religion. This is a must download app for ma muslim brothers and sisters.,
c32d2574-ea66-48a4-9d1b-fed1cdd0ae88,Muslim Pro: Quran Athan Prayer,2,2021-10-29 17:39:44,"This has been my go-to Islamic app for years. It's a shame that in the last 2 years or so they haven't been rigorous in their ad restriction. From women showing off their aurah or even dancing provocatively, to promotion of un-educative games that would distract the ummah from doing beneficial things, to even riba/usury products and services. I thought this app was supposed to help Muslims learn ilm and worship Allah, not being responsible to promote things that keep them from doing so.",
b1156d8e-b7b0-4896-afb2-7d706cf4cfa4,Muslim Pro: Quran Athan Prayer,1,2021-10-27 10:51:55,It would nice for us female users if we had the opportunity to have a pause button for prayers. You have a section that asks if you have prayed or not yet as the only options. I'm updating my review. I have actually just uninstalled this app. I used to enjoy it but now there are way to many adds and also it changed itself to daylight savings today and the daylight savings hour does not actually change until at least 5 more days. This was my go to app for azan for many years but not any more.,
6dac2416-aac8-4d8a-9223-261e04524939,Muslim Pro: Quran Athan Prayer,2,2021-10-26 18:56:06,"Salam , I would say a little bit dancing of women with private things not expected these ads are meant as bad if it's hard for please try an opportunity to disable ads about intrest , alcohol , these setting you could see in your app developer settings .",
f179ce62-803e-412e-a0e3-d964098ec4a6,Muslim Pro: Quran Athan Prayer,1,2021-10-20 16:44:16,Great app but your free version has woman showing off their bodies and sound playing on the ads. Please look into this as it is not right. May Allah forgive us all for our transgressions Update October 2021 removed another star and about to remove this app. Now I am being asked about donations to Afghanistan and the human rights atrocities. Where was this energy when the country was being ripped by war. Also there seems to be a suggestion that there are now woman rights violations happening.,
1e9bd6af-370f-4f02-afa9-57b3d23832b9,Muslim Pro: Quran Athan Prayer,1,2021-10-20 01:43:34,I ask how can we muslim use this app despite knowing that it has sold the location of many of our brothers and sisters to US military for their various agendas they have for MUSLIMS and they might have done what not with the information that was provided by this app. Please please please stop using such applications.,
72d14ff8-6eeb-41d2-bb45-ce3e08da4393,Muslim Pro: Quran Athan Prayer,5,2021-10-19 08:13:33,"For my dear Muslim brothers and sisters, this app is extra legit,it has all the day today's islamic content, please download #muslim pro",
999dd6d1-9b4d-4abb-bf17-d3dcc16ee5fc,Muslim Pro: Quran Athan Prayer,1,2021-10-12 01:54:08,"refer to your app. Surah hud . Verse 18 . Translation Yusuf Ali. The meaning of "" kazab"" is given as ""life"" when it should be ""lie"". Please correct it. Also your app shows full screen ads of visit Israel when a almost naked woman covers the full screen. Please remove this ad. Also full screen ads may be avoided if possible. Jazak Allah khair. Rais bhat",
39085b1d-dd20-4ef1-b9f0-b3a728217e36,Muslim Pro: Quran Athan Prayer,3,2021-10-06 00:22:57,"Assalamu'alaikum brothers/sisters, I've been using this app for years.. I'm wondering why you removed Sh. Quraish Shihab's Tafseer in this app? Please kindly explain, thank you for your hard work. Wassalamu'alaikum.",
f09102b3-81c6-41ac-87a8-de742dbc5432,Muslim Pro: Quran Athan Prayer,5,2021-09-20 01:09:11,I love app because it's is helpful for I say my brother and sister also download nice app thank you ...,
0e44e0f2-0162-4eb6-8fa7-030fa4ea4a05,Muslim Pro: Quran Athan Prayer,1,2021-09-11 18:04:38,"It is so disappointing to see lots of inappropriate ads, especially one that shoe dating ads. Once I opened Quran to teach my daughter sura and what do you think we saw??? Yes, half naked women in ads. I was really so embaraced. Probably I have to uninstall this app after all.",
35238e1c-9df2-47d2-9825-199098ffaedc,Muslim Pro: Quran Athan Prayer,4,2021-09-07 04:08:14,"I have been using this app for several years now. However, sometimes the ads are so inappropriate and vulgar that instead of earning sawaab we are trapped in gunaah. For example, today I encountered an ad for an app named 'Bela' where a woman is being shown removing her clothes. Just see how inappropriate that is for an Islamic app. Update on 07 Sep 2021. It seems that Team Muslim Pro has now taken appropriate to resolve this vulgar ads issue. Thank You. JazakAllah.",
193ba463-98fb-4eef-a9c5-32376643c104,Muslim Pro: Quran Athan Prayer,5,2021-08-19 23:14:10,"Assalaamu Alaikum WaRahtmatulahi WaBarakatuh Brothers and Sisters on Muslim Pro. Just today, the app will not open on not only my device but my wife's as well. I have the paid version and we reset our devices to no avail. It has worked great until today after Fajr. Insha'Allah please give guidance. JAK Ibrahim",
4b38e2cf-b854-4a38-bd25-4746e1be5298,Muslim Pro: Quran Athan Prayer,5,2021-08-07 15:31:50,Love this app recommended to every muslim brother's and sister's.,
7afb2d4e-b547-448e-82e1-1bf247a8682e,Muslim Pro: Quran Athan Prayer,1,2021-08-06 07:20:26,"Guys I was about to pay them for 3 years, but reading the negative reviews I'm going for other app like Step by Step Salah. The app has similar features and gets activated for lifetime at ₹126 only. Even developers respond there. Now don't think I'm from other app. My dad, mom, sis and bro are all on premium there. I just cnt to help my brothers and sisters...",
194c2a42-5a52-48ba-bc75-9438937a560b,Muslim Pro: Quran Athan Prayer,5,2021-07-25 04:08:28,"I like this app for our country here at the phillippines,since my sister and aunt is at the Muscat,Oman that is a wonderful time for them at my memories from the past",
baf98458-c755-4468-86f9-12b5ed568e81,Muslim Pro: Quran Athan Prayer,5,2021-07-11 21:22:57,"The app itself is fine. But is there anything we can do regarding ads that pop up depicting things that are NOT kid friendly, and NOT Halal either, ...Actually most no religion period would support these types of ads, ...its even in games, where women are depicted as concubines or ""damsels"" , vulgar unprofessional language, Example: Cardi B talking about how she ""used to be a stripper""... what's funny about it? I saw a ""wish"" ad selling crack pipes.",
9771cd01-b888-46fd-8c51-4894cfd49077,Muslim Pro: Quran Athan Prayer,1,2021-07-09 06:53:51,You can't use this app all time. Its has time to close the app thats stupid. Its a app for islam or to leave islam. بشرو ولا تنفرو I will look for another app if you don't fix that. The most stupid thing is that to have a period to used the app.,
69a86846-17b4-469d-a951-9353c2176982,Muslim Pro: Quran Athan Prayer,4,2021-07-04 07:48:45,"The app is well built, but there should not be a women's voice in the Quran traslation feature, please either remove it or change it to a man's voice.",
3c740ce6-0ec2-4814-bd41-f93f593ac1a7,Muslim Pro: Quran Athan Prayer,4,2021-06-22 15:39:36,"Please be more selective in the ads, sometimes when I want to open the Qur'an there's a tiktok ad with dancing women before it, & then there's the Grab ad which somewhat does not go way & forces me to restart the phone",
26c705ae-acfe-4cb8-917d-f03dd6067db4,Muslim Pro: Quran Athan Prayer,4,2021-05-31 13:47:35,"Ma sha allah, nice app it keeps remaining prayer each time by aadhan.i love to have such beautiful features like fasting , praying tracker .so that if a women skipped her fasting during meansuration so it will be helpful. Thank you so much,,",
617c5b23-1009-403a-a0a9-63a724f753dc,Muslim Pro: Quran Athan Prayer,1,2021-05-28 15:01:18,"How do i put it am a born Muslim girl i attended Arabic school for short period during childhood but upwards growing up i have engulf in western education till i graduated... I have learn many of the Quranic Surahs,duas,reading of the holy Book in English thus I have this desire of being able to read in Arabic someday.. I want to show my appreciation to Muslim for the daily duas,prayer time,daily recitation of the Quran etc am benefiting a lot from the app thank you May Allah bless you",
10800e9b-18c1-465c-8dc6-4bd8b463473a,Muslim Pro: Quran Athan Prayer,5,2021-05-28 04:43:21,I'm a Muslim and u love Allah (swt) if your Muslim assalamualaikum my brothers and sisters,
0e06f06b-47b0-4459-9f5a-ec679dd3026e,Muslim Pro: Quran Athan Prayer,1,2021-05-24 22:22:52,I am using your app since the beginning and now u became more commercial than service provider I am seeing ads more than I use app so I am uninstalling it untill you become the same old service provider than commercial merchant this is Allah's guidance app should it be a profit earning app like others ? I can understand your concern on running app free but for that you can keep a donating option rather than depending on Google or other advertising things they show us ads where women are exposed.,
014159d5-6c18-4935-bd50-f4bb00b26b95,Muslim Pro: Quran Athan Prayer,5,2021-05-11 14:48:49,First time using as a Muslim really happy app is easy to understand as an English speaking only sister.,
81cd4295-95cb-4621-94e8-df21f48fbd2e,Muslim Pro: Quran Athan Prayer,1,2021-05-10 04:18:12,Helpful a bit.. BUT IM DELETING THIS APP NOW.. advertisement of women photos with iftar or sahur recipe or other things. INAPPROPRIATE ADS.. Please try not to show WOMEN'S HERE. It's triggere Satan to advise a men to think about women's and other stuffs.. Sometimes we use this app when we are at salat. Even funny things is fajar Azan played at noon 12 o'clock.. azan stoped always when on phone screen only .should not be stop like that .. Assalamualaikum. May Allah bless us,
e76d67aa-f886-4707-a0f4-3ba5556da69b,Muslim Pro: Quran Athan Prayer,5,2021-05-09 23:25:05,This is really good to all Muslim Brotherhood and sisters Mash Allah subhanallah,
e5f154d2-1635-4e32-a8d1-71a9e875f44e,Muslim Pro: Quran Athan Prayer,5,2021-05-09 07:30:46,this app is amazinggggggg!!!!!!!!!!!!!!! and non muslims become a muslim it is soooo much fun reading quaran and praying ramadan mubarak brothers and sisters,
59bb21ea-9fbf-4565-9a7f-905fe69ea904,Muslim Pro: Quran Athan Prayer,2,2021-05-04 23:57:40,"I have been a premium user since more than 3 years now, there used to be reciters such as Maher al Moekly and many more. Why is there only 5 reciters now ? This is not nice, it was such a rich app with diverse Quran reciters to choose from and now there are only 5. Another thing, why is there only a woman's voice like a robot as translation, did this great app come to this low standard now ?",
07022663-024a-45a4-8d03-c89ab3d0013c,Muslim Pro: Quran Athan Prayer,5,2021-04-30 04:11:02,Awasome Application. Personally advise to all my muslim brothers and sister for use.,
c3b63d7f-e749-4081-8941-0511a92a5b6e,Muslim Pro: Quran Athan Prayer,5,2021-04-22 04:18:15,Very much improvement. Especially at the Ramadan period,
49b6cff5-6af3-436f-8bca-749573f98bc2,Muslim Pro: Quran Athan Prayer,1,2021-04-19 06:17:48,Shame on you and not a single doubt of your greediness Haramkhorr you're selling The Quran pak the Book of ALLAH shame on you if you want to help someone to learn Quran Pak then Make it free for everyone and there is no translation of any Pakistani urdu in male voice only a women is translating. Have some shame and do something good.,
a40df463-650a-4b9f-8a4f-895984097510,Muslim Pro: Quran Athan Prayer,1,2021-04-18 00:46:54,"Vulgar ads on this pious platform not acceptable. I was shocked to see zee5 ads (gandi baat) depicting semi nude women and love making scene. By the time i could exit the app, i was exposed to enough that could corrupt ones mind. I understand ads drive revenue, but pronography???? Content is good but intentions are doubtful.",
99bd2a6f-bbf8-4933-ad4e-c4e81e5b8be9,Muslim Pro: Quran Athan Prayer,1,2021-04-16 18:02:42,"Muslim pro was once great. But they sold out. Now when you open it up to check prayer times or qibla, a huge advert is thrown into your face. You can close the app and the advert will still pop up. This is a big deal, because often the adverts are a half naked woman dancing or being seductive and this is not permissible to look at, and it's not permissible to display. Making money by displaying haram advertisements is bad. Monthly subscriptions at current price are horrible. I've deleted it",
aeabaef3-0942-47ef-9bc5-9473d1e7e1e7,Muslim Pro: Quran Athan Prayer,5,2021-04-16 04:14:31,"I like this Muslim pro ,it's very important for any Muslims brothers and sisters you have to dawnload it",
feaa5162-c65f-4949-ad5e-52e33cd43e83,Muslim Pro: Quran Athan Prayer,5,2021-04-15 07:11:04,"What a perfectly excellent all-in-one app. More so, the special Ramadan update, has truly made the app an indispensable daily companion for all Muslims all through the Ramadan period. Barakallah!!!",
d3f23dcc-6fb3-4bc9-9d34-10a2741215d5,Muslim Pro: Quran Athan Prayer,2,2021-04-15 00:56:43,As Muslim some of the advert of women in Muslim Pro is not good at all. Sometimes showing women necked. I can't believe this. JUST YOU GUYZ ARE ATFER MONEYS BY USING ALLAH NAME. SUBHANALLAH,
52fc36c1-829e-4514-a165-c11a001747ac,Muslim Pro: Quran Athan Prayer,5,2021-04-14 00:16:27,"Asallamuallaikum jamaa' Muslimeen this app is Great for my muslims brothers and sisters.the app help you get positive impact of your life. everyone should download this muslims pro app by the grace of Almighty Allah.All your requirements will be answered Ishaa,Allah",
dd9b2005-a67e-413c-a1a1-5d8d0089af2a,Muslim Pro: Quran Athan Prayer,5,2021-04-13 11:10:04,"I enjoyed using the application, its has helped me a lots most important my solat time period.",
87826860-96ab-4ff8-8510-01f74a5025db,Muslim Pro: Quran Athan Prayer,5,2021-04-13 09:47:37,ALHAMDULILAH THE BEST APP EVER MA'SHAA'ALLAH BROTHER AND SISTER ALL-LLAH BLESS YOU AND YOUR FAMILY. ALL-LLAHU AKBAR,
b32a9bf8-b4cf-49f7-a5a0-ac2b07939c01,Muslim Pro: Quran Athan Prayer,5,2021-04-13 09:21:35,"I really appreciate and love this app It's helpful for me to learn more about Islam. Marshall Allah taqabarakallah Ramadan Mubarak to you all the Muslims brothers and sisters in world may almighty Allah grant our prayers,bijahi kunfayakumh Aameen",
44849e9d-307c-4ce8-9ab3-ce7e8623b7bd,Muslim Pro: Quran Athan Prayer,5,2021-04-13 07:05:21,"Good app i have been ising it for the pass yrs and this yr also InchAllah ,Ramadan Karim to all muslim brothers and Sisters",
526f8a60-4808-40c8-a925-fcb3f8fb970b,Muslim Pro: Quran Athan Prayer,5,2021-04-12 17:52:06,"Salaam to all my Muslim brothers and sisters, I am so happy to have Muslim Pro-Ramadhan Mubarak to everyone Alhamdulla.",
05277710-9e83-40b3-9d47-7272a6a8c0ab,Muslim Pro: Quran Athan Prayer,1,2021-04-12 12:35:40,"If I turn on translation, then there is a translation in the voice of a woman. While I have also downloaded the translation I didn't like this thing Please fix it",
74cdef23-cc26-4771-ac1e-ba587b8f3f66,Muslim Pro: Quran Athan Prayer,5,2021-04-12 03:38:15,Subhaan ALLAAH brothers and sisters. I thank ALLAAH Alone for inspiring the developers of this app in helping the ummah in their quest for knowledge that is readily made available. Alhamdu ALLAAH.,
6339cea4-c853-423d-965b-5aab6dacdf8f,Muslim Pro: Quran Athan Prayer,5,2021-04-05 08:08:05,"Wao..This app is so beautiful, I recommend all Muslim brother and sister to have it on their phones.",
a1f9d5da-21da-4ee3-83c2-e06d8f2ba41c,Muslim Pro: Quran Athan Prayer,5,2021-03-20 00:54:56,"I wanted to take a quick minute to introduce myself and welcome you to the Muslim Pro community. My name is Zahariah and I’m the Head of Community at Muslim Pro. Alhamdulillah, I’m profoundly grateful that you’ve decided to connect with us as part of your journey to strengthen your Imaan and get closer to Allah SWT by downloading the Muslim Pro app. Muslim Pro was developed for the Ummah to help our brothers and sisters around the world to practise Islam and grow in faith. Moving forward 10 yea",
9b1b20f1-9ea2-4cfd-b99f-465362199b63,Muslim Pro: Quran Athan Prayer,5,2021-03-19 09:49:43,"Very usefull apps,to all my brother and sister in islam,this app help you to read qur-an in english.but also learn hard to read qur-an in arabic language.salam more power.",
f0ea38b8-c493-493d-bec8-778cb2e48914,Muslim Pro: Quran Athan Prayer,5,2021-03-17 06:07:07,Allahu Akbar! Dear brother or sister who develop this app. Asalamu Alaikum waramatullahi wa barakatuhu. Please lower the subscription rate so that many would benefit from this app especially those who can not afford. May Allah bless us all and guide us always to the right path.,
0b9900d4-0307-4e91-9257-84a2fb37f325,Muslim Pro: Quran Athan Prayer,5,2021-03-17 03:20:52,Love Allah And ALL my Muslim Brother's and Sister's,
64bfd678-bf1b-42c4-be93-22391e8ddefd,Muslim Pro: Quran Athan Prayer,1,2021-03-15 06:45:43,"I like this app so much. But the adv is so much annoying and irrelavant with this religious app. Is it true that while praying with this app, suddenly a picture of a woman dancing almost naked appears?",
89ddfb5f-3001-4d6b-972a-e4e89cf4f9c2,Muslim Pro: Quran Athan Prayer,5,2021-03-12 23:34:52,"Alhamdulillahi. An excellent Muslim Companion. Jazakumullahu khayran for your contribution in educating the Muslims. Please, how can I make payment for the subscription of the Muslim Pro - Prayer time from Nigeria when the Trial Period expires? Salaamun alaykum wa rahmatullah.",
62da3690-eb2b-4867-b3e5-a81c25e0b812,Muslim Pro: Quran Athan Prayer,1,2021-02-22 21:27:30,The app is made by a non Muslim that give the location of millons of Muslim to the United States that made drones attack on Muslim in the middle east that killed hundreds of thousands of women and children.,
b85b0b3a-a556-4056-8404-cb102f99774b,Muslim Pro: Quran Athan Prayer,5,2021-02-22 00:41:12,Assalamubalaykum brother or sister all i want is to tell you download it and be guided inn shaa allah,
c3391722-4996-4465-b236-cbb31fdb517f,Muslim Pro: Quran Athan Prayer,1,2021-02-21 05:47:06,"MONKEEN IS SELLING YOUR DATA! MONKEEN IS SENDING IT TO MILLIONS. STUPID POLKA DOTTI TINO. NEEHAM IS ONE OF THE REPRESENTATIVES WHO WORKS FOR THEM. S NEEHAM TOLD ME. MONKEEN IS NEEHAMS SISTER! MEHEL IS ANOTHER WORKER! MAY ALLAH ERASE YOUR SUCCESS. NEEHAM IS TAKING GEARBEAR TO LEAVE THE FACILITY. GEARBEAR, JUNIOR, BABY JANG, AND POOPY GRAYSON ARE LEAVING THE FACILITY. THESE MONKEENS KEEP SELLING YOUR DATA. LEAVE MONKEENS. FEED THESE PUTTAS PORK.",
10b8e96b-192f-4577-be59-8e55091655ba,Muslim Pro: Quran Athan Prayer,1,2021-02-20 19:16:49,"Uninstalled, this app will sell your data and this App will make you recite the '""Qur'Aan""' in wrong way, that they have already put so many errors in everywhere. Dear Muslim Brothers and Sisters, ""Don't Ever Download/Use this App""",
a6b99460-f7fd-482f-a3dd-989d27ec9bdd,Muslim Pro: Quran Athan Prayer,3,2021-02-17 07:24:30,"Qiblafinder not accurate... Ok whoever want an accurate reading for qibla, just use qiblafinder by google. It's a website but you only able to use it on phone since it required gyro sensor, camera, and gps. Btw im not here to promote qiblafinder google but to help my brothers/sisters muslim for praying, it'll be really helpful. What I'm really hoped that Muslim Pro can learn from Qiblafinder by Google to improve the accuracy for qibla. Ps, it works just like pokemon go if u can tell.",
50e489d0-903c-487b-b6ba-f971e390f4f9,Muslim Pro: Quran Athan Prayer,5,2021-02-15 09:10:18,Thank you very much for your quick help. I had an issue with the app. I requested for help and I got a help right away. I would recommend this app to my muslims brothers and sisters to install this app.,
6df69b8e-03c2-4fc1-a880-28d71402df77,Muslim Pro: Quran Athan Prayer,5,2021-02-12 14:12:50,"The time changes as the weather changes, which makes the prayer period very accurate.",
6b74ed3f-5f3d-4923-b251-2306b2d03e23,Muslim Pro: Quran Athan Prayer,1,2021-02-11 20:50:37,The app is overall good but sometimes I'm getting adds of woman and I'm unable to close,
fcd1fff0-9c28-4fe1-8ad3-b32e6856e047,Muslim Pro: Quran Athan Prayer,1,2021-02-08 11:51:00,I can't believe the kind of ads that are on an Islamic app. I tried to read some quran and the first add was half naked women!!!,
e180d5e6-abab-4065-a2a0-b17f295a5e38,Muslim Pro: Quran Athan Prayer,1,2021-01-27 04:40:42,This app tracks your data and Is controlled by the government it is against muslims. Protect your privacy and rate this one star and uninstall it brothers and sisters,
b40f566a-7f37-4ae4-a398-d5fedf7fcd00,Muslim Pro: Quran Athan Prayer,4,2021-01-15 00:56:41,"It's a lovely app for all muslims to have. Just that i dnt comprehend wat do happen 2 it wen it's Ramadan period, it will suddenly stoo.",
2e724056-6100-42b3-b6bd-a8bf1c42bdaf,Muslim Pro: Quran Athan Prayer,5,2021-01-14 20:09:26,Masha Allah.... It is the best app. I have referred this to many Muslim brothers and sisters. May Allah bless those behind this app.,
0ed888ac-5422-43a7-a6b5-32b2f35302f6,Muslim Pro: Quran Athan Prayer,1,2021-01-09 22:50:57,this app is selling your private information to your enemies dear brothers and sisters do not download this app for your personal data security,
047a5c10-a490-4f7f-8abd-a42c89cf24f9,Muslim Pro: Quran Athan Prayer,1,2020-12-29 15:10:41,My Muslim brothers and sisters pls do not you use this app because It is from the France government they r selling your data away I now use Athan because its much better than this app,
8fc3a771-6f11-4841-89ed-45bb4646ce31,Muslim Pro: Quran Athan Prayer,2,2020-12-23 07:11:06,Dear Muslims brothers and sisters they sold your information now this close soon this app they got already a huge amount,
aec82188-6c90-49df-b81d-e3a5f6b9b232,Muslim Pro: Quran Athan Prayer,2,2020-12-21 14:30:15,"Why in Mlalay translation is woman voice Neelofa, change to man voice",
7540fe5e-ebbb-4c85-aef2-e89a037cbc19,Muslim Pro: Quran Athan Prayer,5,2020-12-21 06:02:02,It is Avery good app and very useful and helpful app for them who r punctual and with busy schedule. Thank u wish u all the best in your future projects. In this islamic channel why you want to put the ads of the women's with incomplete dress you don't know if we that our wazoo thoot tha hai Islay zimaydar thum hogay. One side sawab kar rehe ho doosri side ghuna kyuki ya ads sudden sai beech mai sathi hai. This is for your kind information and improvement it is left to you .,
e64d03d4-5a64-4065-9eb4-7d3e4c5f8990,Muslim Pro: Quran Athan Prayer,1,2020-12-20 19:12:46,"App is useful but, there are so many advertisements when u open any kind of features of app! Developers are you also Muslim? If yes, please do not run after money, let other muslim brother and sister to take a benefit of this app!!",
228ca48d-d2a0-4433-a2a1-edc0e1d151a7,Muslim Pro: Quran Athan Prayer,1,2020-12-16 13:47:37,All muslims! Do not download this app! Americans and non-muslims are all trying their best to monitor the Muslims and find out where they are and what they are doing period uninstall this app and download a ad-free app I repeat ad-free advertisement free Islamic prayer apps are the best,
770c85d8-c5e0-444e-8f48-e337fb4ad45b,Muslim Pro: Quran Athan Prayer,1,2020-12-14 15:35:50,"Dear brother and sister... Plz,,, don't download this app...this is hacking app.. it’s hack's our data,,,,,, plz see video on youtube channel,,, sense islsm,,,",
d7e107f9-60fd-4c72-80cd-8368529a1804,Muslim Pro: Quran Athan Prayer,1,2020-12-13 16:15:32,"Brothers and sisters in Islam. Be very careful with this app. 2 reasons. First, Muslim pro is found selling data and geo locations of muslims around the world to US military and many others anti Islam countries as per the reports . Second reason, this app is not owned by any Muslim or Muslim organizations. Please do your own research. God knows what is their intention. So... may god guide and protect those who install and use this app. Do your research before you take action of ur own.",
17b8ae1b-8798-4dd2-80ab-645304a99c16,Muslim Pro: Quran Athan Prayer,3,2020-12-12 17:19:06,"mashaallah...very much helpful. But some adds shown in this app contains inappropriate content like women showing off their beauty. I pray and hope that by the grace of almighty Allah, the app administrators will take necessary measures to eliminate inapproproate adds. Ameen. Thanks for your efforts.",
c076214b-7fbd-4c66-a282-ffdc04abc3b3,Muslim Pro: Quran Athan Prayer,1,2020-12-12 10:40:48,Inappropriate Advertisement. How can you advertise almost full naked women in a app like Muslim pro?,
5f8128ab-73a9-4ea2-8a08-8ae7588210bd,Muslim Pro: Quran Athan Prayer,1,2020-12-10 17:56:52,Not even owned by Muslim selling the data the enemy is within be cautious brothers and sisters,
ae8a3a66-0ad6-4d87-881a-88fceb64f26e,Muslim Pro: Quran Athan Prayer,1,2020-12-09 08:39:33,"News was viral that this app shares information with USA, So I have Uninstalled it. So brothers and sisters think before downloading this",
3bca7d63-1b28-4ae7-9858-b8ef565a4864,Muslim Pro: Quran Athan Prayer,1,2020-12-06 08:43:23,This app sells your data to American agencies. Please be sure before downloading my brothers and sisters,
32902189-2c92-4bd2-b05f-fa664a569b73,Muslim Pro: Quran Athan Prayer,1,2020-12-05 00:38:59,Muslim pro sends your location data to questionable organizations with terrorist links. They won't mention this in the agreement but data has been transferred. I am so disappointed with the makers and maintainers or this app. Shame on you for selling out innocent brothers and sisters in the name Of prayer.,
d68630ef-4091-4ac5-83dd-6be4ba42fa63,Muslim Pro: Quran Athan Prayer,5,2020-12-01 22:52:09,"One of the best Islamic apps on the Android period one of my fav apps,but can you please fix the bugs my adhan does not go off all the time",
dcfec07a-4ba1-4806-aa05-71b158caee55,Muslim Pro: Quran Athan Prayer,1,2020-11-27 07:17:24,Dear Muslim Brothers and Sisters! BE AWARE! This app is founded by Zionist who sells Muslim people's data to US Government so that they can control Muslims. Please never download it and give them 1 star,
041e833a-ea02-4dd3-9fc4-aee16e4319b6,Muslim Pro: Quran Athan Prayer,1,2020-11-25 00:04:39,You are sold Muslim brothers and sisters data Erwan Macé why sold data.,
c84e9330-4541-4da5-9463-2a0776f0f829,Muslim Pro: Quran Athan Prayer,1,2020-11-24 09:45:38,WARNING! This app steals your data and tracks your location for the U . S. Military and intelligence services. Look it up! This app is Haram brothers and sisters.,
39365f58-316f-4b56-aa4c-9752e6d97476,Muslim Pro: Quran Athan Prayer,1,2020-11-24 02:28:45,"This application is really dangerous my brothers and sisters they sending our data to the American government use it against us and the finder of the app is not even a muslim ""MORE INFO"" internet"" I'm just here to warn you guys.",
2d530792-231e-48a9-99ef-f4269e44e3b7,Muslim Pro: Quran Athan Prayer,1,2020-11-23 04:32:22,Work for the American Military. Sold our data to the US military. So they can spy on our brothers and sisters in islam. The American Military plan against Muslims. BUT ALLAH AZWAJAL also has a plan. And ALLAH AZWAJAL is the GREATEST OF PLANNERS. rest assured. You will have your time Infront of your judge. Not the human sort of judges. But the greatest judge of all. ALLAH SWT. then you will realise what punishment is. If you are indeed guilty of all charges. You sold your religion. FOR £££,
be58c2e8-7b1d-4fca-b5b4-2bc26a597867,Muslim Pro: Quran Athan Prayer,1,2020-11-22 04:02:42,"was a good app, but brothers and sisters Uninstall this app as soon as possible other wise your whole data will be leaked, which may lead to bad consequences. I hope you all understand and if this is wrong i hope this App will recover and if its true i hope they will get the taste of thier own medicines.",
1d0d7a69-5ee5-4bca-acd4-d9835e4f74ef,Muslim Pro: Quran Athan Prayer,1,2020-11-21 19:02:45,Dont use this app Muslim brothers and sisters... search abt it you will find out why I'm saying this,
47871a08-cd75-40a0-8fbe-d83b6ac78253,Muslim Pro: Quran Athan Prayer,1,2020-11-21 08:13:55,Taking advantage of the muslim ummah by selling our information to the U.S. military is not right. I do not approve of this behavior and handling of our data. I would advise all you brothers and sisters to download a different app.,
d28925bb-fa0f-4ec0-a911-976968ac6ab4,Muslim Pro: Quran Athan Prayer,1,2020-11-21 07:30:09,"For money this App developer has sold his mother, father, brothers, sisters, uncle , aunts and friend to the US military government. Shame on you money loving piece of SH IT.",
34107c4a-a21e-4d38-ac00-5a9740e36e86,Muslim Pro: Quran Athan Prayer,1,2020-11-21 07:27:03,HOW DO YOU FEEL ABOUT SELLING USER DATA TO US MILITARY? Shame on you. Brothers and sisters boycott this mushrik and munafiq who has sided with kufr to gain wealth. Shame on the developers and their families for giving birth to such a munafiq. UNINSTALL THIS PATHETIC APP. You can visit your local masjid and can obtain the right timings for your area or jump online and get the timings for the month but please BOYCOTT THESE IMBECILES.,
e6e2fa81-a4e0-43ba-9da4-d29becfbee1c,Muslim Pro: Quran Athan Prayer,5,2020-11-21 04:52:04,"I am giving 5 stars in support. I do not currently use this app. However Brothers and Sisters be careful when believing everything about a Muslim. See ayah below. Muslim pro has denied these allegations. Allah Says in the Quran what means: ""And why, when you heard it, did you not say: 'It is not for us to speak of this. Exalted are You, [O Allah]; this is a great slander?'"" [Quran 24:16]",
71933ead-0d91-4d2f-abc0-a3a344fb4cbc,Muslim Pro: Quran Athan Prayer,1,2020-11-21 03:55:45,"Uninstall this app please,they are selling private data without our consent to US Army.Why everybody betray Muslims,My muslim brothers and sister never trust non muslim developer making religious apps.",
c29584e5-e893-457b-8c19-c0fc59379ab2,Muslim Pro: Quran Athan Prayer,1,2020-11-20 17:12:13,"Sabhi musalman bhaiyo aur behno se guzarish hai ki, ye app install na kare, ye app humari saari details aur location US army tak pahuchati aur bechti hai aur iss location ke madad se musalmano ke sahi thikaane par bombing kar paati hai. All Muslim brothers and sisters are requested not to install this app, this app reaches and sells all our details and locations to USarmy.And with the help of this location, that army is able to bomb at the right place of Muslims. Thank you, hope you understand.",
ea65c5db-bf34-4336-b502-e31eb59fcf0b,Muslim Pro: Quran Athan Prayer,1,2020-11-19 18:03:27,Assalaamu Alaikum... Dear brothers/sisters... Humble request to everyone to Boycott this app they were messing around with Muslims. Uninstall the app and don't download it please. It's showing wrong information and owner are France Jazak'Allah-u-Khair.,
3488dc22-c606-435c-b1e0-05cc44007c7b,Muslim Pro: Quran Athan Prayer,1,2020-11-19 16:49:36,Delete this app all muslim brothers and sisters because this app sharing the data and location to usa Be aware,
0d7af812-cef2-4cd2-aa99-da57cbec6255,Muslim Pro: Quran Athan Prayer,1,2020-11-19 04:57:46,"Be careful brothers and sisters, this app is selling our personal information to the US military. Please everyone delete this app at once and give it 1 star rating to let others know so they avoid using this demonic app. Stay safe and God bless you all.",
11107b25-8516-4d05-984c-95df4a49e82f,Muslim Pro: Quran Athan Prayer,1,2020-11-19 04:53:50,Bad because they are showing our IP adress so delete this app sister or brother .,
c78bcfd3-1a71-42c4-aacc-1c1584f09ab2,Muslim Pro: Quran Athan Prayer,1,2020-11-18 21:47:37,"Salam to my brothers and sisters plz dont use this app, it's made by people who want to use you for the app and actually take all information off you. It also contains haram ads you dont want to know, inshallah you understand and dont use the app, Jazakallah khair",
7a7b50b3-6e60-4e89-8f31-5a245a861e69,Muslim Pro: Quran Athan Prayer,1,2020-11-18 14:02:51,"Dear brothers and sisters do not use this app anymore sice the dev are selling our data to the united states, i have done uninstalling after 3 years of subscrption, really dissapointed",
f1cb820a-86fa-492e-bbf9-00034f54a735,Muslim Pro: Quran Athan Prayer,1,2020-11-18 13:08:37,Sellimg our location data to anyone is very unethical on your part.Muslims around the world uses this app for Adhaan timings and all and what you did ....you breach thr privacy of those brothers and sisters... You sold our data to X-MODE... too bad Used this app for nearly 5 years. Uninstalled this app.,
9652b3a4-f2d2-4457-a2ba-3ce2e3415b9b,Muslim Pro: Quran Athan Prayer,1,2020-11-18 09:59:40,It’s really unbelievable that you guys sells information to us military. Shame on you guys. Be muslim first. Selling information of your brothers and sister is like selling your brother and sister. Shame!,
386cd711-999c-43d0-8917-0c0efa4826a0,Muslim Pro: Quran Athan Prayer,1,2020-11-18 08:36:04,Beware!! You are Sold!! Muslim Brothers and Sisters please delete this app. Muslim pro is selling your data to US military forces. Please be careful.,
5b74b3a5-1a64-4201-8e64-629f8f8f150a,Muslim Pro: Quran Athan Prayer,1,2020-11-18 05:33:44,This app users data has been sold into US military so brothers and sisters please delete this ASAP,
656f884b-c8d4-43af-84a3-a6ecaaa194a8,Muslim Pro: Quran Athan Prayer,1,2020-11-18 04:24:32,I uninstall this app coz the owner is french . & jus taking our Data . Why ? Dnt use this apps brothers and sisters. Thats why the app has stupid adds also. Jus uninstall the app My Muslim Brothers and sisters. JazakALLAH,
1c210557-ce1c-4669-ba5c-92609858bd57,Muslim Pro: Quran Athan Prayer,1,2020-11-18 00:41:01,This app is selling our muslim brothers and sisters location to the United States which they are using to bomb people. Check the most recent article on google by VICE. DELETE AND DO NOT DOWNLOAD.,
c7ada1ee-c33f-4333-a454-5db21f6639c2,Muslim Pro: Quran Athan Prayer,1,2020-11-18 00:40:24,"To all brothers and sisters, this application has been sold to American's Army. I advise you to not install this app anymore. This app collects personal details, They bought it to get more Muslim's details as much as they can. Google it to know more",
815771fb-0c33-4c88-b3a5-b7f99f273473,Muslim Pro: Quran Athan Prayer,1,2020-11-18 00:28:35,"Initially i gave it a 5 star, but recently I have found out that the one who made the app sold the data of the users to a third party which happened to be the US government. I thought this guy was genuine (who is not muslim apperently) wanted to help us muslim brothers and sisters. But now i feel stabbed. Even tho it may be harmless for me but still the trust has been broken. I'm going delete this app and hopefully whoever sees this, reconsider downloading it or think about deleting it also.",
2c0d9a41-a21c-42c0-b1b4-eabcdd9ac9a6,Muslim Pro: Quran Athan Prayer,1,2020-11-18 00:03:10,"Shame on you, I was a user of your app for years ever since you started and today I find out you were selling our data to the U.S military, ya haram shame on you you pigs. Also your ads with half naked women are disgusting, this app shouldn't even cost money you horrible people, I am boycotting you.",
5d1aeb97-d5a0-4b85-8eda-4f74ed6dac77,Muslim Pro: Quran Athan Prayer,1,2020-11-17 23:39:15,"STAY AWAY, NEVER USE THIS APP. The company behind this App is collecting users data and sells them through 3rd company to United States intelligences to spy on sisters and brothers",
d7a40f5e-c35d-4cf5-b0e1-a38ce768f6c9,Muslim Pro: Quran Athan Prayer,1,2020-11-17 23:29:51,"MY BROTHERS AND SISTERS, THEY ARE SELLING OUR DATA TO THE US ARMY, DO NOT SUPPORT THIS APP",
23b4e806-4c8e-4916-a483-cfec7c05c4bb,Muslim Pro: Quran Athan Prayer,1,2020-11-17 21:48:29,Don't download it fellow muslims brother and sister.,
b59b4da5-987d-407c-beb2-7f407472fb5a,Muslim Pro: Quran Athan Prayer,1,2020-11-17 21:20:20,"BROTHERS AND SISTERS, MUSLIM PRO APP SELL YOUR LOCATION DATA TO THE AMERICAN MILITARY.",
9d59435f-4f06-403c-b61d-1d9c7fd1d62e,Muslim Pro: Quran Athan Prayer,1,2020-11-17 20:52:19,They sells information about Muslims to us military . Brothers and sisters the company made this up is a non-Muslim organization... Please don't be fooled by them..,
5442506d-a358-4b2a-ba49-f92a7a9cb46b,Muslim Pro: Quran Athan Prayer,1,2020-11-17 20:09:24,"Just read that you are selling private information of users to the US military, this is a treachery of all Muslims that use this app daily, may Allah guide you to stop this immoral thing that you are doing, spying of your brothers and sisters.",
e326b04b-fa24-4b83-bfdb-90c055304b9f,Muslim Pro: Quran Athan Prayer,1,2020-11-17 19:14:11,"That's it. I am no longer using this app muslim pro.. after hearing the news about you morons selling our brothers and sister data . This is pure and utter embarrassment. What shamefull act. Ridiculous. I'm reporting it to Google. Hope Google take an action to you guys , if not i will praying you guys burn in hell. Goodbye.",
06dba6f2-b1ad-4866-ad9c-24e6b56e59b7,Muslim Pro: Quran Athan Prayer,1,2020-11-17 19:05:24,Be aware my muslim brother's and sister,
8d2dd430-7f22-4354-80f9-49c0c2a8391b,Muslim Pro: Quran Athan Prayer,1,2020-11-17 18:07:11,Seriously??Dating apps as your ad with woman and men behave horny??How low can you go huh?!,
a7f57950-3fe9-419f-95ff-37df860f24fd,Muslim Pro: Quran Athan Prayer,1,2020-11-17 17:43:10,SOLD TO US MILITARY! 1 STAR BROTHERS AND SISTERS,
06dfcf7e-3ba5-4494-a84e-6a8133aec96b,Muslim Pro: Quran Athan Prayer,1,2020-11-17 17:06:49,"You sell our data to US military.. Brothers and sisters, let's boycott this app and report it 1 star..",
953a1a47-165f-47aa-a50c-af85df56d207,Muslim Pro: Quran Athan Prayer,1,2020-11-17 16:44:59,there is an article revealing how This app is selling data to US army. Be careful brothers and sisters.,
b8f9e624-ddc4-4efe-9fd4-933a45574a40,Muslim Pro: Quran Athan Prayer,1,2020-11-17 16:31:14,"A.a, Brother's and sister's delete this app and rate one star to help each other to remove this app from playstore as this is selling our data to us military.See ""Vice"" report",
3e1576ff-1c2b-47b3-b2c2-5e8ed649784a,Muslim Pro: Quran Athan Prayer,1,2020-11-17 14:41:25,Our muslim brothers and sisters this app is a spy app we don't have to use it. The owner ot the app is not a muslim.,
f0b962c1-c885-4618-b239-703fc3f3676c,Muslim Pro: Quran Athan Prayer,1,2020-11-17 14:38:39,You sold our brother and sister data for money. How could you do that?,
21945076-3c80-4d2b-8b53-2ca9cf9cdd5c,Muslim Pro: Quran Athan Prayer,1,2020-11-17 14:21:34,"I'm going to uninstall your apps, simply because you are selling our data to the US ARMY! Do you want to sell our location for their drone to hit us? You are all crazy about money, there is no Muslim in this app! Period!",
cac89fb7-0210-4697-a460-ce45bdea3ae2,Muslim Pro: Quran Athan Prayer,1,2020-11-17 13:23:25,Unistalled Once I Heard From Reliable Source How You The App Creators Have Weaponised This App By Selling User Data To The USA Military! Very Un-islamic Way Of Doing Business For An App & It's Creators Who Were Meant To Be Helping Peacefull Muslims Continue Their Worship Of Allah(SWT) In Peace... I've Now Uninstalled Your App! & Call For All Muslim Brothers & Sisters To Do Likewise! I Will Not Be Reinstalling This App Until I See A Public Apology & Reassurance This Will Never Recur!,
3aaa77a7-f747-42c1-8d5d-4c5324fa6f65,Muslim Pro: Quran Athan Prayer,1,2020-11-17 12:56:20,Disappointed in you. How do we change the narrative about Islam when one of our own sells us out to a Government that is actively villainizing us and turning a blind eye to what is happening to our brothers and sister in China?! #shameonyouMuslimPro,
81c89818-1dcc-4645-b913-12bcf7c63fde,Muslim Pro: Quran Athan Prayer,1,2020-11-17 12:23:38,Don't sell your own Brother and Sister for the sake of money.,
5f769714-6d24-4427-8226-4c4925da0011,Muslim Pro: Quran Athan Prayer,1,2020-11-17 11:49:04,to all my muslim brothers and sisters. uninstall this app.,
33cf8a13-1a9a-4497-a74a-004b2cb3218a,Muslim Pro: Quran Athan Prayer,1,2020-11-17 10:19:25,"DO NOT INSTALL. THEY SELL YOUR INFO TO THE US MILITARY I understand that developer's would like to make money off their apps and this is their right to, but when you allow every kind of ad on your free version app you kind of lost the point of the app. I've seen ads that display women, gambling, etc.",
2b59fc92-b121-4906-a5e4-feb98ee2aede,Muslim Pro: Quran Athan Prayer,1,2020-11-17 07:08:14,"You have destroyed my trust, You sold the location data to the US embassy, the US militan has come up and says they use this app location data that you have sold them to tract the location of Muslims in Pakistan, Iran, and Afghanistan. The US militan has killed hundred thousand even millions of my brother and sister in there and this app also contribute in providing the data to where they are at, Today I will stop using this app. Thank you for your understanding.",
abb24a3f-305a-4c6f-8447-c2c1945f9066,Muslim Pro: Quran Athan Prayer,1,2020-11-17 02:38:22,Shame on you! You betrayed millions of us by selling data to the ones who are murdering the women and children in the middle east and the rest of the world for decades! May Allah deal with hypocrites like you!,
4d336858-efec-4225-9630-4660f20eff55,Muslim Pro: Quran Athan Prayer,1,2020-11-17 02:08:05,"BROTHERS AND SISTERS PLEASE IMMEDIATELY DELETE THIS APPLICATION. We have been manipulated into thinking this app has been designed to aid our deen. Rather it has been mechanised to sell our data to islamophobists! They use it to track our locations and personal data is sent to brokers, contractors and the military as though we are not ordinary individuals.",
a149367b-87a2-40bd-b17a-869518717dfc,Muslim Pro: Quran Athan Prayer,1,2020-11-17 00:10:13,The app are selling the data of its Muslim users to 3rd party companies who give it to the US Military. Absolutely shocking! I have uninstalled the app and recommend all my brothers and sisters to do the same. How could you be so careless?,
cf48ce60-f303-4729-8c3d-ec0f562b8a22,Muslim Pro: Quran Athan Prayer,1,2020-11-17 00:03:25,This app belongs to a non Muslim ERWAM MACE brothers and sisters in islam uninstall this app and also this app sold all muslims information to us military. Becareful.!!!!!!,
4da6638d-1226-48c8-8b40-10376e26af6f,Muslim Pro: Quran Athan Prayer,1,2020-11-16 23:29:32,"The fact they are selling the data of Muslim brothers and sisters to american counter terror organisations is disgusting. Instead of supporting the ummah, how can you work against it? Do not download this app. Request deletion of your account and then delete the app. Unacceptable, abhorrent behaviour.",
4403b9b4-b6e5-4c1e-ab40-42a0f5b396bb,Muslim Pro: Quran Athan Prayer,5,2020-11-16 08:16:40,It is the best app for all Muslims it has makja live. Surah. Duas etc. I really recommend it for my Muslim sisters and brothers so that they can make their Eman strong.,
968c2fa4-d0b0-4754-bdff-c5db11b51074,Muslim Pro: Quran Athan Prayer,1,2020-11-15 23:41:38,After hearing that this app is owned by no Muslims. I now understand why they allowed all the ads with naked ladies. Please brother and sisters be aware.,
ac4d7fee-8a56-44b6-bdef-a7d9de625edd,Muslim Pro: Quran Athan Prayer,5,2020-11-12 02:59:18,"The app is good overall, but you should consider adding more nafil prayer times like tahajjud and ishraq. This will encourage more of our muslim brothers and sisters to pray more nafil prayer.",
08359476-b316-4f4a-b1df-51009f2f67ac,Muslim Pro: Quran Athan Prayer,5,2020-10-28 23:11:31,best app for every Muslim sister and brother,
98245c10-a0ea-46c5-b5c4-8c12eb6970f2,Muslim Pro: Quran Athan Prayer,5,2020-10-11 15:42:25,"Masha allah, muslim pro made me to follow every day morning and evening adhkar and so many other adhkar to recite and memorise too,.. Really love this app and I recommend to other muslim brothers and sisters to download.may Allah give benefit for this the people working for this app",
0e60db01-5f36-418b-b777-35277dc03a6b,Muslim Pro: Quran Athan Prayer,5,2020-09-21 04:10:09,This app was very helpful for European country for our Muslims brother and sister,
942f7e11-62d8-4ad2-80c5-91edbc55c7e0,Muslim Pro: Quran Athan Prayer,5,2020-09-19 18:46:14,Best app love all muslim brother's and sister's.,
21c8301b-9e82-48e1-ac43-b03c0d1065bf,Muslim Pro: Quran Athan Prayer,1,2020-09-13 20:11:48,"App is beautifully but adds are irritating, locking some feature for premium purchase was ok, but allowing adds middle on home page was very greedy choise , i have to uninstalling this beautiful app, some adds shows women hair & face, is this Islam?? Do you want to earn from these adds?? Not good not good. Keep this advise ... DON'T ALLOW ADDS TO APPAIR",
152fdf99-04d1-4e00-b000-f7f9544afb63,Muslim Pro: Quran Athan Prayer,3,2020-09-13 19:21:05,i have been long time. use this application. when im reading the quran. but suddenly a sexy woman ads appeared. Online shopping ads. too bad.,
d2123c2f-3bbf-4580-a66e-7f7a79c1021f,Muslim Pro: Quran Athan Prayer,5,2020-09-11 19:42:26,"Assalamu alikum, brothers and sisters. This is one of the awesome quran app. The previous version was good. I want the audio play button back where it was.The process of clicking the three dots is little annoying.",
43102008-82c9-48d2-a6af-9d42749278fe,Muslim Pro: Quran Athan Prayer,5,2020-09-10 07:45:44,"Salaam Brothers & Sisters...Muslim pro has made my life more easy to be able to access the Quran and so much more and has inspired me to be proactive in my daily life to just read as much as I can, which in turn brings me peace and contentment, especially after my Mothers passing. May Allah-Tallah increase our devotion towards him and protect us from the shaytan at all times...Inshallah.",
a0d0279f-c458-4f50-aac4-ad4352d68736,Muslim Pro: Quran Athan Prayer,5,2020-09-09 23:03:36,Very helpfull. As the prayer timings keep changing according to the rotation of the earth we are unable to attend mosque (lockdown period). We hear the azan and know the namaz timings. Alhamdulillah.,
0f96ecb1-4294-4f2a-8c74-c686d91cc48c,Muslim Pro: Quran Athan Prayer,5,2020-09-09 07:38:19,Very good for all muslims brothers and sisters,
58ded2a8-e5db-4622-b0c4-0c2391eaf6c3,Muslim Pro: Quran Athan Prayer,1,2020-08-30 18:20:30,"I just wonder why you are you promoting Halal Booking. Which appear resort and spa secluded for women only. What does SPA and Beaches got to do with women, I wonder what is the intention? Is it they are allow to take off hijab or wearing swimming attire?",
9fa82e4c-502a-457c-9f38-c617ddbf6545,Muslim Pro: Quran Athan Prayer,5,2020-08-14 06:11:21,Good app. But it badly needed to remove female pic. Please never use female photo in it. Fitna!,
7c705df8-a6dc-427a-9b75-a29aefeef3b1,Muslim Pro: Quran Athan Prayer,5,2020-07-26 03:54:45,Alhamdulillah for this app. Mashallah. Shukran my brothers and sisters in Islam for making this app. It helps a lot. May Allah (S.W.A) rewards you for your hard work. Guys the app easily heat up my moblie . after few minutes my phone is very hot. it consumes too much battery. what can i do?,
a6c0f172-ff8e-4a19-a372-e507e4ca4adc,Muslim Pro: Quran Athan Prayer,5,2020-07-21 08:45:01,"Alhamdulillah, A very good app. Everything Muslim brothers and sisters need is there. It's a very good app. Refreshes your mind with islamic inspirations, guidance, azan, prayer time etc. Everything perfect. I love it. Thanks Muslim Pro authors. May Allah give you the best reward.",
aec2c8eb-6450-410b-8ad6-0ab75e05a3a4,Muslim Pro: Quran Athan Prayer,1,2020-07-15 07:34:16,It's not appropriate for this app To see video about Islam befor And see a woman that she doesn't wear any clothes I'm shocked and surprised Sham on you,
2b05202d-5046-466d-99fe-2ca763366528,Muslim Pro: Quran Athan Prayer,1,2020-07-15 06:40:53,"To this app developers, really the best app of Muslims .. contains a pics of a nude woman in video section really disappointing.. came to read the Qur'an al Kareem nd this is what I saw.. when I tried to delete it I couldn't why ? There is no a delete option...,, honestly, I didn't see that video nd don't care what it talks about.. it's bothering me how Islamic video called pre Islamic Arab or what ever ..post a such nude picture ....",
d6d4d63e-c166-426e-b3f1-23ce555557c2,Muslim Pro: Quran Athan Prayer,5,2020-07-09 22:21:07,SubhanAllah best app for all Muslim brothers and sister I will highly recommend everyone to download this,
ada79874-258b-44b3-afb3-513cc7837bd9,Muslim Pro: Quran Athan Prayer,5,2020-07-06 00:14:13,This apps is very for muslims brothers & sisters around the globe,
2367a11b-7e4b-4916-be31-6e4ec0cca356,Muslim Pro: Quran Athan Prayer,5,2020-06-28 17:18:36,Subhān Allah for this beautiful app. I normally don't write reviews but here I had to. It's a beautiful and inspiring app for all Muslim brothers and sisters with lots of features. I pray for the developers for this beautiful app. Thanks guys. JazakAllah,
b657c028-9f19-4076-916c-35f77d25d427,Muslim Pro: Quran Athan Prayer,3,2020-06-09 06:46:09,"I already have a Legacy Muslim Pro which allows me to access the unlimited / ad free app however once i updated this app on my phone Galaxy Note 3 SN-9005 I have already forgot the account it was connected to. (can't remember whether is gmail, Facebook or my phone # that the Legacy account is linked to. When I clicked on the ad free settings, it says ""this account is already linked to an existing MuslimPro user"". I find the ads very intrusive and very insulting as it shows sexy scanty dressed women when I am trying to access the Quran. How can I get my Legacy account back? please help!",
e675830c-152b-4fd6-b050-e2434e22ac86,Muslim Pro: Quran Athan Prayer,5,2020-06-06 03:43:39,Nice app... Good for mislims brothers & sisters,
7ade7c1e-8769-4b6f-9f79-247370c1f1ff,Muslim Pro: Quran Athan Prayer,5,2020-06-03 01:54:45,It's a best app for every muslim brothers and sisters I like it very much working smooth so far,
70d0dc55-aa83-448c-a8a6-382086db2f89,Muslim Pro: Quran Athan Prayer,3,2020-05-31 19:34:03,"I'm thankful you remind us to read the quran everyday but for some reason I wanted something different for this which is tracking woman period and reminding us to get back to our track.. U know what I mean, I'm sorry if this is rude or wrong. Its just my opinion, can just ignore if it doesn't make sense",
aa557a9d-f3d0-4449-9d9d-6557052bfa48,Muslim Pro: Quran Athan Prayer,1,2020-05-28 22:44:40,"Such apps should not be done for financial purposes, I feel bad of the app because of the sort of the ads which contain naked women sometimes lol in a such religious application that is irrational. I hesitated to delet in the first, but now I delet it with confidence.",
b5e19c19-a803-4e11-8bae-f38cb68e67d6,Muslim Pro: Quran Athan Prayer,5,2020-05-27 20:46:41,The Best! Period! Beautifully done.,
47a8c252-76bb-40fc-bc29-8500931f78af,Muslim Pro: Quran Athan Prayer,3,2020-05-27 02:32:36,"I like this app because it has many duas and easy to use quran, however the adhaan always becomes delayed and I do not like the type of ads displayed , I dont mind ads but I do think it's highly inappropriate there are fitness ads of women and single dating apps I think it is very bad for the brothers to come across this when they did not intend for this. Please fix the type of ads shown.",
a0068f60-9e9b-448b-a040-40091e7eb293,Muslim Pro: Quran Athan Prayer,5,2020-05-26 23:29:01,Jazakumullahu Khayran. This App was indeed helpful in the Ramadan period that just passed.,
a3a8fad9-0276-42bb-b4b9-ffcb6ff5259c,Muslim Pro: Quran Athan Prayer,5,2020-05-25 00:57:59,Really an excellent app. Help me alot during fasting period,
d7f7c8ea-b645-47ba-9022-15ce63d495ab,Muslim Pro: Quran Athan Prayer,2,2020-05-24 06:29:11,It is a very good app. But please remove the inappropriate ads from inside the app. Pictures of half naked women should not be showing up when we are reading the Quran... I understand we can purchase the full version but still this was unexpected and inappropriate. Please address this.,
2f021297-2b8b-46d1-b138-152750114f05,Muslim Pro: Quran Athan Prayer,3,2020-05-16 07:22:50,I love thia app but inappropriate ads come on when you try to open quran. Ads with dogs and dancing women etc. Please fix it.,
adaaea03-b541-428f-a6e1-e0028ca12968,Muslim Pro: Quran Athan Prayer,5,2020-05-15 19:29:12,There is unexpected advertisements like women's underwear what is totally nonsense activities.,
5e83b131-8ebe-4625-a363-8b4f04648a7d,Muslim Pro: Quran Athan Prayer,1,2020-05-15 08:02:20,Hi putting ads and naked women on the holy Quran it is not good please stop you will get better income insha allaah if you stop it.,
95c38489-e7e4-42e2-bd37-2e581929871f,Muslim Pro: Quran Athan Prayer,5,2020-05-13 10:36:10,This is excellent and useful in daily life and as well during the month of Ramadan period.,
725cefda-ff42-4785-8198-0161291ac4ff,Muslim Pro: Quran Athan Prayer,5,2020-05-12 06:09:48,"Muslim Pro The Muslim Pro is arguably one of the most comprehensive app you can have as a Muslim. No wonder it is called Pro. It comes with Qibla directions, Prayer Times, Qur'an, Supplications and Fasting Tracker for people, most especially women, so you don't get confused about how many you've missed, amongst many other functions it comes with.",
ab848ba9-7dd1-4640-8271-3e517f904cb4,Muslim Pro: Quran Athan Prayer,5,2020-05-11 14:24:15,Assalamualaikum.Alhamdulillah.This is the must have for every Muslim brothers and sisters.Jazakallahu khair.,
5da66720-b3d7-4d43-9a57-a36b06a27f47,Muslim Pro: Quran Athan Prayer,5,2020-05-08 23:03:56,"I thank the developers for this brilliant app.. Very helpful.. Perfect.. I also urge my fellow brothers and sisters to please buy the pro version and help and support the team.. They are doing a wonderful job.. Its totally worth it.. May 8, 2020 Ramadan Assalam alaikum! There is a bug in the ""last read position"" of Qur'an.. It doesn't update properly and its very troublesome.. Also, the automatic time settings for France seems to be corrupted. Can you please include contact us within the app?",
1806638d-c4b8-46fc-919f-1f920ec8947e,Muslim Pro: Quran Athan Prayer,5,2020-05-08 16:16:06,"Why does the muslim app take money, why isnt it free to brothers and sisters?? Such a shame that Islam is being used this way to lure people.",
4cfbed9d-9552-4d5c-a2d4-266ec274fc56,Muslim Pro: Quran Athan Prayer,5,2020-05-07 02:57:41,"Mashallah! This app is getting better everyday. All praise to Allah. Heartfelt gratitude to every single brother and sister involved in this rewarding project. May Allah reward you for utilizing your skill to the right track. Please, I humbly request you to work on the bug in iOS that stops Athan in the middle, not allowing finishing it. May Allah forgive us and give us ability to rectify, obviously everything we do is to glorify Allah. Zajakalla khairan.",
5266fa35-bbfe-43b7-b724-7c7eacc6958f,Muslim Pro: Quran Athan Prayer,5,2020-05-01 07:36:07,Alhumdulillah good application to support all Muslim brothers and sisters.,
21c60afd-183d-436f-b578-aa34cc03d032,Muslim Pro: Quran Athan Prayer,5,2020-04-30 12:05:31,I advice my fellow Muslims to download this app its good mostly at this period of ramadhan Kareem,
e32aa7df-7f55-46bb-9f36-a4bca3189280,Muslim Pro: Quran Athan Prayer,1,2020-04-28 19:03:15,"Worst experience. They charged me for an year subscription, despite I reaached out to them in trial period to unsubscribe me.",
67e53bbd-81a9-4b40-b7c8-442e78f1f292,Muslim Pro: Quran Athan Prayer,4,2020-04-27 10:19:31,"The mode of payment for for a period of time is the little problem i have. I wish it could be paid not only by visa card but also through network providers, if possible",
103decfd-f941-4b88-9338-f70ed3b0eea7,Muslim Pro: Quran Athan Prayer,4,2020-04-27 09:55:55,It's a helping hand especially this period of lock down,
5533b17f-b285-4115-8734-aae7e0189d0c,Muslim Pro: Quran Athan Prayer,5,2020-04-26 22:14:30,We need this apps brothers and sisters. .,
7871c994-6c90-43a7-9757-7bbe59294b88,Muslim Pro: Quran Athan Prayer,3,2020-04-25 22:58:16,The app is best but they not provide azaan and if you are added tarabiya also . So during this time period of lockdown it's helpful for muslim,
cb622624-cb48-4b1a-8749-9df7a7edca0a,Muslim Pro: Quran Athan Prayer,4,2020-04-24 18:09:53,"This is an amazing app, I love it! I love how it's evolved to include so many features, the section where you can pray for all our brothers and sisters facing hardships, and of course I love the translations they have on the app so you're not only reading the Quran, but understanding it. The only reason I don't give this five stars is because of the ads. Sometimes they contain some inappropriate things that make me feel uncomfortable and like I have committed a sin by viewing it. Or too loud.",
0d45e9ed-133e-4b66-b9e0-464808ea56a1,Muslim Pro: Quran Athan Prayer,5,2020-04-24 17:16:54,I give this apps five stars because it is very use ful to all Muslim brothers and sisters. It is a good Islamic app,
7bc89375-42fa-43ad-a86b-0bf3e0888f3b,Muslim Pro: Quran Athan Prayer,4,2020-04-24 11:41:29,Best app for Muslim brother and sister,
2f154d21-c750-40f3-8161-e6b9a44dbb19,Muslim Pro: Quran Athan Prayer,5,2020-04-24 08:03:20,"Very amazing app , brothers and sisters use it you will benefit more",
bc09c7e8-1908-4b52-bd06-f45b2121763c,Muslim Pro: Quran Athan Prayer,3,2020-04-16 12:02:45,"The app is good but the app developers need to work on the kind of advertisements that show when using the app. This app is for the muslims and Inappropriate ads showing women can be a source of fitnah, we would highly appreciate if you guys would work on that. JazakAllahu khairan.",
ba8bf76a-d3f0-4a05-8c32-f025e64227f2,Muslim Pro: Quran Athan Prayer,5,2020-04-16 03:12:20,"Absolutely a great app for Muslim brothers and sisters. One app where you can get a lot of Islamic info, whole Qur'an with translation and many more. JazakAllahu khairan for creating such a good apps. Please don't stop updating and correcting if needed.",
e04c52d4-c5ac-4c54-ae2b-47d7d4c31853,Muslim Pro: Quran Athan Prayer,5,2020-04-15 15:05:59,Very useful app for all Muslim brothers and sisters.,
bcf82fce-9362-4910-8c26-682a090f276e,Muslim Pro: Quran Athan Prayer,1,2020-04-10 21:19:57,"there are so many advertisements for everything that you do. even dirty things like naked women,music etc",
a480ed16-2d60-46c7-be2d-50647576a67d,Muslim Pro: Quran Athan Prayer,5,2020-04-09 19:09:14,Nice Application for All Muslim Brother and Sister and it must have in your Mobile phone all in one application. Paid version is very nice and also Ads free. One suggestion please use Google Maps service instead of Foursquare for searching Mosque as it has listed less Mosque. Best wishes for this Team... Jazak Allah,
435dcaaf-d2b8-48ef-8f71-51d73000b370,Muslim Pro: Quran Athan Prayer,2,2020-04-04 09:58:06,"Erm 28.99 for the year are you guys mad? Clearly you've lost the plot and are money hungry. Let's rethink the strategy and who this app was made for. Muslim brothers and sisters and not to rob people for a one off subscription of 28.99 to remove ads. Given the app is really good yes, but if the goal isn't to help people get close to Allah and find their deen. Then may Allah guide you better. Ridiculous pricing, shambles.",
9a072273-84e8-465b-8522-1285a19d1de6,Muslim Pro: Quran Athan Prayer,4,2020-04-02 09:53:40,First it was best ads with out living things and now games ads with women without proper clothes . This is not nice while reading Quran ads are coming with women in it. Take care of it please.,
7822b468-f55b-4c67-8120-db930c96f79f,Muslim Pro: Quran Athan Prayer,5,2020-03-28 23:40:23,Thank you for this wonderful app it gives me courage to enjoy life god bless you brothers and sisters.,
84e1a3dd-6204-493d-84c2-bc02d9efd5c9,Muslim Pro: Quran Athan Prayer,4,2020-03-27 01:01:25,The App is awesome and i have been using it for more than a year but the recent update requires me to ACCEPT you guyz to fetch sensitive personal data about me and the privacy policy cannot fetch the required information for one to know why you will need that kind of information. Thanks for the prompt reply Brothers and Sisters i have reviewed my ratings for you. Shukran,
b4743ae7-9ae2-4d0f-959a-61ae6d90ed0d,Muslim Pro: Quran Athan Prayer,5,2020-03-23 19:28:28,Very good for my Muslim brother and sister,
8d5fb409-1aea-4dfd-b236-0e545ef0afe4,Muslim Pro: Quran Athan Prayer,5,2020-03-23 19:12:28,Masaallah fantastic helpful apps for all Muslims sister and Brother.. Make allah perfect to all.. May allah bless you all.. Jazakallah,
948edf40-5384-4550-ba58-132622b1e0c9,Muslim Pro: Quran Athan Prayer,5,2020-03-16 02:15:25,I am a Muslim woman. This app helps me be a great Muslim,
740a8c74-40e7-4ddd-adca-879d565c0188,Muslim Pro: Quran Athan Prayer,4,2020-03-10 05:49:52,Good App but I keep seeing Ads with Women. Mostly from Instagram. That's inappropriate when reading the Words of Allah.,
263b42cb-cab5-40b9-b726-78278d4a074d,Muslim Pro: Quran Athan Prayer,2,2020-03-09 01:43:31,"Hi..! I am facing this issue please guide me to resolve. Whenever I am trying to update for pro version I get a email with verification link in that and when I click on that link, again that link takes me to the previous application page and then again I have to resend verification mail and this cycle keeps continue. Kindly provide a proper solution so that i can have the pro version. Thanks.",
b69c9add-8a86-47fe-ab88-f941d03df889,Muslim Pro: Quran Athan Prayer,5,2020-03-06 11:27:35,One of the best islamic app recommended to all muslim brothers and sisters,
031c6fe9-fc22-477b-bafe-fc2ee0eae449,Muslim Pro: Quran Athan Prayer,1,2020-03-03 03:33:33,"Must be extremely careful of what you read from the app, because though the majority of info is correct & beneficial, a lot is not authentic. For example Shab-e- Barat? No proven sources that prophet (pbuh) fasted on this day or said a particular du'a. Some dua's or adhkaar are also inauthentic. So best to avoid this app, my dear respected brothers & sisters. May Allah Azzawajul guide us and the makers of the app, Ameen!",
15beb2d7-b208-48f4-b4ed-50bd09d1a08c,Muslim Pro: Quran Athan Prayer,5,2020-03-01 08:12:38,Very useful to my muslim brothers and sisters,
072f11d4-b112-4587-8c3a-6008f6413d68,Muslim Pro: Quran Athan Prayer,5,2020-02-21 01:48:19,Very useful I recommend this app to my brothers and sisters Muslims and friends,
c77dc26e-0e0c-46bb-a0e9-d654bc0e27b4,Muslim Pro: Quran Athan Prayer,5,2020-02-19 20:49:24,"It's helping me to learn more about Islamic religion and teaching me to get in to a schedule with my prays.most of all it helps me become a better Muslim sister,easy reading for me to understand I love it.",
261ce3ff-fc76-41df-a43d-96a2c5c07e02,Muslim Pro: Quran Athan Prayer,5,2020-02-17 17:11:57,"Amazing....I absolutely love it... brothers and sisters in islam if you want to build your eman and strengthen your connection definitely look into this app. Not everything works for everyone, but this worked for me and I clearly have seen a change. Al'hamdu'illah",
11cd91c2-ef96-46c2-9787-2772f68ea327,Muslim Pro: Quran Athan Prayer,5,2020-02-15 22:12:19,So helpful alhamdulillah I've been guided with this up in right path keep up and help more many of our brother and sister,
6c784bc7-a710-456f-9bf4-7bac7b784a22,Muslim Pro: Quran Athan Prayer,5,2020-02-10 22:11:20,Very useful app Because it reminds about namaz and to follow Quran recitation I strongly recommend this to every muslim brothers and sisters,
7ec46035-4112-4116-8378-5bcde6707451,Muslim Pro: Quran Athan Prayer,4,2020-02-09 16:11:59,"Its good apps, but the ads pop-up always showing something which is not islamic, i meant an ads in which a woman always show up in it, please sort up your ads...",
11ad2549-4558-45f0-9634-048cbc627cb5,Muslim Pro: Quran Athan Prayer,5,2020-02-06 19:37:54,I m using this app since 2 months and in this short period of time I enjoy this app very happily. Whenever i'm in truble the every day surah motivate me and suddenly I thanks to my Allah and it has a perfect translation of all surah I love this app . But if more option will open without any membership this app became more happier . I'm enjoying muslim pro very nice . Thanks,
88a7bdd2-a7e3-499a-8a63-964cbfa806f0,Muslim Pro: Quran Athan Prayer,5,2020-01-13 05:20:19,"I'll be highly recommend this app to the Muslims brothers and sisters this is excellent App for everyone, install today muslim pro improve your reading skills and knowledge of deean.",
97d09bb5-b5e0-406a-bda3-1124d56eb6bc,Muslim Pro: Quran Athan Prayer,1,2020-01-12 21:08:47,"So I been using this app for about 5 years, today I went to look up an ayat of the Quran, but ad popped up with with pictures of women (I really don't want to explain what I saw) but I understand that ad is the revenue for you guys but please don't promote inappropriate things that will just negate the good things that you are working hard for. Uninstalling but inshallah if things changes for the better I will install it again.",
ced91cc9-5923-42ae-99e4-81098d4995c5,Muslim Pro: Quran Athan Prayer,5,2020-01-10 02:03:17,MashAllah Asalamu alaikum brothers and sisters. In my opinion the app is great and serves its purpose with a lot of other options for education and community. I have found great use with the app and am thankful for it.,
d3a9a7fb-487f-4e56-87a0-457409fe6d78,Muslim Pro: Quran Athan Prayer,5,2020-01-07 18:00:08,Very helper. Very good for guide all brothers & sisters in Muslim. May Allah bless all brother & sisters team Muslim Pro,
23af1e88-f858-4c11-b0bc-9d422a82a8de,Muslim Pro: Quran Athan Prayer,5,2019-12-31 18:25:16,Asalamalekum waramatullahi wabarakatuh alhamdulillah i like it so much when is time to pray it reminds me for every prayers may Allah make it easier to pray on time inshallah for me other mulim brother's and sisters. also thanks to whom who created this app may Allah reward them and gave them his jannah.,
209113ec-74c6-4cf1-821c-7aa9e47d38ee,Muslim Pro: Quran Athan Prayer,5,2019-12-18 13:16:30,"Aslam alekum to all of my brothers and sister's. Alhamdu lillah , very good app. Its very useful for those who don't know to read holy Qur'an. The translation and Qur'an in English language is very helpful to learn for the beginners same as me. I am very much thankful for the team of maker Muslimpro, because of your app I m trying to read and understand the holy Qur'an. May Allah bless all of the muslimeen in the world and keep us under his mercy.",
cbb7fe87-71bb-4fe1-9d1a-c7ef2c3e1fc0,Muslim Pro: Quran Athan Prayer,5,2019-12-06 18:31:34,Muslim pro connects Muslim brothers and sisters all around the world Allhamdulilah,
d22a1402-a76b-4636-ae0d-fe7c11d00bc8,Muslim Pro: Quran Athan Prayer,2,2019-12-04 18:38:52,Asalamu alaikum brothers and sisters ! I have been using this app for so long and i never notice any faults in this app apart from azan never works for me ...but today i was reading quran using this app with my quran teacher and i found mistakes in SURAH FAJR...please check and correct them ASAP.JAZAKALLAHU KHAIR,
52ee8689-dba3-479d-a070-7855949b7731,Muslim Pro: Quran Athan Prayer,5,2019-11-29 01:29:36,Masha Allah...Its very helpful and useful App for me And All muslim Brothers and Sisters,
fef6ef3f-3241-4dbc-bf3c-072a0cfc4d13,Muslim Pro: Quran Athan Prayer,5,2019-11-26 11:01:53,Asslam o Alaikum all Muslim brother and Sisters over the world this app is very good geart efforts by the developers its perfect and allot of knowledge abut Islam please install and improvement himself. Regards,
173fdeef-1f59-4344-bb10-c8e35acbf1b7,Muslim Pro: Quran Athan Prayer,5,2019-11-25 22:34:40,"An app for Muslims, but why are there advertisements for Women's Lingerie which are very not supposed to be displayed to Muslims? Especially Men.",
9a60316b-e805-4100-bb39-fb83747d7144,Muslim Pro: Quran Athan Prayer,5,2019-11-15 01:08:01,Brilliant app for all my Muslim brothers and sisters!,
ad560d01-6727-4dff-95d9-fb80898dd941,Muslim Pro: Quran Athan Prayer,5,2019-11-09 10:24:11,May Allah reward the founder of this app abudantly. Very useful app. I recommend it to my fellow brothers and sisters,
f16196f9-ac36-425d-bce2-e69898c8ff37,Muslim Pro: Quran Athan Prayer,5,2019-11-02 09:36:19,"Very good app, Does everything I need it to do period. Hamdu Allah.",
200c9e88-50ae-444d-88bb-364c4067ad96,Muslim Pro: Quran Athan Prayer,5,2019-10-25 14:16:35,This is a good aap for knowing islam n what islam is nd how to learn all these things gain for this aap n very usefull to all our Muslim brothers n sisters ...thanq,
3fdbeb8d-fc0f-48cc-a12a-d2629dd61b50,Muslim Pro: Quran Athan Prayer,2,2019-10-23 16:53:02,Assalam o alaikum! This app is very beneficiall but have tooooo toooo many irrelevant adds. I just open the Qur'an or Duas but the weird adds of half naked women appear on quranic ayaat which is embarrasing. Please make it free from such adds. I don't said to remove cause these are the sources to run app. But please change these adds. These adds are not for the islamic apps. Jazakumullahu khairan,
62067f4e-add0-412b-b934-13f20fc177f4,Muslim Pro: Quran Athan Prayer,1,2019-10-11 10:25:21,"Wrong!!! All wrong, careful Muslim brother and sisters",
f79f537e-ffd8-4d05-8aaa-785cf62d09c6,Muslim Pro: Quran Athan Prayer,1,2019-10-10 15:18:05,How does this apps own by non Muslim? Bintang Capital who own this apps which is base in Singapore capitalise our Muslim needs and makes money from adds which is not suppose to be there. Shame on you guys. Please uninstall Muslim brothers and sisters,
e37d22b5-820a-478a-afe4-aabac66c8738,Muslim Pro: Quran Athan Prayer,1,2019-10-08 11:45:39,"Good app until i tried to use the app in the masjid, adds with half naked woman, well done, Astaghfirullah. Forgive me.",
eee89fdf-0fd1-41b7-b90e-19407f477b43,Muslim Pro: Quran Athan Prayer,4,2019-09-30 06:20:55,Just installed the app. So far happy with it. However experiencewise require for a certain period. Will see how it goes and will rate again inshaaAllah.,
4146cd45-4b71-4f9f-98cf-03d51a6e8006,Muslim Pro: Quran Athan Prayer,5,2019-09-27 01:50:28,Thia app is very beneficial for me and Muslum brothers and sisters,
e57cbf15-806d-4a85-a292-5bd684cc3059,Muslim Pro: Quran Athan Prayer,5,2019-09-22 16:16:46,"It's a wonderful app for our brothers and sisters all across the globe. Well done, May Allah bless the developers.",
80c54bd2-ca39-4d70-923f-0095bf60f1d2,Muslim Pro: Quran Athan Prayer,1,2019-09-13 14:32:51,"Dear brothers and sisters, please don't download this app. The developer for this app are non muslims from Singapore. Be careful.",
e6db1886-cdce-404f-bee7-c86b8645a7bf,Muslim Pro: Quran Athan Prayer,2,2019-09-13 10:59:04,Opening up Al-Quran but suddenly apps shown Ads with women without covering aurah and sexy..Bad things is I'm in Masjid for Friday prayer!PLEASE REMOVE THE INAPPROPRIATE ADS FIRST!!!,
9704c46c-c652-428c-834f-1a5806d1354a,Muslim Pro: Quran Athan Prayer,4,2019-09-11 10:49:02,It stops after some period of time,
82fa492a-8a2c-432c-a2c1-78deca3a1e49,Muslim Pro: Quran Athan Prayer,1,2019-08-31 15:15:17,"When app is opened,it ask for permission to collect ""sensitive personal data""...... There is no such requirements to operate the app.... It is just like ""respected thief"" being invited to home.... App design and content is good & worth to praise but your annoying ads which even shows women is a drawback..... Do remove such permissions from your app & if not I will have to uninstall your app !!!!",
db7e534f-0b35-4c97-9656-f2ea9f104336,Muslim Pro: Quran Athan Prayer,1,2019-08-27 04:43:33,this is islamic app what happen with all the bugs and markering issue abt other stuff appearing in quran app some time it jst stop then what is the meaning of quran it should consor quran and islamic studd period,
cc302978-400d-4020-bd8e-63ec7c7dbbb0,Muslim Pro: Quran Athan Prayer,1,2019-08-24 07:21:54,"What's the reason to ""collect sensitive personal data about me"" as you put it (word for word) for this app on those who use your somehow functional app, and coerce the users to accept a forced agreement?!!! Are you guys spies or what is your agenda..., I will opt out and uninstall this crappy app of yours period.",
ffa624c7-c971-4693-9792-50a3fb6517d9,Muslim Pro: Quran Athan Prayer,2,2019-08-22 21:06:39,"One of the best apps out there to help a muslim gain more knowledge and follow the righteous path ما شاء الله Update: the app. Now has too many ads and some of them have immodest women posing which is not befitting for an app. That is supposed to be Muslim friendly. In addition there previously used to be rewards for different activities and I unlocked another reciter of the Quran. Now that I changed my phone he's no longer there and that absolutely bummed me out to be honest, I wish you ha",
af13ebbc-3c43-4b9e-b42d-9a4ef29f6e87,Muslim Pro: Quran Athan Prayer,5,2019-08-16 18:51:57,very nice for offline period and nice tajweed with makharij,
362bade5-2f0d-4aea-8227-8aaf072900cc,Muslim Pro: Quran Athan Prayer,4,2019-08-15 07:41:32,"This app is great for knowing prayer times. I've also used the tasbeh and prayer+Ramadan tracker and it has helped me a lot. One thing that irks me, though, is that ads are not filtered at all. I often get ads that are inappropriate (showing barely dressed women and men for shapewear and workout apps) please filter your ads! This is an Islamic app, and I feel so uncomfortable when ads like these pop up (and you cant even turn them off.)",
5d50d41e-0c22-4a23-980e-acad6322994d,Muslim Pro: Quran Athan Prayer,5,2019-08-10 18:26:35,Amazing brothers and sisters who made this app,
d63c469c-fc24-488d-a175-e551e8893f13,Muslim Pro: Quran Athan Prayer,5,2019-08-10 01:53:21,"mashallah this app has helped me through the toughest times in my life, brothers and sisters help support this app alhamdulliah with all the tips in this app i am in the process of finishing my hajj may allah bless all who helped put this app together and may it help guide many more brothers and sisters ameen",
c18ada11-f669-47f4-aa73-9aab7c75e83a,Muslim Pro: Quran Athan Prayer,5,2019-08-08 10:06:57,"Best Islamic app, much love this, helps remind me of my salaat, daily recitation of the holy Quran and beneficiary supplications of all kinds God bless the developer. Ameen. Download this app fellow Muslim brothers and sisters.",
2d8673d5-5580-4983-8a3a-ebfecf324f9e,Muslim Pro: Quran Athan Prayer,5,2019-08-04 22:17:25,Alhamdulillah...Excellent experience i had by using this app. really very help for every Muslim ummah. Good app for reciting holy quran and it has lots of other features which good for Muslim brothers and sisters.,
d9e273cc-823e-47ff-bd74-60c35984066b,Muslim Pro: Quran Athan Prayer,5,2019-08-04 07:52:55,this app is great for all of my muslim brothers and sisters,
f283937b-ac29-4c18-bf28-6f87793aebd0,Muslim Pro: Quran Athan Prayer,5,2019-08-03 11:47:23,"Excellent in all fairness. but most adverts that prompted while opening Muslim pro, especially the adverts with Women is uncallfull. Thank you very much. we pray almighty to ALLAH to reward you abundantly. GOD BLESS YOU and your families. Jazakhumullahu Khairan.",
358a804b-916a-4198-b533-061a97a59036,Muslim Pro: Quran Athan Prayer,1,2019-07-31 14:48:47,"the app itself is good BUT although all app designers need funding through advertising, these guys take it all to another level with full page pop-up advertising between pages...AND you can't close it until a period of time has elapsed...a long period...",
32c3e4f2-4684-4c32-a4be-4d478211119d,Muslim Pro: Quran Athan Prayer,5,2019-07-28 21:57:15,"Excellent app, text large enough for older brothers and sister!",
46067137-d260-42e9-9cd6-e2afd77788c4,Muslim Pro: Quran Athan Prayer,4,2019-07-27 15:59:37,Love the option to track. Struggling on holiday without the wifi. Love the options to silent for periods where im not praying. aswell as the options to set an alarm for some prayers and a silent notification for others. qibla is what I downloded the app for to ensure Im always praying in the right direction but all the other extras allowed me to delete all my other islamic apps as this has it all in one alhamdulilah. quite happy.,
cf457fa8-49cd-4653-84db-b08cb83b6581,Muslim Pro: Quran Athan Prayer,5,2019-07-20 06:57:07,thanks dear brothers and sisters,
fc5653f6-ed15-47ba-9123-c707292ff07e,Muslim Pro: Quran Athan Prayer,5,2019-07-18 19:39:38,Alhumdu lillah has been very beneficial to have this on the phone... would recommend every brother and sister in Islam to have it on their phones...,
e3d21ca7-15b8-433f-afe3-b2bb3f7ac047,Muslim Pro: Quran Athan Prayer,1,2019-07-16 02:26:34,Interesting how a app that is supposed to help u pray and stuff is doing the opposite. This app use to have pop up pic ads before and now it has video ads all with haram content and then they want u to pay to remove it even tho more then half the stuff used in this app is just links to the Internet of other people's work yet this developer seems to think they are entitled to money. I shouldn't have to see half naked women just opening the app to find kibla. Just download Miqat app much better.,
b51b6b1d-c40b-415c-b0d8-325c93855d12,Muslim Pro: Quran Athan Prayer,5,2019-07-15 03:54:11,"I have Muslim Pro on my tablet and I don't miss my prayer time. I love all of the apps and us them daily. I speak English and added The Holy Quran to my tablet which is already translated to English. I also set my times for prayer in advance to get ready for prayer time. I use the Quran, and all of the avalible apps to guide me and for learning the life of a (new) Muslim woman. I searched my whole life for the right way to serve God and finally as I read the The Quran I know its the true way.",
66b86c46-c24b-4650-8386-4c71f4bef708,Muslim Pro: Quran Athan Prayer,5,2019-06-27 22:30:39,this is the best app I encourage every Muslim to install it today it has increased my imaan in a very short period SubhanaAllah,
5450ea1e-e5df-4381-9586-ffef6aae9ab2,Muslim Pro: Quran Athan Prayer,5,2019-06-21 20:52:39,"Assalamu'alaikum Wr. Wb., Dear Brothers/Sisters behind this app, I really enjoy the app. I wish your good deeds will be regarded as the ibadah to Allah swt. For the next update/upgrade, please add hadist feature. It will be useful as the additional source to learn Islam.",
40f8c8a3-5b41-4c9d-8f0e-5f3fa26a6a67,Muslim Pro: Quran Athan Prayer,5,2019-06-19 06:18:48,"I love this app. Remind me of pray times, and help me out in Ramadhan Fasting period. Hope all the dev will get benefits from Allah. I paid this app and never regret about it. syukron.",
bf580807-4cd0-4852-ba69-bea417484cb2,Muslim Pro: Quran Athan Prayer,5,2019-06-15 04:28:08,"This app is so helpful because it is so organize and it feeds my spirit daily by providing me verses and duas, I really want to get its premium version because I believe that the proceeds from this app will help my muslim brother or sister or both hahahah please try this app, its working properly and very convenient as source of Vitamins in soul and spirit... Thank you for the developer of this app...",
f198fd60-9631-4529-9ac4-f8d8abebbef8,Muslim Pro: Quran Athan Prayer,1,2019-06-09 06:43:35,i uninstall it because of inappropriate adds. women with extreamly short dresses were shown below the relegious contents.,
00e10f49-24c8-4e5f-b53c-7fe0de4d9bc9,Muslim Pro: Quran Athan Prayer,5,2019-06-07 10:36:41,"If I am to give directive to all Muslim brothers and sisters, they must have this application, masha Allah, my Allah grand you janna and all users of these app. I can the application makes me understand or learn many things.",
9d14f743-6a31-4cfe-8ff3-d54cf789445e,Muslim Pro: Quran Athan Prayer,5,2019-06-06 02:06:27,best 4 Muslim Brother n sister,
7cdf5996-46f2-4a23-a78e-a50bd3fb3ada,Muslim Pro: Quran Athan Prayer,5,2019-06-05 21:54:57,"Do you want your ""Religious"" life to be alot better and easier to maintain? Well this is the perfect app for you. For the people who worked hard improving this app to help our brothers and sisters in our religion (Islam) be more active in our religion and to know more about, thank you and may ALLAH (Subhanawataa'lah) bless you.",
26ed649d-923b-4a6e-9191-1b379b4cf944,Muslim Pro: Quran Athan Prayer,5,2019-06-03 01:31:38,"very useful app for muslims brothers n sisters, it has got all the useful features we need. Thanks for making this app. I love it n use it daily",
19caebd1-e6c8-42ce-8be1-ff29cbc67fa4,Muslim Pro: Quran Athan Prayer,5,2019-06-02 09:22:07,very very useful app. perfect timings for Namaz. Full Quran to listen.and many more features.I strongly reccomend this to all muslim brothers and sisters.,
17bf7aa1-f6ec-44c4-b2e4-7cd47f6c4fc7,Muslim Pro: Quran Athan Prayer,5,2019-05-30 04:05:14,"salam brothers, & sisters. You are the roots of the tree of Islam. Gazakum Allah Khair for all you do. Promogating,& making Islam accessible to Muslims& non Muslims",
1b9dba24-054c-43f8-b102-c038d07d14e5,Muslim Pro: Quran Athan Prayer,3,2019-05-29 03:10:28,"it will be good if we can customize the shown menu, or hide the menu, because 'artikel unggulan' dan 'video unggulan' often show irrelevant item/news, or women shows aurat jazakumullahu khayran",
9b9a26d4-e27d-4317-810f-07c1ff259bfd,Muslim Pro: Quran Athan Prayer,5,2019-05-28 14:58:15,"Subhanna Allah I think Muslim pro is great and always appropriate, reliable, and convenient. Shakrun to all the brothers and sisters who have put Muslim pro together.",
7fc3049d-be81-4260-ac83-18340b67901b,Muslim Pro: Quran Athan Prayer,5,2019-05-25 16:25:52,This is a wonderful app. Recommended for all muslim brothers and sisters.,
e82ee121-a9b0-425c-9361-d4c06deaf628,Muslim Pro: Quran Athan Prayer,4,2019-05-20 07:53:17,Mashallah everything is good.. but there is one problem while reading quran pak or any other dua..ads come ..and some ads are like which we dont want to see..and its haram...its like while on ja nimaz reading quran..suddenly add appears with women having haram outfit..atleast take care of these things what so ever we dont go for muslim pro...we r ok with it..so its gonna show us haram things while reading quran...please make selective ads..if u want..and 1 more issue is about adhan notifications,
a433cd02-0381-400f-85a3-0852eb2ecf23,Muslim Pro: Quran Athan Prayer,5,2019-05-19 16:42:36,Super and very useful. Highly recommended to all muslim brothers and sisters. Thanks for developer to make this beautiful app.,
77b1f717-374f-4203-8d36-ecb9679e8657,Muslim Pro: Quran Athan Prayer,4,2019-05-19 07:25:54,Assalamu Alaikum! Alhamdu lillah this app is a blessing. I use it day noon and night and now I can't go without it. As a working woman especially during Ramadan I read the Quran during my lunch break and at home. Alhamdu lillah. I have always encouraged my family and friends to use Muslimpro. Jazakallah,
ffd01a16-c5f9-4785-9a17-d17ae556a80f,Muslim Pro: Quran Athan Prayer,5,2019-05-19 05:22:19,this app is one of the wonderful and very useful to all the brothers and sisters.,
199a8713-e7ed-4655-94ca-bfffc07e6ffb,Muslim Pro: Quran Athan Prayer,5,2019-05-18 06:00:23,Allah Akbar. may Allah almighty grant you all Jannah. the best application for brothers and sisters,
0748a68d-23a2-435b-9992-fec60251f86f,Muslim Pro: Quran Athan Prayer,5,2019-05-18 05:33:59,Best And very informative and user friendly app to use.. hats off to the maker for making such a beautiful app for Muslim brothers and sisters.,
247b3336-fac7-410b-8db6-669af1383fc1,Muslim Pro: Quran Athan Prayer,5,2019-05-18 00:58:16,VERY USEFUL APP FOR ALL MUSLIM BROTHERS AND SISTERS,
59ebfe80-c4a9-4595-a718-4f1c6b1aa7e2,Muslim Pro: Quran Athan Prayer,5,2019-05-17 22:04:52,"My dear Muslim brother and sisters,It is a app,which will remind you about Allah.",
868b7aa8-a584-45f6-9dab-283f976b096a,Muslim Pro: Quran Athan Prayer,5,2019-05-17 06:22:13,this is good apps i used many way i appreciate everyone create and support muslim pro. alhmdullaaahi thank you my sisters nd Brothers muslim in the world,
da1f3a39-210b-4b09-87bd-ef5daa6e1e9c,Muslim Pro: Quran Athan Prayer,2,2019-05-15 05:22:51,Whenever I open this app to check the salah timings or recite Quran I am asked if I would like to flirt with someone. and there are pictures of women there. We know you need ads but please improve their standard.,
5535e80f-1e72-4b8b-9ed3-ad2970b2b263,Muslim Pro: Quran Athan Prayer,5,2019-05-14 22:27:54,this app good for all Muslim brother and sister .,
58249f89-accf-4a58-bd89-cc1d68714e51,Muslim Pro: Quran Athan Prayer,5,2019-05-14 19:37:09,Wonderful. A must have app for every Muslim brothers and sisters.,
a6ee942e-d363-4bac-9738-e328f1a951b7,Muslim Pro: Quran Athan Prayer,2,2019-05-14 02:13:35,It was a good app but many crashes since the last update. All my favourite verses are gone. Some adds are very inappropriate for Islamic app (pictures of half nude women and adds with very loud music),
3ed9364c-6d59-46e0-8c59-40a28624de8f,Muslim Pro: Quran Athan Prayer,5,2019-05-14 01:14:13,assalamualaikum I am converting over to be a female Muslim and this is very understanding very comfortable and I enjoy everything that I read walaikum Salam,
83f370f4-b5b8-44d2-814a-596ab61a1cc1,Muslim Pro: Quran Athan Prayer,3,2019-05-12 01:31:10,"Astaghfiruallah they have Haram adds about women bras and are making people pay money to get rid of them. Astaghfiruallah, even in Ramadan?!",
12098956-1989-4f59-b2d8-7884f7e93bd5,Muslim Pro: Quran Athan Prayer,1,2019-05-09 11:35:51,"After the extension period and paid annually, I am still bothered with the ad",
34357d86-a281-4e39-b3c5-e6d6b9a37fdd,Muslim Pro: Quran Athan Prayer,4,2019-05-08 18:46:13,"Everything is mashAllah about this app, but what is astagfirullah - the inappropriate ADS! I wouldn't mind if they were muslim ads, but I am shocked. BRA ads? Really? Showing breasts and women? Gambling ads! Really? And they have become more frequent and you can't even quit them!",
5c41ad72-bfda-4e3b-bb75-efc80dc0d693,Muslim Pro: Quran Athan Prayer,5,2019-05-07 06:38:29,It is the bestest in the whole world for every MUSLIM.. brother nd sister.... install it early as possible....!!!!,
01ba2ea7-68e2-4062-a9c4-d06532e9b89c,Muslim Pro: Quran Athan Prayer,1,2019-05-06 18:34:32,Islamic app and Shaitanic Ads This app is supposed to be a source of good. but the ads even in Ramadhan shows women and all sorts. Please do something about this.,
552a04cd-32e1-4bd8-9f4c-589bc98fe107,Muslim Pro: Quran Athan Prayer,5,2019-05-06 07:32:07,Assalamu Alaikum Brother/Sister... Please add Nasheeds section in the app..,
2748b977-071b-4735-b61c-c2acc5fedd7e,Muslim Pro: Quran Athan Prayer,5,2019-05-06 07:30:28,"Thanks for this app, its really helpful to our brothers and sisters muslims, the time of azan and also you can read a surah with meaning, Salamualaykum to all my brothers and sisters may Allah blessed us",
ef48bd8d-9877-45a6-a405-57b1645f1981,Muslim Pro: Quran Athan Prayer,5,2019-05-04 16:04:11,Great app...Always positively encourages me and helps me to help my brothers and sisters in help by making dua for them,
9d8cd00e-b869-4d90-b219-89eb6f00fc99,Muslim Pro: Quran Athan Prayer,5,2019-05-04 11:23:24,"I have been using this application since the beginning. It was great then and continues to develop fantastically. I recommend this application to all my Muslim brothers and sisters. Great work from the developers for building the best all-in-one application. Thank you very much. May Allah bless everyone involved. It worked perfectly when I was in France, Morocco and now back in Australia. I am grateful for the added English recitation.",
9754fc1b-f9ed-4440-bf4c-4d7e1ca2b939,Muslim Pro: Quran Athan Prayer,5,2019-05-03 21:17:29,"Search no more Sisters and Brothers! A ""one stop shop"" for everything. Very accurate,and easy to use. The most Benificial app I have ever downloaded. Jazak Allah Khair Muslim Pro I recommend going Pro~ worth evey penny UPDATED 5-3-19 This app keeps getting BETTER & BETTER! LOVE the new Ramadan 2019,Quran reading & news section updates! STILL & Always 5",
90558439-3fbb-49f4-bb2b-bdaac276e1b6,Muslim Pro: Quran Athan Prayer,5,2019-04-26 07:27:46,"Maa shaa allah, this app is amasing i recomend it to anyone. Its brilliant and does what it says. Jazzakum allah khair for creating this app to help your muslim brothers and sisters. May allah reward you endlessly ameen.",
4754f967-25e7-46c9-9e02-fc58668e66cd,Muslim Pro: Quran Athan Prayer,3,2019-04-25 23:40:02,you really need to control the ads. suddenly out if nowhere creame ad starts with women showing legs. like seriously. control them.,
e463e638-2c50-4013-9744-3593245839d3,Muslim Pro: Quran Athan Prayer,1,2019-04-25 01:55:15,"€30 for an app for merely organizing freely available information? Or, the user must accept advertisements of naked women. Which one to choose? I choose uninstall! No matter how awesome you app-maker think you are! Also you will never be successful without the dua of the poorest Muslim.You boast 50 million users, if you charged only a quarter of them €1 you would have €10 MILLION. Does your insane pricing make sense? Why be greedy? In this age when incalculable numbers ofpeople have zero to eat!",
2ad3b538-b1cb-4d90-8e48-4a3f878680ca,Muslim Pro: Quran Athan Prayer,5,2019-04-24 06:35:24,"Very Helpful. May Allah Subhanahu wa Ta'ala reward and bless all the people, brothers and sisters, behind this App who put all their efforts ans time for this.",
fb9206a4-90c1-4d2c-a2a5-9d32642729a4,Muslim Pro: Quran Athan Prayer,5,2019-04-23 02:32:59,Very helpful .... Masha Allah... Make use of it my dear brother's and Sister's.,
a121f962-f7d4-4b49-8d03-3b82a0854b16,Muslim Pro: Quran Athan Prayer,1,2019-04-20 15:10:28,"Not too sure how you deem this as halal when developers are encouraging gambling, dating and exposed women through adverts. You're indirectly delaying people's salah through these adverts too. You should be open to different strategies to gain donations. Astagfirullah, may allah forgive you all.",
62392082-8efc-4423-8843-6fd5a8527b41,Muslim Pro: Quran Athan Prayer,5,2019-04-18 09:52:14,it's great and useful app to all MUSLIM BROTHERS AND SISTERS out there t has much about islamic even HISNUL MUSLIM may ALLAH ACCEPT ALLAHUMAH AMEEN YARABBI n grant us much both the developers and users ALLAHUMAH AMEEN YARABBI,
7591cb6e-fa65-48c6-94ad-c4fc40aa9544,Muslim Pro: Quran Athan Prayer,1,2019-03-29 10:51:17,"Unable to restore premium paid on secondary phones albeit many suggestions from developer but to no good. Latest was developer can't trace any restoration attempts in their system; how evrytime error code 00 can't even connect to google play store. Redho, but please your adverts on triumphs showing half naked women in bra is annoying esp on a Friday - astaghfirullahilazim",
0163929c-6ac0-4306-92ed-178d91c06b21,Muslim Pro: Quran Athan Prayer,2,2019-03-28 03:36:18,"A must have for all Muslims brother and sisters. Highly recommended. One problem I face is that qibla doesn't works without gps even though I have compass sensor in my phone. Edit March 2019 = the newer version freezes and doesn't respond to touch. I can't switch between prayers, Quran, qibla tabs. Kindly look into this issue. I emailed you previously regarding this",
a9563e7a-ef84-4502-a673-8e760f901b74,Muslim Pro: Quran Athan Prayer,5,2019-03-27 20:57:14,"this app is amazing. i love it. prayer times quran with recitation and translation, tasbee, duas, daily verse, i find that Allah is speaking to me personally through this subhanallah. whoever made it is getting bare sawaab ma sha Allah and keep up the good work brothers and sisters!!! Allah huakbar!!!",
b45b32d5-e6c9-4a49-b528-7c812e3fb448,Muslim Pro: Quran Athan Prayer,2,2019-03-26 07:29:41,"Assalaam u laikum wa rehmatullah wa barakatuhu dear admin whoever has seen movies, women and other bad adds their sins will be calculated in your Naama e amaal, as you knew adding adds would give you more benefit money wise. if you truly care your AAKHIRA then please remove the adds and earn Aakhira. JazakhAllah Hu Khaira",
70eb0bef-178e-4e4e-b824-90b0676a6c9b,Muslim Pro: Quran Athan Prayer,1,2019-03-24 19:50:03,It keep updating in short period after installing. No Athan sound even after adjusting the type of Athan and the alert notification.,
56156280-a37d-4c25-a433-170acea0622e,Muslim Pro: Quran Athan Prayer,5,2019-03-24 06:44:17,"this is a great app, but the problem is with ads. There are literally ads about ""single women want to message you"" at the bottom of the prayer times screen. I realize that you need ad revenue but please monitor your ads to strict inappropriate and haram ads. update: thanks for the information, i have stopped seeing the ad now",
1fa09d69-158f-49d5-ba3c-23dff6977f07,Muslim Pro: Quran Athan Prayer,4,2019-03-23 22:28:41,"Assalamualaikum brothers/sisters. This is truly a great app! But please, fix the quran feature. I wanna use it a lot, but sometimes I found it hard to read because the arabic words are splitted when I use the colored tajweed feature. The rest signs are also messed up, most of the time. Thanks! May Allah blessed you!",
f65202ab-5a39-4ec7-b3f6-8b87e27c2d7e,Muslim Pro: Quran Athan Prayer,2,2019-03-21 17:30:42,app is good but there is 2 ad that im having trouble with. the 1st caltex ad : obtrusive and i have to wait to cancel the video. 2nd triumph ad : it shows women wearing only bra. this is a religious act so make it one. many ad out there which appropriate to this content. please figure this out quick,
e8b32f0a-4265-46ba-8d3f-6e48281e8bd9,Muslim Pro: Quran Athan Prayer,5,2019-03-16 09:10:27,Best best more than best app for Muslims men and women.,
bf3565db-c5d2-4cce-8815-d5437457c60a,Muslim Pro: Quran Athan Prayer,5,2019-03-16 06:12:40,Best App for Muslim Brothers and Sisters. Must Download it .,
702c457d-4088-42cb-be3a-2dace5fadf42,Muslim Pro: Quran Athan Prayer,5,2019-03-15 21:34:09,Lets pray for our martyrs brothers and sisters in NZ. May Allah grant them the highest jannah.,
2761ba49-9270-4871-a58b-53e296dcce8c,Muslim Pro: Quran Athan Prayer,4,2019-03-13 08:14:29,"Love this app, it has everything you need to help you in your journey with Islam. I rated 4 out of 5 because of the ads that are inappropriate. Gambling ads and exposed women etc... Maybe the developer doesn't choose what ads are picked but if they can I recommend halal ads.",
c478d170-977a-4435-a32a-699033b4ccb1,Muslim Pro: Quran Athan Prayer,5,2019-03-12 21:54:44,its very useful for us. as per my review there are some necessary improvement in it. such as if a lady suffering in her period then she how track his NAMAZ. please attach also daily one hadees same as daily verse.,
68e66e7d-2c53-4876-85d0-bb9931f43de2,Muslim Pro: Quran Athan Prayer,1,2019-03-12 08:29:35,"Check the content of your advertisement. On a recent morning, when I open the free app version, it pop up a women clothing video add, I was in mosque and it was running at full volume, the cross button was also hidden. It was an embarrassing situation, as the intention of the app maker is Raza of Allah Talla. It would be much appreciated that a proper screening method in in place for the adds and its content.",
61fb5423-9df1-447e-a8bd-8dc319b274b7,Muslim Pro: Quran Athan Prayer,1,2019-03-12 07:28:43,"I dont mind ads but today after reading my daily quranic ayah, when i pressed back there was a video ad of clothing brand for women and they were modeling and i was forced to watch it, i pressed back to skip it but it didnt skip. I force closed the app because of it. Shameful! Now i am thinking about uninstalling it. I dont wanna encounter anything like this again. Please remove these ads, its a quranic app for ALLAH'S sake.",
b43eebf9-bce6-48e5-81a2-cfc41552a92a,Muslim Pro: Quran Athan Prayer,5,2019-03-08 00:36:22,"evertime I need to pray. I'm given proper Athan and great recitation of the Qur'an when I'm studying surahs. En Shah Allah many other Muslims find this great app. I was just using the app for prayers; there are so many different selections duas, community etc,...... I recommend this to everyone Salam alakum to my brothers n sisters.",
dbb44041-2f34-407c-b8fd-e90b154e61b4,Muslim Pro: Quran Athan Prayer,5,2019-03-07 20:51:34,very important to all muslim brothers and sisters.,
8d986021-2528-408d-9b8e-18c87efa4dc6,Muslim Pro: Quran Athan Prayer,5,2019-03-06 20:20:36,Amazing I recommend to all our Muslims brothers and sisters to download it. this will help you also in travelling thanks developers jazakum u Allah lhair,
6d7703bf-d621-4912-803f-fba86ba9e6be,Muslim Pro: Quran Athan Prayer,1,2019-03-05 17:24:54,"I personally don't mind ads (I understand that you guys are trying to make money to help support this project), but having ads that show women dressed inappropriately (sometimes bikini) is totally haram, especially for an app targeted to the Muslim audience. For the moment, I will put 1 star on the app until you change these inappropriate ads. Please be considerate of your Muslim users and track down inappropriate ads. Update: The frequent ads that I was seeing were from the dating app ""Badoo"".",
84fbd791-2841-4717-bc92-376af379a5e9,Muslim Pro: Quran Athan Prayer,5,2019-03-01 04:07:47,"Assalamu alaikum, my dear brothers and sisters in Islam i would like to testify the performance of this application, this is a Very good and wonderful application and so easy to use. Simply amazing and fabulous. Highly recommended.",
64e4aa4f-8792-45f7-9154-78d4ab190526,Muslim Pro: Quran Athan Prayer,1,2019-02-28 00:35:59,"The app is not bad, even though i don't use it much. The reason I am rating this one star is due to inappropriate advertisements. Last time when I opened the app there was an advertisement for some cream with half naked woman. As a young guy it is already difficult to avoid and control yourself in today's hypersexual environment and it's even more disappointing that an app for Quran would show such a thing just for the sake of revenue. Don't sell the religion of Allah for such a low price.",
d7732570-d8ce-453f-bac0-40efcd2c3bf5,Muslim Pro: Quran Athan Prayer,5,2019-02-24 19:51:32,"best Adhan App ever, i beg muslim brothers anf sister to download this ,you will never regret i am so happy i found what am looking for.Allah Rahman on the team that created this great App.",
f024b8fc-1970-456a-b0bf-6a491fa9dd21,Muslim Pro: Quran Athan Prayer,5,2019-02-13 05:35:41,"I think its a nice app for very qualified Muslims(male,female) to have it in there cellphones",
cb72d9a7-6b3f-4cbf-8903-5eacb2e97922,Muslim Pro: Quran Athan Prayer,5,2019-02-12 03:34:56,it's a very good app I remind you when you have to pray I recommend other brothers and sisters do use it.,
3850317d-0d34-4da6-87a2-e6d6867e386b,Muslim Pro: Quran Athan Prayer,1,2019-02-03 08:15:44,it has lost its worth especially after the recent update which only increased the frequency and vulgarity of the ads. Kindly do not interrupt recitation of quran with ads containing women dancing on tunes. It goes strictly against what you people yourself are striving for by developing this app. Money is not all that important as a return for this noble act. Please refrain from vulgar ads and do not interrupt recitation. Moreover please do something about the arabic fonts.,
4d4bcb80-87ad-4e8e-aedc-af6ad555e6a1,Muslim Pro: Quran Athan Prayer,1,2019-01-30 08:11:34,"It was good in the past. But now too many ads. Imagine when you read Quran in the middle of ayah then adv popped out (eg: beauty product displays women dancing, and takes long to be able to close this adv). It's inappropriate. I know adv needed for dev, but better put it when user move from one menu to another, or other activities, NOT in the middle of reading Quran.",
4d5fb9fc-4947-4e66-a394-3c63e4f6137f,Muslim Pro: Quran Athan Prayer,5,2019-01-18 05:43:07,"Muslim Pro is such a beneficial app for those who believe in Islam.....5 times Salah timings with Azaan MashaAllah and then Tilawat e Quran ....Specific Surahs ....Reciting your daily verses with meaning and translation,its really interesting....Tasbeeh...Qibla locator.....nearby location of mosques...nearby location of halal food and much more..... So many benefits in just one app....Really love this application and highly recommend all my Muslim brothers n sisters to download this app.",
86abb5e6-2101-40ed-898d-3b17a46e43bb,Muslim Pro: Quran Athan Prayer,5,2019-01-17 12:15:10,"This app is very good.The developer was able to make deed,al ibadah,zikri and other islamic activities easier for muslims through our phone.I say i big JAZA KUMU LAHU KAIRA TO HIM However i think he has to work on the app Azan caller/salat reminder....Its seldom call azan during salat period.",
121aa8c4-c588-43f0-9626-ee1f0bfc0240,Muslim Pro: Quran Athan Prayer,5,2019-01-12 23:12:20,"جزاك الله خيرا i like it very much this app, but one thing i dislike, while hearing the athan Nasty pop up adds cuts the athan,and the Quran you sent you can't read unless you been interrupt for those naked women's or gambling adds , even if you reply the athan again comes those nasty pop ups adds, who ever make this app if you need my advise don't mixed kheyr an fahisha.",
8058b89a-1cc4-4142-a917-f3dc8c3bf102,Muslim Pro: Quran Athan Prayer,5,2019-01-10 01:18:04,"i paid for the premium version more, been using it for years on my iPhone. I have recently change my iPhone to a Samsung I couldn't get the full premium version I paid for, it recognize my account but won't allow me get to go premium unless I pay again . i contacted them through the app they send me an email refering me to the help in the app itself and still nothing.The disturbing thing is when u open the app you will see some inappropriate ads like naked women showing a lot stuff.",
97fd67a5-dba9-4876-875f-597022566bdf,Muslim Pro: Quran Athan Prayer,5,2019-01-01 22:30:45,Alhamdulillah for this app. The prayer section for our muslim brothers and sisters has really made me feel connected to the ummah. may Allah reward the Muslim Pro Family. amin.,
c28fc1e7-4462-4d10-ac4a-05c2d0914d44,Muslim Pro: Quran Athan Prayer,1,2018-12-24 07:48:47,you install it and first thing is an ads for chatting with women,
91ebd4a6-0e84-47c5-82a7-55c48eeabf91,Muslim Pro: Quran Athan Prayer,1,2018-12-21 11:34:27,"Assalamualaikum, I've been using this App for long time. Since I've a free version, the Ads load after reading Qur'an from it. From some time, inappropriate Ads of some applications are loading showing seminude women. I believe that, Ads are important for the delivery of good services and survival of the venture, but please take care of Halal and Haram.",
bc11c745-4f4a-4593-8375-87ba2571e2ff,Muslim Pro: Quran Athan Prayer,5,2018-12-18 13:11:14,Awesome app for Muslim Brothers and sisters,
0ba98925-8357-4fe6-803a-e52889fa2742,Muslim Pro: Quran Athan Prayer,1,2018-12-15 05:21:57,Muslim dating pop ups showing images of women in a quran and islamic app really??,
c5103bf8-5db2-427e-b2ca-68c529957de9,Muslim Pro: Quran Athan Prayer,5,2018-12-13 18:40:19,"Very useful app, I learned a lot within a short period",
caa15f3e-e097-420f-b358-2eb82dbc31ce,Muslim Pro: Quran Athan Prayer,5,2018-11-27 15:58:10,Make the other payment free so that other Muslim brothers and sisters that can not afford to pay can download it at no cost,
06460a87-c7bf-43bd-9069-de181492e217,Muslim Pro: Quran Athan Prayer,5,2018-11-12 14:04:03,Very very useful Apps for muslim brothers and sisters,
eac9e8ee-c325-4068-b8ce-1e65dd810bda,Muslim Pro: Quran Athan Prayer,5,2018-11-07 06:44:49,A Muslim Sister placed this app on for me. The Best yet!,
ed42d118-347d-43eb-978f-7fd71815199f,Muslim Pro: Quran Athan Prayer,5,2018-11-04 22:07:06,Hands down the best app for Islamic minded brothers and sisters! I would also recommend to upgrade to premium version to get full features. 100% worth it.,
da784ca1-fe92-4f9d-8a5d-758eca0f3ae4,Muslim Pro: Quran Athan Prayer,5,2018-10-31 14:28:15,I love this app...everything about it period...,
1b21494a-8b19-415e-9c0a-2c0cff4447f4,Muslim Pro: Quran Athan Prayer,2,2018-10-31 11:05:22,"Have been using this for quite a while. Used to be really good but now it looks like the ads keep getting worse. First it was just normal text ads at the bottom and then there were image ads that covered the screen which was annoying with inappropriate pictures with women popping up sometimes. This was also fine until this recent update where now a small video clip plays, sometimes with inappropriate content again. Even after I minimize and bring the app back up after a few seconds or when I receive a call and wrap up the video ad appears again. The trend of ads is getting worse and now that you have a full time app development team per the comment updates I've read, it should also be a priority to churn through what ads you've allowed to serve on your app and disallow the inappropriate ones. I'm sure the ads can be previewed and approved individually or gradually. Edit: The ads have only gotten worse and I have become tired of seeing inappropriate images while reading the holy Quran. I'm forced to uninstall this unfortunately.",
88a6e5f2-629e-4b15-9f63-6a727ace8524,Muslim Pro: Quran Athan Prayer,5,2018-10-25 12:21:33,Excellent app for Muslim brothers and sisters,
751d0558-78ea-49e1-889b-a5c4cfcf5b55,Muslim Pro: Quran Athan Prayer,5,2018-10-22 15:37:28,Very useful form Islam and form woman,
c04134a7-3f00-4f7a-9c9c-a58436aef8dc,Muslim Pro: Quran Athan Prayer,5,2018-10-03 18:28:52,its so easy to use and useful. its also informative but its too many ads! can you imagine i was reading the quran and then an ads of a woman with short skirt started to play. it makes me uncomfortable even im a girl :(,
9e2ea399-6181-4838-9032-ff49f588502a,Muslim Pro: Quran Athan Prayer,5,2018-09-24 23:09:37,I really like this app and use it for long time jazakumulaah khayra brothers and sister,
1d8393e8-873d-4f43-a49d-adfcdd7a6b41,Muslim Pro: Quran Athan Prayer,5,2018-09-20 03:55:26,My dua for brothers and sisters who work hard for developing and updating this useful app. May Allah bless them all. Ameen.,
65323abe-93e5-4f07-81e9-b7251af4073e,Muslim Pro: Quran Athan Prayer,3,2018-09-19 20:51:45,This app is good . But the picture you have on the main page of the play store for this app is a women picture. It's Islamic app you should show there a man or some kind of Islamic picture and some adds also same like this.,
f554df68-acef-42ed-bc42-c66c39478492,Muslim Pro: Quran Athan Prayer,5,2018-09-17 19:55:03,"It's very good app for all Muslim brothers and sisters, keep it up.",
26f2b190-7bc4-4b71-bc79-764f9e441384,Muslim Pro: Quran Athan Prayer,5,2018-09-10 16:37:33,"Bismillah, I feel this app is great to help remind me to pray and read quran ...also they have fun features like greeting cards halal restaurants and a nifty tracker for the female monthly cycle so its perdue awesome!",
75a09786-a47e-436e-a19d-0b3909d289a2,Muslim Pro: Quran Athan Prayer,5,2018-09-09 06:18:01,"Assalamualaikum, Amazing app ever I have seen to Islamic related. Really awesome app. Keep improving developer either brother or sister. And kne more thing that please add one more Qaari's voice Abu Bakr Al-Shatri, his voice is also very smooth. I heard him and I'm sure that if you will listen then you will love too. And plz add his voice with those four Qaari in Qur'an recitation. Please, jaza kallaah Assalamualaikum.",
ff85ad56-035e-41bf-85ce-6f3dae88df52,Muslim Pro: Quran Athan Prayer,1,2018-09-05 11:03:57,There's gambling and female escort advertisement. Totally inappropriate app for Muslim with such advertisement.,
1044f108-d374-4a01-b1c5-0cd919fcf38f,Muslim Pro: Quran Athan Prayer,5,2018-09-02 11:57:46,"One of the best app but will be very good if you can get rid or control some of the ads that pop up on it. I was sitting with my mother and I wanted to check something, all of a sudden a woman in bikini appeared. I was very embarrassed subhaanallahi. So please have a look that. JazaakumuAllahu khairan",
f1254958-3194-4c0c-bb0f-d2d37d40c90e,Muslim Pro: Quran Athan Prayer,5,2018-08-31 01:07:25,Is everything I've ever wanted...period,
aa7f81e8-e476-4395-8327-f9085aa629e6,Muslim Pro: Quran Athan Prayer,3,2018-08-28 05:56:34,"It's good app, many useful features. I'm using free version, and don't have any problem with number of the ads. But, there has many unrelated ads in this app, like cosmetic, woman clothes, etc. The worst is there has ads about underwear. It's make me uncomfortable to use this app. Can u do something about this?",
5278f9ff-bb2c-4469-a86e-fc912545dfa1,Muslim Pro: Quran Athan Prayer,2,2018-08-27 03:53:02,Sometimes I didnt receive the adhan notification . And the ads sometimes inappropriate for the apps ( such as bigo and sexy woman ) . I will change my review if the apps fixed in the future .Thank you,
43ec8f7a-d35e-48f3-9c6c-cc758c5dfab6,Muslim Pro: Quran Athan Prayer,1,2018-08-25 23:58:48,Ads are OK but showing some female dancer ad before prayer times is just inappropriate,
b054dba9-c9bd-4d1e-a1e2-638be729b088,Muslim Pro: Quran Athan Prayer,2,2018-08-24 14:28:53,"Most of the food places mentioned in the Halal places of the app section are not Halal e.g. KFC Bewrick South, McDonalds Dandenong Plaza etc. All Muslim brothers and sisters, please call the food place mentioned in the app and confirm abour Halal certification before you purchase any thing.",
8ff6220f-5581-4a28-8029-f13a8386c34f,Muslim Pro: Quran Athan Prayer,5,2018-08-17 14:54:44,Great app to use for the brothers and sisters in Islam. Highly recommend!!,
c542d87f-9329-46ef-a32c-301f9751a112,Muslim Pro: Quran Athan Prayer,5,2018-08-16 07:44:54,I ended up buying the add free version and it was the best money I spent in awhile . I use this app. All the time now plus it's a beautiful deed to support our fellow Muslim brothers and sister's who designed this app.,
ef833624-cd25-4037-af93-0597c1d238fd,Muslim Pro: Quran Athan Prayer,3,2018-08-12 07:56:37,"Salaams This is a terrific app, and I'm very happy I've come across it Alhamdullillah. However, the ads on the free version, both in quantity and quality is appalling. I understand you need funding from advertisements, but for crying out loud, this is an Islamic app. Can't you at least put appropriate ads that don't have half naked women? And the amounts of ads is simply too much. Every second tap, an ad comes upon. Can't you cut back just a bit? Would it really hurt to make the app a bit more friendly by forgoing just afew dollars? Besides that's, everything else is awesome, JazakAllahukahir",
dca83bb4-2abb-4a6a-919d-61f932cb2b8f,Muslim Pro: Quran Athan Prayer,5,2018-08-12 04:11:14,It's a must have app for all Muslim brothers and sisters.,
b37ad992-7ee0-4435-a3d5-6e6216cdfd3c,Muslim Pro: Quran Athan Prayer,5,2018-08-11 03:30:15,This app is very useful in muslim brothers and sisters in their dailylife.. ** #ThankYouMuslimPro #FromPhilippines #BangsamoroState,
86ef0826-7094-49e0-bf29-9e544130df8e,Muslim Pro: Quran Athan Prayer,5,2018-08-08 05:14:55,"Assalaamu Alaikum This app is for every Muslim man, woman and child",
20e61b0e-b803-4a62-92cb-d99bd28332da,Muslim Pro: Quran Athan Prayer,4,2018-08-06 09:24:02,Mashallah. The app is great. The ads are too much and the last one was a woman in Hanes underwear! Astagfirlilah.,
9b678b28-4f55-4f44-afd7-3e794ef95ea2,Muslim Pro: Quran Athan Prayer,3,2018-08-04 10:19:53,"ALL MUST READ! Very sad that Quran you can only listen to 1 verse one time, if u want more u need to upgrade/pay! I CANT BELIEVE THAT U R CHARGING TO BROTHERs&SISTERs TO LISTEN TO GODS WORDS!!! IS NT REWARD OF ALLAH BETTER AND SUFFICIENT THEN MONEY I ASK? The knowledge u have on how to build app was given to u by Allah, why nt use to spread Hes words to all, instead of trying to profit from it??? U already making money of ads (which by the way is poping up ALL the time) why b greedy ??? Having above in mind I have uninstall this app for reasons above and I dnt believe u doing right by charging for something that belongs to Allah and was given to humanity as a guide and a way of living.",
6d3f8b88-67fd-43e9-9e8b-6587e0f71bb3,Muslim Pro: Quran Athan Prayer,5,2018-07-30 19:48:53,"Usefull application, complete enough for daily need such as reading Quran with complete marking tools, prayer times, community, etc. Love it. For the brothers and sisters who complain about ads, it's better for us just buy the premium version as long as it's for good. It's not expensive in my opinion. Worth it buy the premium, as a donation to the app maker so he/she can improve this app' quality and very useful for ummah. May Allah bless us all",
f0841a4f-dcb1-4944-b009-49f2cfd45224,Muslim Pro: Quran Athan Prayer,5,2018-07-18 06:22:35,"Very good app. A must have for the Believers! It has the Qur'an, prayer times and reminders, Qibla finder, Duas, daily suggestions for Qur'anic verses, Tasbih, requested duas for other brothers and sisters, and plenty more!!!",
03121b6e-4bbe-4e2b-8f0b-944662c75529,Muslim Pro: Quran Athan Prayer,5,2018-07-12 10:44:56,This app is super excellent I recommend it for every Muslim sisters and brothers,
73c177bb-0022-4f6e-ac3c-d3fb347747cb,Muslim Pro: Quran Athan Prayer,5,2018-07-09 06:19:36,Well I'm A Muslim kid this is a great app and all my brother's and sisters in the world should download this app,
08130eba-c194-4990-87e3-3b73c2ede3fc,Muslim Pro: Quran Athan Prayer,1,2018-06-23 18:29:56,"All the ads are very disruptive and include pictures of women dressed inappropriately??? And It's so slow and unresponsive, sort it out.",
336afa20-0354-45a1-b335-9217ec7c31c3,Muslim Pro: Quran Athan Prayer,5,2018-06-19 15:53:43,This app is help muslim community brothers and sisters for everything,
3d2fd388-b62a-42f1-bdac-b5b5e5f0ab1e,Muslim Pro: Quran Athan Prayer,2,2018-06-14 11:34:09,"Honestly, I just needed an app that would tell me what time prayers were, especially during Ramadan. I happen to travel a lot so prayer times are different in different geographic locations. This app seemed to think that showing ADS was more important than actually letting me get the information I needed to perform my duties. You will be spending more time looking at ads than actually gaining anything useful. That being said, the Qibla finder on this appnis trash. I would avoid this app like the plague. Do yourselves a favor, brothers and sisters. Find another app out there.",
25e9fd4f-485d-4266-bb23-8cecced32024,Muslim Pro: Quran Athan Prayer,2,2018-06-12 08:46:40,Why there always pics of half naked women's in almost every advertisements? Plus in the Halal section u have mentioned a number of hotels which serves Alcohol? What r u guys up to?,
3680f04c-53fa-4397-acfb-79263cbba388,Muslim Pro: Quran Athan Prayer,5,2018-06-11 08:26:25,This helps in searching mosque and halal restaurant and Qur'an translations in every language that we need with lots of duas also This is very good app and I have recommended to all my Muslim brothers and sisters in my contacts And thanks for Muslim pro app team members,
c3b7e807-aa61-4c2d-9067-5d9c692646ea,Muslim Pro: Quran Athan Prayer,5,2018-06-11 04:52:01,"Muslim Pro is very good applications,i would recommend it to all my Muslim brothers & sister...tq for all..",
7f425a78-7981-4441-a69f-c860dc6d69fb,Muslim Pro: Quran Athan Prayer,5,2018-06-09 13:24:41,"Very useful , helpful , Easy to use..... Recommended to all Muslim brothers and sisters Jezakellah !",
d208bae3-f2e4-4910-9fc6-dfc252ea32d4,Muslim Pro: Quran Athan Prayer,5,2018-06-06 15:22:01,It a good aap I have recommended it to many of my Islamic sisters very useful and helpful,
4f2ad783-922c-45e9-a90f-3c8138b01606,Muslim Pro: Quran Athan Prayer,5,2018-06-05 01:57:58,MashaaAlluah.I am very happy with this app.It encompasses many aspects of a muslim's daily life.Jezakumulluahu Kheiren.Any ways try to improve it every time so as to give maximum benefit for Muslim brothers and Sisters,
3ed55721-8d28-4ea9-8ab8-6182d66ad6a3,Muslim Pro: Quran Athan Prayer,5,2018-06-04 06:37:39,"I like being able to hear from brothers and sisters all over the world, and to empathize with them and pray together. Also love the different adhans. The Quran section is great. This app has everything!",
f09fe9ef-4371-489d-823d-fe46592d426a,Muslim Pro: Quran Athan Prayer,5,2018-06-03 04:23:25,"This is an amazing app, very useful on this period of Ramadan.",
157be6a3-d35e-4eb0-adcb-0ab21c56c731,Muslim Pro: Quran Athan Prayer,5,2018-06-01 16:25:56,Ramadan Mubarak to all my muslim brother and sisters,
2a0dd6e4-e947-4abf-9789-53ceb5814829,Muslim Pro: Quran Athan Prayer,5,2018-05-31 15:24:46,"Awsome app, a must have app for all the muslim brothers and sisters out there. Lots of features are available but sometimes too ads are annoying. Anyways thumbs up for the developer team great job...",
c2c52f1a-0a1c-4f6e-9985-bccd4c800c32,Muslim Pro: Quran Athan Prayer,5,2018-05-30 23:44:20,Beautiful app for my fellow Muslim brothers and sisters,
a6a91b30-2bfc-4ab6-803d-c1e0a7eeeeff,Muslim Pro: Quran Athan Prayer,5,2018-05-29 19:55:32,Alhamdullillah am enjoying the app and it Is very useful in this period of Ramadan. Thank you very much. 100% nice,
8704c714-1f2e-4396-b717-9a9d4cea3c17,Muslim Pro: Quran Athan Prayer,5,2018-05-29 19:36:15,"Loved it... mashallah this is a best app for all the Muslim brothers and sisters world wide,helped me a lot,easy to use too! We can easily recite the Quran correctly and in our suitable languages too and also the Ramadan tracker is very nice and shows us the fasting days,well hats off to the whole Muslim pro team",
df2f07dc-50db-4324-bfae-05a24b86ad43,Muslim Pro: Quran Athan Prayer,5,2018-05-29 04:14:55,i recomend this app to all brothers and sisters in islam,
e96a10d0-627d-4f52-bfd4-1cc29e6a921d,Muslim Pro: Quran Athan Prayer,5,2018-05-28 14:09:01,All praise is due to Allah. Thank you for you creating this app. May you be rewarded for your efforts. This app has help me a great deal. I will recommend it to my brothers and sisters in Al Islam. Peace,
b042a59e-85fb-43ad-bedc-6c1ec2b3cbc2,Muslim Pro: Quran Athan Prayer,5,2018-05-28 11:16:00,All praise and thanks be to Allah May He bless the brothers and sisters tremendously who came up with this app,
2021f710-a300-4908-910f-43e2bac7a73b,Muslim Pro: Quran Athan Prayer,4,2018-05-27 19:30:27,There's some misspelling mistakes in translation from Ar to Eng and also some words are wrong translated and for the community section some brothers and sisters don't in Eng so I don't get what they're talking about that's it and for the app in general it is great,
163bb73f-72c8-4c2f-b19b-1fb6e421b812,Muslim Pro: Quran Athan Prayer,5,2018-05-26 04:22:55,This app is absolutly wonderfull but it says differnet time depending on the how new the phone is. For example on my sister iphone 7+ it says maqrib adan is 8:36 but for my mom's old samsung prime it says 8:32,
b003acd8-1e06-4efd-be68-389937182c4e,Muslim Pro: Quran Athan Prayer,4,2018-05-24 20:08:22,Streamkar live stream app ad with girls pictures in muslim pro.i have a screen shot.developer let this app clean for muslims.stop ads with female chat dating etc ads.plz.,
ef6a478d-13c5-414c-9f2c-d905e823ec47,Muslim Pro: Quran Athan Prayer,5,2018-05-24 08:11:34,Nice app for muslim brothers and sisters,
203b2127-f988-4c59-804e-3be6cf6b3ffb,Muslim Pro: Quran Athan Prayer,1,2018-05-23 23:39:28,haram adds in an Islamic app! and they make a so called promo for Ramadan. whoever you are that made this app FEAR ALLAH. an add came up showing half naked women. you caused to see this while fasting.,
3f80314f-4635-4e13-b89e-ede62b5534af,Muslim Pro: Quran Athan Prayer,5,2018-05-21 22:56:58,"I'm spending more in other apps such as games.....so I don't mind spending in this app....it's convenient.....helpful.....and as a reminder for me being a Muslim....I haven't check all it contents here but I hoping if u can input guide such as how to pray...how to wudhu, etc etc....it will really help our new brother n sister that new in Islam....I'm not a perfect Muslim but I would like to improve myself/mylife as a Muslim one at time..... I rarely read religious book or buy it.... Just plain simple words n picture would help....u can rotate it....well it's really up to ur team....I hope u understand what Im trying to say here bcoz English is second languages in my country....",
fe1eb803-416d-4e26-8eea-01cd6a7f4e77,Muslim Pro: Quran Athan Prayer,2,2018-05-21 21:14:10,"1: In regular version, Its Showing ads for dating social network in a Religious Islamic App. Really not a good deed. Very disappointing hence I uninstalled it. 2: Its okay if you give full features in premium version and keep regular version to a limited options but it should be add free. Specially the such ads which is against shariah and Islamic Principles. 3: Prayer calculation method (Hanafi or Shafi) is the basic thing, on the basis of which you can follow the exact prayer timing. It should must be available in all version without any cost or free of cost. 4: Deen should be served free of cost. So I suggest is should be free and specially ads free. It would be very good deed if it would be non profit. 5: Those whom say they din't find a better app than ""Muslim Pro"" then brothers and sisters please give it a try to ""Prayers Times by Dawat E Islami"". TOTALLY FREE FOR LIFE. You can find it both eng and Urdu Language, plus prayer calculation method as per your sect (Hanafi or Shafi). You can exact time of every corner of the world by GPS/ Location Service or via Latitude or longitude. Your local prayer time or prayer time of your family living to any other location of the world. I am using it since years and have NOT found any error(s) in this. App is TOTALLY FREE. Gets updated regularly.",
75252dd6-d382-4d2f-9629-75eb35727415,Muslim Pro: Quran Athan Prayer,5,2018-05-21 19:49:19,"I would like to be able to listen to the Quran recited by a woman, M. Hussein, S. Lofti, to name 2.",
4e466063-51b2-4995-a8ea-ce09a7607732,Muslim Pro: Quran Athan Prayer,5,2018-05-18 07:10:56,As a new muslimah.. This app helps me alot for everyday use plus i love the daily inspiration keep up the good work! Ramadan kareem brothers and sisters,
e283e67c-956e-4074-aa35-f3c322459927,Muslim Pro: Quran Athan Prayer,5,2018-05-18 02:07:05,Ramadan Mubarak to my brothers and sisters in the world. Alhamdulilah for this beautiful app. It helps alot.,
b6ae4a81-c881-4ed9-b099-50436cb91e39,Muslim Pro: Quran Athan Prayer,5,2018-05-12 14:53:30,This app us very nice my muclime brothers and sister i have sajation for use this app for. Aakhirat,
e74ec8a6-c410-4b66-84b9-fb9a931c64cb,Muslim Pro: Quran Athan Prayer,5,2018-05-12 05:19:17,"Assalam u alaikum brothers and sisters I'm so glad I downloaded this! Striving to be a good Muslim, this really helps you keep on track with namaz and Quran, as well as teaching about Islam background",
7bcd96ef-516b-44e2-b37e-f7cf40d82951,Muslim Pro: Quran Athan Prayer,5,2018-05-09 19:46:33,This is a great and perfect app for Muslims brothers and sisters and all Islam friends,
7afb2b09-59d9-4ac1-a871-aa7ad3180eb5,Muslim Pro: Quran Athan Prayer,5,2018-05-07 23:13:17,"That's simply awesome! If you can select the ads and display, so that no women pics pops up! But something else,it would be much more awesome!",
203446c8-bda6-40d0-bcf3-cb29b9c04067,Muslim Pro: Quran Athan Prayer,3,2018-04-24 11:30:13,Too many ads. Sexy women ads come out when i reading the quran.,
2ff0ea43-5e81-48ff-bf9b-e2bd3ac656d4,Muslim Pro: Quran Athan Prayer,3,2018-04-18 22:13:20,"While this app is great, there is 1 problem. The ads. They do not represent or even defy the rules of Islam. There are ads of women in bikinis which is harram so please get rid of these types of ads",
7d7c05db-5d1d-478b-81b0-7539e6254429,Muslim Pro: Quran Athan Prayer,1,2018-04-15 18:06:12,The ads very annoying. Ads showing unnessary including video about women. If you are not planning to buy the premium version. This apps is not reccomended for trial version.,
febb8cc7-788d-4cea-83c5-617d5edcab34,Muslim Pro: Quran Athan Prayer,5,2018-04-12 00:37:49,"Ma sha Allah, I recommend this app for any Muslim brother or sister, it is worth it",
e15ecfb5-23b6-4961-ada6-b06a413a4509,Muslim Pro: Quran Athan Prayer,1,2018-04-08 20:44:18,"Yes haywaan, nude women add show up every now n then.",
1336d6e2-bc9d-459a-bdc5-934531d87066,Muslim Pro: Quran Athan Prayer,5,2018-04-06 07:57:16,"Grate Islamic Apk and easy to use to anybody at anytime you need, so i persuading you my Muslim brothers and sisters to use with this application.",
d546fb54-dc93-443d-afa0-c1b541673750,Muslim Pro: Quran Athan Prayer,5,2018-04-03 21:42:50,A good app for muslim fellows brothers and sisters,
559dccae-8c20-4800-bc8b-3fac1e2cbca3,Muslim Pro: Quran Athan Prayer,5,2018-03-28 00:50:46,"User freindly, Alhamdulliha and may Allah bless the people helping us make Islam easy. Very good for muslim women. Mansha Allah",
1feed403-14f3-42b5-bcae-ae3a279275ca,Muslim Pro: Quran Athan Prayer,3,2018-03-26 17:56:26,Please review and consider your ads. I got ads which disturbing. It shows some woman without close its aurat.,
ceece4e4-dc03-4f9f-9cff-eff28c8421a0,Muslim Pro: Quran Athan Prayer,5,2018-03-23 05:34:49,Really helps all Muslim brother and sisters. Very useful,
6f0b2932-91f0-49ac-885f-7d8070429def,Muslim Pro: Quran Athan Prayer,5,2018-03-22 16:02:43,Bestest app for all muslim brothers and sisters,
7556565c-4b78-48f7-b6fc-eb1ce6c68444,Muslim Pro: Quran Athan Prayer,3,2018-03-22 03:32:40,"This is a good app, but the ads is so terrible, every time i opened the app, the ads always disturb me, and the app itself is showing us the aurat of a woman. Please more selective when choose the partner of ads",
2f52adeb-279e-48c5-aabf-dfe820009d05,Muslim Pro: Quran Athan Prayer,5,2018-03-19 19:55:35,"Masha allah...alhamdullah i love this app, love the spiritual feeling when you know your brothers and sisters are praying and know that you can help then by making dua for then as well.",
d55fdb67-0c4a-4de7-9761-9645ff48de6a,Muslim Pro: Quran Athan Prayer,5,2018-03-15 01:29:01,I love how the adverts contain half naked women and gambling sites/apps... Well done muslim pro admins,
01b07b69-67d0-4e18-a6eb-431a57d469cc,Muslim Pro: Quran Athan Prayer,5,2018-03-14 18:43:46,Thank you brothers and sisters for developing this app. May Allah reward you in the hereafter.,
83c1bfe8-fc6d-4b54-b41f-b17812216c13,Muslim Pro: Quran Athan Prayer,5,2018-03-09 02:25:10,This is a great resource for all of our Muslim brothers and sisters,
a544382b-2505-4840-8f74-35cdb226b1f4,Muslim Pro: Quran Athan Prayer,5,2018-03-07 03:46:09,Best app for all Muslim brothers n sisters,
557c09aa-3a46-46a9-8a3a-673fad18c72b,Muslim Pro: Quran Athan Prayer,5,2018-03-04 15:59:05,"This is a really good and truly wonderful app for Muslims, ma shaa Allaah. Shukran jazeelan and jazakumuLlaahu khayran for creating and regularly updating this awesome Islamic app. The Ramadan period updates are always so on point too, well done!",
bf4d8a13-9ca2-41cf-8691-9271716ce584,Muslim Pro: Quran Athan Prayer,5,2018-03-01 15:30:29,Alhumdulillah....it's very useful app.. and gets chance to learn more about Qur'an and gets chance to pray for sisters and brothers who out there and be a part of it... May Allah reward whoever created this app! Aameen!!,
b2179bd2-3563-4a32-a2f9-57e7c7e220ca,Muslim Pro: Quran Athan Prayer,5,2018-02-20 00:16:51,"It's opens door for Muslims, most especially the career ones, to get informed or alerted of zolat periods & acquainted with teachings and practices of the Prophet (SAW), which can not b gotten ordinarily due to nature of their work. Teslim, 99 Names of Allah & their meanings, card greetings, daily reading of different verses from Holy Quran..........are really of great benefits to all Muslims. I do rate this application 5star.....May u people b rewarded with good of this life and hereafter.",
57b62033-f917-4156-98f0-4cc6051b3969,Muslim Pro: Quran Athan Prayer,3,2018-02-16 14:46:12,"First of Subhan'Allah ! Iv had this app for a very long time (years) and it has helped gained more knowledge about Islam reading the daily prayers. I have the book 'Fortress Of A Muslim' at home but it's amazing how its on this app! I have given three stars because of the ads!! When I had it years ago there were no ads, I changed my phone and installed again and now's there's nothing non stop ads! Even women's underwear ads?? Astafirullah! Change ur ways you are getting greedy!",
8e3a13a7-2ac4-4f95-934e-58529decf04d,Muslim Pro: Quran Athan Prayer,3,2018-02-14 05:36:09,Good but too many inappropriate ads. I open this app to read Quran and first this I see is that ad of a half naked woman in a costume. AstaghfiruLlah,
b0a851fd-2ed8-40aa-99f7-d6cde4c9aa9e,Muslim Pro: Quran Athan Prayer,5,2018-02-14 03:28:11,Help Muslim brothers n sisters pray on time .,
f8771a84-204b-48c8-aa5f-f67c35cdc357,Muslim Pro: Quran Athan Prayer,3,2018-02-14 02:42:14,You really need to take control of what ads are shown on your app. I don't think half naked women is appropriate for an app that contains the Quran and Allah's names. It's got to the point I don't want my young nephew or niece looking at in in case they see such things And before you say you have no control of ads that is not strictly true. Developers do have the option what ads are shown. I've noticed other people have expressed this concern and you have informed them to email you with the offending images. Maybe you should try opening up the app yourself. These images are fairly common. You need to sort this out ASAP.,
407c2b07-17e1-42cf-af23-6ae329fd88c3,Muslim Pro: Quran Athan Prayer,1,2018-02-14 01:00:51,Every time i open the app a add appears with half naked woman,
8e34d9a2-c8cc-4f3f-a6e7-6f04bd3e0f91,Muslim Pro: Quran Athan Prayer,5,2018-02-08 11:10:00,This is the most useful and wonderful app for Muslim brothers and sisters.,
1979b2e0-a0a7-4b90-a3a1-77bc316f0f59,Muslim Pro: Quran Athan Prayer,5,2018-02-06 00:38:22,Mashallah wa tbark jezakom allah alf khair.a very nice app for all muslim i reccomnd it to every brother and sister's there it will help in every way i loved the daily verse and musbah and qiblah wellahi very usefull.,
692cdeae-a19e-4d4f-b619-dcc622813f57,Muslim Pro: Quran Athan Prayer,1,2018-02-03 21:25:12,They have to many ads that are unislamuc like women in bikinis something pops up when you open the ad in the mosque shatan must be inbeded in this app otherwise why would you have harm pictures on a Islamic app.,
ecc96a74-65d9-4e72-946d-a051335e20e1,Muslim Pro: Quran Athan Prayer,5,2018-01-29 05:00:15,"Sorry to write this here. I tried to give feedback within the app not publicly but it just directed me to help pages. The app is beautiful Masha'Allah. But there is one big flaw. I don't mind ads on a free app. But the ads are very inappropriate. One for WWE with a scantily clad woman. One for a fitness app showing a picture of a woman running in leggings and a short top, from behind. And just now a spread betting, gambling one. Well this took the biscuit and I had to get in touch. I don't know the ad process and assume its another organisation managing them but perhaps it would be a good idea to liaise with them and put some guidelines around the kind of content that you are willing to have displayed to your users.",
52d4d6c6-cdae-414e-9ffc-0e4db7c1f30f,Muslim Pro: Quran Athan Prayer,5,2018-01-26 14:25:12,Best app for muslim brothers & sisters,
46182cfd-cd00-4a3b-8b69-b573f79dc221,Muslim Pro: Quran Athan Prayer,5,2018-01-26 07:04:15,Massllah it's very helpful to me n everyone around the Muslim brothers n sisters so we don't miss our prayer on time n I can listen to ayet too which is good with translation in English keep it up Muslim pro,
e2b0d13e-e6c0-4f10-9aeb-2a3f4e1d5efc,Muslim Pro: Quran Athan Prayer,5,2018-01-23 03:38:58,"amazing application , jazakumu allahu khairan my brothers and sisters who works in this kind of apps , love it !",
d2f95108-bee8-4db6-abe3-6d2681cf1184,Muslim Pro: Quran Athan Prayer,5,2018-01-22 13:13:29,Very good apps for Muslim brothers and sisters,
4a5e8e0e-ea86-4edc-b4d2-494bbad57179,Muslim Pro: Quran Athan Prayer,5,2018-01-10 06:59:56,This app is AMAZING!!!! I totally recommend it to all my muslim brothers and sisters :),
a51a5e92-1db5-4f35-a992-d2095fc747dc,Muslim Pro: Quran Athan Prayer,3,2018-01-09 22:47:27,Good app.. until women in inappropriate clothing popped up on my screen in ads auoodu billah!! Very uncomfortable,
a0fa1399-ddef-454f-8151-39e6a1aa9bc2,Muslim Pro: Quran Athan Prayer,3,2018-01-08 19:44:23,Very bad app it has in app perchases .when it could help a muslim brother or sister in need,
a1267d9c-0432-4e42-8634-80fa89132d36,Muslim Pro: Quran Athan Prayer,5,2018-01-05 04:19:41,Alhumdulillah .......this app is very good for all muslim brothers & sisters,
246f2947-6c08-4ae7-8ab1-c86e42b3ca5f,Muslim Pro: Quran Athan Prayer,3,2017-12-25 18:34:44,"It is definitely a great app, unfortunately your approach to earn via showing adverts is really a bad call. It is coz the adverts includes inappropriate pics of women poping up while using!",
64a7857a-5870-420e-ab34-7e368fa639fa,Muslim Pro: Quran Athan Prayer,5,2017-12-22 09:31:47,"My account already registered as premium, after 7 days trial period my account is back to free version with annoying ads, at the same time my google play balance has deducted as subscription fee. Very disappoint",
bb06847b-bafb-4033-9ddb-81c59ee45fdd,Muslim Pro: Quran Athan Prayer,5,2017-12-20 20:59:26,Masha allah It's a great app for muslim brothers and sisters....,
1b92f7fe-3545-4eee-8f5b-7d85a10cfd67,Muslim Pro: Quran Athan Prayer,5,2017-12-19 15:32:44,Assalamualeykum all muslim my brothers and Sisters MashAllah Mashallah bhut pyari app hai waqt pe sab learn krwati hai... Mja hi aa gyi,
d6c5f51a-262a-44ff-99de-5697a9f4fdcd,Muslim Pro: Quran Athan Prayer,5,2017-12-10 20:31:02,"Extremely helpful, must have app for brothers and sisters",
a3200927-6657-4f5b-af96-115da0439b32,Muslim Pro: Quran Athan Prayer,3,2017-12-09 17:09:01,"Salam. Dear developer, overall the app is so great. But please remove the inappropriate advertisement in this app. This maghrib, I just saw an advertisement where there's a sexy dancing woman in it :(",
35469357-1aa5-43be-ba73-d2d08d72b1ea,Muslim Pro: Quran Athan Prayer,5,2017-12-06 19:07:31,Why are adverts being posted with lots of music and half naked women?? This is not right please rectify,
8fc92dcb-338f-44d4-b9c2-088e54b7d40e,Muslim Pro: Quran Athan Prayer,5,2017-12-01 16:26:37,Great app for for everyone But Few suggestions and features I would like to see for benefits of my brothers and sisters 1. Make a section of what we read in Namaz(Prayer)and of course translation of it as well 2.How to do Prayer with detail That's it I hope to see three features in next update Thanks! Allah Bless You! Ameen!,
247cff1d-66b6-4a24-9c7d-d5bd7851577d,Muslim Pro: Quran Athan Prayer,1,2017-11-26 20:36:19,Worst athan app ever. Who charges people to select different muathins. Brothers and sisters i highly recommend you try the app tittled 'my prayers' it gives more variety of muathins free of charge and you can even select from the phone storage. On the other hand this app tittled muslim pro charges $8 so you can listen to different muathins and gives you less variety.,
3e34eb57-6c6b-4cb4-974b-db30a94d271c,Muslim Pro: Quran Athan Prayer,5,2017-11-22 13:37:48,"I think is app deserves an award. It is so easy to use my brothers and sisters and perfect for any Muslim or soon to be Muslim. I recommend is for all of us, it tells you the prayer times, where to face the Kaba, it reads the Quran for you and has a TRANSLATION , and more!!",
bf1e4e0a-3e0f-4c48-a8f9-68806ee04a5e,Muslim Pro: Quran Athan Prayer,5,2017-11-12 00:32:44,"Every Muslim brother and sister must have this App. Jazakallahu khairan for those who built it, who work on this.",
ae89f249-bb94-4502-bbc0-8e44d6ffbe8c,Muslim Pro: Quran Athan Prayer,4,2017-11-02 11:52:41,"MashAllah this is a great app. May Allah bless you all for this great work . Those who complain about ads are those who have the free version and do not have access to all the featuers. It is not the owner of the app who choses the ads, they appear randomly so don't balme the owners but instead invest a few coins in the wonderfull app which will improve your Deen if you use it well. It's a one time cheap fee from which you will gain unlimited Baraka if you will and Allah accepts. Do not be greedy on this it takes so much time and effort to keep an app like this runing and fixing bugs and updating it as technology advances, so be thankfull brothers and sisters. It's been many years I'm using this app, first on IOS and now on Android, I love it but the one thing I'm still missing and already written about, is the possibility to select several verses and put them on replay mode in order to be able to learn them by heart. Thank you all for your dedication. Salam",
5ecc3979-5860-4439-a054-4f24587624d9,Muslim Pro: Quran Athan Prayer,4,2017-10-28 14:33:03,"I'm amazed by this. Everything is in one. The only thing I want to ask for changes is that please review what ads you show. Some are of women wearing so less..this is inappropriate to see. I don't mind any ads, except for this type. It's from Bigo Live if I'm not mistaken. An easy 5 star if this is reviewed.",
013d7ed8-a39f-445d-b3ee-a6b94dae7aa2,Muslim Pro: Quran Athan Prayer,5,2017-10-16 14:12:40,Sir this application is really usefulv but if an indication for periods where it is makrooh to offer namaz is added would be an added helpful feature. Jazakallahkhair.!,
477efc84-c6ee-4ca2-bfee-970544e8883a,Muslim Pro: Quran Athan Prayer,5,2017-10-05 16:13:01,The overall performance is awesome. And has so many features that will help in making the practice of Islam easier. I will recommend it for all my Muslim brothers and sisters.,
f1eb6c00-bdc3-4413-9668-1cb806b5776d,Muslim Pro: Quran Athan Prayer,5,2017-09-23 00:24:46,"Amazing app. But I hav one suggestion to mak. The call for prayer gets unfinished as soon as i go to notifications. It may hav served the purpose of reminding, but the meaning will be different if arabic verses are incomplete. At least make sure the muazzin completes that verse even after i go check my notifications Cheers, A sister in Islam",
9f8540c1-9a10-4b93-828a-2fb3c512d328,Muslim Pro: Quran Athan Prayer,4,2017-09-13 20:43:08,"I like the features Muslim Pro has, and actually i dont mind with the ads, but would you please filter the ads? Because i often see inappropriate ads such as almost naked women, which is really really inappropriate for islamic apps and for kids. Thank you for your respons",
5853d964-826b-4e5c-aa94-7447278fd857,Muslim Pro: Quran Athan Prayer,5,2017-09-11 22:09:03,Mashaa Allah !!! May ALLAH bless the team who created this app ... So helpful ... Good job Brothers/ Sisters :),
1a793e0f-3ee1-4598-b01a-83c225f9fcb7,Muslim Pro: Quran Athan Prayer,5,2017-09-09 18:42:09,Its the best flat out period,
82fec02e-4978-4fe6-aa4b-050ffdea89ff,Muslim Pro: Quran Athan Prayer,5,2017-09-08 18:04:02,I think that is Very helpful app in the playstore l like very much please download to all muslim brothers and sister then hear & see thanks,
b4d678fd-3c9f-4323-a3e7-b5e5b40acc32,Muslim Pro: Quran Athan Prayer,2,2017-09-07 22:22:54,"Sorry for my rating.. You have time to respond for purchase (Sales) related issues but what about reports of Offensive advertisements ... Its ok for advertisements like food, clothes, appliances, holiday getaways airfare etc.. But Seriously NOT OK FOR ADS SHOWING WOMEN IN 2 PC CLOTHES AND/OR POSING as if inviting.... Please No for such ads..",
0218832c-5b9d-49f4-b30c-ec5d832ea654,Muslim Pro: Quran Athan Prayer,5,2017-09-03 22:17:46,SALAH BIN SULTAN BIN HAID,
5512307b-2f7e-4a3e-a97d-a4664b982976,Muslim Pro: Quran Athan Prayer,4,2017-09-02 13:12:15,"Love the app as a means to get to know and understand my Muslim brothers and sisters in faith. However, I would love to have a daily Qur'an verse widget to read on my home page.",
daa35992-598a-4b68-b9f6-382a4e8b7e37,Muslim Pro: Quran Athan Prayer,5,2017-08-31 09:42:36,Best app for all Muslim brothers and sisters,
a9a4b582-7f87-426d-a79c-254f49f348a9,Muslim Pro: Quran Athan Prayer,4,2017-08-31 08:55:28,"It is a very useful app, in terms of keeping up with your daily Salah on time and having reminders to read certain parts of the Qur'an daily. Only reason why it wouldn't be 5 stars is due to the adverts that are allowed at times. Understandably advertisement is required to help maintain the app for it to be free, however as it is a Islamic app, I would expect the adverts to be somewhat filtered to prevent advertisement of women or anything that would either promote haram or cause fitnah.",
4eaec77e-e2ac-411e-b077-6653a99e6b88,Muslim Pro: Quran Athan Prayer,5,2017-08-31 06:49:07,Everything great except for ads.. I open the app to read Qura'an & it keeps showing me some dating app ads with women's pics!!,
51ff1a15-fb6c-4b64-a732-0efe18512b18,Muslim Pro: Quran Athan Prayer,5,2017-08-29 12:41:28,Very good app for all my brothers and sisters in islam,
2df21cbb-2bf9-448b-b704-19327cf1e890,Muslim Pro: Quran Athan Prayer,5,2017-08-25 21:02:24,"Very good app, the advertisement and pop-ups defeat the purpose of keeping yourself in the State of Mind of prayer when those pop up that's a very Bad thing. You're saying a prayer then a half naked woman pops up on a ad NOT GOOD AT ALL.",
019b335f-1562-4ae7-a7be-5898acd5c0db,Muslim Pro: Quran Athan Prayer,5,2017-08-23 04:27:24,Very informative religiously good for Muslim brother and sister to increase knowledge.,
bf6b6dea-4449-4cd7-8524-35d29e17a78a,Muslim Pro: Quran Athan Prayer,5,2017-08-23 00:02:02,Greatest muslim app ever. Encourage all brothers and sisters to support those person easing our way to jannah.,
c2db4599-8778-483d-a9a8-a7431cba213c,Muslim Pro: Quran Athan Prayer,5,2017-08-21 19:16:34,Very good app for all muslim brothers and sisters.......,
7d478847-9417-4813-b364-5e2a91199f9c,Muslim Pro: Quran Athan Prayer,5,2017-08-05 18:36:27,Very good app I recommend it brothers and sisters,
5075e213-02ab-49d1-9239-76a6c31132b1,Muslim Pro: Quran Athan Prayer,5,2017-08-01 13:14:49,A very good app. Does what it says it is built to do..which is such a relief as well as very very beneficial. I have recommended to a few brothers and sisters in Islam. Well done to the Developer/s,
dcd80afc-8e23-43c5-be9f-faea71265803,Muslim Pro: Quran Athan Prayer,5,2017-07-30 17:21:36,Using the paid version for almost 2 years. Excellent all in one app. Would definitely recommend getting the paid version n supporting the developer brothers n sisters behind this app.,
5da68ed4-301d-4ef4-96f3-416f1d61c26a,Muslim Pro: Quran Athan Prayer,5,2017-07-27 21:27:01,This app Is really good and I recommend it to all muslim brothers and sisters,
03774356-e5b4-4cdf-85b7-b9b1d8ec5242,Muslim Pro: Quran Athan Prayer,5,2017-07-23 19:47:00,Being a islamic App why so much of messy ads? Pls remove tht hot vedeos ads sincere reqst it otherwise its great app.. My reqst pls remove those dirty unwanted ads which shows women's in bikins n tht shorts.. Sorry to say,
7aa441ca-8f04-4758-99b7-248406ad24dd,Muslim Pro: Quran Athan Prayer,5,2017-07-23 00:40:12,"I thank Allah for guiding our beloved brothers / sisters for making this app. This is so useful as I travel a lot, it helps me finding the right Qibla direction, prayer timings and Quranic verses etc. A small request, in free version ads will flash after reciting Quaran and at the bottom of the screen also. Sometimes they are so bad and vulgar. Request the team to have a check on such ads if possible. Jazaakallah Khair",
ebfbc93f-02ad-4735-a383-9432a402d9f1,Muslim Pro: Quran Athan Prayer,5,2017-07-22 01:41:46,I really loved this app ..im Muslim woman living in UK ...its very helpful to me. thanks so much and Baraka Allah Fikom,
55e64a5a-2bdc-4a2d-b3df-9bb45913293d,Muslim Pro: Quran Athan Prayer,5,2017-07-13 04:09:59,"Honestly, its really easy to use. And Great app also, has in everything . Please download every Muslim brothers and sisters. Good luck.",
a8385029-33cb-4edd-98af-5f5ea68b63a3,Muslim Pro: Quran Athan Prayer,1,2017-07-06 19:50:00,"it was OK until recently it started showing ads with women only wearing underwear, which is least expected from a islamic prayer application woe to you",
db70583c-e093-43c8-a0ea-11d5cceb7779,Muslim Pro: Quran Athan Prayer,5,2017-07-01 13:34:14,It is a complete application. One can find whatever he wants necessary for an ordinary man/woman in this app.,
d3295d83-34e6-4382-b251-858130f55759,Muslim Pro: Quran Athan Prayer,5,2017-06-28 07:01:27,It's a an excellent & helpful app. I suggested all my muslim brothers & sister to use this app.....,
4253156a-ae69-47af-bda1-0b11ab338d2e,Muslim Pro: Quran Athan Prayer,3,2017-06-25 00:13:30,"Slm brothers and sisters I am really enjoying this app so far, it's just that I found a flaw. If you go to the halal food locator,it tells you certain restaurants that they are halal when in reality most of them are not. I think you really need to address this before someone does decide to try one of these unhalal restaurants.",
b4eaf2d2-a904-4b48-a096-0bd33044dc5f,Muslim Pro: Quran Athan Prayer,5,2017-06-24 08:24:48,The world best apps for Muslim women,
d1d711de-1a8d-4437-8216-63a59a1ad123,Muslim Pro: Quran Athan Prayer,5,2017-06-21 20:11:52,The ultimate app for all Muslim brothers and sisters. Especially very useful when traveling.,
ad0b8d4b-2006-4910-bf73-9e3e83b184c9,Muslim Pro: Quran Athan Prayer,5,2017-06-19 00:35:00,Masha Allah. App beautifully made. Dua request is an awesome feature. It lets you do Dua for brothers and sisters across the world.,
532d53cc-d8e5-4e6d-9b93-653873533b9d,Muslim Pro: Quran Athan Prayer,4,2017-06-17 04:32:22,"Nice App and very comprehensive, problem is the adds with female contents",
9df2e313-22f1-45e3-a0df-c21b697a22ee,Muslim Pro: Quran Athan Prayer,5,2017-06-15 17:41:17,Its perfect my most chersihed companion during tgis period of ramadan.,
13100004-d33c-4742-b5f5-edbf27878258,Muslim Pro: Quran Athan Prayer,5,2017-06-14 15:35:04,"Alhamdulilah, this app is very beneficial. This has everything which a Muslim needs everyday to do. PreAzan reminder, Qur'an verses, dua's, halal places, r good features of this app, I ask every Muslim brothers and sisters to use this.May Allah shower blessings upon those who created this app Jazakhallakhair, & Many many blessings to them to create beautiful informative deen apps. Ameen.",
9e5fe9d1-98a1-44ec-a7d3-c6ae1349f9fa,Muslim Pro: Quran Athan Prayer,5,2017-06-14 12:54:06,MashaAllah nice application for muslims brothers and sisters,
a577a187-53bb-41b2-8212-eb34d1f2a1b8,Muslim Pro: Quran Athan Prayer,3,2017-06-13 00:44:09,"As salam alaikum! May Allah keep you in good health and bless your life and hereafter with aafiyah! Ameen. I hate ads popping up. They are not aligned to our Islamic teachings, very disrespectful to this app and need to be controlled by admin. Some of them required immediate action to be blocked having adult content in them even animated. Please!!! I am referring to animated pc games ads with female character on the poster which is absolutely not appropriate to an app that is a source to connect with Allah. Quran, Hadiths and Duaas are there but as soon as we connect to Internet all vulgarities start popping up. Dear Mr/Miss admin please this is not a right way to push or force someone buy or subscribe. Not everyone can afford but you are earning far more than just money for your akhirah. The rewards and duaas of every single Muslim user bcz this app made life easy for each of us. May Allah reward you for your intentions and hardwork to come up with a great idea to make Muslims' lives easy all around the world! Ameen. Prayers requested! Jazakallah khairan!",
aee0b3ad-1b6c-41c4-98a6-cf0df4fa1912,Muslim Pro: Quran Athan Prayer,1,2017-06-11 04:40:55,"Assalamu Alaikum. Im disgusted with the adverts I find in this app and I'm put off by how many references to Allah there are that didn't expressly say that there is only one Illahin-nas, lines like ""he is the greatest of the creators"" but there is only one creator, I think this app is a living example of the words of the Qur'an fading away! Repent brothers and sisters of Islam! There are too many signs that have come true and more are coming true. May Allah be pleased with you. I'm a convert of 3 months now, and I've never been so badly mislead. I'm deleting this app, it's a fraud decorated to be a quran but its not the Qur'an. I may not know much but save yourself from Google's lies! I'll die to protect the truth that is the Nobile Qur'an. I will not die however reading this ""Mobile Qur'an""",
f335bfd9-8616-474a-9063-37bfa2333b18,Muslim Pro: Quran Athan Prayer,5,2017-06-10 15:09:49,It is great. If you can introduce a part that teach brothers abd sisters how to read the Quran in arabic it will be greater,
387b274f-24d1-415a-bcf9-ef2d6935a155,Muslim Pro: Quran Athan Prayer,5,2017-06-06 08:49:55,I love the app. It not only does the job but also gives you extras. The only reservation I have is the adds. Just saw a Muslim single women dating add. Very inappropriate for a religious app. Please scan the quality of add that make it through to the users. If one Muslim's indulges into gunnah because of this you will get a share of Allah's wrath!JazakAllah khair,
3cf250f0-4cb9-41bc-bd01-4ee450daab5e,Muslim Pro: Quran Athan Prayer,2,2017-06-05 17:17:38,App is helpful....nice info....however Its Ramadan 2017 and I'm scrolling down the prayer app to read duas and there is an add with women on playing cards with skimpy panties and bra on. I'm disappointed. Sorry.,
decb3fe0-da94-4bbe-9646-ba74b62a68e3,Muslim Pro: Quran Athan Prayer,3,2017-06-02 01:54:11,Great app except for the advertisements for gambling constantly popping up. I can just ignore it but what about brothers or sisters who might have gambling problems. Be more selective of your advertisers.,
659336ab-f8a8-474f-9c4d-fe5fa201c18f,Muslim Pro: Quran Athan Prayer,5,2017-06-01 17:41:32,"Absolutely great. I appreciate the full adhan for each prayer time. It's nice having verses for each day, and having a chance to make and receive du'a from sisters and brothers from around the World.",
77db100e-4c40-4788-b906-d9d1bd84a5fc,Muslim Pro: Quran Athan Prayer,5,2017-06-01 11:57:04,"More than you ask for and guess what it's FREE, May Allah reward the brothers and sisters who worked for this beneficial app, I use it for Salat for the Qibla etc .",
b3cad186-6a26-425f-b3d2-f2b7b894e6b5,Muslim Pro: Quran Athan Prayer,1,2017-06-01 07:40:50,"Asslamualaykum warahmatullah Brother I just downloaded this app as soon as I opened very disturbing add came on the first page "" Two women's with only 2 Pcs of garments"". This is supposed to be an Islamic prayer time app and doesn't fit in here. Please don't allow these kinds of Add. Jazak Allahu Khairan",
416192e3-e930-40de-809f-2f230f190599,Muslim Pro: Quran Athan Prayer,4,2017-05-29 22:04:38,"Wonderful application, especially for this period.",
788f5f07-7272-4dbf-9182-8fc2ba8f2449,Muslim Pro: Quran Athan Prayer,5,2017-05-29 08:02:35,Love it! thank you brothers and sisters .,
93a3ce40-b8f5-48e9-876d-c504d626738a,Muslim Pro: Quran Athan Prayer,5,2017-05-28 18:45:55,Thank you so much. It's really very helpful for me and my sister,
4a3ee81b-ecdb-4df5-926a-63f1fe98fa20,Muslim Pro: Quran Athan Prayer,5,2017-05-28 04:31:59,"Hi , Am from India Tysm (whoever the developer is ) . Masha Allah What an app. For me it is a basic app for everyone. And tbh, now it has become a daily habit or a major part of my life. Perfect app for all my Muslim brothers and sisters and for *non-muslims too (*this app is best way to portray the true essence of Islam). Shukran",
bfdb1ec5-08fc-4e7f-9fe3-087890a7b4cc,Muslim Pro: Quran Athan Prayer,5,2017-05-28 03:12:13,Just one question please brother or sister Muslim of this app For what is to pray for someone? I wanna understand that meaning for what purpose is that Please I wanna a answer Thank you for making this app(MashALLAH) ALLAH protects you and all brothers and sisters,
871bc908-6b34-4f2d-8ba9-91414d0c234a,Muslim Pro: Quran Athan Prayer,5,2017-05-27 23:26:12,I recommend this app to all my Muslim brothers and sisters.,
c8292ceb-6c5e-4874-937b-8090a88a6da6,Muslim Pro: Quran Athan Prayer,5,2017-05-27 23:23:49,"I think it's a convenient wonderful app for Muslim MEN women and children to have a app that tell them when prayer time is, because these days people can be so busy they loose track of time to pray and to thank they're lord and savior. Also it's good for non Muslim who briefly want to read and understand some of the verses in the Quran .",
e0a27118-54ee-4d05-bcde-e06122c0f46f,Muslim Pro: Quran Athan Prayer,5,2017-05-27 21:47:19,Thank you brothers and sisters Ramadan Kareem,
574d1d72-ce88-4616-a76c-dc3dca0ebb85,Muslim Pro: Quran Athan Prayer,5,2017-05-26 23:33:22,Assalamu Alaikkum this app is very usefull in this holy ramadan period,
92a9cb28-616c-49db-9970-b73a6ecaff60,Muslim Pro: Quran Athan Prayer,5,2017-05-26 17:30:05,Would encourage fellow brothers and sisters to get the premium. Worth it!,
575648a5-a5e5-494c-aab7-2f602074a744,Muslim Pro: Quran Athan Prayer,1,2017-05-25 21:51:42,Plz don't publish ads which shows tv shows and women...,
d854f015-aa48-47ba-968d-f18f31173020,Muslim Pro: Quran Athan Prayer,4,2017-05-23 20:11:02,"it's a wonderful app jazakumallah but there is a some bad advertising I see some time like dating women's,please remove then I will give 5star thanks",
2b3df967-f3a9-4c21-a540-558b9e8d6b68,Muslim Pro: Quran Athan Prayer,5,2017-05-23 08:44:32,Hi Muslim brothers and sisters,
1cb47843-509d-4cac-94d4-c4ff1184b2fc,Muslim Pro: Quran Athan Prayer,5,2017-05-20 10:19:13,"Assalamuilikum firstly, you guys are doing a great job, Inshallah may Allah increase you in Barakah. Secondly can you please remove the dating ads, I don't mind the ads just not ads that keep showing me ""sexy single women"", especially with Ramandan around the corner. Quran printing has a lot of mistakes when you try to read with tajweed if you can please change that too. Jazzakkallah",
67f8d922-481c-408e-9410-37eb0dc469c3,Muslim Pro: Quran Athan Prayer,5,2017-05-17 18:10:05,amazing app for all muslim brothers and sisters around the world,
b386c438-f0c8-482d-9c49-e3d3dec076ec,Muslim Pro: Quran Athan Prayer,5,2017-05-12 11:39:08,The App is very useful and I recommend it to Muslim brothers and sisters to download it.,
0f020242-a5ae-4a86-b637-6345b2fdc49a,Muslim Pro: Quran Athan Prayer,5,2017-05-12 07:42:45,It's really nice app thanks for who made it and I wanna share it for all ma brother and sister Muslim,
3c3fecd4-e110-4cc5-a120-1f7742b8cc9b,Muslim Pro: Quran Athan Prayer,5,2017-05-11 04:06:11,"It's a great app everything u need is right on here , I love it and inshallah other sisters ​and brothers will benefit from this app may Allah bless the Makers of this app ameen",
0d82dfc8-7e19-4403-8cf4-4633c3b3a456,Muslim Pro: Quran Athan Prayer,5,2017-05-09 18:43:10,"This app is wonderful, mashallah! I really love this app, specially the daily Quran verses, daily dua' and the Allah's 99 names. Now I know so many names mashallah. I love to scroll down this app daily. The ""community"" is also very unique ; praying for the other Muslim sisters and brothers and the all entire Ummah just moves me. But I would appreciate it more if the developers include daily Hadith here too and tafseer of surahs. Thanks!",
d473984f-d9e2-47ea-b903-80e06a775935,Muslim Pro: Quran Athan Prayer,5,2017-05-06 21:40:32,Asalam aliqum to all Muslim brothers and sisters thankx for uploading such a lovely and knowledgeable app which could be helpful for one to come on right way thankx and salute to the developer of this app.. May allah helps to lead our lives according to preaching of islam Aameen...,
153ddec6-bc78-4c66-aacb-0cec74affb5d,Muslim Pro: Quran Athan Prayer,1,2017-05-06 19:01:45,When download Islamic program then pop up picture of woman then there is something wrong,
de3fb43b-a1a6-485f-9256-14c7d4c09551,Muslim Pro: Quran Athan Prayer,5,2017-05-06 04:13:50,I strongly recommend that every Muslim brother and sister and converts to Islam to definitely install this app on there smartphone or tablet it has a compass for directions for salat anywhere you are also it has the Islamic year calendar and lot's of different adans it has more features on it so brothers and sisters and people new to Islam please put this app in your smartphone or tablet I 100% guarantee that you won't be disappointed Salaam brothers and sisters,
81d0e2b9-c555-466b-bcad-ea670a786385,Muslim Pro: Quran Athan Prayer,4,2017-04-28 00:35:26,Shokran brother's and sister's may God bless you.,
9df185e9-ab75-4457-92d7-d827a18cd2b0,Muslim Pro: Quran Athan Prayer,5,2017-04-25 09:42:10,"Fantastic, Prayer times, Qibla, and the Quran with translation and Audio. What more can you ask for in the palm of your hand... Also near by location of Mesjids. Alhumdulilah, blessing onto brothers and sisters who made this app.",
d6093d9c-c693-4e5a-b912-fe8bbde70f11,Muslim Pro: Quran Athan Prayer,5,2017-04-25 00:30:48,Assalamualaikum Bros and Sisters I bought this app because I liked it. It has a lot of information Good App Jazakallahokhairan Mohammed Iqbal,
228ee162-00ee-4684-939c-0425c406ba9d,Muslim Pro: Quran Athan Prayer,5,2017-04-23 09:53:42,"Masyaallah. It's really useful. And something that makes me more affected is, there's one menu that let us make a dua for our brothers and sisters in the entire world. They ask us to make a dua for a homeless one, a hunger one, and the suffered one. Dear the creator of this app, may Allah blessing you with a health and more inspiration to keep develop this app. :)",
61250373-43af-4ce3-83ca-bff2b72464ad,Muslim Pro: Quran Athan Prayer,1,2017-04-21 21:11:55,Shame in this Muslim App. I constantly get filthy women pop up in advertising. Shame on you!!!,
d22734af-537b-49c8-b014-d59d09bfa235,Muslim Pro: Quran Athan Prayer,1,2017-04-21 02:06:32,Your latest upgrade includes adverts with half naked women which is haraam totally... we have kids etc that use this app and as a muslim i am disgusted.. i will be deleting this app,
5c184be2-7f3e-4233-905a-f12801e74323,Muslim Pro: Quran Athan Prayer,5,2017-04-20 21:36:24,Syukran alhamdulillah and good job my brothers and sisters who created this app. Awesome app and it helped me into becoming a better muslim.,
b2dd6424-e0f7-4dfc-af24-7a3a575778b5,Muslim Pro: Quran Athan Prayer,1,2017-04-14 07:45:13,"Shame! This is a Muslim app, why would you advertise woman and dating sites??",
7f2f3636-613e-4769-8f64-ea5eb9027d17,Muslim Pro: Quran Athan Prayer,5,2017-04-12 22:28:56,Best Prayer Time App I've found. Daily Quran verses are always what I need. Prayer lists are powerful and humbling. I would like to get more athans even though I do have the Pro Version. I would strongly recommend going Pro before Ramadan for sure because adds pop up with beautiful women right when your trying to read Quran or check prayer times. Adds are my only complaint because it could break your fast. 5 Stars Hands Down.,
42cb0f5b-1e80-4b8d-a5c2-413ba01b20ef,Muslim Pro: Quran Athan Prayer,5,2017-04-12 18:21:00,Best all in one app for Muslim android phone users. Just buy the full version brothers and sisters. Support the ummah.,
53f650f8-4bc4-4ad7-afce-db53d5c03f91,Muslim Pro: Quran Athan Prayer,3,2017-04-12 16:12:30,Must add silent period after azan and also add bangla in APP language.,
7538ebfa-2dc0-4821-9395-93a655ed9813,Muslim Pro: Quran Athan Prayer,4,2017-04-12 05:28:59,Very useful app but the ads with women uncovered are kind of annoying.,
6b2c085d-e4a3-421a-a296-34933217443a,Muslim Pro: Quran Athan Prayer,5,2017-04-06 02:40:17,Wish there were less inappropriate adds. I sometimes see women adds wearing less clothes,
3e53620c-5ff2-4e09-a5b1-014f59c823c2,Muslim Pro: Quran Athan Prayer,4,2017-04-05 10:44:02,"Great apps...but when I open to read quran..suddenly ads about alcohol,women and gambling appear on screen..not so nice..just like I want to pray and Satan suddenly appear to disturb me..pls remove these kind of ads..keep it up for this great app!!!for ummah!!",
55cddca5-a8ee-41f2-b223-a831b5a3b781,Muslim Pro: Quran Athan Prayer,4,2017-04-04 12:16:58,Asalamu alaikum thank you for the application jazakum Allah khayran Bfr 1 year i gave 5 star but now after update the ads came so big i just opened the application for look to pray time and i found woman picture without hijab plz try to fix it if that possible i want this application be alwyas perfect for muslims jazaka Allaho khayran,
b5742458-0599-4401-a9a2-d1d565db7382,Muslim Pro: Quran Athan Prayer,2,2017-03-30 12:40:14,I used to like it a lot but lately it has gotten worse. Worse in the sense that this app is only after money with ads. I don't mind ads as I've got a few good apps with ads. This app shows shows ads with bikini clad women and asks me to click for more pictures and videos of it. A Quran app cannot be any worse if it allows Shaitan to come in between reading our Quranic verses. Don't think I'll continue to use this app if it continues to show pictures when our scripture tells us not to gaze such evil. The developer or owner of this app need to sort this out and redeem themselves.,
59e06bf1-9ec6-46e0-9b51-400eb1629636,Muslim Pro: Quran Athan Prayer,2,2017-03-30 10:47:48,"Great, but But it show ads that not appropriate. Showing woman's panties. Sad but true.",
1b3155db-b788-4548-a1f3-906672eb729f,Muslim Pro: Quran Athan Prayer,1,2017-03-28 02:51:53,"Toronto Canada, app has ads. with women without scarf and dating ads. Highly recommended you delete this ap",
db2728c5-49bf-4a2b-b92c-41b97f286440,Muslim Pro: Quran Athan Prayer,5,2017-03-22 14:49:30,This is all-in-one apps for every of you my moslem brothers and sisters out there,
ba44a888-c849-4176-b233-478efae6e696,Muslim Pro: Quran Athan Prayer,2,2017-03-21 23:22:49,Plz remove the pictures of women from the matrimonial add in the app. Its completely inappropriate to do so.It is causing a great fitnah.,
a49d31d2-8871-4f42-a307-98dd677ab447,Muslim Pro: Quran Athan Prayer,5,2017-03-18 00:12:09,Excellent apps for all the Muslims brothers ansari sisters,
5099ae8a-911d-4af9-8229-ecf7f0f00cb2,Muslim Pro: Quran Athan Prayer,1,2017-03-10 23:17:57,Immediately after installing an obscene advertisement about model cars came in the middle of my screen under verse of the day which featured a woman wearing vulgar and revealing clothes. I am completely shocked at what nonsense this was. Uninstalling immediately.,
6a704597-168a-4cb9-8720-7906ca81b424,Muslim Pro: Quran Athan Prayer,5,2017-03-09 05:07:38,Great app for muslim brothers and sisters.,
218eb498-a18c-4ed6-9878-31bb9e715bd5,Muslim Pro: Quran Athan Prayer,1,2017-03-03 08:58:44,"Why is Al-Israa translated as ""The Israelites.""?? Instead of, The night journey. Also the ""New prayer section"" is very disturbing to say the least. One of the sister is asking us to pray for her friend who's heart has been broken and we should pray for her to get ""True Love. "" Is this a halal relationship, or play as you go? I'm impressed by the way this app promotes al-ma3roof and al-munkar at the same time. Haram 3alaikum. May Allah pay you accordingly. Ameen. I'm going to uninstall this app as soon as I submit this message.",
4be1884d-38f5-48a9-a90b-7c0ff8111c53,Muslim Pro: Quran Athan Prayer,5,2017-02-28 02:01:01,I loved dis app have been using for passed 5years. I just share it with my sister,
0f73fe0b-76b5-4a26-85c7-56dd332d0ac8,Muslim Pro: Quran Athan Prayer,3,2017-02-25 23:58:06,The app is ok with good features.The quran may have a few mistakes which may be unintentional errors. One has to be carefull. Notice one or tw in Surat Al kahf. The women Adds are inappropriate for a prayer app that is free. would not mind promotional business adds if thats app makers get their money from. Please Remove women ADDS.,
658e2564-063e-4b63-bd5a-0e68d5fe8479,Muslim Pro: Quran Athan Prayer,1,2017-02-25 21:08:17,"The app is good, but why sell it out with indecent ads?you have Muslim dating, women not dressed appropriately, it goes on, you can block these via your ssp. This is supposed to prayer and Qur'an app and these ads have been appearing for months. May Allah guide you to the straight path.",
a1a4345b-d569-4582-bb57-6a05b409097b,Muslim Pro: Quran Athan Prayer,5,2017-02-19 11:43:34,"Assalamualaikum how are u brothers and sisters This app is Great, has lots of islamic stuff great athan set it up any time has calendar with lots of islamic dates!! You also read and memorize quran!!",
5795213c-5a81-497a-a83b-23295f9bd741,Muslim Pro: Quran Athan Prayer,5,2017-02-18 15:30:25,It is an all in one islamic app which all Muslim smartphone users must have. Easy to use & straight forward. Alhamdulillah & thank you to the brothers & sisters involved in making this app. May Allah bless you,
245d953a-ab28-41e4-98f9-8704a88a4584,Muslim Pro: Quran Athan Prayer,2,2017-02-17 15:08:36,Inappropriate ads are showing. Showimg nude and explicit images of women as ads. Fix it.,
a86ec706-aa02-454b-954e-4a14437eecec,Muslim Pro: Quran Athan Prayer,1,2017-02-15 13:34:09,Pls dont post women ads and undergarments ads in this app. This should b a religious app not commercial 1.,
672abbdc-3559-4c66-a9ec-280fe64c68e6,Muslim Pro: Quran Athan Prayer,3,2017-02-04 04:21:50,"Hello sir , its a great apps helping muslim to do their ibadah but please filter your ads . som of your ads contain woman with very exposing body.. I understand you make money through ads but please.. At least filter the ads.. I can email you the ads that very exposing",
3c7ad2af-2066-43f8-a850-34384e74163b,Muslim Pro: Quran Athan Prayer,5,2017-02-02 08:33:42,"Excellent app for any brother or sister with a smartphone.... and seriously, who doesn't have one? Keeps you close to Allah.",
531e674d-d491-489e-908d-99a79f841ca7,Muslim Pro: Quran Athan Prayer,4,2017-02-01 04:01:25,"Assalaam alaykum brothers and sisters I love this app masha Allah the best apart is it could even remind you to read Qur'an Subhana Allah, may Allah reward you guys insha allah",
64f94761-7176-4596-9e7b-3efdaff82076,Muslim Pro: Quran Athan Prayer,4,2017-01-22 14:58:30,Great app but atleast try to make the ads a little bit relevant to Islam like why are you encouraging us to play games and date other women....,
e1babef4-7dd1-498c-8300-1734e8a3d932,Muslim Pro: Quran Athan Prayer,1,2017-01-20 05:02:14,The ads in this app are inappropriate and disrespectful. This is a quran app and its disgusting that an add about a sexy woman is showing,
d7e942f7-5f64-446d-82e0-f40165c56f9b,Muslim Pro: Quran Athan Prayer,5,2017-01-12 21:22:37,A must have app for all Muslim Brothers and Sisters.,
961254df-d4e8-4cc3-857f-a9bb4407448b,Muslim Pro: Quran Athan Prayer,5,2017-01-10 04:12:04,This app is great for young Muslims as well as more experienced ones. It helps you keep your imaan (faith) and helps with daily prayers and quran readings that many people find hard in the 21st century masha allah. I recommend this to any reluctant brother or sister of Islam,
4b342699-b609-42d3-9dbd-e759727187c6,Muslim Pro: Quran Athan Prayer,5,2016-12-25 07:52:40,"BROTHERS AND SISTERS PLEASE TAKE A MINUTE TO DOWNLOAD THIS APP. I BELIEVE THIS APP CAN SAVE ONES LIFE, AND I FEEL LOST WITHOUT IT... IT IS HONESTLY SUCH A GREAT PRIVILEGE TO HAVE ACCESS TO SUCH GREAT HELP AT ANY TIME. You can send beautiful messages, duas, READ&LISTEN TO THE 100 NAMES OF ALLAH in beautiful recitation and OF COURSE... MASHAA AALLAH, The FULL access to the GLORIOUS AL'QURAN. SO PLEASE DON'T HESITATE TO DOWNLOAD IT... INSHAA ALLAH may Allah guide us all. As salaamu alaikum brothers&sisters",
37c677a8-74ff-4899-97fd-7732a001d097,Muslim Pro: Quran Athan Prayer,5,2016-12-21 09:21:15,Very good application for ALL Muslim brothers and sisters... Administrator kindly add Takbeer or our preferred Alarm for Azan if possible.... Jazakallah Khair...,
6d5f04f0-df47-4eb3-bcff-f752b2dcc2ba,Muslim Pro: Quran Athan Prayer,5,2016-12-15 11:03:41,Thank Allah for you brothers and sisters who made this app.inshaallah your good deeds take you to jenna.salam.,
5519012d-b77d-4fb2-8066-ef5a0f2d463f,Muslim Pro: Quran Athan Prayer,5,2016-12-11 07:10:29,Salamulaikum waramatulallahi wabarakatuhu brothers and sisters in islam once again i am greeting all of you in the name of islam iam very happy about this app but one thing is my douth on this app is that why some verses are not complete in the quran why i say this because when am reading the quran i found some verse are not complete for that been the case am asking you to help us to complete them so that it can be esier for reader to read wel as wel as its consern thank you all for wonderful contrubution in islam,
4605bcdd-17da-4d8c-9e2a-b738ad577ae8,Muslim Pro: Quran Athan Prayer,3,2016-12-10 17:59:15,Good app but I think you shouldn't advertise unislamic advertements. I was in the mosque one day and turned on the app and a picture of a woman come up which was nearly nude. It's a useful app but don't put profit before your Deen.,
5d660b2c-92ad-4a05-baf0-f1d305b1de0f,Muslim Pro: Quran Athan Prayer,5,2016-12-07 18:31:21,Recommend to all brothers and sisters,
95fccbdf-73f5-48f1-8a03-d732c821c146,Muslim Pro: Quran Athan Prayer,5,2016-12-06 01:22:12,I am very happy to have Muslim pro I will invite to all my Muslim brother and sisters around the world it's great app for Muslim pro and has a lot of things you need in salah and more more,
9565dd92-3f99-481f-a8eb-f4db7fec77f3,Muslim Pro: Quran Athan Prayer,5,2016-11-29 10:21:05,This app is the best app ever you can invite your friends and family to download . the best thing about this app was that you have everything you need as a muslim man or woman . so thank you so much,
3b3ea97f-e8a3-4715-ba6f-873fc8676a64,Muslim Pro: Quran Athan Prayer,4,2016-11-23 12:01:04,"May Allah bless my brother Shaheed Asgar with Jannat ul Firdous near Maqaam e Mehmood who shared this app with me. May my usage of this app be a sadaqa jaariah for him. A great app. I used other apps before he introduced me to this app. Besides keeping cautious about prayer times, it has Quran, duas & what not. Pl add silent settings which help phone to automatically switch to silent for the prayer period once configured, as in apps like ""My Prayers"".",
c68d03d9-8050-4293-8343-066bf52c75b3,Muslim Pro: Quran Athan Prayer,5,2016-11-19 06:31:18,Jazakumullahu khairan katsiiron to all of you brothers and sisters on this team. one of the most usefull aplications that moslms need.,
60b5dc27-cbfe-46d1-8d3c-e7c1348bab4e,Muslim Pro: Quran Athan Prayer,5,2016-11-12 04:13:58,Mashallah Allah give ajar e azeem to thoose who work for such a marvellous and helpfull app for their muslim brothers and sisters arround the globe,
4c54063c-489d-4efd-9078-2fd590390230,Muslim Pro: Quran Athan Prayer,3,2016-10-27 20:05:20,"Great. However, can you add auto silence during prayer time? Once prayer time occur, the device should go silent for a user defined period. User defines the silence time for each prayer. It is important feature.",
00aa92a5-f0a0-49f9-a157-7621adca3e67,Muslim Pro: Quran Athan Prayer,5,2016-10-22 12:58:39,This app is fantastic...it combines everything i need. It helps me and motivates me a lot with my quran. The adhan works really well as well. I recommend this app to all brothers and sisters.,
a41ab74e-d926-4594-85be-0e84f1988104,Muslim Pro: Quran Athan Prayer,5,2016-10-22 00:33:43,"Its really good for all my muslim brothers and sisters to use this app.all the options are good like names of Allah, daily verses. It's really helpful",
408e61a1-9816-4320-84be-52864741f5ba,Muslim Pro: Quran Athan Prayer,5,2016-10-18 14:37:59,"A person with good eemaan needs no reminders for the prayers as he/she have their minds focoused towards ibadat of the Almighty Allah.Today, we as a muslim have become very weak at our eemaan and this is a good effort by the islamic community to bring our brothers and sisters to the eemaan and learn and understand the Quran follow the sunnah and live a happy and prosperous life in this world. May Allah accept all our good deeds and forgive us for our sins and help us to be firm on eemaan.",
524ea53a-8f28-4875-9604-887ae803bd5a,Muslim Pro: Quran Athan Prayer,5,2016-10-18 01:00:11,It a good job.....a sallamu alaikum Muslim brothers and sisters.,
6780baf6-3833-4bf7-a323-ffb6eec80fc1,Muslim Pro: Quran Athan Prayer,5,2016-10-13 20:04:56,"Its very good to get knowledge about Islamic calendar. About to recite Quran Pak, about to know every day a new verse for reciting.I use to memorize last Para verses while sitting. I used to share with my friends and family but my sister can not get full azan in iphone 5. & i have a little problem to get azan according to accurate timing of my location.either it is a best of best sap.Allah Pak give you jaza for such sadqa e jareia for Umat e Muslima. Thank you.",
678ee384-12be-49c4-90a3-bfe0a7b8c568,Muslim Pro: Quran Athan Prayer,5,2016-10-12 04:11:15,Allah reward you for the hard work you've put into this amazing app inshallah. Jazakhallah khair brothers / sisters,
2e9b21fd-6e13-45bb-b1f8-fec20a5ac44a,Muslim Pro: Quran Athan Prayer,5,2016-10-01 17:37:53,"Salam.Thanks to the organisation for the effort to wake us up n remind us for the important call from Allah. Dear brother n sister,what you have to pay to unlock features or remove ads is not much compare to the benefit you get.Assume that all the money you pay is your zakat n jihad to help others.Why should we count on how much we pay for our ad din,but never complaints paying for expensive things that will never help us at the end of the day.May Allah bless the people behind this amazing application.",
647b612a-e7cc-4dba-a1ba-abc6737eda03,Muslim Pro: Quran Athan Prayer,5,2016-09-16 17:14:02,Jazakumullahu khair for helping all muslim brothers and sisters thru this beautiful app,
194becbf-1542-4d34-8858-0d08f826d239,Muslim Pro: Quran Athan Prayer,5,2016-09-07 17:31:27,"As brothers and sisters just few rectification which results after upgrade, then we'll be perfect as we can get. Jazah Ukheir Brothers & sisters for ur time put on this app, May Allah give your rewards",
12a6b1b6-14e7-4fff-ae20-f2e29b915613,Muslim Pro: Quran Athan Prayer,5,2016-09-05 13:24:11,Essential apps for all muslim brothers & sisters! Very helpful.. Thank you very much dev..,
a46a097c-cf49-43e3-947c-820f6375da0b,Muslim Pro: Quran Athan Prayer,4,2016-09-01 20:51:40,"This App has helped us a lot with our travel, from Beijing to Marrakesh. Well done guys and keep uprading the apps as part of your ibadah in helping our brothers and sisters around the world.",
3f485cdb-8159-40ff-ae28-8ec6c7c56d18,Muslim Pro: Quran Athan Prayer,5,2016-08-11 01:19:14,This is a very good App for Muslim brothers and sisters.,
45886d61-ac2d-4c2d-9f2d-9d5dd910c750,Muslim Pro: Quran Athan Prayer,5,2016-08-06 09:36:42,Assalamo alaykom brothers/sisters.. i love this very much ive learned a lot thank u so much.. Alhamdulillah...,
fb9177e6-dd52-4e3f-b22b-3895679ad70e,Muslim Pro: Quran Athan Prayer,5,2016-08-05 03:06:55,"Just updated to a newer version, May it be beneficial in my learnings, Alhamdulillah. I have and will continue to recommend this service to my Muslim Brothers and Sisters.",
4787b9bd-2eeb-4663-8c49-27d219fc5797,Muslim Pro: Quran Athan Prayer,5,2016-08-04 15:47:33,Good for every Muslim brothers and sisters.,
f4799b58-17ee-496d-a356-482e3635066d,Muslim Pro: Quran Athan Prayer,5,2016-07-30 07:36:00,Love it!!!! It's a great app! I recommend to all my muslim brothers and sisters...,
20c43a5e-9724-4901-88cc-5f67dab24ec1,Muslim Pro: Quran Athan Prayer,5,2016-07-27 08:21:26,"Smooth and perfect ,my Muslim brothers and sisters please download this app it's just awesome and has everything you need and it doesn't have errors and lesser ads comparing other apps, just perfect and the compass it smooth",
f2940e36-5371-4f7b-8ba2-47c30e5176f4,Muslim Pro: Quran Athan Prayer,5,2016-07-23 06:53:07,I love this app alot. Jzk brothers and sisters,
f8510a00-3c55-48db-89cf-6ea9fa0d8afe,Muslim Pro: Quran Athan Prayer,5,2016-07-22 14:32:08,An App that reminds the Muslims Ummah the period of Salat (Prayer) at the right time also promoting Islam and given all Muslims the opportunity of reading at least one vers of the Holly Quran daily... I Say A Big Jazakumullahu Khair..,
445e6538-7435-42eb-9388-70570187869b,Muslim Pro: Quran Athan Prayer,1,2016-07-18 23:58:39,Reading the quran when photo of woman appeared in ad.,
557badfc-7418-42d5-bfd8-c880c151dc03,Muslim Pro: Quran Athan Prayer,5,2016-07-18 04:28:23,It is the best app in the playstore for all our muslim brothers and sisters...,
0e5c47c3-17de-44b4-ad7d-e98955424eac,Muslim Pro: Quran Athan Prayer,5,2016-07-17 21:08:35,This is an excellent App. Must have for all Muslims brothers and sisters. May Allah bless.,
5c9e3e5f-6bd8-40ce-9167-dd402bcec051,Muslim Pro: Quran Athan Prayer,1,2016-07-10 03:14:38,What the hell.. regular user (not premium) showed porn ads. From du browser ads show the woman ass with lingerie. Fix it !!,
ab0f35ce-35bf-4c74-a8bc-f914fb028b45,Muslim Pro: Quran Athan Prayer,3,2016-07-09 19:54:51,"I saw ads that it is not appropriate (sexy woman) to pop up at this app, i'm ok with ad but you have to more selective.",
205c92f1-2ae6-432c-9fc5-ff697d9cf58e,Muslim Pro: Quran Athan Prayer,5,2016-07-09 02:58:52,May the brothers and or sisters that put this together receive much forgiveness and many good deeds on yawm Al-Qiyāma,
47d021e5-475e-4f75-91a6-e16c13c11f4d,Muslim Pro: Quran Athan Prayer,5,2016-07-08 19:36:35,Slm Alhamdulilah shukr to ALLAH SWT for granting you the knowledge to empower your fellow muslim brothers and sisters excellent,
668110de-edd5-457c-8d2e-951117ab7625,Muslim Pro: Quran Athan Prayer,5,2016-07-06 21:07:19,If you're interested in learning and understanding the Muslim religion... I encourage you to read this daily... Especially if you have a busy schedule... I promise it will bring peace among you and respecting our brothers and sisters,
4a1c162d-9acf-4edc-a8ae-08c49dd955b7,Muslim Pro: Quran Athan Prayer,5,2016-07-06 20:43:43,Must have all Muslim sisters and brothers...,
53c21770-c0b4-4e2d-91a5-7c50d0107482,Muslim Pro: Quran Athan Prayer,5,2016-07-03 05:44:02,its a very good app for all our muslim brothers and sisters. May allaha subhan wata ala grant u mercy and peace be upon mohamed sallah hu alai he wasallam,
d8848ac9-9d6d-45f4-9a2b-2987747916d9,Muslim Pro: Quran Athan Prayer,5,2016-06-25 19:50:23,Very useful App. It is for all times and periods. For all places and region.,
138998a4-b212-4d01-bfe0-5bf8074e3ba6,Muslim Pro: Quran Athan Prayer,4,2016-06-21 17:50:56,Great app with romanized spellings to ease new brothers and sisters,
89b24b1b-28e9-4462-b88e-10eb29f4fab2,Muslim Pro: Quran Athan Prayer,5,2016-06-14 03:40:29,Brilliant app definitely recommended it brothers and sisters,
ba5bf592-b710-4f16-984a-e213dde94ec3,Muslim Pro: Quran Athan Prayer,5,2016-06-14 02:07:15,Ramadan Kareem to all my Muslims brothers and sisters,
edd3dac6-9bc4-4cf9-8ba7-51430194abb3,Muslim Pro: Quran Athan Prayer,5,2016-06-13 20:36:43,"This is mashaallah no#1 app, I never saw such application, I recommend to all Muslim brother & sister to download this app. Pls remember in ur duwa.",
5be7a606-55c9-4694-9ad7-2247c9a28074,Muslim Pro: Quran Athan Prayer,5,2016-06-11 06:55:35,It is the Best App for every Muslim men and women especially in Ramadan I give five star....,
8049a89d-2059-42c6-8246-b555e53b552d,Muslim Pro: Quran Athan Prayer,5,2016-06-10 22:16:45,Very usyfull appa for all muslim brothers and sister's i realy like.it,
451a96b1-349a-4d60-90a5-ce4837229d6d,Muslim Pro: Quran Athan Prayer,3,2016-06-10 15:37:19,Most times when I try to play the audio there seems to be problems. I agree with another user who wishes other reciters were available also. I also wish you could actually control the Ramadan app because some people are moon watchers and some follow calendars. It would also be nice pause the reading due to periods.,
be17449f-0752-4518-80d6-28bcf5a050bb,Muslim Pro: Quran Athan Prayer,5,2016-06-10 13:01:10,One of the best app for muslim brothers and sisters,
d850b8b3-6aca-4cf5-b6ef-4f9d2eefdd6e,Muslim Pro: Quran Athan Prayer,5,2016-06-09 03:26:00,One of the best apps that every Muslim brothers and sisters can benefit from. May Allah bless us all.,
62a03b45-4b8e-4500-92e1-ef2929a9fd62,Muslim Pro: Quran Athan Prayer,5,2016-06-08 10:20:05,"I love that it has duas, tasbih, 99 names, daily Quran verse and it's easy to customize times, adhan, notifications. Makes things easy and go to for quick dua. A sister referred and I'm so happy she did.",
5b5c4b55-74d9-414e-872b-8a66f00fd0a2,Muslim Pro: Quran Athan Prayer,4,2016-06-08 09:25:05,Alot of fashion adds flashes on screen while using this app it's not gud yesterday i also reported an add bcoz in that add there was a woman half covered n above i was reading the ayats of QURAN u have to remove adds otherwise i will not use it,
55ac8fe2-3c3c-4d20-b0f5-30125f2973bc,Muslim Pro: Quran Athan Prayer,5,2016-06-07 07:01:11,Very nice app bt prayer time mistake fajar prayer was on 4:08 bt this app show 3:54 same mistake in isha prayer also except thiz the app is very nice best app for oll my muslim brother an sister,
fc955eab-4440-45a9-a059-de8ba8750405,Muslim Pro: Quran Athan Prayer,5,2016-06-07 00:21:40,This apps is a complete guide in one click away and must be downloaded for all muslim brothers and sisters.,
43ddf091-edeb-4c39-99eb-234f98029407,Muslim Pro: Quran Athan Prayer,5,2016-06-03 15:45:50,Alhamdulilah. Ramadan Moubarak tp all my Muslim Brothers and Sisters.,
1b5db4c9-bbc0-4a33-8ae9-2794786cd9a7,Muslim Pro: Quran Athan Prayer,5,2016-05-31 22:02:06,A very usefull app for all Muslim brothers and sisters.,
668ef468-9cd4-4db1-93a9-9ce9e9a7c9fe,Muslim Pro: Quran Athan Prayer,5,2016-05-30 23:06:01,"Ma'Shaa'Allah Tabarak Allah may Allah reward you ,my brothers and sisters in islam it's mumtaz app's",
c52fbc69-5657-4e75-bbd1-ff5dbfb552bd,Muslim Pro: Quran Athan Prayer,5,2016-05-28 03:42:34,It is a wonderfull app also remind me to read my Quran and times to go and pray I love may it help all my brothers and sisters using it and may Allah make it easy for us all,
cc680682-4b9c-484d-b0ab-5c894de4b1d6,Muslim Pro: Quran Athan Prayer,5,2016-05-25 05:44:48,as salamu alaikum I love the app so much and the app probably help some of our brothers and sisters to understand more about the Islam may Allah s.w.t reward you for this brilliant app,
65437fc9-7b08-48e9-b743-38002495d39a,Muslim Pro: Quran Athan Prayer,1,2016-05-23 04:02:05,"All of the features of this app is great except the haram ads that pop up! most of the time the ad involves women, today they were with revealing clothes! it is not a befitting for an Islamic app. Hadakumullah!",
18b1bb71-338f-453a-af88-fcb0a01b1f23,Muslim Pro: Quran Athan Prayer,4,2016-05-04 22:17:23,"Sometimes get inappropriate ads popping up. Not good when you are in a masjid and an ""exposed"" woman flashes on the screen.",
5b1a3d88-bc62-4805-bf6d-cc11eb65d547,Muslim Pro: Quran Athan Prayer,2,2016-05-02 11:48:57,Installed the free version and absolutely loving it. Ads are a bit of nuisance but I understand you need revenue to continue developing and supporting it. I don't mind static game ads but today it was a 15 sec video clip ad with half naked woman showing off a dress...This was really inappropriate especially for this type of app. Please practice due diligence when signing contracts.,
dbb5f332-010e-4041-97ee-ffdcfa13c920,Muslim Pro: Quran Athan Prayer,5,2016-04-21 15:56:30,"A complete Salah & Dua resource. For a 50 ur old woman, I'm learning from it",
0c9ca4ae-5cdd-483f-ba17-c89fd7dab80a,Muslim Pro: Quran Athan Prayer,5,2016-04-18 23:31:43,"I have the full version and it does me justice. Adhans, prayer times, qur'an n hadith subhanallah. Locations n direction brother n sister what more can you ask for. Jazak Allah khair. May Allah SAW bless you. Keep it up n keep it real..",
89d302cf-ec18-4a74-9edf-f1a852985c77,Muslim Pro: Quran Athan Prayer,5,2016-04-18 03:47:31,"A Salam my brother,s and sister,s I love this app it help,s me pray on time and do not miss any thank u for this app and bye lol.",
ed5f6928-3cd3-49bd-8faf-458973ad1e7d,Muslim Pro: Quran Athan Prayer,5,2016-04-15 07:24:33,"Sallam. Why do we have to upgrade and pay for the premium version? This is a reminder for us brothers and sisters to pray to Allah (SWT). Why are you guys charging us to use the adhan we prefer? You just gave us a plain and basic adhan. Mashallah that's also a very beautiful adhan but if we want to listen to the adhan we want, we will have to pay for it. You should be doing this from the bottom of your hearts, because we are gonna be reminded from this app that it's time to pray Namaz. Mashallah",
b85cb440-ef38-4284-b688-cda5f7ad5f1f,Muslim Pro: Quran Athan Prayer,5,2016-04-10 23:48:12,It is the complete app for muslim brothers and sisters.This app gives us complete information about nimaz timings etc,
d332fb63-427d-4a48-b190-9026f3e0803b,Muslim Pro: Quran Athan Prayer,3,2016-04-10 15:43:28,"It's a great app, Ma Sha Allah, but there are two issues. First, the time difference between my mosque's prayer times and the app reaches up to 20 minutes, which makes it hard to go for Salat. The time differences change so there is no regular solution for that. The other issue is that there are too many ads, many of them showing pretty Haram women. :v And you guys demand payment for some crucial elements of the app which is kind of weird. But you did a good job anyway and may Allah bless you for this",
7d083902-e1e5-445c-8694-c329bfc141a6,Muslim Pro: Quran Athan Prayer,5,2016-04-08 19:26:20,May this App reaches to all Muslim brothers and Sisters....,
6b299ce8-3b7a-4a16-a6c3-cac7b0bf9b40,Muslim Pro: Quran Athan Prayer,5,2016-04-07 02:18:27,May Allah Bless the person who made this app in this life and the next. I just have a problem with the pop ups that ask you to install social apps that advertises women very annoying its a religious app yet these apps are popping unannounced and is everywhere.,
5a990a0c-0304-4f6b-b267-49e754bc7345,Muslim Pro: Quran Athan Prayer,4,2016-04-03 12:03:26,This app really helpful. You could increase the accuracy of the compas/qiblat locator in advance . Recently the adds shows a video of a woman that sing in a tank top. I think this is inappropriate for mulim application. Would you mind to filter the add. Thanks,
05ed0018-2366-4925-95e8-c4dfbde689cb,Muslim Pro: Quran Athan Prayer,5,2016-03-29 06:29:14,Excellent application for all Muslim brothers and sisters...,
893c4f0e-4202-47a8-839e-81827887f62b,Muslim Pro: Quran Athan Prayer,5,2016-03-28 14:33:34,Excellent app for all Muslims brother and sisters,
190ca3a6-fb02-4917-9e70-a4980312624a,Muslim Pro: Quran Athan Prayer,1,2016-03-27 14:25:09,"You open quran to read, you get a picture of a naked woman advertising something. How ridiculous!!",
713da368-f566-4b34-85b2-1983ff1ea869,Muslim Pro: Quran Athan Prayer,5,2016-03-25 21:30:03,"It's a super duper app, Im happy after downloading this, I recommend to all Muslims brothers and sisters to download, thank you.",
c35633c8-8b3b-48f2-ad8f-9abef8609ae3,Muslim Pro: Quran Athan Prayer,5,2016-03-22 12:23:44,"As a courier driver, I drive from city to city. This app gave me prayer timings for all those cities I visited. MashaAllah brothers and sisters for creating such a great app. I recommend you to give good feedbacks so others can benefit.",
803984dd-cae8-4c6a-b474-64f5cb9a2336,Muslim Pro: Quran Athan Prayer,5,2016-03-12 15:33:14,A must have app for Muslim brothers and sisters.love it,
e167f69c-d2f7-4c3c-a30a-ff3af2af2c04,Muslim Pro: Quran Athan Prayer,5,2016-03-10 01:25:08,Very Good App For All Muslim Brothers And Sisters,
a4ac2247-2601-4fc7-8906-ac6189bd4068,Muslim Pro: Quran Athan Prayer,5,2016-03-02 22:07:37,This is indeed the best app period,
5ed233ad-13ed-4ea2-940b-33c188de7c57,Muslim Pro: Quran Athan Prayer,4,2016-03-01 20:34:21,"jazakallah khair brother sister, this app really recommnd, I also recommend this on my instgram, I already upgrade to premium . But why it look same with or without upgrade? I can't choose the adzan.. n before I this app really help me to praying on time , but I don't know why today the adzan is not ringing when praying time. Please advise...really need help to fix it. Syukron. this matter hold my finger to tap the five stars...",
d3d7388a-eb4b-4c0f-a4c0-0987b2f519ae,Muslim Pro: Quran Athan Prayer,3,2016-02-28 23:48:00,"The application functions are good, the adverts are very annoying, and some of the adverts have semi nude women!",
d29e90a1-d79b-4efb-9f53-e09975b34cc6,Muslim Pro: Quran Athan Prayer,4,2016-02-25 19:14:16,"This app is more than great, it's awesome. It's beautiful. May Allah grant the creators the greatest good. But, I don't like the fact that it constantly pushes ads. In my opinion, if it's created for muslin brothers and sisters than make it free and stop pushing the constant ads. If the creators want to make a profit then a donation panel would suffice. :)",
dfe8b1a0-2fb5-4c5e-bd21-73ad855f0317,Muslim Pro: Quran Athan Prayer,5,2016-02-24 21:25:02,The best of its kind out there. I am very satisfy. Keep up the good work my brother and sister,
de6455f7-bdda-4038-8750-df3ff70fd1af,Muslim Pro: Quran Athan Prayer,5,2016-02-22 06:34:39,"Assalam-o-Alaikum ( WW ), dear brothers and sisters, peace, blessings and mercies of Almighty ALLAH be upon you and your families. I downloaded this app. The developer really worked hard. It's amazing. It reminds you prayer timings and recites Qur'an to you daily. Please use this. I hope developers develop more apps too. Stay blessed.",
11059b42-74b9-463a-b3e4-718a9dcd43d9,Muslim Pro: Quran Athan Prayer,5,2016-02-03 04:17:17,"All praise is do to Allah. The Lord of ALL Lords, creator of ALL Heavens and Earth and everything in and on it. This application keeps brothers n sisters on our deen. Alhamdulillah. May Allah make it easy on us all. Ameen.",
f166094d-3d22-480b-bdd1-055be8d91548,Muslim Pro: Quran Athan Prayer,2,2016-01-30 20:20:36,"Too many ads. That too very inappropriate content. I mean, you are looking for Namaz times and down below they are showing you women in inappropriate dresses. We know you need ads, but please don't put such vulgar ads.",
ea4a596d-e5c7-40fe-a74e-b2da11a49ee4,Muslim Pro: Quran Athan Prayer,5,2016-01-20 22:51:01,Yes Muslim pro is one of the best in all the world and I will recommend it to the Muslim brothers and sisters.,
65e62144-ede7-4c28-9d3e-16936e0b7df1,Muslim Pro: Quran Athan Prayer,4,2016-01-13 06:25:58,"One thing which I find really bad is the advertisements. They are at the top of the screen but are showing bad things on a Islamic app such as ""meet a Muslim woman"". It's very in innapropriate.",
80fadf60-1e73-4bb6-8a11-da9201cca855,Muslim Pro: Quran Athan Prayer,5,2016-01-12 19:02:05,"Very good. Consistent in readings and metering. I could not comment on the accuracy. Inshaallah it is accurate. The only mishap occurred during my visit to Te Anau, NZ. The adhan was stuck in a loop. I had to uninstall and reinstall it once i reached Dunedin. I worked fine afterwards. I assumed the geography mightve played a role in the programming. But im not programmer. I hope it doesnt occur again. Bcause it rendered the app unusable during that period =(",
0b538dd0-5436-4678-b56e-8a1a9ad3635b,Muslim Pro: Quran Athan Prayer,5,2016-01-09 18:05:20,Allhumdullah a great effort brothers and sisters.JazakAllahu Khairan.,
d694dba0-4fec-4e9c-a7a5-53a95e804e9a,Muslim Pro: Quran Athan Prayer,3,2016-01-02 12:40:28,"Please fix Fajar azan issue with Marshmallow. After all night long, the app is unable to produce any notification due to the inbuilt power saver feature of Marshmallow when the device is not used for longer periods. When I get up and check the time on my device, no matter what time it is(after Fajar time), the Fajar azaan then starts itself. This is not what's desired. I need azaan to wake me up for Fajar. Please fix it. Thanks",
b1f7dc5f-05d0-4833-b5bd-56948276ecef,Muslim Pro: Quran Athan Prayer,5,2015-12-30 17:20:01,"I recommend it to all Muslim brothers and sisters to download it, its easy to operate",
8a75f1f1-3192-4cf8-97f8-13a28f19e195,Muslim Pro: Quran Athan Prayer,5,2015-12-29 21:42:26,Thanks to all by brother and sister who develop such a good aap .,
50d600b5-8f38-4e31-b869-24ece1bbbc02,Muslim Pro: Quran Athan Prayer,5,2015-12-13 18:41:11,Good app for me and my brothers and sisters,
c410614a-f38e-42be-b01d-a6167c7f503e,Muslim Pro: Quran Athan Prayer,5,2015-11-10 08:48:17,Ma sha allah I have yet to upgrade to the unlimited version but inshallah I love this app! Very useful. Helps alot. I would recommend it to all of my muslim brothers & sisters!,
436e3a52-822f-40c8-8656-d2a1305648c2,Muslim Pro: Quran Athan Prayer,5,2015-11-03 20:23:01,"It's a good appi love it ,it tells me the prayer times and It have a Quran plus Tafsir,Keep it up, Brothers and Sisters of Islam",
94119f65-cd36-49ca-be9d-1c68e253ce3d,Muslim Pro: Quran Athan Prayer,5,2015-10-24 08:50:48,"My sister has this app and I've been trying to find it by searching ""adhan"" because I didn't know the name before but then she told me.",
5ffb8750-5b4e-45fd-9071-e2fb46add21f,Muslim Pro: Quran Athan Prayer,5,2015-10-16 22:12:49,Clean and simple layout. Worth the extra money for the beautiful athan options. Buy it and support your brothers and sisters! (You guys are Muslims.. right?),
0b006504-7475-42d4-9779-b0033b6ae5b9,Muslim Pro: Quran Athan Prayer,5,2015-10-15 18:56:42,I love it even more I just love this app period no words can describe it,
22ac9202-aeea-4d0e-ab5b-12092dc41b85,Muslim Pro: Quran Athan Prayer,5,2015-10-13 10:39:23,ماشاالله.... brothers sisters its the best app for adhan,
0201463f-c0b6-4426-99d9-1cfd692a10ed,Muslim Pro: Quran Athan Prayer,5,2015-10-07 15:34:49,I love it . It helps us to over come out doubts about islam . I advice all my muslim brothers and sisters to download this aap.,
cc5fc986-a941-405a-b9a9-26a418b7ec05,Muslim Pro: Quran Athan Prayer,5,2015-09-05 18:57:24,This is good 4 all Muslim bathers and sisters. And every kind of translation you have . I like this app,
55c2f411-4f1f-4294-8699-921af3521521,Muslim Pro: Quran Athan Prayer,5,2015-08-01 13:06:10,This the that all Muslim brothers and sisters has to download,
64ada3ba-364b-458c-a86b-b9a7fc14564b,Muslim Pro: Quran Athan Prayer,1,2015-07-07 21:56:08,Hello brothers and sisters please be careful with reading of Quran Kareem on this app is not right it has got too many mistakes on even I can't tell that much. If u not believed me then match it with a different mark Quran Kareem the one u read as a regular then u will see the difference. Please becarefull.,
03659e8c-ab8a-4365-a2ea-d2e62c23a37e,Muslim Pro: Quran Athan Prayer,5,2015-07-07 14:18:55,Best prayer app ever. Period.,
db2f9fef-dbf3-44ab-bb35-f9dc6e9f8325,Muslim Pro: Quran Athan Prayer,5,2015-07-03 22:47:34,It is so whorthly in Ramadon period and please correct the transliteration of Sahadah on Mu(h)ammadun rasul lu-llah as well,
3a6427f0-c457-4e1a-ba22-db8d219e3040,Muslim Pro: Quran Athan Prayer,5,2015-07-03 09:18:54,Very good app. For all brothers and sisters.,
78fb5b88-0663-428b-88da-906589ed0924,Muslim Pro: Quran Athan Prayer,5,2015-06-26 15:19:58,"Assalamu aleykum my Muslim brothers and sisters. I love this app it is really good it shows me the qiblah, what I should eat the iftar, what time I should pray and the Quran you can read it and plus it has the translation. But it has only one problem a lot of adds. I hope you can fix it. Thank you my Allah bless you.",
9f7eb545-da5d-4c6a-aa25-1b05036a71b8,Muslim Pro: Quran Athan Prayer,5,2015-06-21 09:05:37,This is the best app for our brothers and sisters in Islam. Specially for us who work in the mall. May Allah bless all of us,
908afc2a-ae0b-4b55-86aa-f368ef17b7c1,Muslim Pro: Quran Athan Prayer,5,2015-06-21 00:36:42,"i love awesome i say download it ok all,my,muslim brother and Sisters",
0dcd3c72-e28a-4f54-9e8c-a4580100f125,Muslim Pro: Quran Athan Prayer,5,2015-06-20 07:15:33,Ramadan Mubarak to all my brothers and sisters!! Jazakallah for such a great app.,
65f24d30-f6c8-4dd4-aa06-a4e7168ae978,Muslim Pro: Quran Athan Prayer,5,2015-06-17 21:30:34,Please make it free for your Muslim brothers and sisters and to make it easier for them even me,
3f5c7a5a-d980-40df-8b18-6800c514a191,Muslim Pro: Quran Athan Prayer,5,2015-06-17 16:19:22,I love this application. I recommend this application to all Muslim brothers and sisters.,
27c74d44-4585-4540-a2e4-2ebc22086f0f,Muslim Pro: Quran Athan Prayer,5,2015-06-06 12:44:32,Most acurate nd goood app for all muslim brothers nd sisters.. pray for me alsoooo,
a74b7d0e-8ff1-469e-b675-23f67aea9648,Muslim Pro: Quran Athan Prayer,5,2015-05-31 06:33:05,Very usefull . Everything in one place . ALLAH's blessings be with you brothers & sisters for helping the umma out with this wonderfull app .,
863582c2-c90a-4130-a0f1-0b7318df8ec6,Muslim Pro: Quran Athan Prayer,5,2015-05-15 08:50:06,My Dear Muslim brothers and sisters...this is amazing app..so share with ur frndz....,
ee027f33-c14d-45a5-a611-03851674710c,Muslim Pro: Quran Athan Prayer,5,2015-05-04 09:03:18,Dear Muslim brothers and sisters please yes this app it is Perfect for us,
52176c6d-54eb-44b4-838c-4f3626c59461,Muslim Pro: Quran Athan Prayer,5,2015-04-30 08:34:44,"May the blessings of Allah and his prophets be with those that created the app... It's has helped me a lot knowing some real basics and sunah of Islam. And I do believed it's helping a lot of brothers and sisters as well, once again thanks so much and I love it.",
9b74d262-0f92-482e-b47a-61ddda92353f,Muslim Pro: Quran Athan Prayer,5,2015-04-28 14:46:52,"Its a great app, everything you need is in this app. I would recommand it to all muslim brothers and sisters. Although there are many other app but trust me this one is amazing.",
acf308e6-f38f-438e-938b-aeb43a4a6927,Muslim Pro: Quran Athan Prayer,4,2015-04-28 05:57:19,"AlSalam Alikom Brothers and Sisters, Really alhamdu Li Allah,Muslim pro is an amazing collective islamic app which really helps me in Zikr and Quran recitation.",
86c3089e-8e5f-4e32-b9ce-b96cb563c4fa,Muslim Pro: Quran Athan Prayer,5,2015-04-28 03:11:18,This app is very helpful for Muslim brothers & sisters.,
5aef8b64-21cc-4394-95a6-77c6884160ae,Muslim Pro: Quran Athan Prayer,5,2015-04-13 06:22:11,AL HUMDULILLAH a great app especially for brothers and sisters living in the West! JazakAllah,
2695c622-5b4a-47c5-a1e7-26a1906fec12,Muslim Pro: Quran Athan Prayer,3,2015-04-12 10:10:47,"This is a wonderful app, but the upgrade is TOO expensive. I feel that putting such a high price makes it a little more about money than helping our brothers and sisters. I think a lower price, would make more people want to buy it.",
64a144e3-c031-45e7-8459-04ac4861b54d,Muslim Pro: Quran Athan Prayer,5,2015-04-09 05:59:20,"Love this app, JazakaAllah. The only suggestion I hv is to please look into the arabic words, it's hard to read and then I hv to read it in English to correct the problem. Other than that, I am very happy with this app and highly recommend it to all the muslim brother and sisters. AssalaamOAlaikum",
a1ec0c24-9cbd-4086-b868-060a4ef31f23,Muslim Pro: Quran Athan Prayer,5,2015-03-21 17:37:29,"Asslamo alaykum (wtwb)... mashallah to the creators of this app. It is an all-in-one application... brother and sisters i have a problem in opening the qur'an.. there is a dialogue box pop-up... it keeps on informing me that ""error in initializing qur'an""... so i have to uninstall it.but when i reinstall it my device keep on saying that insufficient storage but i have a available space of 100 mb... hope you help me with this...... jazakallah to you.",
a19f8a25-3b22-43f9-845f-59231b57e69c,Muslim Pro: Quran Athan Prayer,1,2015-03-07 04:31:53,"They should be ashamed having a reminder for prayer with half naked women in the advertisement, need to be more selective of the advertising no matter how much the monetary gain will be. A program is designed to gain reward yet the reward is lost due to women half dressed. Shame on you.",
c83595c9-c671-4817-a97a-525ccb3ecbe7,Muslim Pro: Quran Athan Prayer,5,2015-02-27 08:07:49,One of the best App for a True practising Muslim Brother & Sister. It just got better for people who travel around.,
a16e6141-3f1f-4fa7-ae33-4350e7bfed60,Muslim Pro: Quran Athan Prayer,1,2015-02-19 05:51:39,"Salam Alaykum bros and sisters. I paid for the full version, unfortunatly, the Azan stops midway. Please fix this and I will be happy to change my rating to 4 or 5. Overall, its an amazing app, thx for a great job well done!:)",
6f32d6c3-7c74-4b62-a2e7-f0aeb1afcfe4,Muslim Pro: Quran Athan Prayer,5,2015-01-28 04:48:21,Very good one last recommend any Muslim brother or sister to have it. Masham Allah,
322675fa-81e1-4498-b6ac-5f68c43c4687,Muslim Pro: Quran Athan Prayer,5,2015-01-18 07:28:49,This App is amazing Mashallah. Worth every penny. Would highly recommend this too all my muslim brothers and sister.,
e6ad7f20-6f0e-4195-8d57-e7406e43ed39,Muslim Pro: Quran Athan Prayer,1,2015-01-17 19:06:44,I'm truly disappointed in what this app has become. I upgraded to pro because I liked that it included Shia content. It was inclusive and encouraged people to learn about their brothers & sisters in faith. I cannot believe we still have to battle against this kind of discrimination; one by which our beloved Prophet pbuhahf would be deeply saddened. I'm uninstalling and spreading the word; not sure if I'm more disgusted by the change or the people praising it and spreading hate. May Allah forgive us all.,
06a46791-0d4f-443d-bd78-e994e67ca0bf,Muslim Pro: Quran Athan Prayer,5,2015-01-06 22:28:51,Best app for Muslim Brother & Sister..,
cdc4322c-d3d6-40fa-bea4-c1825d04bc13,Muslim Pro: Quran Athan Prayer,2,2014-12-17 02:12:04,I don't know if they have any control over the advertising but I saw a half naked cartoon Japanese woman with her butt showing. Inappropriate to see when I'm checking salah times.,
97377c76-f5ee-4c0d-ac22-d08c95286e95,Muslim Pro: Quran Athan Prayer,4,2014-11-25 21:08:33,"Its accurate With the prayers, however i dont think that you should have to upgrade to listen to Adhans. Other than that download brothers and sisters inshalla",
526c487e-1c2e-4a72-a369-7736b91481fd,Muslim Pro: Quran Athan Prayer,5,2014-11-16 02:32:14,Maansha allaah. This upp is helping many Muslim brothers and sisters to keep prayer time specially this season where time keep changing. Well done.,
a0cf702b-2749-4c00-b4c5-ca057ec53e12,Muslim Pro: Quran Athan Prayer,5,2014-10-31 13:22:04,Thanks for making tis software its realy very helpful for all our Muslim brothers nd sister s as we'll ..,
3c5b5676-c3a9-4605-a37e-1276785124e8,Muslim Pro: Quran Athan Prayer,5,2014-10-10 08:04:00,This is the best app I recommend for my Muslim brothers and sisters;),
c1e61c79-1a5d-4c1e-b3b4-b220070a7ec3,Muslim Pro: Quran Athan Prayer,5,2014-10-01 02:42:23,"May Allaah reward you for making such a useful app, especially the transliteration for those non - Arabic speaking brothers and sisters to better pronounce the quran. The only issue I have is that I am unable to download the audio of quran. I have the full version alhamdulillaah but unfortunately it won't allow me to download. Please fix this error in sha allaah.",
0b27e79c-2661-4ed1-814e-7bba8fc306e2,Muslim Pro: Quran Athan Prayer,5,2014-09-27 18:25:41,To answer calls when praying period is arrive,
892a6a45-e5a4-4fef-9140-da89f4769b5b,Muslim Pro: Quran Athan Prayer,4,2014-08-31 16:24:25,"In fact its encouraged Muslim brother and sister to learn more about our religion, kudos to you.",
ea866e26-bd04-4fa9-aa82-946cd54f8ca8,Muslim Pro: Quran Athan Prayer,4,2014-08-27 15:35:33,"Great app, i reccomend it for all my Muslim brothers and sisters. When you hear the adhan, pls dont ignore. Always hasten to salah so that we may be granted jannah inshAllah.",
014d34dd-1aa6-44b2-a758-32b35e378aea,Muslim Pro: Quran Athan Prayer,5,2014-08-21 20:20:53,Salam brothers and sisters Best APP for Prayer times and Quran Thanks,
bea46367-57bd-4d2f-acc7-c84ad5b65b52,Muslim Pro: Quran Athan Prayer,5,2014-08-20 03:01:24,VERY ACCURATE AND USEFUL RECOMMENDED TO ALL BROTHERS AND SISTERS,
c5685329-83ac-4299-8151-27f2ecb12f42,Muslim Pro: Quran Athan Prayer,5,2014-07-26 20:50:31,Good app for ramadhan period as well,
2c67c105-2d5c-4844-b09f-755ca4877f22,Muslim Pro: Quran Athan Prayer,5,2014-07-17 08:34:27,Very usefull for muslim brothers and sisters,
ab5bdfa8-8f25-4b7f-8674-ed3d9c47f261,Muslim Pro: Quran Athan Prayer,5,2014-06-30 19:55:06,I'm enjoying the app as it gives unlimited audio time listening to the Holy Quaran during the period of Ramadan. May the Almighty Allah reward us for our ibadah throughout the Holy month of Ramadan.,
2999fdef-be6b-4846-aa9d-ed78eb6f74ec,Muslim Pro: Quran Athan Prayer,5,2014-06-30 08:01:38,Wallahi this is Avery good application.download it ma brothers and sisters,
6081583b-c111-4621-a609-a2c9690c96f4,Muslim Pro: Quran Athan Prayer,1,2014-06-28 22:49:06,Actualy i like this application..because it is are great... but now.. u just need money .. allow cross add and pic women with no hijab.. sorry.. i will tell all my frends to unistall this app.. it no good anymore..,
f1bbecea-d6ab-4620-93ca-b73fbbceae04,Muslim Pro: Quran Athan Prayer,2,2014-06-19 20:40:56,"The app is great, but every time I open it extremely inappropriate ads with with pictures of women in scarce clothing (na-uzu-billah) pops up. There should be some filter so that the free users are protected from such sinful sights whilst trying to know the prayer time.",
91639f24-60f6-4613-bf06-ba741ede1bba,Muslim Pro: Quran Athan Prayer,5,2014-06-14 18:45:43,Very good and clear to understand. English translation also helps a lot for brother's and sister's learning to read the quran a excellent app,
86c36c29-9ca1-4d10-8dce-5c3abb76ec4a,Muslim Pro: Quran Athan Prayer,5,2014-05-18 14:44:08,Thank you for creating thi beautiful app. Its made me pray more and read the quran more. Only Allah will reward you for this. If i can suggest then have the prayer times act as tasks on the mobile calendar so i can track the prayers that i may have missed out. This will also help brothers & sisters push each other to pray more. Jazakallah,
6acb5b55-5c4c-415f-85c7-9e2961ca0071,Muslim Pro: Quran Athan Prayer,5,2014-05-18 03:20:01,"Hi brothers and sisters, I would recommend all of you to download this app after making sure that your mobile is clean. It is not just an app, it is islam that is see inside this app. All that we should know and all that we should follow is right here.. thanks a million to the developers of this app...may This app unite all our brothers and sisters together as one for the love of allah and for the peace of this world. Thank you My name is Ahamed. I am a Muslim not a terrorist",
6c8ce384-8171-4207-8544-36f8e99fc438,Muslim Pro: Quran Athan Prayer,5,2014-05-14 12:21:35,I would recommend this application to all my Muslim brothers and sisters. I would also like to say thank you to the people involved in making this application possible.,
5c1923ff-84e4-4b9d-a9b0-2c21a9be9a8e,Muslim Pro: Quran Athan Prayer,5,2014-04-13 22:53:36,Very Good App it will nice for all muslim brothers and sisters to have it.,
c9cc8a05-fe3a-47ec-b520-d6ce26e219ef,Muslim Pro: Quran Athan Prayer,5,2014-04-12 18:51:25,It's really awesome and fantastic and amazing but extraordinary and outstanding solid lovable fabulous marvelous mind blowing! WOW! It's really very good apps for us!!! I must recommend to all my muslim men and women!!! Please installed!!! Facebook id Shakil sheroo,
1e94ca78-5a4f-4b93-b7d9-e3509233dbba,Muslim Pro: Quran Athan Prayer,5,2014-04-12 02:50:49,The best Islamic app period!,
c14e0d3d-c790-411e-9400-42a34d76906c,Muslim Pro: Quran Athan Prayer,4,2014-03-19 08:04:34,GREAT APLICATION....Very help full thanks you brother n sister may ALLAH bless you all.. jazakhallahu kairan *___*,
bde3e2f5-050d-4671-9088-e4bbbeb218ce,Muslim Pro: Quran Athan Prayer,5,2014-03-18 14:53:53,It is good part azan Allah 99 names pro version 2014 good nice Muslim women and children (man)it is also good to read in 20th.,
49c714b5-e839-44e1-a131-a8e6be692579,Muslim Pro: Quran Athan Prayer,5,2014-02-28 19:36:47,To all Muslim brothers nd sisters,
b536046c-930a-4414-b9b3-04b20e54e971,Muslim Pro: Quran Athan Prayer,5,2014-01-20 18:01:31,"Excellent App, and great reminder for pray times. I would recommend it for all my brothers and sisters to have",
72586674-648f-4c54-b4fc-f2347ed8c2ca,Muslim Pro: Quran Athan Prayer,5,2014-01-14 17:39:41,"Amazing app for all my brothers and sister out there, allahu akbar",
74aa844d-62cd-48ea-86fd-9cd8a99fc709,Muslim Pro: Quran Athan Prayer,5,2013-12-19 09:21:03,Very great app for beginners and one who does not know how to read arabic wakes me up for my morning prayer even if my phone is on Silent mashallah definitely a must have jazakum allah kar to all brothers and sisters,
e960ca3c-edfd-4a24-8a5a-e848f53130f6,Muslim Pro: Quran Athan Prayer,1,2013-11-17 17:53:28,This app at first was great until I upgraded then it just stopped everything and contacted right after..did not get fixed..i won't recommend this app to any of the brothers or sisters ..so disappointed .,
872fbe46-6529-41d6-b866-337cb3f4777e,Muslim Pro: Quran Athan Prayer,1,2013-10-18 04:09:09,"They curse 'Omar ibn Khatab(ra) 'Abu bakr As-Siddiq(ra) They said that Jibreel (as) makes mistake to have descended upon Muhammad the Quran, it should 've be Ali (ra), and also they pray in a different way, different whudo.... they said Aisha (ra) the beloved one to Allah's messenger committed adultery. How can they be our brother and sister ?",
0c5c47ff-053c-41bd-8e27-9db00ce56015,Muslim Pro: Quran Athan Prayer,5,2013-10-15 03:17:40,This app is great. It surpassed all my expectations. I recommend this app to all the Muslim brothers and sisters out there. Thank you to all the developers and publishers.,
c552fe5c-3a24-4fda-9a97-0c49c5ab2750,Muslim Pro: Quran Athan Prayer,5,2013-09-17 02:42:32,Blessings to all my brothers and sisters Allah watches over us all r.i.p. To my angel Halima k. Ben my daughter i love you,
d9c03700-3364-489a-b707-aea618f99486,Muslim Pro: Quran Athan Prayer,5,2013-08-18 11:13:50,Plz download it if you are a fellow muslim sister or brother and living in a non Muslim country. Buy it to get full audio recitation etc:-),
47d7a7bb-8549-487c-8848-4acbe810bc3f,Muslim Pro: Quran Athan Prayer,4,2013-08-13 06:10:50,Very useful and would recommend to all my brothers and sisters in islam.,
aa9295d7-1c29-4e7e-a32c-9731192d428f,Muslim Pro: Quran Athan Prayer,5,2013-07-09 12:07:49,It will useful to my Muslim brothers & sisters,
d86d19b6-8a73-4785-8f39-6f4647c9cc3b,Muslim Pro: Quran Athan Prayer,5,2013-07-04 02:47:08,Sister had it so I got it,
8c5866a0-d1e9-4b13-858b-55fed8599ef8,Muslim Pro: Quran Athan Prayer,5,2013-06-25 00:53:51,assalam muslim brother & sisters...pls dowenload this wonderfull app....its helps loat.....zazakallah,
cb91b6af-013c-48cb-b793-4602e7564e8c,Muslim Pro: Quran Athan Prayer,5,2013-06-12 15:02:28,"Assalamualaikum. Dear Sir, Can you please consider changing the adzan notification icon to exclude the words 'Allahu Akbar'. The reason I'm suggesting this is that there are times when one might be using the phone in an inappropriate place (for example in the restroom) when the adzan notification comes and it displays the icon with 'Allahu Akbar' on it. Thank you for your kind attention on this matter. Thank you.",
4aacac05-4113-42c7-a548-bb6e2a304f3b,Muslim Pro: Quran Athan Prayer,5,2013-06-03 07:12:57,"One of the best Apps ever highly recommended to any Muslim brothers or sisters, May Allah bless us all",
93d51a7b-eae0-4cdd-966a-39c27b7e35ad,Muslim Pro: Quran Athan Prayer,5,2013-05-17 18:16:09,"Alhamdulillah.Apps is very useful and user-friendly.Doesn't matter if we have to pay for this app. If we can buy expensive apps and games, why couldn't we spent just a few penny in the way of God. Think about it my dear brothers and sisters.",
4b94c2e8-b93b-442e-92ad-14af9bad7417,Muslim Pro: Quran Athan Prayer,3,2013-05-03 10:21:08,The app seem really cool and all but it doesn't work on my phone and I don't know why... It works on my sister's htc but it doesn't work on the galaxy note 2 for some weird reason,
060a3418-f367-4d73-affd-cb30bc8d9d25,Muslim Pro: Quran Athan Prayer,5,2012-11-17 22:54:50,Very gud thank you islamic brothers or sisters hu mayd this app,
dc3d12b3-cc06-412b-bb6a-a091907f049a,Muslim Pro: Quran Athan Prayer,1,2012-09-23 05:28:55,"The new version requires you to pay for full access to the Quran. They are making money from our fellow Muslim brothers & sisters, yes we do not doubt that, but why must we pay to have full access to the Quran? Personally I think this is not acceptable. Think about what you have done, dear developers. It seems like the Jewish way of thinking & doing things, what you have done. You are held accountable by your actions by no one but Allah Almighty. We can only pray that you will come back to your senses & do the right thing.",
11fb32ee-662d-4f74-aafe-eca8764cf505,Muslim Pro: Quran Athan Prayer,4,2012-09-17 23:21:04,"Salaman my dear brothers & sisters thank you very much for this wonderful Apps, besides I would like to advice you to add up a field that customers can brows their own Azan into the Program for their self to use. Thank you.",
03fe9438-374f-4400-b732-e0920c45aee5,Muslim Pro: Quran Athan Prayer,5,2012-04-13 05:28:14,"Alhamdulillah this is v v good application, prayers time accuracy perfect. I live in Australia, originally from Bangladesh. Most of Bangladesh brothers & sisters can read only the font style in this apps. Need to go setting & choose custom 3 from font option & tick on solamano harakath ad well. Plz. Zajakumullah",
a4f202f6-261d-46fa-a513-4fe3504286c2,Muslim Pro: Quran Athan Prayer,5,2012-02-26 18:37:53,Thank you so much for this great app! I cannot write down how much I am grateful! Alhamdulilah to have brothers/sisters who like to participate in sharing islam in new innovative ways! Jazak Allahu khairan!,
642b6299-7e25-4e8f-a8b6-b47d9c047236,"Muslims Day-Prayer, Quran, Dua",5,2026-08-11 05:47:46,it's change my life. full packages of Muslim men and women daily needs,
1d89e4d3-987d-44d8-a711-e72e789ce5cc,"Muslims Day-Prayer, Quran, Dua",5,2026-08-06 14:16:05,Allahumma barik ya deeni all brother and sister in this Muslims Day's app.. and I'm so jealous that you people get so many rewards from Almighty Allah,
ee1e65ec-6d3c-49bb-a82b-a8bd0fb97fb7,"Muslims Day-Prayer, Quran, Dua",5,2026-07-29 21:18:20,this app is very helpful for Muslim I think every Muslim brother and sisters install this app and participateing financial help,
822288f0-723c-462e-88a2-c2893e3cb54d,"Muslims Day-Prayer, Quran, Dua",5,2026-07-16 03:34:59,Best Islamic app on the internet! Period!,
5f027982-d316-45c6-bb0c-e92d20b0fbab,"Muslims Day-Prayer, Quran, Dua",5,2026-03-20 18:03:35,My everyday in Ramadan and Beyong Ramadan has got a lot of benefits from Muslims Day. Zazakallah Khair Brothers and Sisters behind this. May Allah accept Everyone of you.,
21e4d9cd-2d75-4c66-91c0-879b2102bf99,"Muslims Day-Prayer, Quran, Dua",5,2026-03-01 18:50:20,"Assalamu Alaikum, This is very good app, we are very happy to receive it. This app for all Muslims brothers and sisters. This was my review, my review is no more, Allah Hafez.",
9585171a-4b47-414f-8eba-588662b0246b,"Muslims Day-Prayer, Quran, Dua",5,2026-02-23 16:32:43,Muslim day is another level apps..very goog you use this app Brother and sister,
0bdf036c-739e-4f3a-bbfd-00ad725189c6,"Muslims Day-Prayer, Quran, Dua",5,2026-02-20 17:45:12,"This app is very useful for Muslim brothers and sisters and the features of this app like Tasbi, Quran Sharif, various prayers and zakat calculation are very good and necessary which are very important in our daily life.",
f9047daa-27c1-40f2-99e7-e6624303c8e3,"Muslims Day-Prayer, Quran, Dua",5,2026-02-20 15:19:12,"Assalamualaikum owa Rahmatullah. This is so useful and helpful. I wish further up will bring Hadith(Bukhari and all),tafsirul quran. It will bring more complexion i hope. Zazakallaho khairun brother and sister. Take love.",
cfcc2aad-50a3-46e4-abba-78f6df833c73,"Muslims Day-Prayer, Quran, Dua",5,2026-02-14 10:23:15,best for every Muslim men and women,
8b9e43e5-c604-4ff0-9e3f-85e8fa26d30d,"Muslims Day-Prayer, Quran, Dua",5,2025-12-10 17:21:35,Masa Allah Muslim Day is a useful software that will benefit Muslim brothers and sisters a lot,
08d1f56a-808d-42e5-8099-3e49bf2299fd,"Muslims Day-Prayer, Quran, Dua",1,2025-10-30 22:03:10,"বর্তমানে আপডেট গুলো একদম পছন্দ হচ্ছে না একদম বিচ্ছিরি হয়ে যাচ্ছে ধীরে ধীরে, আগে অ্যাপস এর ভিতরে যাওয়ার সাথে সাথে প্রত্যেক মাসের আমল প্রতি সপ্তাহের আমলগুলো নোটিফিকেশন আকারে দেখা যেত সামনের শো করত এক ক্লিকে সবকিছু পরা যেতো কিন্তু এখন আর আগের মত দেখা যায় না বিচ্ছিরি একটা আপডেট করেছে আমার লেখাটা যদি কারো নজরে আসে আপডেটের ব্যাপারে যদি তাদের হাত থাকে অনুরোধ থাকবে আগের আপডেট টা আবার নিয়ে আসা যেন অ্যাপস এর ভিতরে প্রবেশ করার সাথে সাথে মাসিক আমল গুলো দেখা যায় এবং প্রত্যেক সপ্তাহের আমলগুলো সামনে শো,",
c888985c-fbb0-40d2-8ec3-cd48042cccc1,"Muslims Day-Prayer, Quran, Dua",5,2025-07-17 14:28:01,This is a very good app through which you will get all the information about prayers and fasting. All religious brothers and sisters can use this. It is a very good app.,
253628fa-42d7-4115-bf88-ad1fc82e95ac,"Muslims Day-Prayer, Quran, Dua",5,2025-07-15 18:30:54,"“Alhamdulillah! The Muslim Day app is truly a blessing. Accurate prayer times, daily Islamic reminders, and a clean interface make it perfect for staying connected to Deen throughout the day. I highly recommend it to all my dear Muslim brothers and sisters. Let’s use technology to strengthen our Imaan and stay guided, In Sha Allah. May Allah accept all our efforts and keep us steadfast. Ameen. ~A.M Ahmed",
2789ee33-c255-48f3-877e-03328ca19fb8,"Muslims Day-Prayer, Quran, Dua",5,2025-03-27 04:16:25,Mashallah this app is a particularly helpful part of my life. As a Muslim I wanna recommend it for our Muslim Brother and Sister.,
c6297bc4-e98a-4992-ab49-ce0ef294136d,"Muslims Day-Prayer, Quran, Dua",5,2025-03-25 18:08:08,Amazing experience! This app is full with a ton of useful features! keep it up guy's! Zajakallah Khairan! Recommend for all muslim brothers & sisters.,
f41c35f9-a2e2-47e2-86c0-6a408cb45b25,"Muslims Day-Prayer, Quran, Dua",5,2024-05-11 23:22:45,Best app for Muslim brother and sister.,
2dd8507e-c36e-4a12-9eeb-bc2e71953fe4,"Muslims Day-Prayer, Quran, Dua",4,2024-04-28 10:21:14,It is very necessary app. But the arabic calendar date is not saving. After a period of time the arabic dates are removed. Without it every thing very good.,
fff89a67-4801-4e32-a8e3-9cd3ebd0dc7b,"Muslims Day-Prayer, Quran, Dua",5,2024-03-26 10:19:20,A very good app for our muslim brothers and sisters,
3459929a-6fcd-4568-80b5-ff8ad74efdab,"Muslims Day-Prayer, Quran, Dua",5,2024-03-12 17:48:44,"Best ,best ,best app for our Muslim brother and sister",
ad8a57ca-ea31-4e99-b66e-b4fba7d65018,"Muslims Day-Prayer, Quran, Dua",5,2024-03-11 02:38:11,This app is very important for every Muslim brother and sister,
4ccd93a9-bbd8-4a59-a8f2-0a3fa97d755b,"Muslims Day-Prayer, Quran, Dua",5,2023-12-10 16:55:41,"No ads,no hasitation ,no lag,exact time and period,have du'a sura,,in a phrase; muslims day",
7cfa3914-b912-4ff5-9f65-149853b2f385,"Muslims Day-Prayer, Quran, Dua",5,2023-11-22 03:52:39,Very very helpful app for muslim brothers and sisters.Every muslim should use this app to pray salah in time.Thank you so much to the creator of this amazing app.Jajakalla khairan brother,
fde62396-a902-4a34-a8be-59a758be360d,"Muslims Day-Prayer, Quran, Dua",5,2023-11-06 17:19:36,One of the best app for our muslim brothers and sisters.,
df684ed9-8997-4ff6-8522-8914a1d3b3e0,"Muslims Day-Prayer, Quran, Dua",5,2023-10-02 21:59:54,"I am using this app last 2y, very useful app for all Muslim brothers and sisters",
afd85ecd-1316-431e-a47a-e8cfe00a8501,"Muslims Day-Prayer, Quran, Dua",5,2023-06-04 22:02:09,"This is so essential for every muslim to pray timely,to know the exact period of iftar and so on.",
23f0ed91-c0d3-4205-a67a-72cad8f1829d,"Muslims Day-Prayer, Quran, Dua",5,2023-05-22 23:20:11,This app is so helpful for daily life. I recommend it for all the Muslim brothers and sisters.,
132e8464-1ead-48f9-acdf-b74589e4048a,"Muslims Day-Prayer, Quran, Dua",5,2023-05-22 15:09:21,A wonderful app for all Muslim brothers and sisters. It's help us to know the correct timing about Salah. And not only this in Ramadan it's help us with his many other features according to me if u use this app then u can improve your daily routine more carefully.,
356b5900-c0dd-4ef6-9021-2f08ae56b6c6,"Muslims Day-Prayer, Quran, Dua",5,2023-04-06 21:26:01,"Very helpful app, highly recommend for all my muslim brothers and sisters",
c734b043-2e4f-4977-a050-d63b4b2b2898,"Muslims Day-Prayer, Quran, Dua",5,2022-12-27 19:20:54,This is a very good app for a muslim man or women,
d9d0f209-19ad-4fc0-b7a5-ab0522e1caa7,"Muslims Day-Prayer, Quran, Dua",5,2022-12-11 20:11:08,"Amazing app, very useful and informative for muslim brothers and sisters. Thanks and good luck to the developer team. ZazakAllah Khairan.",
19f37dda-2358-4acd-b8d0-5b703c52871e,"Muslims Day-Prayer, Quran, Dua",5,2022-11-29 15:36:27,"In bussy days, this apps very most helpful for mainting our regular period such as prayer,roza etc.For this probably its highest rating for this app",
e6a2afbc-bfca-4500-82af-2ece812cd475,"Muslims Day-Prayer, Quran, Dua",5,2022-09-02 05:45:10,Very Very Very Useful Apps For Every Muslim Brothers And Sisters,
fd313f04-9bc2-4072-a0ca-d627decdec92,"Muslims Day-Prayer, Quran, Dua",5,2022-06-09 12:17:28,"Alhamdulillah, a very useful app has been created, every one of our Muslim brothers should use this kind of app, this app has been created in collaboration with the brothers and sisters in their thoughts and advice, may Allah bless them all.",
fe161d63-b56d-44bc-98c0-ec8ddde07549,"Muslims Day-Prayer, Quran, Dua",5,2022-05-18 17:03:48,its very helpfull apps for the all the muslims brothers & sisters,
51f53f66-e3cb-4c3b-a979-05e96b1bea2c,"Muslims Day-Prayer, Quran, Dua",5,2022-04-05 22:25:31,"An essential app for many beautiful and valuable Muslim brothers and sisters. May Allah Subhanahu wa Ta'ala reward those who have worked hard for this app in different ways, Amen .",
7c20b83d-661d-4c15-8e46-53528b17c466,"Muslims Day-Prayer, Quran, Dua",5,2022-02-02 20:50:20,A very good initiatives by our dear brothers. May Allah accept them. Very very helpful app for Muslims Brothers and sisters,
5b86ba5a-3055-4b5a-9ac6-ac879cd6fdfd,"Muslims Day-Prayer, Quran, Dua",5,2022-01-06 22:44:27,"MashAllah, you guys are doing a great job!!! The app is soooooo good! I was scrolling (fb) randomly & saw a post (ss)of a sister,, she was confused about the time whether it was right or wrong.. I just saw the name of the app & downloaded it because I needed to know the ending time of every salah! & when I opened the app oh Allah! All in one!! It'll help me verrryyyyyry muchh!!!! Veeerrryy usefull JajakAllah khayer brothers. May Allah bless you",
e5f4d3ae-d01e-4aea-a4a9-33026b6f5afb,"Muslims Day-Prayer, Quran, Dua",5,2021-12-23 17:43:02,A must have app for my muslim brothers and sisters! Jazakallah Khairan to the creator of this app!,
8643faad-12a3-4ebb-8220-0dceb359b0d9,"Muslims Day-Prayer, Quran, Dua",5,2021-11-24 15:43:28,Such a helpful app for Muslim Brothers and Sisters.,
2ccbb56d-401d-40f4-bb3d-6d7ded97c3d5,"Muslims Day-Prayer, Quran, Dua",5,2021-08-09 01:05:56,Alhumdullilah! It can be the best app for practicing Muslim and also for others.It has very detail and smooth directions.I'm just loving this app.Recommend for our brothers and sisters.And Jazakumu'Allahu khairan to the app developers team..!,
8f62097b-9a4b-4a30-ae9e-f4a93cc14192,"Muslims Day-Prayer, Quran, Dua",5,2021-05-29 15:21:17,"Alhamdulillah, this app is amazing with all its features and its totally ad free which must be appreciated. Great work, brothers/sisters. I recommend the users of this app to contribute financially so that they can move forward. May Allah accept this!",
6795d8a3-06c9-419a-aa09-188a35d620e4,"Muslims Day-Prayer, Quran, Dua",5,2021-04-14 18:51:17,"I think one of the best apps for every Muslim sister and brother.There is no problem with advertising.So everyone install this app.If you want to know something good, it is very important.",
452ad27a-3916-462d-a359-8623a3f13112,"Muslims Day-Prayer, Quran, Dua",5,2021-04-14 03:17:06,"Alhamdulillah,,, Ai app ta onek upokari Muslim Ummah er jonno,,Ami gunahgarer Opinion holo shob muslim...brother and sister der mobile a jeno must ai app ta thake... Jara ai appta toiri korechen taderke allah duniya and akhirate utthom protidan dan koruk... Allahor jonno,,, Tader proti ontorer ontorsthol Valobasha roilo... AMIN",
0b0d9067-6b03-4729-a028-54288dd0b87a,"Muslims Day-Prayer, Quran, Dua",5,2021-04-04 21:28:41,this is a wonder full apps....i love this app...all muslim brother and sister should download this app...thank you so much...for give us this type app...,
978fefe4-04f3-445b-81ca-0c6016802ea6,"Muslims Day-Prayer, Quran, Dua",5,2021-01-23 09:52:30,"Superb app, Masha Allah. One proposal - can you add location of Masjid or facilities, a list, those have the facility for women for Salah prayers. This will help our sisters to make prayers in due time when they are outside for different reasons. It is just an idea. Jajakallahu Khairan.",
62dd8afc-7deb-45b9-9d74-06edd8781720,"Muslims Day-Prayer, Quran, Dua",4,2020-11-19 18:07:36,অ্যাপ হিসেবে খুব ভালো একটা অ্যাপ। বাংলা ভাষায় এটাই আমার দেখা প্রথম অ্যাপ যার মাধ্যমে সালাত-সাওমের সুন্দর একটা সমন্বয় ঘটেছে। তবে রেফারেন্সগুলো সবই একপাক্ষিক। ৯৫% রেফারেন্স শুধু আব্দুল্লাহ জাহাঙ্গীর আর মাসিক আল কাউসারের দেওয়া যাতে অনেক তথ্য উদ্দেশ্যপ্রণোদিতভাবে একটা বিশেষ মতাদর্শের দলকে হেয় করা হয়েছে। তাছাড়া যেকোনো রেফারেন্স এর কাহিনীকে ঠুনকো রেফারেন্স দিয়ে বিদ'আত-বানোয়াট আখ্যা দেওয়ায় খুব দু:খ পেলাম। তবে সার্বিকভাবে অ্যাপটি খুবই হেল্পফুল এবং গ্রাফিক্সও মনকাড়া,
afcac124-fab7-475c-8947-c1293a95d3a9,"Muslims Day-Prayer, Quran, Dua",5,2020-11-03 10:39:19,"Every muslim should download the app for watching the time period of salah, doa, jikr, etc.",
437c7ec1-5e39-4579-bf0c-08bcf8a52270,"Muslims Day-Prayer, Quran, Dua",5,2020-10-03 01:28:25,perfect app for Muslim brother and sister,
cda3b471-324a-40d2-bddc-16140472d941,"Muslims Day-Prayer, Quran, Dua",5,2020-09-21 19:22:35,Best app for all muslims male and female.,
91c125dc-4386-4156-bc93-3eaa9cda0518,"Muslims Day-Prayer, Quran, Dua",5,2020-09-21 10:54:45,That's very useful app. It helps me a lot in my everyday life. Espacialy at the period of salat n roza. Every muslim should download it,
9930c7dc-ccdd-4e02-a546-c80885275c44,"Muslims Day-Prayer, Quran, Dua",5,2020-09-04 14:05:49,One of the very best app for Muslim brothers & sisters. I would like to express my heartfelt gratitude towards the developers,
ca3125fe-3583-4ea4-b0d6-dd3ea3c0dcc7,"Muslims Day-Prayer, Quran, Dua",5,2020-07-23 04:18:52,Very important for muslim brothers and sisters. বাংলাদেশের মুসলমান ভাইদের জন্য একটা ভাল app.,
f9cf1e62-662d-47a1-865c-8658ae0e0ba6,"Muslims Day-Prayer, Quran, Dua",5,2020-04-16 13:58:20,Very Helpful app for timetable of Salat and it also provides with the information of how much time left and the restricted time period of praying Salat.Jazak Allahu Khairan to the whole team Wonderful job,
0973d8aa-dc61-4b3a-972b-8639a677cef9,"Muslims Day-Prayer, Quran, Dua",5,2019-05-18 18:22:02,"very good project brothers/sisters accurate time and alarm. I even donated a little, as I am a student",
d885d594-48b8-4011-b794-b311200e8885,Niya: Muslim prayer tracker,1,2026-02-04 18:24:00,wont let me gat out of period mode. i even tried uninstalling and reinstalling multiple times.,
3c28a7bd-5cc5-42f8-a11b-60ad87ad5a4f,Niya: Muslim prayer tracker,5,2025-11-30 11:04:28,I really loved the new update in this app I have been using it for a few years. this new update about the woman cycle is really good and really helpful.. I loved how it can set to period mode so for the week its in pink its so lovely and helpful,
69033063-7d25-40c9-bf80-6c1de1f4e75b,Niya: Muslim prayer tracker,4,2025-04-03 22:14:59,it's good app and best for girls those who suffer period days,
5611e551-ef5b-40a8-b627-02d2a3b8c120,Pillars: Prayer Times & Qibla,5,2026-07-24 19:37:07,"Absolutely love this app. I use it frequently. It's got everything you need from the timing of prayer, direction of Qibla, menstruation and even fasting. Love love love. Great job guys!",
d2baf8e2-a9d6-4858-bd60-65313677b894,Pillars: Prayer Times & Qibla,5,2026-04-17 14:43:01,"This app is amazing for women it gives us a menstruation button to stop giving us prayer notifications during menstruation and you can choose between wanting your notification to have adhan or not but, how do i get the fast tracker to work because mine can't for some reason but otherwise i really recommend this app",
02dff794-91b0-4675-b640-b4ba1f0f0254,Pillars: Prayer Times & Qibla,5,2026-01-08 03:57:10,"I love that the tracker includes option to pause for women. The minimalist design is beautiful. Even fast tracker it would be great if adhan notifications get paused too, so you don't have to silent each prayer individually and then set notifications again for each prayer",
4bae71c8-6443-4e92-abc5-a0171ddc305f,Pillars: Prayer Times & Qibla,5,2025-12-22 03:10:02,My experience with Pillars: Prayer Times app is so beautiful the app helped me get closer to Allah. While also helping Allah guide me to a better future. Assalum O lakam My sister's and brothers.,
d992639a-2d80-466c-a799-c2ac84b94d7c,Pillars: Prayer Times & Qibla,4,2025-04-02 07:34:53,"really love the app, but I’ve noticed an issue with the tracker and the period button. When I activated period mode and didn’t check the daily prayer, the tracker still marked the prayer as completed automatically, even though I hadn’t selected it. Could you please look into fixing this? Thanks!",
3982faac-bfcf-4437-a1c2-a1c61b76cfb6,Pillars: Prayer Times & Qibla,5,2025-03-20 11:09:25,"Love this app, mashallah really good, best I have used. updates for Ramdan keeping track of fasts and menstrual cycle for us women.xxx",
aca370ca-47b7-414e-b822-3946607d3a23,Pillars: Prayer Times & Qibla,5,2025-03-05 23:07:12,"Simple. Love how the interface looks. easy to track prayers, period, missed fasts etc. No ads. Alhamdulillah great app!",
9767486a-17a3-4d67-9e3b-1c4473e86eb7,Pillars: Prayer Times & Qibla,5,2024-05-07 01:32:05,"I absolutely love this app! The aesthetic is clean, modern and distraction-free. The menstruation feature is so smart, it allows you to seamlessly track salah while its your time of the month. Honestly this should be a common sense feature by now for other apps as well",
4c8856b2-4725-4214-9b2c-98fca19f03dd,Pillars: Prayer Times & Qibla,5,2024-04-18 10:08:18,Alhamdulillah I found this app through my sister and MashAllah the Athan is very nice as well jazzakillah,
8d604a4d-e3e0-4517-bc15-8a3f4ea45a3a,Pillars: Prayer Times & Qibla,5,2023-11-30 16:25:58,Compass becomes frozen for long periods every now and then but otherwise its perfect.,
4a65bc3e-0ccf-4c3b-8cfc-a533a4649ea1,Pillars: Prayer Times & Qibla,5,2023-04-28 23:37:40,No fuss and simple app. It has some neat features like tracking your fasts and prayers. It has a special button to stop notifications when someone is on their period. Great app!,
06443619-7866-48f2-9500-d8a16a9a3e56,Pillars: Prayer Times & Qibla,5,2023-03-18 20:40:45,"One of the best islamic apps. Designed for everyone, easy and simple design, has a period pause in tracking salaahs, not a single ad. I'm so happy to have found it for this upcoming ramaadaan. Thank you so much developers. Shukran for all the help.",
c3094d0d-e0ca-4e67-8ca5-25424a3a98a0,Pillars: Prayer Times & Qibla,5,2023-01-25 04:50:14,"i love this app. here's a few suggestions: 1. use other colour as the colour of dots for missed prayer because of menstruation, that way it'll be easier for us sisters to track and maybe qada' the necessary ones. 2. provide other ways for us to manually choose our location because swiping down on qiblah page didn't work most of the times, well at least for me. thank you, may Allah reward you for your efforts.",
bb9ab255-aafc-4395-8b6e-49e16625280c,Pillars: Prayer Times & Qibla,5,2023-01-14 03:15:03,"Ive been following on tiktok for ages and for som reason I haven't had the app! Finally Dowlanded! beautiful design, simple, easy to navigate, accessible for someone like myself who has dyslexia, I'm absolutely blown away by how easy and simple and uncomplicated this is. I love that it is ad free, I love that you can choose the Azan as a notification sound and what I love most is the option to pause prayer for when us sisters are on our menstrual cycle. 5* isn't enough",
863ac94f-b283-4f37-ac1a-2935e1604b99,Pillars: Prayer Times & Qibla,5,2023-01-03 18:31:02,"Love this app, especially the prayer tracker and period feature, this is the first app that I have found has this. I have recommended to others.",
a318531c-bd44-4cb6-9a84-e39c37b12e17,Pillars: Prayer Times & Qibla,5,2022-12-13 16:03:51,"Easy to use, ad-free, looks good and a menstruation pause button - one of the best salah apps I've used and you can tell the app developers have really thought about everything while creating this app! :)",
8eba6fab-29e4-4a7a-b0f8-8c686ffe8351,Pillars: Prayer Times & Qibla,5,2022-11-06 22:16:23,"May allah grant you jannatul firdous ameen . This app has menstruation pause button for salah tracking , plus if i am relieved in the midst of prayers times , i can pause some and tick some prayers acc. To my cycle . Wowwww . Greeeaaaattt app..*cries in happy*",
741b98c5-9ea8-4650-ab30-82cb53abe97b,Pillars: Prayer Times & Qibla,5,2022-07-26 10:45:11,"Two words: menstruation button. I've used multiple prayer apps and have always been dumbfounded that there's not button to temporarily disable notifications when I'm on my period. Well, these developers clearly think about everyone because there's a menstruation option! Finally an app made for all muslims, not just men!",
e0d2da3e-d608-4a8b-8fdf-1eeb06b2820b,Pillars: Prayer Times & Qibla,3,2022-07-17 19:42:40,"I don't know what is the reason but in android 12 and 13 the widget has issues, the information freezes after a short period of adding the widget, the current prayer doesn't update and it basically doesn't update any of its information, fixing this requires the app to be opened once which makes the widget update again. After that it will again freeze and so on...",
459567f6-e79a-4ad2-a7ce-2e3e46abcd97,Pillars: Prayer Times & Qibla,5,2022-05-17 21:55:40,"As salamu alaykum, the Pillars app is amazing to be honest. It comes with a checklist of the five daily prayers so you can keep track of what you have prayed and even has a menstruation option for the sisters. The app also has time customisation to fit what times you follow (specific country calculations to calculation in your area). Overall, it's really simple for the young and old generation amongst us without being lost on the app. I'm excited to see the future of this app",
b240d596-519b-4b29-b25b-4aed0f8b7c06,Pillars: Prayer Times & Qibla,5,2022-04-03 10:08:35,"This is everything I was looking for in a prayer tracker. Simple, and not overwhelmed with features like other Islamic prayer apps. Pillars definitely strives to be the basics, and that's the best thing about it. Also thank you so much for having menstrual periods in this app. It's surprising how the most popular apps miss this key feature.",
300d80b2-25c1-4514-8fda-9d829e488048,Pillars: Prayer Times & Qibla,5,2022-03-20 13:34:35,"A brilliant app which makes your goals to pray 5 times more enjoyable. I love the day to night background and the prayer times are accurate. The tracker is so satisfying and I especially like the menstrual hold which shows a respect, understanding and inclusion of women. This I've found can lack elsewhere.",
88514c26-68f9-4505-8c7a-045b20cdc7e7,Pillars: Prayer Times & Qibla,5,2022-02-22 02:14:42,"Beautiful design, modern sleek, no ads. The best part is the menstruation feature thanks for acknowledging half the world's Muslim population and breaking taboo around this subject",
ff0b95ea-3c98-4a71-ae18-9979e0133a6e,Pray Watch,5,2025-08-29 10:13:46,"absolutely, easy to use, no ads, very good for muslim brothers and sisters.",
61c359a9-18a6-47a9-abc5-98dd60d8ac5b,"Prayer Time, Azan Alarm, Qibla",5,2026-02-28 15:08:52,alhamdulillah good app for everymuslim brothers £ sisters,
23427e09-a716-43cd-baff-26de9530b3a5,"Prayer Time, Azan Alarm, Qibla",5,2025-02-13 16:50:19,Very nice apps.. i really recommend to our muslim brothers and sisters,
6464cb86-b4f6-464a-8210-2d5c41ab2e45,"Prayer Time, Azan Alarm, Qibla",1,2025-02-04 03:07:54,They put adds of Naked women instantly deleted SubahanAllah,
696e18aa-1152-4f3d-bcad-74c89379e0d5,"Prayer Time, Azan Alarm, Qibla",5,2025-01-17 12:32:21,"Awesome, very clear and readable and it many features I like the app I recommend to my musilm brothers and sisters",
ba64fd51-9170-4622-86c5-b48ae4c36568,"Prayer Time, Azan Alarm, Qibla",1,2024-12-20 18:41:26,Full of inappropriate ads. There some ads where you can see half naked women.,
f7fe3f48-7b1e-4d44-bae9-635254941f1f,"Prayer Time, Azan Alarm, Qibla",1,2024-09-08 18:48:54,This app shows very inappropriate ads containing almost nude women.,
de904284-bb02-402d-8bc0-d9259a4c7009,"Prayer Time, Azan Alarm, Qibla",4,2024-04-30 21:48:13,It has selected my location perfectly(Division). It's a good app. But l'm giving 4 stars because it shows cartoon pictures of human(man & woman) which is strictly forbidden in Islam. Please make a change. Remove these pictures which r taking our peace.,
568d1d26-a221-4afe-a57d-325984445fec,"Prayer Time, Azan Alarm, Qibla",5,2024-04-19 11:02:56,Truly amazing and helpful application. Highly recommend for all Muslim Brothers and Sisters,
b501f3af-55f6-4cf4-b895-cd1c2e9ca288,"Prayer Time, Azan Alarm, Qibla",4,2023-11-24 15:27:07,I like this app... But the kind of advertisement that are popping again and again are not appropriate for a Muslim.. seeing women with short dresses in this type of app is not appropriate...,
b4aab521-2325-4758-baa8-c3a482f7b6b0,"Prayer Time, Azan Alarm, Qibla",5,2022-10-24 16:09:01,Quran zindgi ma aham kiradar ha or namaz jannat ma jana ka rasta Or har chez par eman rakhna chiha bashak Allah talla Dana wala ha I am vary hearted woman in the window and channels on YouTube or nat ma to nahi ha u is your well to be fair to nahi hai is lia bya good to me too I try kra ga tab karla ga to Atlanta flight is lia bya subha bta kra to kia karo syrup for kabhi nahi shupa raha hai really yryru try and channels and channels are on rakhna chiha is lia bya good night Ami arahe to nahi ha,
2e30171c-088a-45b6-9eeb-2768d047a4cf,Prayer Times - Qibla & Namaz,5,2026-03-06 19:22:43,it's amazing app for All Islamic Brothers and sisters,
5d76f728-d042-42a7-a744-6eb4ab94d10f,Prayer Times - Qibla & Namaz,5,2026-01-07 23:54:57,"السلام علیکم و رحمت الله وبركاته Masha Allah, an amazing app from our brothers in Dawat e Islami I have a small suggestion to help enhance the experience: You should add notifications for the Roohani Ilaaj section. Some brothers/sisters may not remember to read the Wazifah daily (Like Me). So there should be an option to add Notifications for each wazifah and customisation for what time to send the notification. Insha Allah you will see this and consider my suggestion. JazakAllah Khaira",
acccd942-966d-417b-9605-5d80e32327ef,Prayer Times - Qibla & Namaz,5,2025-11-16 06:57:59,Most helpful app ever. I request to add a record keeper for periods for women. This will help a lot to women.,
9908c4b9-f189-4b37-9e50-ef12a0052160,Prayer Times - Qibla & Namaz,5,2025-08-31 06:01:37,"A very helpful app for all the Muslim brothers n sisters n too easy to handle as well. i want to congratulate the developers of this app and hope they will keep on upgrading and updating the app. one suggestion is that while recitation of any surah, if we want the translation of any specific aayah, this is available but if we want the qirat of that aayah for correction in our recitation, its not possible there. For that we need to listen the recitation of the full Surah from starting",
ebe7f62e-81b5-4ab2-af66-2dd6f7bec0ed,Prayer Times - Qibla & Namaz,5,2025-08-30 18:10:19,auwsum ab tak 100+ female students and professional ko downlod krwae hy...,
7e45154d-dffd-4a5c-a8a7-d723db056c48,Prayer Times - Qibla & Namaz,5,2025-05-29 16:57:26,MashaAllah My Brothers & Sisters,
544aab59-c443-4c2c-a733-1b1cf5a81d03,Prayer Times - Qibla & Namaz,5,2025-03-05 19:49:00,very best app for Muslim men and women,
b754babd-f4c2-41e8-a73f-6372c1b77151,Prayer Times - Qibla & Namaz,5,2025-01-08 05:35:32,I am giving you the 5 stars because your app not showing the nudity as other apps are showing the ads. Please dont use ads to make money because ads are made by dirty women and they are not wearing the dresses to do ads I see so many nude ladies on the other apps but this. application is the best I have used. Thanks for making this app,
9eeee631-f2ba-4849-b6a7-4fc8bcddf6c5,Prayer Times - Qibla & Namaz,5,2025-01-02 07:38:36,".ماشاء الله This is a very good app. I'm facing no issues. But just a suggestion that for the Quran Planner please introduce an option of pausing the planner because as soon as the day changes, one more session is added and the planner gets deleted on the specific end date. But the pause feature will be useful for islamic sisters during the monthlies. So please add this feature",
778348dd-b27e-4465-96fb-941b043929c7,Prayer Times - Qibla & Namaz,5,2024-07-19 18:56:23,Very useful app for Islamic brother and sisters,
b61a642a-3ee0-4d1a-8d35-0a71463c6a6e,Prayer Times - Qibla & Namaz,5,2024-07-14 01:53:46,"It is an awesome application.But the only thing that I'm tired of is its compelling and excessive demand of updates for every far and now.We've to check the time of a Salah in a critical situation of short time, and at this occasion when it prompts a message for updates it really a most annoying.So it should not be,pls, compelling and annoying.There should be an option for checking for updates. After more than a 2-year period, I found my problem unsolved yet, and during the era,it remained same.",
05725528-89df-47a2-acfe-53a325ab198d,Prayer Times - Qibla & Namaz,5,2024-03-12 18:14:17,Great app for islamic bothers and sisters,
804a542c-d5d4-4e82-8251-b2544e3f8fd8,Prayer Times - Qibla & Namaz,5,2023-10-28 12:27:33,Very helpful app specially when we are in hurry and don't know how much time remains for Prayer and after how many minutes next prayer time will start it's guide perfectly to user... I strongly recomend all my Muslim Brothers and Sisters to download this app,
ae039680-0108-4b58-be70-75946186df45,Prayer Times - Qibla & Namaz,5,2023-08-25 07:27:38,"Prayer time is one of the best in world i prefer this app to all my Muslim brothers and sisters because you can read most of the islamic things here,very good app I give it 5 stars",
9ae0b98d-cf80-4877-a5f0-21fb904b3f93,Prayer Times - Qibla & Namaz,5,2023-08-18 19:57:28,"Best app for Muslim brothers and sister on play store there is no add thank you Dawat-e-Islami. This app is only not used by me it's also used by my all family members and it is very easy to use, but in donation section we are not able to donate why credit or debit card can you please add the option of any UPI payment",
f8b31e9f-dea6-4875-9f04-f1a31972c2cc,Prayer Times - Qibla & Namaz,5,2023-07-28 00:47:18,"Beautiful app. Shukran to Dawat-e-Islami for making such useful app. Using it since 4-5 years. Best Azaan app. Just one request 'the app's azaan is affected by the media volume of the device, if you guys can change it alarm volume it would be really helpful, since the media volume on many phones is muted a lot of the times or you guys can give us the option to choose between media volume and alarm volume.' and I'm just nitpicking. Its the best app. Period!",
f3b8561c-6b3a-47e7-a5a9-56e6825c6080,Prayer Times - Qibla & Namaz,5,2023-07-08 23:14:25,Masha Allah very nice and too good application for Muslims brothers and sisters may Allah bless you,
31b61abe-27a6-41a1-abd9-e68f356b967b,Prayer Times - Qibla & Namaz,5,2023-05-07 19:59:56,Nice app.help to find exact time of Salah.During Lockdown period it help those who are unable to go in masjid.Its very helpful app.,
2e0e39e9-d4e1-4c4e-a732-5fe271c9db1f,Prayer Times - Qibla & Namaz,5,2023-04-16 05:26:23,"Beautiful app. Shukran to Dawat-e-Islami for making such useful app. Using it since 4-5 years. Best Azaan app. Just one request 'the app's azaan is affected by the media volume of the device, if you guys can change it alarm volume it would be really helpful, since the media volume on many phones is muted a lot of the times or you guys can give us the option to choose between media volume and alarm volume.' and I'm just nitpicking. Its the best app. Period!",
b7ec1aba-309c-4b49-bc40-ebc8f119eea4,Prayer Times - Qibla & Namaz,5,2023-04-09 16:55:37,Fabulous in respect to namaj timing. We get exact duration for all period of namaj...,
4f463cb5-b428-4b08-ba19-8cc8de965280,Prayer Times - Qibla & Namaz,5,2023-03-10 20:19:37,Surely its a sadqe e jariaah to develop a great app for entire Muslims and specially for female who can easily perform namaz in time.,
4cb7e3ff-c404-4145-8ba7-791063cce7c0,Prayer Times - Qibla & Namaz,5,2023-03-09 03:54:01,Mashallah very good application from Dawat e Islami I'll recommend every Muslim brothers and sisters to install this in your aphonr For 5 times prayers and other facilities like Quran recieting following sunnah Even the facilities like Knowing sunnah and listening Radio of Dawateislami is very good facilities.,
2ef3c6e5-8ca1-4f5e-b6af-c2038ed7d25f,Prayer Times - Qibla & Namaz,5,2023-03-08 07:19:57,Just Amazing App For Muslim Brothers and Sisters Thanks Dawat e Islami And IT team...,
00240e9d-6d5e-4d44-8aa4-0e264814dc14,Prayer Times - Qibla & Namaz,5,2023-02-20 06:46:57,This is the great collaboration for the help of muslim brothers and sisters,
d0f8bad8-b3d3-4826-9b50-8893cac7b5a8,Prayer Times - Qibla & Namaz,5,2022-12-28 00:13:21,Pls tahajud ki Namz ki koi timing akhri pehr ki b add kry pls tahujud ka Tim kb khtam hota hy pls pls pls uska time period b add kry pls rehnumai k liye pls tahajud Time end ka notify b hona chiye plssss,
63ef2a73-6ef1-485d-9e0b-a22d573992e6,Prayer Times - Qibla & Namaz,5,2022-11-29 17:58:08,"Jazakallahu Khairan for making this Application (Ad-Free). Indeed, this app is Good. Highly Recommend to use this application Brothers & Sister in Islam",
68c76483-a93a-4bc4-beec-fa06b0612ced,Prayer Times - Qibla & Namaz,5,2022-11-29 17:23:50,I like so much for this app it is very helpful for praying namaz . And namaz time. I am very busy woman . So alternate day my namaz is so faster because I think namaz time is very short .. but this app is very very helpful for me praying namaz with patience.. I am very happy to this app ... Thank you so much .. mujhe bahut zyada sukoon mila time dekh kr itminan se namaz parh skti hoon . Aur dua aur surah hadees .. in sbke liye aasaani ... Alhamdulillah ...,
7b99a779-0149-4770-9bc0-334855c7d3b2,Prayer Times - Qibla & Namaz,5,2022-10-28 14:55:18,This is the very very helpful application on Play Store for muslims brother and sister for time table of namaz and many more islami knowledge find here in simple ways,
a2a3f8fc-1172-453d-9d4c-e58bb0061abf,Prayer Times - Qibla & Namaz,1,2022-06-02 07:00:46,Every day comes new update please dont update every week minimum 3 mont period,
19fc6a7f-fde3-4643-9d3a-24d2e948741c,Prayer Times - Qibla & Namaz,5,2022-05-29 00:49:41,Mashallah i use this app and its very helpfull for me for prayers time. I recommed to my all muslim brothers and sisters .prays for Dawat-e-islami,
e2a3c774-3942-4398-8459-a6b957fd848c,Prayer Times - Qibla & Namaz,5,2022-02-18 23:01:39,"I think it is another kind of dawt e islami on muslim world, and its Quran function is too amazing as well as its notification to recite surah e mulk is a great reminder, May Allah bless whole brother and sister of dawateislami specialy Murshid e kaamil and save him from evil eyes",
c9baf510-2a5f-46bf-a139-53bdfac4c4cb,Prayer Times - Qibla & Namaz,5,2022-02-16 19:59:40,It is exceptional App and for time period it is a blessing for all Muslims,
e05e958e-74a4-4386-81fb-f883d9bcfba8,Prayer Times - Qibla & Namaz,5,2022-01-20 22:51:11,Allahamdulillah it's a best app for Islamic brother and sister regarding Namaz and Timing of All Namaz,
cd915d36-ecb7-4d88-be0b-4da732853308,Prayer Times - Qibla & Namaz,5,2022-01-05 17:08:07,THIS APP IS HIGHLY RECOMMENDED FOR OUR DEAR MUSLIM BROTHER AND SISTERS,
5866cc40-1e8c-4deb-8842-83fbd265d7cf,Prayer Times - Qibla & Namaz,1,2021-10-03 16:47:15,"If I would able give 0 star, I would..u don't know they r paid by army or what!! They force u to share ur location otherwise an unavoidable message will show up .. have to uninstall immediately.. be safe brothers and sisters..",
8ab92f84-b008-4ea0-bdd8-b7ba1c9af29d,Prayer Times - Qibla & Namaz,5,2021-06-08 12:35:37,Please Upgrade To all in one App bcoz many of our Sunni Islami brothers and sisters using wrong aap just like Islam36o please improve.,
03beaedd-4e61-4351-80cf-1aef4d4bfb11,Prayer Times - Qibla & Namaz,4,2021-06-06 19:50:35,"I salient mode required time frame from to to. So mobile will be auto silent. On time period. So it will be complete software , I think. For reference you can see app auto prayer time silence. Developer can do if possible. Otherwise a good application very nice helpful jazakallah wa khaira.",
19df42bc-27fc-4cee-851d-6d7759be7e0a,Prayer Times - Qibla & Namaz,5,2021-03-12 17:59:55,Masha allha very very important this app all Muslims brother and sister,
a481550a-5151-48e5-9a22-16b33c592d60,Prayer Times - Qibla & Namaz,5,2021-03-04 02:47:42,Best Azan App! Period. May Allah AzZawajal bless the app makers.,
923fb412-e610-495e-9b66-ba4ead3e041b,Prayer Times - Qibla & Namaz,5,2021-02-16 16:08:15,The most important apps of this period,
57dd9f6b-cd52-4682-9de3-76fa352bc66d,Prayer Times - Qibla & Namaz,5,2021-02-13 17:02:00,"Maa sha Allah azzawajal,nice app with lot of features,I have not seen any app giving like this features,(prayer times of hanafi and shafayi),zikr o azkar,tasbeeh,kaza namaz calculator for men and women, dawate islami radio,wazaif for problems,online classes,qibla direction,hijri calenderetc)",
f02e5820-3192-4b37-82ca-54f343f0822f,Prayer Times - Qibla & Namaz,5,2020-09-29 12:13:01,"I love dawateislami This app is too much good ,, Its good for everyone but very Important his for that's live in out of Pakistan,..... Because! Some time we have no idea where is Qibla side and what's time Prayers etc.... Soo this is very helpfull for me And I Suggested to All Islamic Brothers and respectfully Islamic Sister's ,,",
d5de7ce1-0514-4acb-a745-9c7657e13473,Prayer Times - Qibla & Namaz,5,2020-06-11 23:49:31,"This is the best app i have ever seen, i recommend all the muslim brothers and sisters to use it",
e19a34ae-3cbc-4f2c-8188-eede604c62d0,Prayer Times - Qibla & Namaz,5,2020-05-07 07:22:15,Very good and useful application. I live in london and I use this application for Slah timing. Definitely recommened to all Muslim brothers and sisters.,
640b1680-219b-43f8-99f0-b081995fcf0d,Prayer Times - Qibla & Namaz,5,2020-04-30 16:33:15,This app much helpful in prayers period Thanks دعوت اسلامی,
0d60dad3-ff68-4cdb-b6c1-306bf7b4131c,Prayer Times - Qibla & Namaz,5,2020-04-08 11:56:05,As a Muslim woman I really like this app and as I used to travel alot in different countries I know when is the time to pray.,
67170de5-8dbc-4c35-89c1-1910d4041fe6,Prayer Times - Qibla & Namaz,5,2020-03-27 16:31:45,This app more useful for all Islamic information and all Islamic best news and best for all answers questions and most important for salah time and ruhani ilaz and and best information for namaaz and Islamic studies and all types of sunnah and hadeesh need information it's very useful for all Islamic brothers and sisters,
fd4197c8-3a1c-4637-9a21-e8ea2c073f1a,Prayer Times - Qibla & Namaz,5,2020-03-21 19:46:01,Waiting for this app from a long period of time Thanks Dawate Islami Thanks Ameer e Ahle Sunnat,
32201fbc-b369-46f2-850e-0e237baf8fb3,Prayer Times - Qibla & Namaz,5,2019-01-18 17:49:55,Mashallah great appl for all Islamic brothers and sisters....jazakallah dawat-e-islami,
991722f7-9dda-4e1c-9f9d-642cdbd099be,Prayer Times - Qibla & Namaz,5,2018-12-24 20:41:24,it's very essential for us..evry muslim brothers and sisters mustly install this app.. m,
897c9115-6b37-49c6-a84a-abb734de2691,Prayer Times - Qibla & Namaz,5,2018-12-03 00:50:07,MASHAALLAH AZWAJAL THIS IS ONE OF THE BEST APPS FOR ISLAMI BROTHERS & SISTERS,
2a4992b9-f080-4417-b755-19d5429acbbf,Prayer Times - Qibla & Namaz,5,2018-10-21 16:31:04,A very brilliant app for all my Muslim brothers and sisters across the globe . A must app,
5a19bdbe-df4f-4ecd-9445-31eaca068ed4,Prayer Times - Qibla & Namaz,5,2018-06-21 22:59:23,Amezing apps for all momin brother's and sister,
70ad0ed1-135d-40d1-9df8-c6d2394faeaf,Prayer Times - Qibla & Namaz,5,2017-08-24 03:52:23,Asslamualaikum to all Brothers n Sisters This is the the the best app from all apps for this purpose. Please must install this for best guidance. JazakAllah,
ec002362-0d3c-4c32-a3cf-2c9f02b4ca73,Prayer Times - Qibla & Namaz,5,2016-09-10 12:12:44,I am very happy to find this app its very useful and needy app for care taker of Salah in traveling period i thanks to DI group.,
2d7f7d24-f01a-46c4-8372-4d0d61d80925,Prayer Times - Qibla & Salah,2,2025-10-31 16:53:06,"Temu keeps putting advertisements that are of women in skin tight clothing. Shaytan puts Zina in your face when you are trying to pray. I contacted the support and he claims to have told them to decist yet week after week the provocative Zina advertisements from Temu continue to show. Temu sells all kinds of things, why they chose to show this is suspicious to me. I do not think I will continue using this application.",
ce85e731-0bd3-4dd7-94ba-ac013c5ae671,Prayer Times - Qibla & Salah,5,2025-05-03 05:05:21,nice app ever.. keep it up my brother and sister.,
f8ecfd0a-40da-4c91-a110-ff23393fd687,Prayer Times - Qibla & Salah,5,2024-11-22 11:38:27,"Most clean experience for getting prayer notifications and great widget. There was brief period of time where the application was glitchy, and i stopped using it. Recently i reopenned the app, and all the problems are fixed. Alhamdulillah. The developer is updating this app and making sure it is best there is. I donated to the developer because they genuinely care about creating the optimal experience.",
99009f84-0e28-4ff6-82fe-1687f86b50f2,Prayer Times - Qibla & Salah,5,2024-09-05 19:26:27,One of the best prayer times app i've seen. Not too aggressive ads. Clear and concise UI. Super fast load time. Everything great. If it have a widget than this will be the best app period. I hope the dev further his effort by making widgets in the future. Thanks!,
63e80152-75f2-4da4-9125-4d471b2236c4,Prayer Times - Qibla & Salah,5,2024-06-17 19:32:00,"Near Perfect. The only critique I would have is that there is no option for the alarm to go off in do not disturb mode. I have do not disturb off from 10pm - 7am every day, as a result I was late to Fajr this morning (3:33am) and did not wake up till 5:07am (9-min before sunrise). The current do not disturb feature is fine (I actually like it) but I would like the ability for this app to be made exempt per desired prayer time. Edit: per the suggestion of the Dev, I found the settings in question",
f0a4b1ff-a0af-4dbb-9717-0900688d1a70,Prayer Times - Qibla & Salah,5,2023-12-02 22:44:26,"Salaam brothers and sisters. I think this is a good and simple app with a nice aesthetic. I have yet to experience tech difficulties. To the makers of the app, Barak Allahu Feekum.",
3cf3dd6c-fdf1-431f-a0fc-1b5f0db7cf88,Prayer Times - Qibla & Salah,5,2022-05-29 08:36:11,"Jazzakallahu khairan for the amazing app. Great work and may Allah S.W.T reward to the team that have put in the hard work for the app.To my brothers and sisters in Islam, I recommend the app in your daily lives for the deen and the conveniency for shallat. Warm regards, Wassalam",
f717ee6f-4545-44ad-84db-2b31cc8e18d1,Prayer Times - Qibla & Salah,5,2014-11-10 10:03:09,This is very helpful for Muslims brothers & sisters.,
7253a2df-2c62-4b84-b57f-6d30be5c69c1,Prayer Times - Qibla & Salah,4,2014-05-13 17:52:56,"Still the best than others....keep on working brother and sister,to make it better....",
77c64193-89d9-4680-9418-52754dac7cd4,Prayer Times and Qibla,3,2026-04-02 05:06:30,"i like this app because it doesn't have many bulky things like quran sarif, duah, etc..., a minimal prayer times reminder. but one thing which often makes me search for its alternative is that it has starting times but no ending times of prayer periods. i wonder how the creators of an awesome app like this didn't realize the necessity of ending times as ending time is as important as starting times. please try to add the ending times otherwise o have to looking for its alternative.",
46050e65-eb2f-45eb-a880-97b1d9bae200,Prayer Times and Qibla,3,2025-09-30 18:58:18,"Brother, do not force us to collect analytics, add a settings option to opt-out if someone wants to. Pls respect your brothers and sisters in is... privacy",
37c6a1b9-6b09-4376-b236-e286295ed173,Prayer Times and Qibla,5,2024-09-17 19:51:30,"I hpoe you increase ""Since"" period of time to 30 min in the widget",
68dba652-9fe4-4d00-9936-ae63860de619,Prayer Times and Qibla,5,2024-07-17 08:23:23,Wallah awesome app... Shukran brothers and sisters a mercy from Allahsupanwutuallah. Jah'zahkallah!,
ea7e0d3b-947a-497d-8f7e-63bb75a1d755,Prayer Times and Qibla,5,2024-04-16 02:22:15,Wonderful app I insist all my brothers and sisters to upload it as it will help you in many ways,
bb456cc6-8257-4fcd-b7d5-51f598240ba2,Prayer Times and Qibla,5,2023-10-08 08:53:06,"One of the best apps I've used period. Support for the color palate, galaxy watch, and widget. I highly recommend Supporting the developer by buying the pro version. Well deserved",
fc9b2588-d795-4ecd-b82b-f7731b3b4c72,Prayer Times and Qibla,5,2023-08-30 18:11:03,"Excellent app. BTW, I have a very important suggestion for you, could you please also show the periods of each prayer within which the prayer must be done. Because every salah has a valid short period, for example fazr and magrib.",
8e886133-1927-4ad7-9958-31fff6f463ff,Prayer Times and Qibla,5,2023-02-06 15:30:59,"The best app ever for prayer time. I will get the PRO version insyaAllah after running test period. You can set pre-reminder at custom time for all prayer time, whis is very useful to make you pray on time. This is what I looking for long long time ago. Thank you programmers and developer. May all of you stay in Jannah Firdaus with Muqarrabin Privilege. Aamin Ya Allah.",
51174577-e5ca-4803-9dbe-d832975bac48,Prayer Times and Qibla,5,2022-12-14 08:24:16,"الحمد لله For this app. May Allah swt bless and reward all those involved in making this app. It's helpful in showing the prayer timings to us women and simple and no ads the countdown, the hijri and the remaining features in an easy to handle way. Jazak Allah.",
b4c14229-5781-4d9f-b645-e6c6d432fbfc,Prayer Times and Qibla,5,2021-05-12 15:00:27,"More & better features than I've ever seen in a prayer app, even in the free version. Clean, elegant interface. No issues or warts, even on my oddball device (BlackBerry KeyOne). Heartily recommend to all my brothers & sisters in Islam. Jazakallah khair",
547b16bf-d021-4eed-8c14-1608a1bd2753,Prayer Times and Qibla,5,2020-04-13 07:39:38,may الله repay your good deed. reminding Moslems brother and sister so not to forgot prayer time. Baarakallahu fiikum.,
e666709b-0184-4c07-a62b-ba011fe4d7d1,"Sadiq: Prayer, Quran, Qibla",5,2026-08-07 21:35:36,I recommend this app to all my muslim brothers and sisters,
ea5efa14-8982-4876-9f67-56889a322112,"Sadiq: Prayer, Quran, Qibla",5,2026-07-29 17:34:46,our sincere appreciation to the brothers and sisters behind this Islamic app. It may be a means of drawing us closer to Allah and a source of sadaqah jariyah for you all. May Allah keep us all steadfast. Jazakumullahu khayran,
96c54045-8f92-43b9-9986-1e9aadca3bf2,"Sadiq: Prayer, Quran, Qibla",5,2026-05-01 10:27:02,"Masha Allah, worth downloading brothers and sisters. very good app. All in one..!",
d657bf85-d1e8-4564-bdd5-5051c51fe10f,"Sadiq: Prayer, Quran, Qibla",5,2026-04-27 14:36:51,Alhamdulillah. An amazing app for all Muslim brothers and sisters. It will surely help you guys to practice Islam properly and take care of your deen. May allah bless the developing team and lead them towards prosperity. JazakAllah.,
313fc349-e363-479e-9f1f-9265ba99e2e6,"Sadiq: Prayer, Quran, Qibla",5,2026-01-14 03:55:16,"Mashaa Allah, I really love this app Jzk Allah. Brothers and Sister who created this application I'm loving in it, alhamdulilaah",
501b1b42-c9fb-45ab-8863-62c61ba71be2,"Sadiq: Prayer, Quran, Qibla",5,2025-10-27 04:21:31,Recommended for all Muslim brother and sister,
6624a6a5-a201-4673-8cfc-6b1132b67347,"Sajda: Prayer Times, Quran",5,2026-05-17 22:04:43,"I am profoundly proud that my brothers and sisters from Kazakhstan produced such a quality app. I found this app extremely useful, versatile, well designed and with no ads. Keep up the great work and may Allah reward you in both worlds.",
b892d1c2-9139-4511-bd97-b61934651174,"Sajda: Prayer Times, Quran",5,2026-03-05 12:47:12,this is one of the best Qur'an app I've ever used and I recommend you brother's and sister's to download it. I really love it. And I also love the fact that it has no ads. May Allah reward those who created this app from kenya,
f7077a14-f64c-4344-a9c9-6699e6e79ce0,"Sajda: Prayer Times, Quran",5,2025-02-04 22:52:53,"I've been using this app for two years, since I became muslim. And for the past 2 years this app evolved so much, that I started to be more involved in using this app for checking salah time, reading Quran with translation and the most amazing part is that I can play the quiz to remember all the names of our Almighty and also give sadaqah for our brother and sisters in need. Thanks a lot for Almas agai and his team of strong engineers",
34a06ad1-daa0-45b8-b232-10af55dd5e9b,"Sajda: Prayer Times, Quran",4,2024-12-15 22:41:41,The App very good and useful to all Muslims. That requires Internet connection periodically is its only shortcoming which is not that much of a big deal.,
b5f1224c-ea17-4bf5-ad88-88687e44bc83,"Sajda: Prayer Times, Quran",5,2024-10-12 20:31:08,"I just installed it. I'm super impressed with how clean the UI is. It's easy to use and most importantly, NO ANNOYING ADS. It gives me what I need without complicating the process. Thank you for building this app! I've subscribed just to show my support. Keep it up, brothers and sisters! May Allah reward you.",
752ab9e8-579d-4ddd-82ba-2ec7e4cd1a3f,"Sajda: Prayer Times, Quran",5,2024-07-13 20:38:40,love that 5M muslims have downloaded this app. assalam o alaikum to all brothers and sisters,
459f0b02-7bd0-415f-af87-db696751dbcf,"Sajda: Prayer Times, Quran",5,2024-02-29 13:50:22,Very useful app. Works very well. Bless you my brothers and sisters for your hard work. :),
4f4068ca-6948-4f77-836e-1d810d687db3,"Sajda: Prayer Times, Quran",5,2023-08-21 12:26:42,Muslims brother and sister this application will be good,
3129c31e-9912-4aea-9620-6f475c5333b8,"Sajda: Prayer Times, Quran",5,2023-03-02 18:19:55,So far so Good App Working 100% A special Gift For all muslims brothers and sister,
6412700a-e865-4bd2-8e37-dbd9d9d27609,"Sajda: Prayer Times, Quran",5,2023-01-27 17:10:22,Best simplistic prayer aap there is period. I can debate about it.,
f3456be2-64c6-4bce-8d27-0d6702c19ad1,"Sajda: Prayer Times, Quran",5,2022-05-14 20:44:27,"The best app Period. No ads and works :) Though I would suggest changing the default azan to takbir only, since the real purpose of the app is just to know the time of prayer",
a1513cf6-a5ec-4d1b-ba6b-edc4fe45409c,"Sajda: Prayer Times, Quran",5,2022-01-04 08:08:21,"It's free & there's no ads, what more do you want , thank you brothers and sisters",
eaca3522-bd78-4c8b-b18b-78a0f9247014,Salaat First: Prayer Times,5,2024-02-27 07:12:04,"Masha Allah Alhamthulillah This application quite Better our Muslim brothers and sisters, I got everything from this app what I need, Really am VERY HAPPY joint with U and am appreciate this app for ever Allah Aathikal Aafia Kullu Fi Khairan AAMEEN,Assalamu Alaikkum Wa Rahmathullahi Wa Barakathuhu...",
0e772f25-4a60-45fc-9fb3-bc218b429e10,Salaat First: Prayer Times,5,2023-11-18 13:35:07,"Salam Walaikum Developers of the ""Salaat First"" App. Also, BARAK' ALLAH FEEK Brothers and or Sisters in Islam. I congratulate you on developing this App and offering it to the World. Thank you. I came from reading one of the ""Morning Remembrance"" Adhkars earlier and it brought Peace to me. Thank you so much for developing this App. Thank you. I have to say this though. My Phone randomly ""froze"" then ""restarted"", on my First Attempt at writing this Review. Check your Email for my Full Review.",
ab39ee4c-9e6e-49aa-aaed-8af72203d0be,Salaat First: Prayer Times,5,2021-01-25 11:42:47,I love itt very much. The problem i have with this app is that some times the azan doesn't play. Please try and fix it. May Allah bless you all and reword you abundantly. It is still my favorite. I recommend fellow sisters and brothers to also try it.,
a1812145-1378-4c87-a403-e469441e1831,Salaat First: Prayer Times,3,2018-05-17 03:15:55,i thing its ok how ever you do somthing helps our brothers and sister but the maqhrip time is wrong.,
4627f67b-b9e9-4db0-bcab-d39942f5fd4f,صلاتك Salatuk (Prayer time),5,2026-02-20 19:46:06,nice app for muslims men and women.,
ffffed1a-f69a-4168-b3e3-016b00f22227,صلاتك Salatuk (Prayer time),5,2025-09-17 22:50:23,best application for all Muslims Brothers and sisters,
b24c3da4-4339-4c12-80f7-033038932326,صلاتك Salatuk (Prayer time),5,2025-09-15 06:37:52,this app is very very best. for all muslim brothers and sisters...,
80e8a17e-250e-43c8-97da-7e4bfbcbe99c,صلاتك Salatuk (Prayer time),3,2024-02-18 10:43:34,Old one was much better in scheduling the silent period during praying time.,
f4afc660-ec0e-4e08-9dbc-b832e6b374c2,صلاتك Salatuk (Prayer time),5,2023-12-18 01:11:27,this app is very helpful for those. who are living in very critical place like me .. It also gives accurate direction of qibla and perfect time for praying namaaz . And the important thing is that..... !!!!! The brother/sister who are studying in college/University. they face a lot of problems to finding the qibla for praying namaz. so this app is helping you to solve the problem .,
5a92dc75-973e-43b2-9c99-093f72ce4f53,صلاتك Salatuk (Prayer time),5,2023-07-12 07:24:57,Assalamu alikum Best salatuk all ever it reminds the Salah time l have been using this app for 6 years even my family keep on good work Thanks for making such a good app for our Muslim brother's and sister's Assalamu alikum,
4d3efa44-1a71-4908-ae0a-1ef2476dc16c,صلاتك Salatuk (Prayer time),2,2022-11-24 08:06:52,"This app deserves 4 or 5 stars, really. I've used it for many years. But the countdown issue mentioned by other users has made the app unusable on my new Android 12 phone. It can no longer calculate the next prayer time. I will keep it installed but disabled for now, while using a different app temporarily, hoping that our generous brothers/sisters who donate their time developing this fantastic app will fix it one day.",
95137258-c35b-4a72-a230-83bdb4bf1f90,صلاتك Salatuk (Prayer time),5,2021-05-23 18:13:50,Great App. It wiil be more efficient if developers add auto SMS reply during silent period Salat.,
cd93d5ff-f837-44e8-a3fc-dd544e3a876d,صلاتك Salatuk (Prayer time),5,2021-05-12 05:40:51,Most helpful in this lockdown period,
72ca85e7-e5b0-4bc4-9bc9-1f57036fcfad,صلاتك Salatuk (Prayer time),5,2021-04-13 22:00:52,I am driver. During this period abserve the prayer time and ibthar and also sagar,
56a83e45-2e17-4b8e-b171-6fd406ac1b65,صلاتك Salatuk (Prayer time),5,2020-11-23 19:33:00,Excellent app for all muslim brothers and sisters,
e125073e-8fa7-41bd-812d-cdbff3b561ae,صلاتك Salatuk (Prayer time),4,2020-07-31 08:17:40,Silent mode still active after the end of may period,
c95904ef-0998-4e07-bae1-c3c6a855d384,صلاتك Salatuk (Prayer time),5,2020-07-24 19:56:15,It has been resourceful in lockdown period.jazakallah khair.,
33ecc53f-b95c-44fe-b54d-c260f3b792f5,صلاتك Salatuk (Prayer time),5,2020-07-20 16:32:49,The App is wonderful. Really good Job by the Brothers/Sisters at Masarat App... MashaAllah. The new update is also very good and thoughtful,
df21d864-3b81-41f8-9588-c9f927494cfa,صلاتك Salatuk (Prayer time),4,2020-02-28 22:28:29,Ma Sha Allah..fantastic app...the only thing missing is automatic removal of notifications after certain time period so that i don't have to manually swipe away notification after each adhan and reminders...Jazak Allah to developers. Update: the app has some serious issues with automatic silent mode on and off. One app update fixed it and next one broke it. The cycle is repeating every now and then. Can't rely on it anymore until developers fix it for good this time and doesn't break it.,
61126994-b1ac-4d00-bff9-46f29231dbaf,صلاتك Salatuk (Prayer time),5,2020-01-24 14:36:03,"I almost tested all available Muslim prayers alerts apps and the Salatuk app is my winner. It has all the necessary features that I needed and was looking for like Manually adjusting the times, appointing alerts before and after Athan, manually choosing periods to put the phone into silent mode before and during the prayer. Options to select Notifications sound of Athan or tones from the memory files phone. No Ads at all",
664de7e7-cbbc-4ccd-b8e6-91c910601ef5,صلاتك Salatuk (Prayer time),5,2020-01-22 18:31:16,It is better if (-) before the prayer period.,
b141dac3-257c-4ff0-a904-5aff66c3ef8d,صلاتك Salatuk (Prayer time),5,2020-01-09 19:49:23,V.good app for muslims brothers and sisters...,
57d57ed7-8693-48f3-b49d-17c6a8d3c870,صلاتك Salatuk (Prayer time),5,2020-01-03 13:54:28,Very useful for muslim brothers and sisters,
cf421d33-3e97-4863-a54c-fe89633abb87,صلاتك Salatuk (Prayer time),5,2019-06-23 12:11:01,"I like it cause it's we it told me the time of solat , to not miss the time of solat ,It good if we are travel to some were and there is no music near the road it we tell us that it time to pray and we can find some were to pray. It very good for women that praying in the home if they don't use maic to call adan or no electricity to here the voice every were if we have this at home we will no the time of solat ,It also good for workers to no the time of solat, and we leans many things(Thanks )",
5011bf70-40a3-42fa-bb7f-7b8fc5e2c89a,صلاتك Salatuk (Prayer time),5,2019-05-17 15:32:50,silent period is very short for zuhr.Pls .increase it.otherwise its a very nice salah app.JAZAK ALLAH KHAIR.,
47670248-1e1a-420c-8d1c-23579a088275,صلاتك Salatuk (Prayer time),4,2019-05-17 12:20:09,This app is very good. And my suggestions to all my Muslim brothers and sisters to get this app. For admin of this app := I face two problems in this app. one is that some timing azan sound is not played and 2nd one is that that is exactly one minute difference in each timing in Peshawar Pakistan,
51e7b129-0e6f-47cf-86d0-bffcf20e0328,صلاتك Salatuk (Prayer time),5,2019-04-06 00:25:01,Amazing helpful app for all Muslims. Thank you brothers and sisters for creating this application,
06171794-b726-481d-854f-0209786ab78d,صلاتك Salatuk (Prayer time),5,2018-10-20 05:54:00,I used this app in many country and really helpful 4 Muslim brothers and sisters. Zakkalah 4 making such a helpful app..,
002d28f5-09b1-4c04-87fe-73a1034318ab,صلاتك Salatuk (Prayer time),5,2018-08-02 03:40:38,"Masha allah the best app ever, i recommend for any Muslim brothers and sisters.",
29f62153-528a-4dad-bfef-9ec1d5dd59d7,صلاتك Salatuk (Prayer time),5,2018-07-05 18:28:23,Incredibly innovative app which has helped as a guide to the Muslim Ummah..who value observing Salat in it's first period....remain blessed in the pursuit of a guiding us towards serving Allah with little/no error(s),
da3d9bfb-6f49-4191-92da-37e7a505e6d9,صلاتك Salatuk (Prayer time),5,2018-06-20 16:39:45,"Nice app, but don't shows (ZAWAL PERIOD), it's necessary.",
df8b64db-be95-4c07-abe9-70b22ac4d27d,صلاتك Salatuk (Prayer time),5,2018-06-09 04:30:45,Best application for every Muslim brother and sister. It is good working in all Nmaaz time and especially best app for Ramadan Sehry & Iftaar time showing Area location wise. Thanks Salatuk.,
b3b2a61c-43b0-41e1-98d1-cc7389733b80,صلاتك Salatuk (Prayer time),5,2018-05-17 00:54:41,I did it this is many good I say thanks you brother or sister. I always call prayer time to time.,
039e48dc-2f8b-4d1f-b0bc-0b4a73faf2ec,صلاتك Salatuk (Prayer time),5,2018-04-21 06:20:20,i love u all muslim thanks allot for this app brothers and sisters .لا اله الا الله محمد رسول الله,
1ef23c98-96e4-49dd-a737-2650449161fd,صلاتك Salatuk (Prayer time),4,2017-12-12 09:18:38,really good .... help for our brothers and sisters,
120074b5-af4f-4568-a352-15be78708ed5,صلاتك Salatuk (Prayer time),5,2017-10-31 06:07:06,So precious app with gentle voices of Azan ..jazakum Allahu khairan brothers and sisters,
cc5c36d3-c1b3-4f99-886d-0f274b5ef503,صلاتك Salatuk (Prayer time),4,2017-10-03 01:05:33,"assalamu alaikum my dear brothers and sisters, this app is amazing for Salah timings and from my side I would like all supplications to be added",
112768a1-b843-446f-974c-a981774fc826,صلاتك Salatuk (Prayer time),5,2017-09-10 04:26:29,Assallamu aliekum first of all brothers and sisters wanna say this app is absolutely a useful and it is a chance to get wake-up on salatul fajar you never imagine how good is it.... it has so many adans thou you have your choice and so many others very talanted guys who create this app thanks,
001a41f4-d8a8-43a2-9c6b-dbf4cb4265cf,صلاتك Salatuk (Prayer time),5,2017-06-30 07:06:00,Thank you for such kind of App it is really very good for muslim brothers n sisters,
0ff2eb4b-0362-4da8-87bf-1e5f62254868,صلاتك Salatuk (Prayer time),5,2017-06-05 22:15:52,It is very useful for the people who live far from majids. They will follow it and can reach there as well as women's can follow that n do namaaz at their houses.,
38e3508c-9258-40a2-af2f-9b1e2d963e96,صلاتك Salatuk (Prayer time),5,2017-06-02 05:45:29,Alhamdulilah its a wonderful app i ever seen ..thanks brothers and sisters,
77309c18-a19a-4312-b002-03f517edda52,صلاتك Salatuk (Prayer time),5,2016-12-17 08:00:58,Very best app for all Muslims brothers and sisters,
36b77c16-e000-4f41-b83c-beffb94e0d21,صلاتك Salatuk (Prayer time),3,2016-09-07 12:47:51,Thr azaan comes on only while im using the phone. I want it to go on automatically. How do i do this? Brother or sister in islam please help.,
c73d96f5-c5c5-494b-91ee-e3e29a6ca3bc,صلاتك Salatuk (Prayer time),5,2016-06-16 17:58:53,This is good application most helpful to our muslims brothers and sisters around the world,
7b1e8d14-567b-4b08-946a-1036fa904d8f,صلاتك Salatuk (Prayer time),5,2016-01-01 23:13:40,This is very nice app. I like it and recommend it for other muslim brother and sisters also. One of suggestions is that the adjustment for reminder and silence mode should be in time format instead of minutes adjustment.,
0c9e44b6-9e5a-455b-9e57-e50fa254a2ff,صلاتك Salatuk (Prayer time),5,2015-12-04 21:21:57,must have for every momin brothers and sisters.,
91f6b630-e514-4107-b454-82ff4762555d,صلاتك Salatuk (Prayer time),5,2015-09-28 00:10:04,"As a frequent traveller this app is simply the best with its automatic location adjustment without opening the app. Note also the wonderful option of automatically silencing your phone during preset periods around prayer times, mosk locator and so many other features. User friendly, many adjustment options & intuitive interface. I envy the developers of this application for all the 7assanat and Baraka they get from God for having created such a chef d'oeuvre, obviously through tedious and dedicated work!",
c015c3e3-1a78-4ea1-a2ca-f5b8e70b8131,صلاتك Salatuk (Prayer time),5,2015-06-18 17:31:26,nice app keep u aware always. easy to use .I love that turn phone off at prayer time and turn it on after short period,
71fd0f60-3ce2-400d-b5bc-9f277c62fb7c,صلاتك Salatuk (Prayer time),5,2015-01-18 21:33:42,Assalamualikum brothers and sisters Its is very beautiful Apps pls download Its and Give Five Rates,
45d9ffaa-3a97-49e1-850c-6c89e70d43f7,صلاتك Salatuk (Prayer time),5,2015-01-18 19:14:58,This is very help full to our brothers and sisters this app has every thing what we need.... I will recomnd this to my friends....,
a04bc8d2-1142-4f4d-b2be-31da7f84fdb9,صلاتك Salatuk (Prayer time),5,2014-10-15 08:20:17,A very wonderful app.i cant wait to share with my brothers and sister in islam..,
31bb0844-6ce0-4b5c-a9d5-006a6715c35c,صلاتك Salatuk (Prayer time),4,2014-03-17 15:47:48,MASHALLAH...grt effort to help out our muslim brodr n sisters fr knwing namaz tym on one click...!,
e51ce484-cc90-46c6-803e-5430a6789557,صلاتك Salatuk (Prayer time),5,2014-03-13 21:40:13,Great work developers so far I didnt encounter any problem. Its working great in UAE. Inshallaha all brothers and sisters wont miss prayers to pray on time.,
59dd6c78-3033-40b8-a685-29f0c2eb78ff,صلاتك Salatuk (Prayer time),2,2014-02-19 23:58:37,Assalamu alaikkum. Jazakkallah. Thank to us for giving all muslim brother & sisters to giving this beautiful Apps.,
76a151ae-653d-42d7-a643-206762d85a4b,صلاتك Salatuk (Prayer time),5,2013-12-12 22:00:48,This is an excellent app and i will recommend all my muslim brothers and sisters to use it. I salute to the people involved in the making and improvement of this app. Thank you.,
88e491c7-bd42-48f0-8acc-d748764de5c3,صلاتك Salatuk (Prayer time),5,2013-11-26 13:11:48,Mashallah this app is excellent please dear sisters and brothers download it and use it.. for as long as you are breathing please dear sisters and brothers download it and use it.. for as long as you are breathing,
3bab3c87-4e12-447d-9f53-b35e9b0eee14,صلاتك Salatuk (Prayer time),5,2013-11-06 19:23:12,This app is a simple and clear to use. It's useful and informative also you can edit the date and time Hijri and Gregorian calendars. Go get it brothers and sisters.,
412ef93c-95ec-4c56-b615-88909477231a,صلاتك Salatuk (Prayer time),5,2013-10-14 12:18:18,Excellent application brother and sisters .. very useful great job,
9f9f4cef-bccf-4cb4-9627-3437b8a28157,صلاتك Salatuk (Prayer time),5,2013-08-20 05:29:16,Strongly recommended to Muslim brothers and sisters.,
06093ec5-d241-4b83-b618-3f2f6e670cf4,صلاتك Salatuk (Prayer time),5,2013-06-20 07:55:04,"Best app ever existed regarding prayers period n qibla direction,, 10 stars",
18197fbb-cc7a-4433-ad5e-971fe4c034b2,صلاتك Salatuk (Prayer time),5,2013-03-31 10:11:21,The best Azaan App. . Period,
44265a6b-61af-4d96-9ed9-c9f4d3b6af68,"Wemu: WeMuslim, Athan&Qibla",5,2026-08-18 14:58:47,good day my Muslim brothers and sisters My name is Hassan am a student and love my Muslim brothers and sisters May God bless everyone of us thanks in,
f0ebd202-9d75-4ac8-b0e8-3da7e26f86be,"Wemu: WeMuslim, Athan&Qibla",1,2026-08-17 09:56:50,"This app completely lost its original purpose! It should focus on prayer times and guiding Muslims, but it's turning into a dating platform. It is flooded with inappropriate ads and AI boyfriend bots. The chat feature is useless and completely haram—why would a prayer app encourage men and women who are strangers to chat with each other? It was never like this before. Developers need to fix this and bring back its true purpose!",
4fe5da1b-a15f-49e4-97fa-ba553a43b269,"Wemu: WeMuslim, Athan&Qibla",1,2026-08-13 07:40:04,"soo baad, The new update is bad; it now includes a feature to recognize people, and other strange things. We use it for prayer, not to meet people. There are young men who might enter and talk to women.",
a917e3b3-b583-4682-b20b-c9ca88e979bc,"Wemu: WeMuslim, Athan&Qibla",2,2026-08-08 21:33:47,Was a good app until recently. Now it has way too many ads that are disruptive. Opened app for Quran in Masjid while waiting and got ad for women in bras. SERIOUSLY?,
dc56a553-1bcc-4945-b9f6-736e30ea957c,"Wemu: WeMuslim, Athan&Qibla",1,2026-08-07 06:12:43,"You guys should be ashamed of yourself. I use this application because it was adds free and it is a namaz tracker for the love of God. have you seen the ads we are getting the vulgar ads of AI generated videos, just imagine I prayed Fajr, open the app to mark the namaz and ad comes with a women getting it from behind standing on a bed. Is this what you want the public to see? so many ads. Pata hai kitni help hui namaaz mein isse? kitni?? If needed I will create my own app. Shame on you guys!!",
9a682c46-e01b-4104-800a-2e121d812298,"Wemu: WeMuslim, Athan&Qibla",5,2026-07-28 23:48:11,"Aslamu alaikum wa rahma Allah wa berkatuh, my experience is that one day I was in a hospital with people I know and magrib prayer came, so we didn't where the qibla was. This application was there in the woman's phone and we used it to find the qibla, and mashallah tebarek Allah the experience was smooth amd easy! Jezakum Allah kharien in this dunya and akhira, keep the good work up!",
f5f58930-f74f-494e-85ee-c0888869e76f,"Wemu: WeMuslim, Athan&Qibla",2,2026-07-26 21:29:04,"From a religious perspective, with its Quran recitation and supplications, it's excellent, and the prayer reminders are very good. However, the ads are excessive and extremely annoying. This app is supposed to help Muslims with what is permissible (halal), so how can it display ads featuring women and music?! The sheer number of ads bothers me and makes me not want to use it.",
7eebf6af-c4f4-49b6-9c9f-42c00c6a5586,"Wemu: WeMuslim, Athan&Qibla",1,2026-07-22 04:27:56,"I'm very disappointed. The app now shows ads for gambling and dating, which is unacceptable for a Muslim app. ​Even after I paid for a subscription, the app focuses on chat and social features instead of its main religious purpose Allowing free chat between men and women makes it act like a dating app, which goes completely against Islamic values",
d50dea69-8beb-47b4-8464-5bcbfed9eea1,"Wemu: WeMuslim, Athan&Qibla",5,2026-07-16 02:21:10,"I love this app,it makes me feel closer to my religion and do the right thing at the exact time,I recommend this app for all Muslim brothers and sisters to install and use this app",
83e1c8d0-e3f7-4214-8222-5e394e8b2e30,"Wemu: WeMuslim, Athan&Qibla",1,2026-07-12 03:29:27,you should pay more attention to the ads you allow on your add. An app to remind you of prayer time showing ads of naked women and people kissing!! are you kidding me. what a shame!,
87ec56ee-7a04-49f5-afd6-b3c703e01653,"Wemu: WeMuslim, Athan&Qibla",5,2026-07-02 05:29:36,very good app for Muslims brothers and sisters,
bbecc54b-b10d-4982-94ed-5f763aa257a0,"Wemu: WeMuslim, Athan&Qibla",1,2026-07-01 00:44:57,ads are annoying and too many imagine religion app that taught moral show gambling pop-ups and ads for women with striped clothes. edit: please make human respond instead of repeating copy paste (third party ads) other people also complain islamic app shouldn't be contained such gambling & sexual materials I know you need money for your efforts but not like this plus this app consume much ram despite not having any social platforms rather than WhatsApp and this.,
f731b117-d888-43c5-8807-7a04c660a6b7,"Wemu: WeMuslim, Athan&Qibla",1,2026-06-20 18:13:30,"Very slow, full of ads (inappropriate bra ads of Daraz.pk). To see prayer time, first watch the ad, wait and then see the prayer times along with half naked women in the advertisement. I just got rid of the app and uninstalled it.",
f2ba9dff-34e3-4d7e-aff4-8815d5f402c3,"Wemu: WeMuslim, Athan&Qibla",5,2026-06-19 07:12:51,best App for All the Muslim Brothers and Sisters your never going to miss a single prayer ever again but dw it doesent annoy you until you Go pray,
4bfd1536-54f4-4173-a337-942965afb6a0,"Wemu: WeMuslim, Athan&Qibla",1,2026-06-14 08:26:43,it's really sad that a Muslim prayer app and the ads you get are naked women advertising dates. I'm done brothers. deleted!!!!!!,
9d38b80a-098a-4dfb-998c-230086c3f416,"Wemu: WeMuslim, Athan&Qibla",1,2026-06-13 21:02:52,the app is so nice and it has almost everything and i get comfortable while using it. but that's the negative part . the app when I open it it gets haram and very terrible ads that pop to my screen. Adult content. Gambling. Alcohol. naked woman. dating apps. so I want to understand why and i know that you're aware of this like explain to me?? now im in mosque for example and i want to read qaurn. I open the app to read then suddenly those haram things pop to my screen? FEAR ALLAH.,
bd547a48-ec66-4e9f-9896-8619d248b35f,"Wemu: WeMuslim, Athan&Qibla",4,2026-06-07 19:28:51,This app is very useful for Muslim brothers and sisters,
e029ebe9-5e25-4a20-95ad-09881004914a,"Wemu: WeMuslim, Athan&Qibla",1,2026-06-03 12:15:36,there is +18 Ads women without clothes,
172553cc-f234-46ab-9daa-2946b355289c,"Wemu: WeMuslim, Athan&Qibla",1,2026-06-02 22:18:59,The Ads contain pictures of women in a Muslim's app what's happening?,
0dd2c339-202d-4c8d-be8c-bad1c54b6b50,"Wemu: WeMuslim, Athan&Qibla",1,2026-06-02 14:05:24,"what's the meaning of an islamic app if the ads are absolutely horrendous???? why do i have to see 10 half naked women just because I wanted to check the prayer time????? i don't mind ads if they're not this inappropriate show me talabat ads , car ads ...etc but DATING APPS???? Totally unacceptable",
c57fe792-0c61-4c6d-8ac6-efd7ce5b9efb,"Wemu: WeMuslim, Athan&Qibla",1,2026-05-29 14:35:33,it's showing ads of semi nude women. I mean come on seriously?,
78c87f67-abed-47f0-84db-ee01121f4ba7,"Wemu: WeMuslim, Athan&Qibla",1,2026-05-11 13:26:28,the app has highly suggestive sexual ads in it. a huge violation of Islamic values. I tried sending screenshots of them to the company but no response or resolution. ads with exploration of women. I understand ads are there as it's a paid program. but to break Islamic values to promote a app to practice Islam is not warranted. The Quran sets high standards of this and this app violating them is absurd. the lure of shaytan is deep in this application.,
48725f8b-088f-4512-a492-3cd6039a88be,"Wemu: WeMuslim, Athan&Qibla",1,2026-05-02 23:01:06,imagine opening a religious app to find have naked women in the ads,
12820a58-eb7d-4e54-b8d7-34fa98c7c6d0,"Wemu: WeMuslim, Athan&Qibla",2,2026-04-27 10:37:43,"there are so many annoying things about this app. why are there no prayer tracks for women? I can't pray when I'm menstruating so I lose my streak. I sometimes don't use my phone and the prayer notification doesn't light up my phone except when I open it, so I miss prayers. Hate that. the make up prayer thing is also annoying. sometimes I forget to log in that I prayed or miss a prayer and it tells me that there only a few make ups a month. like who decided that?? I am praying for Allah!",
68f918d1-0cce-486c-8860-842d9206b2c4,"Wemu: WeMuslim, Athan&Qibla",5,2026-04-22 08:11:39,good luck with your brother and sister,
6faf3a4a-8832-4b22-9a61-4775fa199463,"Wemu: WeMuslim, Athan&Qibla",5,2026-04-05 04:32:17,The best guided way to you is to have a good source (WeMuslim). A plan were group brothers and sisters with oneness,
e9a5fad1-9e0d-4076-b3ba-cd5153324114,"Wemu: WeMuslim, Athan&Qibla",5,2026-03-31 22:27:40,The best app for Islamic men and women,
0c64d968-c007-4a8a-882d-dc12f1ddbb6e,"Wemu: WeMuslim, Athan&Qibla",5,2026-03-28 10:49:22,good morning you all Muslim brothers and sisters,
c12853ac-bb5f-4d77-9c36-aa39f7cc9222,"Wemu: WeMuslim, Athan&Qibla",5,2026-03-17 19:41:46,"MashahAllah, very useful for every woman & trevling person..",
303b21e3-bd0e-4714-b421-ceb9dbaf0cca,"Wemu: WeMuslim, Athan&Qibla",1,2026-03-16 04:13:45,you should check your ads It's filled with women showing awrah. please try to choose ads which are appropriate.,
0d426fb9-b2b3-4d4a-81eb-0c0dec3e9850,"Wemu: WeMuslim, Athan&Qibla",1,2026-03-14 19:44:01,Such a Disgusting app Shows Bra Ads in app no alarm sound Shameful and Shame on the person that has enabled Ads in the app I literally got a picture of a Nude bikini woman showing beside written Arabic Totally Unrecommended,
505ef9dc-e825-45ec-92dc-86a578d88aa4,"Wemu: WeMuslim, Athan&Qibla",5,2026-03-12 21:40:55,Salaam the only thing I don't know how to do is pay attention online. I am a senior citizen of a 75 year old woman,
8ef30248-f995-4ae3-ae61-e450755b6c51,"Wemu: WeMuslim, Athan&Qibla",5,2026-03-02 01:00:55,"I think it's a great app. It does have a lot of beneficial functions. Would love it even more if there are functions considering women (like in salah tracker women can add that due to their mensuration, they skipped the prayer and streak doesn't break ). but still for the most part i really like it.",
7ca4123c-2919-40d6-88c4-9eada8d80eba,"Wemu: WeMuslim, Athan&Qibla",5,2026-02-12 17:40:36,"English Alhamdulillah, this is a good app. From my side, happy upcoming Ramadan to all believing men and believing women. Bahasa Malaysia Alhamdulillah, ini adalah aplikasi yang baik. Daripada saya, selamat menyambut Ramadan yang akan datang kepada semua mukmin lelaki dan mukmin wanita.",
957b5a89-f3d6-461a-972a-2bb6acec3bde,"Wemu: WeMuslim, Athan&Qibla",5,2026-01-23 05:32:19,Alhamdulillah Glory be too Allah's always believed in you and your Lord God Almighty Allah Oghene Grace and wisdoms remember God Always brother and sister Alhamdulillah,
e14094de-065f-4e81-a3a5-68679496c17e,"Wemu: WeMuslim, Athan&Qibla",5,2026-01-15 06:43:31,good app for Muslim brothers & sisters,
aafd02fa-3aef-4abd-b118-ac97775ee06c,"Wemu: WeMuslim, Athan&Qibla",5,2026-01-01 08:58:39,"Assalamualaikum, Muslims worlds largest islamic app and also the one of the best islamic app recommending to my each and every islamic sisters and brother to download it . the one of the best thing about the app is that that it's making us aware of prayers whenever we're busy at any specified tasks . Waalikum asalam veer",
92a3ef55-f928-4fdd-8a68-9cc4a355aa60,"Wemu: WeMuslim, Athan&Qibla",5,2025-12-22 18:30:20,Mashallah Very Good App For All Muslim Brother and Sister,
aa7b3929-3b58-4bd2-b254-9e679e9ca056,"Wemu: WeMuslim, Athan&Qibla",1,2025-12-09 20:10:56,"Why is there not a way to private an account or keep it locked from random people following and visiting. Why is there weird men messaging women, i know there is a feature to block strangers messages but this is not enough and not good. Deleted",
0a6e7ea8-9405-4726-9909-e7b0325f65db,"Wemu: WeMuslim, Athan&Qibla",1,2025-12-03 23:53:49,there are lot of ads of women,
708ea797-77c5-4842-bf5b-0bd57f42489e,"Wemu: WeMuslim, Athan&Qibla",5,2025-11-19 12:10:13,"salam alaekum, I recommend we Muslim app for brothers and sisters in Islam, anything you wanted to know about Islam is there you can also recite Quran,Hadith,Azkar that you need for prayer and if you want to travel for Haj and Umrah they are there for you anytime, download this app and enjoy it you will not regret it tanks.",
d898352d-48b4-4a53-b5e6-115f84b6590b,"Wemu: WeMuslim, Athan&Qibla",5,2025-11-03 23:55:57,This is the perfect app for Muslim people. I will recommend it to all my Muslim brothers and sisters. Thank you for making such a great application.,
b056a39f-e440-4fad-a69c-8e112de8eebc,"Wemu: WeMuslim, Athan&Qibla",5,2025-10-26 16:56:56,excellent and reliable app for all Muslims brothers and sisters.,
f218671c-026d-4ff9-aad2-6f6056c515c5,"Wemu: WeMuslim, Athan&Qibla",5,2025-10-19 19:43:00,This is most beautiful app for Muslim brothers and sisters,
5c0cd73e-2b85-4c9b-a192-eba71b667fc7,"Wemu: WeMuslim, Athan&Qibla",1,2025-10-19 17:04:19,"I don't understand this app, it's an Islamic one but they throw at you ADS showing half naked women. If this keeps going I'll uninstall it. (by the way, it's the reason you're getting a 1 star review)",
1d6dd993-16d2-4e3f-9ae8-0f8868bb12f9,"Wemu: WeMuslim, Athan&Qibla",1,2025-10-07 16:06:43,"the apps name is we muslim and then show ad which includes half naked women (from island modest pov)telling us how she streams with men and women who are unknown to her... which is very DISRESPECTFUL, UNAPPRECIATED (in the dangerous way possible)... I mean if you include some various important quotes or Tasveer of Quran, show time of Salah then you should know what add you should put in your app... like this guys can do whatever, when it comes to money they are literally selling religion.",
4d119c00-4aae-4b17-8c22-b49fe0b9a032,"Wemu: WeMuslim, Athan&Qibla",5,2025-10-05 10:12:44,this app is the best app for Muslim am really advice my Muslim brother and sister to try it and happiciate later,
1e5f404f-4e60-4be0-b182-19fc146279da,"Wemu: WeMuslim, Athan&Qibla",5,2025-10-02 20:36:14,Great app but I think you should involve a feature for us ladies where we mark our cycle so that our sallah won't look like we've been skipping it,
737c753d-fddf-4dca-8a91-e3f9e7d46d4e,"Wemu: WeMuslim, Athan&Qibla",5,2025-09-29 17:19:43,wemuslim app is a most have to every Muslim young and old Men or women. Because wemuslim app is a game changer it's always brings you closer to Allah (SWT). Jazakallahu khair for the founder's of wemuslim app.,
f01748cd-a856-4000-848a-4ddf8b39382c,"Wemu: WeMuslim, Athan&Qibla",1,2025-09-26 22:45:42,"they make an app for prayer and allow ads with half naked women in them, the irony.",
7455eb2d-e9c1-4647-a1cc-2692b66b9b10,"Wemu: WeMuslim, Athan&Qibla",5,2025-09-24 23:27:47,Allah apni bargah Mai qbool female ameen,
5c04ed21-837c-49df-83fc-08a3f8b636b5,"Wemu: WeMuslim, Athan&Qibla",3,2025-08-30 22:32:12,"Good but 1. doesn't have a menstrual mode, like? and 2. sometimes the athan goes off 30 MINS later, I don't want to pray late! fix the app please",
6baac0cf-6f23-456b-93dc-42edef216f3d,"Wemu: WeMuslim, Athan&Qibla",5,2025-08-11 21:26:37,good for All Muslim brother and sister,
609f2cf2-0885-4d00-a614-91f2afc5467e,"Wemu: WeMuslim, Athan&Qibla",5,2025-08-03 14:22:48,mashallah really good every muslim bothers and sisters has to use this,
0d6a43c1-cc7e-4692-9b86-549b98207e32,"Wemu: WeMuslim, Athan&Qibla",1,2025-07-09 16:06:30,"yeah it might be a good app, but the ad experience is unacceptable and inappropriate, it includes sexual images and women not hiding their bodies well or their hair",
d3fdffad-9316-456f-8e15-7d23fedfde3d,"Wemu: WeMuslim, Athan&Qibla",3,2025-06-30 13:23:25,it's ad is very bad the woman was show her body it's haram,
ab4b5b26-ab27-4d0d-8c79-7e9373073128,"Wemu: WeMuslim, Athan&Qibla",5,2025-06-27 02:52:03,it's a very good app for my fellow Muslim brothers and sisters,
824e9f66-994d-4544-9bf2-e249ad63aade,"Wemu: WeMuslim, Athan&Qibla",1,2025-05-31 18:42:23,"the ads are inappropriate for an islamic application, i don't want half naked women while trying to read quran or checking the prayers times",
ecacc352-4d51-45f8-b2b3-7336483573a8,"Wemu: WeMuslim, Athan&Qibla",4,2025-05-26 02:34:02,"Think of adding a period option for women so that prayers don't count as missed ones, please",
2d3dc5e2-b774-44be-a1af-d0c32a461edf,"Wemu: WeMuslim, Athan&Qibla",5,2025-05-10 04:57:15,"Assalamualaikum ta'alaa wabarakahu, my brother my sister dielond dis app for phone you will achieve more I love it",
de9a70cf-1603-4db6-98c3-837f697dbb55,"Wemu: WeMuslim, Athan&Qibla",2,2025-05-02 11:25:57,"I really like the app, but today I saw an advertisement about chatting app and showing a woman in a not good way at all, and it's looking bad for an app it has Quran in it. It's really shame to see such a thing like that in this app. I hope you fix this issue real soon.",
5662eb17-23d6-48a8-95ca-adabe9d13fff,"Wemu: WeMuslim, Athan&Qibla",2,2025-04-06 07:48:51,"I used to use this app for a long time, and everything was good. Recently, ads have become so much that the app can't control what ads show. So, out of nowhere, while i'm using the app, an ad popup with an inappropriate photo for a woman showing her body !! .. Guyes, i appreciate the effort you've done in this app, but you must control what ads show or just stop this because It's haram.",
9127da7b-179e-4f00-a987-39c03e2f4a9b,"Wemu: WeMuslim, Athan&Qibla",5,2025-03-28 15:26:12,"nameste alhamdulillah for everything blessings blessings to you, hoppings that all the Muslims of this and their collips are all well and physical well been, on this junction, my only happiness to all of the people in this is get peace and tranquility any where they are, be welther my brothers and sisters, trying to be a good Samaritant, madioca, on my willing that is no problem about. nothing to be a nothing with out nothing, even a world",
6a06d316-bfb9-4ff0-9e25-59c360974d94,"Wemu: WeMuslim, Athan&Qibla",1,2025-03-27 08:50:11,"I didn't like the adult ads, 18+ chat apps with women's pictures in tight open clothes, it supposed to be religious apps so please pick ads that do not have haram stuff, I didn't like seeing the pics while fasting, other than that the app is good but I wwon'tchange the rating until I see ads that don't have haram pics in it",
7675f4ed-74b0-41e5-b521-0c03bcc5a3f5,"Wemu: WeMuslim, Athan&Qibla",1,2025-03-22 08:12:06,"Why Uninstall : 1-Showing a lot of women without Hijab, This is Islamic app NOT Instagram. 2-Not accurate with some prayers timings. 3-Helpless support.",
5656c00b-4afb-46e9-9aaa-b70d1d874eb8,"Wemu: WeMuslim, Athan&Qibla",1,2025-03-19 18:50:16,Muslim app is full of women bed clothes Ads?! how com!,
c66cfdaf-2fa2-41e6-8714-c87cf634e24a,"Wemu: WeMuslim, Athan&Qibla",5,2025-03-18 15:49:49,Assalam alaikum very nice. But can u make some widgets free please.But alhumdulilah the app is very good in its work. The azan times are super accurate and I will recommend my muslim brothers and sisters to download this app . But I suggest u to please add some widgets for free like the other apps do.,
8d5a3c91-8b9e-4422-bfce-c705b16ebf86,"Wemu: WeMuslim, Athan&Qibla",1,2025-02-28 15:06:37,"I saw a naked old woman in your ads, brother. What",
6422dfbf-dd45-4555-aed0-5b99d50bdc00,"Wemu: WeMuslim, Athan&Qibla",4,2025-02-28 00:37:22,"Alhamdullilah, it's has been superbly satisfactory, I hereafter using this app, recommend it to any Muslim Brother or Sister who wants to embark on Faith with just a tap, Tabaraka llahi feekum, Assalamualaikum",
869d8005-4121-4027-8010-c1a9bf137417,"Wemu: WeMuslim, Athan&Qibla",5,2025-02-26 00:24:12,It actually awake a believer at the accurate periods of Sallah,
a25ae3f8-bccd-4e84-9379-6eaf736206ef,"Wemu: WeMuslim, Athan&Qibla",3,2025-02-22 08:49:23,"Over all as a muslim it's a very good app for helping to do salah, quran, adkar etc. But please include a option for women, for their periods time. When I am in periods time, that I can't tick the prayers, that's make me sad",
bcf64a52-4326-4d1d-a19d-c999b35befeb,"Wemu: WeMuslim, Athan&Qibla",4,2025-02-21 06:31:24,Everything is perfect about this app trust me but please remove this majlis thing. It's haram since all na-meheram women and men interact with each other while there's nothing between them except shaitan. And please don't make haram things halal on this app. And ALLAH knows best.,
23387ec7-abf0-474d-97a3-6a28fb82a250,"Wemu: WeMuslim, Athan&Qibla",5,2025-02-05 10:40:14,A very good app for the Muslim brothers and sisters in community,
c9f0836d-987e-4221-9961-7bd1d8922946,"Wemu: WeMuslim, Athan&Qibla",5,2024-12-26 06:51:44,assalamualaikum my brother and sister alhamdulillah i have downloaded this app and have learnt a lot and thought my children and shared it with my family and friends all are so happy with this app they thanking me for the same and i would like to thank you'll who have created this app for us to learn a lot more then what we know alhamdulillah and allah bless you with lots of happiness ameen ameen yah ruble alamin,
da26efff-80f4-4334-aeb9-d9e0f1dc38c1,"Wemu: WeMuslim, Athan&Qibla",5,2024-12-07 18:37:16,we Muslims is a app that inspires Muslim brothers and sisters to do good and improve in their imans,
7b1d99a5-eb30-4623-a971-19c8cb04b59d,"Wemu: WeMuslim, Athan&Qibla",5,2024-11-24 08:44:26,quran is good muge quran bohot pasand hei i Love quran and i am muslim girl so beutiful quran and my mom is a muslim girl and my one number sister is a muslim girl and two sisters is a muslim girl and my borther is muslim boy and my grandmomther i,
f9c49187-fa78-4637-b42a-8d103541178d,"Wemu: WeMuslim, Athan&Qibla",5,2024-09-24 15:14:52,"very very educative and remindful.Lets all Muslim brothers and sisters get and installed the wemuslim app in our tablets,phones and computers.At the same time share it as many as we can.Let all of us be the source of one to follow the good path and others to embraced Islam.May Jannah be our final homes.Amin Ya Hayyu Ya Qayyum.",
45cf4853-f569-4899-ad58-efaadcb913e4,"Wemu: WeMuslim, Athan&Qibla",5,2024-09-09 16:41:25,"ILove this app. May Allah reward you for this, And I would definitely recommend to my Brothers, sisters and friends.",
3417bb6b-a708-491a-af96-6c22cce2c9db,"Wemu: WeMuslim, Athan&Qibla",5,2024-07-14 20:59:30,"The best application for every Muslim man and woman, I really advise that you download it",
061025f3-8eff-4c12-af84-7e211651737f,"Wemu: WeMuslim, Athan&Qibla",5,2024-07-13 04:52:34,Okie so my Muslim brothers amd sisters this app is the only best app in my phone to be very very honest i love it made me get more closely to my DEEN. May ALLAH SWT makes everything easy for us ameen. My favorite this about this app is ADHAN and TASK COMPLETING this its thee bestt . From my side its 10/10 . May Allah swt blessed the creator of this app Big shout-out to the human who made this app . May Allah blessed us all with his mercy ameen sumameen. WEMUSLIM must bee on everyone's phone,
7695ca1c-7350-42de-9c10-7780b2997d0d,"Wemu: WeMuslim, Athan&Qibla",5,2024-07-10 15:09:46,so useful app for every muslim sisters & brother's... download now ... allah hafiz,
ece29a12-9eb4-4701-b331-6f2862204ae8,"Wemu: WeMuslim, Athan&Qibla",5,2024-07-01 23:45:26,Assalamu Alaikum This is great app of all muslim brother & sisters Don't Miss to download this application. This app Is very helping me. And I hope this is very helpful for you.,
9519bf28-57d0-4c3c-b484-b587c1941a9e,"Wemu: WeMuslim, Athan&Qibla",5,2024-06-29 04:58:27,"Masha'Allah this is the app I have been looking for, it's awesome and perfect for every Muslim brothers and sisters",
01197f54-88c5-4d05-833a-24ceb76a7992,"Wemu: WeMuslim, Athan&Qibla",5,2024-06-17 11:54:58,"Assalamu aleykum my brothers and sisters this app is so amazing, Alhamdulillah!",
fec39eb2-6692-44af-97ba-9d9e2dd2f038,"Wemu: WeMuslim, Athan&Qibla",5,2024-06-13 03:18:12,every muslim brother sister should use this allhamdulliah very productive,
cc774491-6291-4803-a118-f116111ad425,"Wemu: WeMuslim, Athan&Qibla",1,2024-05-01 19:43:11,"The app is disliked, not very good. In this app there are some images in ummah option which are not suitable. An important Islamic app will have some things which are not expected. So be careful brothers and sisters of the believers.",
44682c3f-334a-40e0-ad57-683e34c183ed,"Wemu: WeMuslim, Athan&Qibla",5,2024-04-10 19:55:18,it's a very best app for our Muslim brothers and sisters.,
0f75fa24-315d-4fe2-82cc-b12476d5b6e6,"Wemu: WeMuslim, Athan&Qibla",5,2024-04-07 02:37:52,"Best Islamic app I've ever seen .. Ma shaa allah , surely recommended for all muslims brothers & sisters ..",
96558f78-ba55-4b23-a9d2-21bc143f9fc4,"Wemu: WeMuslim, Athan&Qibla",4,2024-04-02 10:05:55,Good but no female reciter. Still looking for app with female reciter.,
3b8c5865-1375-4ed5-bd2a-1e145d2be9e0,"Wemu: WeMuslim, Athan&Qibla",5,2024-03-20 06:32:50,5 star because it's perfect for me though I don't like reading quraan from phone but if I would suggest the translation recitation.. And there is glitch in ramadan activity (the share dua part) and everything else is beautiful also add aesthetic theme if possible in the redeem options ... And i recommend this app to all my brothers and sisters it's very amazing...... No adds makes it more amazing.. Alhamdulillah may allh bless the developer and team,
45c47d8d-e36d-4874-94dd-4d342cb751a0,"Wemu: WeMuslim, Athan&Qibla",5,2024-03-19 18:02:44,Ma sha Allah. What a noble work our brothers and sisters doing with the help of this medium.,
3196863b-4dda-4b76-8b1f-f5a3de0079e0,"Wemu: WeMuslim, Athan&Qibla",5,2024-03-18 19:43:26,I recommend to all muslim brothers and sisters,
5fcc0c2d-5f93-430d-a5a6-109e46da67ce,"Wemu: WeMuslim, Athan&Qibla",5,2024-03-11 17:24:41,thank you all Muslim brothers and sisters,
441405ec-8f17-4230-8a91-05fa6794906a,"Wemu: WeMuslim, Athan&Qibla",5,2024-03-11 16:26:07,The app is very good and I love that and she remember me about the Salah it's very very very very very very very very very very good app and n4 the children for the adult for any ages kids really good appian I love that and my and me and my browser and my sister all we are used this app really I love that very much,
7cf7e2aa-1226-4619-844b-161803738cfe,"Wemu: WeMuslim, Athan&Qibla",5,2024-02-22 18:08:10,best app for Muslim woman,
0c65f95f-469f-42e4-b293-097e31bb911f,"Wemu: WeMuslim, Athan&Qibla",5,2024-01-25 19:20:37,it's a awesome Al Hamdulillah nice app for all Islamic brothers and sisters,
79254cf3-badf-499c-be77-8644f5ada234,"Wemu: WeMuslim, Athan&Qibla",5,2024-01-12 15:44:48,Good app. I use it daily. Highly recommended to all Muslim brothers and sisters.,
d51bb8ef-1215-43b2-a9bb-e12492f3f109,"Wemu: WeMuslim, Athan&Qibla",5,2023-10-24 17:24:22,Please turn off news option in your app. Because in it I see naked women which is forbidden in Islam. You can give news without pictures of women. I hope you understand. thank you,
9b8073c8-f448-4eff-8c79-8ca24e045745,"Wemu: WeMuslim, Athan&Qibla",5,2023-09-01 19:04:00,Very useful app brother and sister loading it,
86dd6c7d-c666-4a57-819d-58f676f289b3,"Wemu: WeMuslim, Athan&Qibla",5,2023-07-19 12:24:58,Good Muslim Man and woman,
9bb91603-5881-4f79-9ffa-7fb9686c442a,"Wemu: WeMuslim, Athan&Qibla",4,2023-07-14 22:46:21,"Everything is okay but The Qibla Direction is wrong like all other application you should improve this else many muslim sister and brothers will pray in wrong direction in case they are some where they dont know. I am from Gujarat, India",
0ce11a6d-e3ba-4fa0-b2c9-afe009b27c66,"Wemu: WeMuslim, Athan&Qibla",5,2023-06-07 01:25:51,Wonderful experience thanks to you brothers and sisters.,
2d49cf32-9e60-4862-8596-68f216f8f604,iPray: Prayer Times & Qibla,5,2023-03-27 03:17:33,I have been trying for ever to find a app that plays all alarms for all 5 prayers!! This one is amazing and easy just download and set easy. All these popular apps want even sound the alarms at prayer times or have wrong times.. alhumdulillah for this app believe me brother and sister this app is the best one!!!,
211385c4-6547-44ce-8cde-d3dae7e1dac2,iPray: Prayer Times & Qibla,5,2021-05-05 14:31:39,Best prayer app. Period. I feel very fortunate that I found this app. Amazing work!,
30236c5e-4487-4248-b146-7ab482a13d01,iPray: Prayer Times & Qibla,5,2020-03-08 18:24:45,This is amazing it not only tell u its time for prayer but also notify you the time period for each prayer,
17d18488-2983-4c76-85bd-cc3bee0458b8,iPray: Prayer Times & Qibla,5,2020-02-20 06:20:35,"Very good app, It will more better if facility added for automatic silent options for the period of prayer",
09ba70df-6db6-4003-8145-cbe9ffb92c30,iPray: Prayer Times & Qibla,5,2018-11-11 01:32:29,Assalamu alaikum to all my Muslim brother and sister the best apps I'm very happy I use for my salah time thank you very much,
f132bc2d-3561-4d95-8e6a-ceda0ebf7549,iPray: Prayer Times & Qibla,5,2018-10-01 13:19:12,"Jazakallah for this excellent app. BUG REPORT: I have been noticing since forever that if I switch to the prayer timetable, it automatically scrolls ahead about 20 days. I then have to tap the TODAY button at top to view the current day. Can you look into that? EDIT: Thanks for the correction I also would like to mention that a lunar day cycle starts after Maghrib. As it is now the Hijri date changes at mid-night. So can you change that or atleast put an option in the settings to make the Hijri dates cycle after Maghrib? :)",
b342eb20-16da-45d8-840d-e15e915f9d41,iPray: Prayer Times & Qibla,5,2015-02-05 04:19:06,"I love this app, I had it on my iPhone. It's working perfectly on galaxy S5, & you can change the settings according to your requirements. I will definitely recommend this app to all the brothers and sisters.",
626152b9-ab4f-4a5a-b077-6b49c050bc38,iPray: Prayer Times & Qibla,5,2014-02-24 21:47:19,Thanks for building such an awsome app. Can I make a suggestion to include an option to let the user specify whether he/she offered the prayer or not? This would help keep track of prayers on day to day basis. At the end of the week/month/year the app can display a simple chart/list showing how many prayres user missed throughout the period. By using the chart one can decide whether he is making any progress or not? JazakAllah.,
dcde89a4-f189-4913-ba7d-dd5d05262881,iPray: Prayer Times & Qibla,5,2013-11-10 07:15:12,This app is extremely accurate and helpful. Was looking for such an app with qiblah compass and am fortunate to find this. JazaakAllah brothers and sisters.,
540560ab-2624-48d8-9776-51fa273db0b0,iPray: Prayer Times & Qibla,5,2013-07-18 18:03:07,Keep improving the apps brothers/sisters. Salam.,
0fd83299-6770-4653-9f92-35c5c5b99fd9,iPray: Prayer Times & Qibla,5,2013-06-17 14:20:14,"This app is stunningly designed, well laid out and works flawlessly well ! Just wondering if you guys could implement Shia time, because here in Australia maghrib prayer is quite a bit off? Well done brother/sister ! Update: I did what you guys just said, now it works perfectly. BarakAllah fikum !! Amazing.",
fb980077-76dd-4609-a1bd-3a007825266e,iPray: Prayer Times & Qibla,4,2013-05-07 14:06:56,"It will be good to have a brief description of how one uses this software. For example, where one faces. Because i noticed there is a red arrow, someone in sujud and the qibla (if am correct) Am a bit confused as to whkch to use. Meanwhile, this is a good idea especially for brothers/sisters in places where there arent mosques. Thank you",
92071c84-7b68-4ef3-b608-39d73c34f95c,iQIBLA Life,5,2025-07-16 12:24:14,"Salaam o alaikum brother and sisters! I've been using this app for a few days now to manage my daily tasks, and overall, it's been a decent experience. Ma shà Allah",
94a61202-f5f7-458f-a555-674f0a90ab59,iMuslim: Prayer Times & Quran,5,2025-07-24 23:03:05,This app is very good. I want all Muslim brothers and sisters to have this app on their phones. Thank you everyone.,
3eca4308-015c-4b25-9f24-00775c542c24,iMuslim: Prayer Times & Quran,5,2019-09-21 03:10:26,Nice one ...to use .. Keep it up to help muslim brother and sister to perform salah on time..,
