reviewId,userName,userImage,content,score,thumbsUpCount,reviewCreatedVersion,at,replyContent,repliedAt,appVersion
ac86309e-128b-468b-a3d8-8bb34c8ba38f,Daniyal 007,https://play-lh.googleusercontent.com/a/ACg8ocJzE0PotEU3N4oKSta2b6v4JafFgf3L-C6lcZS1dRGN6E1QHXA=mo,"One of my fav apps, i have been using it for the longest of time, It would be awesome if it also have zawal time before zuhar.",4,0,3.1.2,2026-08-18 12:19:21,,,3.1.2
bb888f13-584d-42de-93d2-b3916806160a,রিয়াজুদ্দীন চিশতী,https://play-lh.googleusercontent.com/a-/ALV-UjWFAVit_gFw5F4vqCSfSK7d7A-6DzHhucApPSUqm1_3lHDOBzDs,Though facing an issue regarding Qibla but it’s too much useful and smart. Additionally leaving one word for this app's minimal and efficient widget. Love it.♥️,4,0,3.1.2,2026-08-09 04:30:06,,,3.1.2
64d2633a-9515-470c-83a1-f6807fba4bda,Mustafa,https://play-lh.googleusercontent.com/a-/ALV-UjVW677rq1HJQX3cdGjIhGl7qxX220kUbfv8NiuGr_tYDs7YWw,تطبيق حلو من غير اعلانات ولا اشتراك شهري في كل حاجه لمن انصح باستخدام تطبيق بوصله منفصل لان البوصله في التطبيق مش افضل حاجه,5,0,3.1.2,2026-08-06 17:27:53,,,3.1.2
59e12595-6b39-43ea-ab0e-639dd9861607,Benjamin Benet,https://play-lh.googleusercontent.com/a/ACg8ocKItqf4RhfQ8S2JKy0E0Vb6scRScb9p0RUT_9gKEXN3aMIR4Q=mo,perfect,5,0,3.1.2,2026-08-05 01:56:35,,,3.1.2
5d537d18-13b5-49eb-8649-f316263fda45,Shatlyk Gurbandurdyyev,https://play-lh.googleusercontent.com/a-/ALV-UjUKAR_e6m_rwTpy6nA30ln8K8_4SxadeDkLUVMeGzQerjv4_oK3,Thank you,5,0,3.1.2,2026-07-29 08:20:14,,,3.1.2
1c0bbc73-89b5-44cf-b84f-39c55f0dcf75,Sardor Asadullaevv,https://play-lh.googleusercontent.com/a/ACg8ocJLejW1Ks4wTaqiTJHSpWXU40CUEV8v2zXzLEarvVifpwFJew=mo,good,5,0,3.1.2,2026-07-28 16:52:23,,,3.1.2
44ae877c-a475-4047-9b10-739db3fc870a,Elliot Gonzalez,https://play-lh.googleusercontent.com/a-/ALV-UjW-HylEDOmGWN_7ztrCINIqCz8zqGHjmKoPeCydQ8-u-vNtVv7a,it is really empowering knowing that this tool is quick to remind you of the prayers to ease the mind from other things that can keep you being late to the prayers 🙏,5,0,3.1.2,2026-07-26 17:15:33,,,3.1.2
cfc95fba-d6ff-446f-9eab-5eab9edf8357,Ghuson Zaid,https://play-lh.googleusercontent.com/a-/ALV-UjVpZ5L6Xpwk08eyd73Ti8Dzl0MPkhZ_FAPuVMAUTSyFVRMzV9LzmA,حلووووو والله,5,0,3.0.6,2026-07-22 17:51:48,,,3.0.6
206d7373-ef76-439a-b6ba-971d325ecfe8,Omar Dailisan,https://play-lh.googleusercontent.com/a-/ALV-UjVazO5rv5l6K2Ycc19rUoEOsw2BTJRs-DUyIerT3kTZEdn37EVf9A,One of the most simplest yet easy to use apps ever!,5,0,3.1.2,2026-07-21 13:30:06,,,3.1.2
3ebf496d-6399-4c05-9a4d-ded42aee9eab,Rahma Nakiberu,https://play-lh.googleusercontent.com/a/ACg8ocI18qpesFz9CC9Y127dBs2CuI0LDBxzrbBfOABlYMDq8KjKtg=mo,Allihamdulillah 💫 💯,5,0,3.1.2,2026-07-20 20:54:46,,,3.1.2
d6f234a8-4533-4a8f-8f6c-3bf6e1c8dc7b,Ade Bahdmus,https://play-lh.googleusercontent.com/a-/ALV-UjVnKtRSaZRHUWWo6qysSyJJR_K_GkpfPZWqJsqQKhCO-yJsdKaSMA,great app,5,0,3.1.2,2026-07-20 10:20:58,,,3.1.2
e52e3933-df4e-4fa2-ac07-c41f1c3ca6b3,A Issa,https://play-lh.googleusercontent.com/a-/ALV-UjXgCo-rcUlOwNhr1I_ymHkNnmH7dQvbbhO9bzt70dTYr_sa9iVjSA,"It does what it says, functional and effective with no ads that I can recall.",5,0,3.1.2,2026-07-20 07:14:41,,,3.1.2
a5bb4a16-e8bd-40e2-ac4d-955aa9670142,Musuwaa Dika,https://play-lh.googleusercontent.com/a-/ALV-UjUJpjnRQj_zukH7BWODcJKZm4jmeO45h2LUGgM__MJElpaq7oDX,"Nice interface, but it's not super customizable.",4,0,3.1.2,2026-07-19 19:25:10,,,3.1.2
bf4e3887-a481-4802-a773-02644fe374f9,Abrar Rahman Nafim,https://play-lh.googleusercontent.com/a-/ALV-UjVW39sHVbdUosTna7QJ0PC9XBsDAs_l79vqe8fy40vOB8Xg8N-KlA,Alhamdulillah Best App From Remembering Namaz. Love From Bangladesh 🇧🇩❤️,5,0,3.1.2,2026-07-11 20:10:18,,,3.1.2
52ad8902-8862-4c38-8761-f8012192872b,Gamer Hammad,https://play-lh.googleusercontent.com/a/ACg8ocL9OKFx9USUFsYRLuLHTF3lgFKJqI7X0ROzxreNwQvpwfVq=mo,v .good app,5,0,3.1.2,2026-07-11 19:53:03,,,3.1.2
38206054-b6d8-4056-a999-ed16b2f7650b,munojat yuldasheva,https://play-lh.googleusercontent.com/a/ACg8ocJ9qnbo8_isT02bbwfsJh4btszpoqeyuY5mS2PCLzzm8wGHng=mo,helpful app for muslims,5,0,3.0.6,2026-07-10 17:49:18,,,3.0.6
0f403aa6-ea0f-4381-b565-d78a4410d9aa,Jeffery Ward,https://play-lh.googleusercontent.com/a/ACg8ocImlnbJyfacKZ5ejZDC_kB4YGSFde_8LHZjWCRIUXRKJoxdOA=mo,Alhamdullilah,5,0,3.1.2,2026-07-10 14:22:20,,,3.1.2
50146959-2afc-48eb-ba97-b7a35af21381,Mahdi Al Sudani,https://play-lh.googleusercontent.com/a-/ALV-UjXbqrl6gfAd-yanLOXdCPA3t9_ZbF-i7-_m4xvbo7hT2ghefzpo,can you make a Shia one,5,0,3.1.2,2026-07-09 10:12:34,,,3.1.2
eaaeefc4-3161-4f5e-ab29-b6fb5c653aa1,Saad Mirza,https://play-lh.googleusercontent.com/a-/ALV-UjV1fqCtTDZlEXvE5ma4wee8Ugt3_uuI1sopHSTY7rswzWhJGEcZ7Q,Its a great 👍 app,5,0,3.1.2,2026-07-08 08:43:17,,,3.1.2
d1985b8a-2754-4897-b8ac-917001d32fbe,Ogunmola Oluwatobi,https://play-lh.googleusercontent.com/a/ACg8ocIyv_cA1RRL1H3qjOYtJxNNykd3P4HcK9L0ZPy6CCGIp-DTtw=mo,very incredibly,5,0,3.0.6,2026-07-08 01:46:52,,,3.0.6
2f4700bc-dd7b-4e60-a068-7db556c447a9,Ferebory Kourouma,https://play-lh.googleusercontent.com/a-/ALV-UjWHI3OMjZ2EbocTrrHnPG01byaTZ7PJ-VhhIJ7mxQbuC8xLqH8,is it the best app to pray,5,0,3.1.2,2026-07-07 01:49:29,,,3.1.2
e923a936-80dc-419e-9e55-ba681fd8ff32,Y A Fatma,https://play-lh.googleusercontent.com/a-/ALV-UjXShK9AGmp0gutMh9NgtY7_4uAZQdK46OTdbjL9xRsAhH-NU3Snkg,Simple App but with local accuracy and Beautiful Adhans. Highly recommended Jazakallah,5,2,3.1.2,2026-07-05 06:08:19,,,3.1.2
e2921591-29f9-41a4-b897-62316eb1e82c,abdallah habahbeh,https://play-lh.googleusercontent.com/a-/ALV-UjWEVrm6UXR-ja4y6rwILNhEUi8RyGi1snZ8_fI_aXPNLcsw1nbo,"outstanding 👍🏻 hello team , I'm facing a slight issue, the app doesn't alert while the screen is off until I light up the screen , and thank you for your efforts 🙏",5,1,3.1.2,2026-07-03 04:19:48,,,3.1.2
988687fd-b527-46b7-a3ed-29952c05edc6,reyhan yl,https://play-lh.googleusercontent.com/a-/ALV-UjWgaMm4mkMLMHaXBNjEKmPGWT-eu0si3sIj_QYyO9CcCtmZUak,Really easy to use,5,0,3.1.2,2026-07-03 03:23:36,,,3.1.2
9d3663c0-d6a0-4e20-98c6-9c6ae98cd665,ijlan ahmed Shaikh,https://play-lh.googleusercontent.com/a-/ALV-UjUUsNWNvTWxMjMu-to7h9TcgqR5gUzAdpu6K-5goXhQXJmBmYbIxQ,good,5,0,3.0.6,2026-06-29 13:21:19,,,3.0.6
95cfb792-a288-4054-b12d-bc3bc42be842,Brother Logic RMF,https://play-lh.googleusercontent.com/a-/ALV-UjVLTS4DXdf1bP0jA8FDmGJ3EsE0BnRf7ol4L2BbQdDjZbFFnErI,The best Islamic prayer alarm on the Google Play store 💯,5,0,3.0.6,2026-06-28 00:45:27,,,3.0.6
2d66344c-d253-4aca-969f-bc793323a4b5,Yulduz Bobokhonova,https://play-lh.googleusercontent.com/a/ACg8ocLjCWRxxO630MFxzJqLfnbQUEPnRV4EqNC4H-hEXZ9Amjl2ZA=mo,the best everything is clearly shown,5,0,,2026-06-25 20:15:59,,,
56fabf6d-8f26-4b8c-875c-62f7607ca6f8,Carladonald700,https://play-lh.googleusercontent.com/a/ACg8ocJcticGuFSJDE3jxP-5ICW8o0N95P7LYNOfnnf0U_kMYGYUIA=mo,Asallamalakum my brothers. this is a fantastic app. many great features and my favorite is the prayer timer. it counts down to our next prayer time and in the busy structures of our lives it's very easy to lose track of time especially for me. so when the alarm goes off it's time for Dua and a peace comes over me when I can pray whoever I am knowing my brothers are doing the same at that very moment. peace and blessings. Alhamdulillah,5,1,3.0.6,2026-06-24 06:49:06,,,3.0.6
64bc6325-116a-4f13-953c-9074c67fb4d2,Heykal,https://play-lh.googleusercontent.com/a/ACg8ocLfcj_NcF0iSybqYl3YAFqiip1MzTz0FPnmzpyHw9VnjN6Nhg=mo,Simply the best !,5,0,3.0.6,2026-06-23 15:47:53,,,3.0.6
e552b217-5b47-46b7-8953-5358ce1d2f77,MuhammadHasnain Muvavia,https://play-lh.googleusercontent.com/a/ACg8ocLGHG1bj3KUbLkG0ORJRYctd_s6XFfVW9orvX-a6OsmJOaquw=mo,ماشاءاللہ بہت اچھی App ہے,5,0,3.0.6,2026-06-21 06:10:23,,,3.0.6
83664269-785e-49be-9548-20d0d2357b0f,K&K Productions,https://play-lh.googleusercontent.com/a-/ALV-UjWYsy002lm3RpfC2rRqQWj3qKTCxQxWpCk7AWIb9rke7V6buEhZ,Great to have keep up the good work ☝🏽☝🏽☝🏽☝🏽☝🏽💯💯💯💯💯🤲🏽🤲🏽🤲🏽🤲🏽🤲🏽🤲🏽🤲🏽,5,0,3.0.6,2026-06-18 16:23:39,,,3.0.6
0abcaace-dcba-440c-a938-5c44c6e56915,Abdul Qadeer,https://play-lh.googleusercontent.com/a/ACg8ocJTtV15RmD4Tdi5ZVY6XEkNCp3i09J6xM8UnYaTQpVwFYzA=mo,superb,5,0,3.0.6,2026-06-18 09:30:04,,,3.0.6
e9debea0-3331-474b-9281-c217eb25dc54,collaboration,https://play-lh.googleusercontent.com/a/ACg8ocJRgzVLYnlGprNqcmBjlasnlpZaH7YnMLnAgYDFXnxgLwcO6g=mo,app yg bagus,5,0,3.0.6,2026-06-13 10:54:42,,,3.0.6
804d9516-3994-4038-86ae-c8d24b35612d,Abbas,https://play-lh.googleusercontent.com/a-/ALV-UjW389t9Mb9q-n1n-JpMvQjrc8OKoJgWScAtIGa2niHAKwzwBFU,good,5,0,3.0.6,2026-06-10 08:57:16,,,3.0.6
273b7c92-d767-4bde-8349-6bcdcc55e1ed,Muhammad Mahmud,https://play-lh.googleusercontent.com/a-/ALV-UjXqx9hNMYnIt8YXQMO8UHAj2LgyXRsFnxPmhf1BTPYQ0s571UA_,Very Nice,4,0,3.0.6,2026-06-07 17:28:02,,,3.0.6
d1d422dc-6fb1-49fe-a286-9aac2861abb9,Nafeesa,https://play-lh.googleusercontent.com/a-/ALV-UjUioW4edw1LOUSHewbLmWxakWxu8Vk0bHte2NU-MQsk6uI56hs,"Every Muslim who prays five times a day needs this app. As an Indian living in West Bengal, I was very upset when loudspeaker azans were stopped in many non muslim-majority areas. I used to feel sad about missing the call to prayer, but thanks to this app, I can now listen to the azan on my phone wherever I am. A heartfelt thank you to the app team for creating such a helpful service.",5,1,3.0.6,2026-06-05 18:29:18,,,3.0.6
e6451b51-6569-4aaf-a942-7de317425ade,Matthew Warfield,https://play-lh.googleusercontent.com/a/ACg8ocIRY7EhzKNM_rW_bBRRoR6h2OQCeCYiEFlvN606mbZE7QZVKQ=mo,"I'm new to having a smart phone, just hearing the Adan brings me to tears and on alert ----- salat is now in!!! if you say your Muslim and want to pray on time, this is where it's at!!! Thank you",5,0,3.0.6,2026-06-02 16:36:27,,,3.0.6
9ed6203c-f14f-4f24-b9aa-d619206a8d46,Cornell,https://play-lh.googleusercontent.com/a/ACg8ocJAZWX8G_4sM5Mdu4hPwY_aeb4dRUS4g2F31c2IYaHBTpR6JQ=mo,insha ALLAH THIS IS A RELIABLE APP.,5,0,,2026-05-23 03:00:10,,,
be3828d8-b57d-49a6-9d45-89fbfb67fa61,haneefa thopilparambil,https://play-lh.googleusercontent.com/a/ACg8ocLMFtkp5u0lLam_miSKhEmYxWAcnbQK3pahWYvhoSAehznENg=mo,Very good,5,0,3.0.6,2026-05-21 16:40:26,,,3.0.6
01151571-d274-41f5-8362-12e9d6f0c469,Syed Jilani,https://play-lh.googleusercontent.com/a-/ALV-UjW0SQ61bXODoCnIfKKnrevUm087o15O9E6PAdpR3RzKSrWQkbLsIQ,"absolute best Salat app. may Allah swt bless the dev. team. no ads, no invasion of privacy, excellent choice of Azans from all over the world.",5,1,3.0.6,2026-05-20 01:23:27,,,3.0.6
8b43220b-82ed-47f0-971f-3aa78fbb3ffa,Nazma Rahman,https://play-lh.googleusercontent.com/a/ACg8ocLOWmV-i3lhpJgEShQNKmwkvDH4K921_uGel0nmCPMeVVnPsA=mo,Good app and great for Azaan but it messes with my alarm system. I cannot adjust azaan volume and when the azaan comes on it goes up to maximum volume and because of that my morning alarms are all on maximum which is too loud for when you wake up in the morning. I like it and want to keep it but if this issues keeps persisting then I will probably uninstall it and find something else. fix this issue please,3,0,3.0.6,2026-05-17 02:12:44,,,3.0.6
3c124de8-0ff9-41d3-a495-23bd57d75202,Adamu Adamu,https://play-lh.googleusercontent.com/a-/ALV-UjU9n6julJhBhRqATnQCJALeFrZZnHLmOVmA5kWtB3q8CS3izSWM,very good,5,0,3.0.6,2026-05-15 20:11:49,,,3.0.6
6c54be82-7b1d-4b69-b44a-f86ae5ea1d3e,Imran Fruitwala,https://play-lh.googleusercontent.com/a-/ALV-UjUyHYl1b8H-2RIhUXzkrhYaFBNGAymz8uKmzQ1_V4ColnLU3fhx,Best Islamic app ever...,5,0,3.0.6,2026-05-13 13:11:44,,,3.0.6
75c5567e-24ea-42e4-af6a-9374ff636590,Imran Ali,https://play-lh.googleusercontent.com/a/ACg8ocJ0jafDEXIUGX-lwVMm4tRPDG9ZUKwOYhjTaZIJWLT9D_Gjlg=mo,"Absolutely The Very Best Salat Time App in the world. No ads & excellent, clean layout. May Allah Azzawajjal grant HUGE HUGE REWARDS to the creator of this app, in this world & hereafter. Ameen Ya Ameen 🤲🤲🤲🤲🤲 Ya Rabbal Alamin REQUEST: PLEASE ALLOW OPTION FOR MUSLIM WORLD LEAGUE SALAT TIME IN THE USA. THANK YOU",5,4,3.0.6,2026-05-12 17:13:52,,,3.0.6
63b55ff5-efd8-4026-af65-1fce98c872ed,Mee,https://play-lh.googleusercontent.com/a/ACg8ocKrsoMCRVBNbBp_7fYfwaCzB57DVYVDWpwlGJQqr_Vh_QihRw=mo,"Unfortunately, alarms and reminders are treated as ""media"", not ""alarms."" So even though I turned my alarm volume all the way up, because I keep my media volume low to protect my hearing, I couldn't hear my prayer alarms/reminders and missed Fajr. SO frustrating and disappointing. Really wanted to love this app... I hope the developers will fix this issue. :(",2,1,3.0.6,2026-05-11 16:37:43,,,3.0.6
cd5d6c8b-02a9-4cf4-beba-7d6797ea63d0,rashdan nabhan,https://play-lh.googleusercontent.com/a/ACg8ocKf47ugFocon-ff-Jzkm7zPv0y_G5UiAR0qLrHngtnx9Xd2AP8=mo,Alhamdulillah,5,0,3.0.6,2026-05-08 17:47:52,,,3.0.6
3dbc8969-b469-452f-85f2-f961234cd4b3,Nusrat Mahmud,https://play-lh.googleusercontent.com/a/ACg8ocJLndNxXldhYVspoiJO_JCw5gxBiwPzkXCbGJQSXORrPUwbqA=mo,"This app is good because there is no add, most of Muslims apps when open to know when the next prayer time that time start adds, everybody see adds after that show prayer time or something like this, that's why I am very happy with this app, and also thanks for that app.",5,1,3.0.6,2026-05-06 07:52:53,,,3.0.6
dcb1762a-a0ed-47a5-919f-47a6d0ad73a9,Mohd Taha,https://play-lh.googleusercontent.com/a-/ALV-UjVdfga9hgrjtnVy7TFIe0cxvvFuK0_qoB4gZV8kttP6v8X1AOfwcg,best for timings,5,0,3.0.6,2026-05-04 08:12:59,,,3.0.6
e68c5b9d-266c-419b-a03e-3b6faa664c4d,BlueFish,https://play-lh.googleusercontent.com/a/ACg8ocIb2E05c0N17nXbvnVPfivQ_9fp4O67UuQXfqtomas0nM5B3Uc=mo,Athan sounds doesn't work only the annoying beep sound.,1,26,,2026-04-23 09:41:27,,,
2b629d91-baa6-472e-b9f8-c45040e175e6,Antonio Purnell,https://play-lh.googleusercontent.com/a/ACg8ocJ4oWfHjmyWYh2swd81_qbThHu87BmSy0yDPPNVPiQZrJbgzg=mo,awesome,5,0,3.0.6,2026-04-18 00:12:32,,,3.0.6
7bbfcc98-9fb3-4d9c-a44a-926396163a04,Sayyad Althafbasha,https://play-lh.googleusercontent.com/a-/ALV-UjUZsctRF9KDpPzSGpLkN6yILFTESseAhwxYzvmIjDeSDgOassQkzA,nice app,5,0,3.0.6,2026-04-06 13:41:00,,,3.0.6
0c957a06-599c-43f8-ba4b-3dc475043315,Sadman Fahad,https://play-lh.googleusercontent.com/a-/ALV-UjUE2IMZOyEN8gyFAjH1li_dc4ys6KCzwzT9kQ8y9dBrTr2m23WqHg,best with notification,5,0,3.0.6,2026-04-04 04:46:43,,,3.0.6
68ffd98a-8855-497a-a658-093c4e96efde,Habib Yagoub (はビブ),https://play-lh.googleusercontent.com/a-/ALV-UjUjPg6ZA1-XmvYoNdzZHbn98nSHoGrWrMjl7gto2GXNXcPWOl6E,Excellent app,5,0,3.0.6,2026-03-31 11:24:56,,,3.0.6
cea32aeb-c786-4324-8662-2a2eb6c33097,hasanuz zaman,https://play-lh.googleusercontent.com/a/ACg8ocJTrOh8plV6lU7-irGdrhlukwGaKoyP6iQb6VLPqQFf6au2tg=mo,"its amazing, correct and perfect. Besides its design is classic and simple. I like it and it's very useful.It's such a great app for Muslims.",5,0,3.0.6,2026-03-31 06:08:46,,,3.0.6
9fe05620-b97a-4211-9596-79f942e59a32,Hishaam Mazi Kotwal,https://play-lh.googleusercontent.com/a/ACg8ocKR0f6v8Vc9QCp0tSfqAHlE7GG2I5z1KIxtE9hLE3gfr7s6bw=mo,"Good app with all the features I need, and there are no ads as well. Jazakallah Khair to the developer, it has helped me a lot especially with prayer times. Just a suggestion, the Quran sometimes doesn't work without internet so if there is a way to get around this it would be useful",5,12,3.0.6,2026-03-30 02:48:46,,,3.0.6
7734f26e-9fc6-4b70-8102-6f3479ebad2c,Abdur Razzaque,https://play-lh.googleusercontent.com/a-/ALV-UjUf05TV6WbLUIeHJmuvZhSQmG_qqAy08rKEdcb5PPa6DU73NCLFjA,please set up properly time of Sunset showing sunset before sunset. please set up thank you,3,0,3.0.6,2026-03-28 09:09:33,,,3.0.6
45ea8292-6ebc-4cfe-aa61-ae4ac4c22389,abu malik 1953,https://play-lh.googleusercontent.com/a-/ALV-UjXWEOto_EUoTwNKbM-iPEhOyg9ql2xKGcY6x5I2vijb-pItltM,excellent,5,0,3.0.6,2026-03-23 22:39:51,,,3.0.6
dbc529d8-441d-4493-a5e6-4cf4f812b65f,kashif saeed,https://play-lh.googleusercontent.com/a-/ALV-UjU7hI8ZzUL5dTsSC32Jp8QYIj9jMNeXpOmxoHsgWz19eAevzmXo,"why the hijri date is not adjustable? My location is Faisalabad, where today is 29th of Ramadan, on app my location is Faisalabad, but app is one day ahead, following Saudi Arabia, showing 30th of Ramadan . if i open the app then notification comes other wise no prayer notifications there, in app Quran settings are not easy to use, please visit Islam 360, you will understand an Islamic app how easy to use and how features are there",2,1,3.0.6,2026-03-19 16:48:24,,,3.0.6
9c7c9df4-45f7-48bd-832b-9477d5ef8d07,ziexszp,https://play-lh.googleusercontent.com/a/ACg8ocIVJsnJfRXUb-xjcpj5PcC3NkT-pJY0jfkmzhlqiOOfp6L0nw=mo,please add 3abd al basit athan,5,0,,2026-03-19 12:24:27,,,
e6523a3e-127d-422a-a620-abaebd51f586,Seydina Oumar Coulibaly,https://play-lh.googleusercontent.com/a/ACg8ocKWlL4i83VpvBRiUKuvsRwIFvka4Cd8NK-XKq34MUfKPWcnfPA=mo,جزاكم الله الجنة الفردوس,5,0,3.0.6,2026-03-18 19:22:42,,,3.0.6
6c262ee1-894f-4a25-aacf-2129070d5fac,Mohiuddin Koppal,https://play-lh.googleusercontent.com/a-/ALV-UjXbrSK5B-sshkX7IDU78vwZizdLdkzVEmWxU66ogtObsBi6fTo5dg,Good,4,0,3.0.6,2026-03-17 10:49:55,,,3.0.6
6a82c3a1-7311-4ab8-99c9-a9cff93e0e67,Sakina Joseph,https://play-lh.googleusercontent.com/a/ACg8ocJw3lYsbU4Y0S8Q6BgZAxqf2-H-NZ8kjZXa4t6RW3oa6ynJzA=mo,awesome app it's 😍glad to have it,5,0,3.0.6,2026-03-15 21:30:55,,,3.0.6
55234128-78ed-4eaf-9036-9bbde000d9db,KW DS,https://play-lh.googleusercontent.com/a/ACg8ocKW01Gsz5KImRRKC0Bv7Fg1m4AJCHNNy1uQ0yZoCrNA2F0h=mo,Thank you for this app,5,0,3.0.6,2026-03-14 20:35:51,,,3.0.6
8d055685-7a7f-425d-8b00-f42449c5ba33,HASIB,https://play-lh.googleusercontent.com/a-/ALV-UjWhoBM_VSTUbpqmW-NDk9z5TQhteiBdt1Lynh0LpEi8PKisfBz7hQ,prayer times not match in local mosque ( 6 minutes different) as per Oman ministry of Endowment & Religious Affairs. no option found to adjust prayer times. pls update for manual prayer times correction. the app really lite.,3,0,,2026-03-14 07:16:40,,,
f4bfa2c8-32fd-4d66-8e3a-3832f70aba2c,KING,https://play-lh.googleusercontent.com/a-/ALV-UjUrFRwtZ20oVP9LsRTFFwlbrHeHWrVPBgkMUNNSAtTnCe6tongR,does what it says it does,5,0,3.0.6,2026-03-13 22:38:25,,,3.0.6
962515c5-8952-4e06-9642-633a2b07f5e0,Sbdul,https://play-lh.googleusercontent.com/a/ACg8ocKE0ZEwaZOUlJaUUV2hDVmJ701oZCnyzBrCwPeviaL34E7bZw=mo,"Habibi, and may ALLAH bless you and your family",5,0,3.0.6,2026-03-12 16:24:05,,,3.0.6
80868927-3218-49a5-8e6a-0bba732fb393,Mo Abdi,https://play-lh.googleusercontent.com/a/ACg8ocLFEFIzSd3axnNXgT41M1d5L9-UxYh2BgQa2An7J9fj5zvbbQ=mo,Great application with all the duas and prayers time.,5,0,3.0.6,2026-03-11 08:37:13,,,3.0.6
7215784b-5172-4afb-852b-bcbdf09ee48c,Ghulam Murtaza,https://play-lh.googleusercontent.com/a-/ALV-UjVWz0Aj2MpoP_IXMvtEdnAMAN4MVzXjpP-mcYSIp5UrqRtioWJW,nice ☺️☺️☺️,5,0,3.0.6,2026-03-09 14:19:47,,,3.0.6
3247c245-1249-45c0-9ff3-ddc1605a034d,gdg tube,https://play-lh.googleusercontent.com/a-/ALV-UjVeD0u_-WNb2syVUbRcGEXuuuTVVqgqblBGwHFN6R7w_sSIAuHC,"Today, daylight saving time started in the US and it started showing wrong timing for everything (1 hr early) pls fix this!",3,2,3.0.6,2026-03-09 06:43:31,,,3.0.6
23ca7057-e96b-454a-a17f-6828077d3a3a,Heba Ali,https://play-lh.googleusercontent.com/a-/ALV-UjWbKkNq3JjgRfO7-CdHOJCtWSbWHQPS8ptmT6rPQaY1ah9RX-u8,"Very Very Very Very good App for praying,,It's enough to me it reminds me with Doha praying and night Qyiam ,but I want something to add in it ;to add other adhan sounds and other notifications,,,Thank you 😀 😊 🙂",5,2,3.0.6,2026-03-08 18:25:19,,,3.0.6
89b83f81-4344-41b9-8bd5-12c502afe967,Cornell,https://play-lh.googleusercontent.com/a/ACg8ocJWbm0NuVCRfJ521rtUCPSQm5nBI_wPEyQ5hHAPxx3Bm7UP=mo,ALLAHUAKBAR,5,0,3.0.6,2026-03-07 14:31:01,,,3.0.6
0ed3528c-f25c-4439-af3f-f43396989321,Robert Gibson,https://play-lh.googleusercontent.com/a-/ALV-UjUo2BRbmWmwOzllmdgBIYox-qmISxvTkHSUq_hsqGriVINA2Ik,love the app Thank you,5,0,,2026-03-07 11:17:52,,,
48a3426e-f410-4636-9ad6-6e0a1a412ac9,Mhira Ritz,https://play-lh.googleusercontent.com/a-/ALV-UjUNXxaocl0Kd4m8RC3IenkTx_KH8VDW1OITWmECTXrxlNTvuGw,Alhamdullillah jazak Allahu Khair,5,0,3.0.6,2026-03-07 02:25:17,,,3.0.6
552f1a6f-26f8-4fcd-97a4-0a0d3e0930f5,Heba Ali,https://play-lh.googleusercontent.com/a-/ALV-UjWbKkNq3JjgRfO7-CdHOJCtWSbWHQPS8ptmT6rPQaY1ah9RX-u8,"Why the app doesn't download in my tablet, just phone!!!!!!",1,1,3.0.6,2026-03-06 17:47:34,,,3.0.6
4cc66217-54b5-4737-a7f2-d889668017de,Imran Khan,https://play-lh.googleusercontent.com/a/ACg8ocKXbZvKxSD5dROI2AAdd7F6n2RVPQNfUMDboSS1qwO3s7ArNA=mo,best app i ve seen so far,5,0,3.0.6,2026-03-06 05:29:21,,,3.0.6
f9ac664f-83b6-4fda-ae92-5f189c431eb7,Muhammad Wasagu,https://play-lh.googleusercontent.com/a-/ALV-UjW58huFc1iT_LJtygKUVHPeJdAanU0lO87apAk2Ak-DEKyagkGHIg,"It's indeed very helpful in meeting up some of my religious obligations especially, regarding to timings",4,0,3.0.6,2026-03-04 23:37:52,,,3.0.6
10c7fbca-0c4e-46d5-968b-4fcad9ab75ec,ola tech252,https://play-lh.googleusercontent.com/a-/ALV-UjU2FCFgj5vwCv-Mwu5c8qB78F9PzijnbUyEt3uR8_n0hOniNeE,love you my application,5,0,3.0.6,2026-03-03 14:50:08,,,3.0.6
714cb99a-f185-4c8f-94e8-312b1faf4f4d,Agent 187,https://play-lh.googleusercontent.com/a/ACg8ocK4fk6AwYXT7w3UmOnCTEmZP93E4QMFiPcDvOFPCNiBkVjeLw=mo,Habibi Jazallah my dear brothers and sisters who created this app truly may Allah bless you with the very best in this life and the next inshallah,5,0,3.0.6,2026-03-03 05:54:41,,,3.0.6
3a2fb0fe-7842-49ef-a30e-806932a93407,F. Rifqi,https://play-lh.googleusercontent.com/a-/ALV-UjWtLuwZLDWHJhEMIhTT6wuYt9t38wki3L5pEHpMOc4iI8s3RiNyZw,great adzan,5,0,3.0.6,2026-03-02 14:12:42,,,3.0.6
4bb94544-27a5-4098-ba28-028352362515,Omer Kosker,https://play-lh.googleusercontent.com/a/ACg8ocJYhtC1popjfUCx9yqGJju7O04ot8QwxcbYyrAgw6-Z2nUBH60=mo,"Very good app, I'm all ways on time for my prayers and when I want t on read Quran I just have to open the app. Very Good👍",5,1,3.0.6,2026-03-01 19:59:33,,,3.0.6
4d7f7524-c18d-42c4-8ed0-d0d50f2da936,Shahjabi Naaz,https://play-lh.googleusercontent.com/a/ACg8ocK-fT3NheQ9i1TIWLQu8dZ_xHvYOHnX7MhdBSbLheHaysWUXQ=mo,Super exultant,5,0,3.0.6,2026-02-28 13:06:01,,,3.0.6
9f51fca1-6f8a-48af-b838-e1a5063c61ab,Ch Rubas,https://play-lh.googleusercontent.com/a-/ALV-UjUc7fucoQpfqAUS17-uoxtFpTvxH8d125nfKCIPsHQZ4umSFL6C,Good 👍,5,0,3.0.6,2026-02-27 06:28:37,,,3.0.6
4d8482fd-5a71-42c9-abbd-ddf3fcbe6261,altaf bhat,https://play-lh.googleusercontent.com/a/ACg8ocJXCbHgrOoelVl2C3adDrX_5MQkuMqTEBEJo0VeMI3TTVHb1w=mo,"accurate timing and easy to use,",5,0,3.0.6,2026-02-26 06:04:16,,,3.0.6
c72432a3-190d-4b2e-ad55-d097307b7e45,Mdsaleem Shaik,https://play-lh.googleusercontent.com/a/ACg8ocJqgds4xjIICbos7W0kYjg3wxbT45LYyargHbtlsjdfOBpUOgE=mo,massha allha bahut accha he,5,0,3.0.6,2026-02-26 05:06:17,,,3.0.6
3697b5c2-c5e9-4e58-b634-f6aeecab04ba,Jasim Abduljalil,https://play-lh.googleusercontent.com/a/ACg8ocKYO40zboFH1ZC7WLtuVo-H_8C5ln7_-2MWRzXDPVGei-8ZBA=mo,why is the adhan alarm clock not ringing? and sometimes the salah remaining time reminder doesn't ring when it comes but the time becomes minus.,3,0,3.0.6,2026-02-25 13:09:43,,,3.0.6
bc543d71-85d0-433b-a6e7-92c28247fa1c,Naila Chaudhary,https://play-lh.googleusercontent.com/a-/ALV-UjVMfwhjAXTcUWYwGMg0n-cVANCD22LECYFgnhQdL8BFQ1pt8b4,I love it. It's simple and all in one.,5,0,3.0.6,2026-02-25 12:19:52,,,3.0.6
fc55ff87-75de-4fba-a0bd-069fab115771,Anjum,https://play-lh.googleusercontent.com/a/ACg8ocJGPy_f3DMaD4lYrG7BQp0FaRRSc3kBIW9TNnLO041SKYe32g=mo,good,5,0,3.0.6,2026-02-25 11:32:55,,,3.0.6
7c10292a-887e-4d52-8a73-31df4b0344e8,Abam Rasid,https://play-lh.googleusercontent.com/a/ACg8ocJyGs3QpfajU2vh7ajE0Uror3DjPTn9sOU73ItaQeEmmaT15g=mo,alhamdulillah,5,0,3.0.5,2026-02-25 06:47:12,,,3.0.5
e08621a4-bb47-48a5-8d6e-3dc37a7ba4bd,shehzad liaqat,https://play-lh.googleusercontent.com/a-/ALV-UjWxjMBkF9wjH3QtiqIQzj8f7NMs4NwarSlnPBNZ-sWv6_1VqP3D,super,5,0,3.0.6,2026-02-25 06:42:51,,,3.0.6
3d0b0e59-d14a-492d-8dd0-2cd0ade9ca7e,Faisal Khichi,https://play-lh.googleusercontent.com/a/ACg8ocIsqcu3JzW2uKG2phMQei4M5RCjsHtBLf7ozdmaUtMNmkpLReQ=mo,best,5,0,3.0.6,2026-02-24 23:20:30,,,3.0.6
b3a85d51-3b0f-484f-870d-36afbb5ce605,James Malone,https://play-lh.googleusercontent.com/a/ACg8ocJEoLPdc0WXn8suVOjZZOf8TUdlF-Rc95Cv38Zde5mxGHJvNA=mo,beautiful,5,0,3.0.6,2026-02-23 19:02:06,,,3.0.6
936fed5c-1167-4abb-a857-82a2620022b2,Akim N khan,https://play-lh.googleusercontent.com/a-/ALV-UjVhqAOCW3Me24hbQGygnAYoWnCJ-yiPJWPTuVR9TKH84sYz_xA,"Nice creation , looking more things together.",5,1,3.0.5,2026-02-22 19:06:48,,,3.0.5
9d91966a-f8ff-4d49-ad30-a60650d20ade,Asif Lashkar,https://play-lh.googleusercontent.com/a-/ALV-UjXEUipuoN2UPPNNczVZUBvYyS5lpYLzusPwmMPZC9mlbnb1bfe9vA,Alhamdulla Good 👍🏻,5,0,3.0.5,2026-02-22 18:18:55,,,3.0.5
7b7dded5-d14a-4217-8f85-8bacf3a18562,Senzota Kabora,https://play-lh.googleusercontent.com/a-/ALV-UjWXdTqBZJCOF3vpwkQ8DilJi70SopAGrLOYMuhrzMLvri9FsCk,Truly great app. It provides most of the things Muslims need under one roof,5,0,3.0.5,2026-02-22 07:57:26,,,3.0.5
237f7498-2197-4716-9490-33c6b9265b80,Mahboob Mahboob,https://play-lh.googleusercontent.com/a/ACg8ocLTNwZmPaxpNybEFfRJoNqG2mG69jYCEmujL-sJje8w1RVZMw=mo,bast app hai,5,0,3.0.6,2026-02-22 06:13:00,,,3.0.6
17b4b320-40e6-416f-9e4e-f8d52091e41b,Gois Zakq,https://play-lh.googleusercontent.com/a/ACg8ocKXx4MdZcZUmgAD8MDA76eS4hbsURdq9jQ8ROVJJmuyAJvMCg=mo,"Very good app, thanks for you work",5,0,,2026-02-21 17:39:16,,,
5acae51d-5dcb-4014-a586-15ced8690161,Raffieu Jalloh,https://play-lh.googleusercontent.com/a-/ALV-UjVW2FccaBIeWeJz0JlO5lFy7yk2o-uslrO6GGeBNJOylBpPvwpc,Great app. it's light and does exactly what is created for. plus it has different callers that made it so unique and outstanding. keep making it better.,5,4,3.0.6,2026-02-21 11:41:52,,,3.0.6
13b9ff19-ec2f-4fb9-a1d2-6098712a2cbb,RAM GUCCI PRO,https://play-lh.googleusercontent.com/a-/ALV-UjV6oNri0lv0jpR5oxnygYI9NN19wKUUWWe3gFrsRP9zga1WByRH0Q,Good Mashallah 🙏🙏,5,0,3.0.5,2026-02-21 08:25:14,,,3.0.5
710fde3c-9f78-4f80-8d4a-e61e5de0d77e,Mohammed Masud,https://play-lh.googleusercontent.com/a/ACg8ocJ3lAve_Ebu-4pLrh121GjF8QCce2cdHgysSJnZequyCOA57w=mo,very good,1,0,3.0.5,2026-02-20 20:02:38,,,3.0.5
3db3be70-f17e-450a-a6e4-326ae0b405b6,Mujaheed Hussian Hussain,https://play-lh.googleusercontent.com/a/ACg8ocJCc86gS9Z6JTZgSqqSFqJXu_vUYiunsncXbYP8vnhxcTrIiQ=mo,good,5,0,3.0.5,2026-02-20 16:42:05,,,3.0.5
742b0590-253a-4e23-802f-56f330366055,Shahnawaz Malik,https://play-lh.googleusercontent.com/a/ACg8ocKeCdsHt2Xnuht2iSpgqCneOunppHt_gCrFXmw-juSU7NOwhQ=mo,👍,5,0,3.0.5,2026-02-20 12:32:55,,,3.0.5
22d98ce4-40b8-424d-9396-b32877f54d6d,The average Bosnian,https://play-lh.googleusercontent.com/a-/ALV-UjXQVorWxCnAoVap-UFuTsOJmOmyvvr9VUr_xtbxAeAj0SupvDdl,it works and it has some nice features,5,0,3.0.6,2026-02-20 10:08:36,,,3.0.6
1d7ddebe-0497-4aac-be54-72984ef7e3a1,Yusuf Jamiu Adeola,https://play-lh.googleusercontent.com/a-/ALV-UjX42xhxS5SVyu0pRVqP3zwruKDUgC_Ruy8mFczcc7TolirmF47qAw,absolutely perfect app,5,0,3.0.5,2026-02-20 08:57:03,,,3.0.5
d98bb222-c9ba-41b2-bbdc-01642b18f6e9,Aplle Boy,https://play-lh.googleusercontent.com/a/ACg8ocKZt0QfDl4FmcUiRfLJpzgnqfrQm5Mckm_MKX8n7LDzUBcZeQ=mo,"Honestly it helped me really much with Islamic stuff I never even knew about! I got to learn the Islamic Calendar, the schedules for each Adan everyday, which was essential for Ramadan, and much more. I highly recommend this app, it's a 15/10 from me!",5,13,3.0.6,2026-02-20 08:26:42,,,3.0.6
ff9d919b-2db9-42be-a797-b2e18328805d,naveed abbasi,https://play-lh.googleusercontent.com/a-/ALV-UjXydGlh01_9Yfgz6aUAfS16spu6rMFaG_ll32ZHBpShHULoOAa6,Nice app,5,0,3.0.5,2026-02-20 07:27:06,,,3.0.5
92610836-e4ab-4b00-884f-4173232f55bb,Bhat JUNAID,https://play-lh.googleusercontent.com/a/ACg8ocIRwUm49O31u_amHxaCw4Ls8Tf3dbMKyvmGTJG5MvDJz3fS8Q=mo,Nice App 👍,5,0,3.0.6,2026-02-20 05:39:22,,,3.0.6
ae39d232-fba5-4914-a8b3-72e81b35cafe,Ibrahim Muazu Dahiru,https://play-lh.googleusercontent.com/a/ACg8ocJ9lA4zcYl9QLTBT6Ybt39-ftKHE9OHvDnwVa8SoezQ2SB2wfo=mo,Alarm,5,0,3.0.6,2026-02-19 05:38:25,,,3.0.6
cc20afc9-ae8f-432a-a456-4577c389f619,MD Muneer,https://play-lh.googleusercontent.com/a-/ALV-UjXZwMQ03iZ3kAkOw05pz_SiM5ScDFbvVKmEu92NFI2ISQwCOZ9n,Islam good 💯💯💯💯😊😊😊,5,0,3.0.5,2026-02-19 05:31:38,,,3.0.5
ee4687fc-9c3f-4808-9985-0deed1907f64,Home CCTV,https://play-lh.googleusercontent.com/a/ACg8ocLACnyrlMuOAWV5SIerYgjI9wVyKoLYRF2yN3HoQE8Ilj49_A=mo,Good app,5,0,3.0.6,2026-02-19 05:30:05,,,3.0.6
8fbd32f6-2b90-40c2-8189-1b108fcef6e2,Faheem Ansari,https://play-lh.googleusercontent.com/a-/ALV-UjX9XEZsUx9M1WtlJkMO8waV6OZabFTRxiHj7oRPSGHlqW0MENch,good app,5,0,3.0.6,2026-02-18 23:43:59,,,3.0.6
8b8b3e7a-3494-4feb-82fa-bfd354e71432,Jibrin Yakubu,https://play-lh.googleusercontent.com/a/ACg8ocLOHWYhU_XAaDYZjN7BoblGY4BjXKcB4em-eomN0VwaXeh1pg=mo,Masha Allah,4,0,3.0.6,2026-02-18 09:45:32,,,3.0.6
0bf19c81-c094-4104-b7d8-3a432a33c5a7,Donnell ClarkBey,https://play-lh.googleusercontent.com/a-/ALV-UjVJQQH-CL643ySjrh53e8gkdBrID8mC1XXLNXrX8IbsbOMpdjl5,I love this app,5,0,3.0.6,2026-02-18 06:04:02,,,3.0.6
d78cd926-0dc4-44e8-90d1-9994f9787751,Mahroom Khan,https://play-lh.googleusercontent.com/a/ACg8ocIb-6LQFQKR01bvcx-XE3q1Kaad2bI-5sEPZKelyRQqoZmDrQ=mo,Sheri kab khani hai roja kab ka hai,5,0,3.0.6,2026-02-17 23:07:35,,,3.0.6
6b5c76c0-78cc-49da-9a2a-6cbcd2da652b,MUTARI ENEYE,https://play-lh.googleusercontent.com/a/ACg8ocIzo4TCaVHtTWdh-_4pBEWHRfXk5zPQ7rZO-eWF2z3cEuPd804=mo,very satisfied,5,0,3.0.5,2026-02-17 00:51:04,,,3.0.5
0b7743cd-5dc7-40fa-a008-2c37347b424a,hussein haji,https://play-lh.googleusercontent.com/a/ACg8ocJsh521vT_KvTPIbtSuSQZNfvaw32UxkFqADwGfGwQouImAlw=mo,so far so good,5,0,3.0.6,2026-02-16 16:45:14,,,3.0.6
fcb614cf-ee53-4362-98c4-a03b45b3bc82,Melissa Candemir,https://play-lh.googleusercontent.com/a-/ALV-UjXN5tga8ApUi3VgF2JiH-UfqdqSyyEScRTZspv0zIwWs038O4Z8,"it gave me a good experience, easy to use, simple, also has Quran",5,0,,2026-02-15 05:30:21,,,
473b14f8-5aa6-4391-b61a-c39af2ec5f0a,Musa Fann,https://play-lh.googleusercontent.com/a/ACg8ocLMtlbJutQxdmjyBghPTb51ZQMKEJ8DnuJHUXy_qu6wW4OYVTc=mo,Jazakallah Khair,5,0,3.0.5,2026-02-14 12:03:08,,,3.0.5
1b5c54b5-3f76-48e1-9e58-4968408f7ecb,Muslihudeen Abdulkareem,https://play-lh.googleusercontent.com/a/ACg8ocKfbpeEpgjbaoNT6chJpMtxp39Kpz6thJB79La0RyJccRWFag=mo,Very good,5,0,2.8.4,2026-02-13 17:59:19,,,2.8.4
3a246643-5ac7-41e4-a43a-0da798cbccae,Harriet,https://play-lh.googleusercontent.com/a/ACg8ocI2WUQHFh8BJI61nioeh8SDldwBjYt9SiFH2ZhA8uAj5hhH3w=mo,nice,4,0,3.0.6,2026-02-10 01:25:46,,,3.0.6
1e89595e-da1d-42b3-abea-287eceaf68f5,Ipman Silent,https://play-lh.googleusercontent.com/a-/ALV-UjVqxt62bLjrnz7dTW5WFxpfNLRFVajaWlFzs8Iva0tGEuWtP7WE,Thank you,5,0,3.0.6,2026-02-09 07:01:02,,,3.0.6
feb9e346-1e4b-4e3e-9bb7-99503bb95530,Zara Sidd,https://play-lh.googleusercontent.com/a/ACg8ocKqSu6Sx1glfWcxqX3MvNYVdV_3dBfFXgY3ChLDrzMWRZ01eQ=mo,"This is a very good app , it makes it very easy, the time is also right, if we do not hear the sound of Azaan then we read it by looking at it from this app, may Allah bless।. the person who has made this app, it has become very easy for us with this app.",5,15,3.0.5,2026-02-06 08:46:17,,,3.0.5
e618224b-401b-4d70-b3b3-876f16d44028,rasheed araba,https://play-lh.googleusercontent.com/a/ACg8ocIfuaFhpHI0BXibH24BHFswSZlQWhxE95FVVnYku9Noe1FH_w=mo,fantastic,5,0,3.0.5,2026-02-05 21:59:35,,,3.0.5
74c580e0-098c-4f77-bada-3f9976876ee9,M. N. Baig Engineer,https://play-lh.googleusercontent.com/a-/ALV-UjWseBF0WJImJaB1t7vJHYWt1v18fK4qyn4TlyHQfNCrFKmZ-xgLxQ,too good,5,0,3.0.6,2026-02-05 08:00:53,,,3.0.6
12c49541-2f72-423d-8608-c24284e70680,A Google user,https://play-lh.googleusercontent.com/EGemoI2NTXmTsBVtJqk8jxF9rh8ApRWfsIMQSt2uE4OcpQqbFu7f7NbTK05lx80nuSijCz7sc3a277R67g,it is so good and beautiful,5,0,3.0.5,2026-02-03 07:55:21,,,3.0.5
c53aa8f6-8386-4b8c-b384-99f8dfb3b292,Mohammed Adil,https://play-lh.googleusercontent.com/a-/ALV-UjX5Cm62JbSmi2WpplWIJHjWrEUPPUOUsIfHYtNeN0O1SCZc7DM,Very good app Hayakallahu khaira fid darayein. Azaan sound is not working any solution.,5,2,3.0.6,2026-02-03 06:32:09,,,3.0.6
39e32d61-5168-4c3c-b4c8-55cd60370281,Ali,https://play-lh.googleusercontent.com/a-/ALV-UjW2TL6ZoSFg-Ut3y-s-q2kB0sRvfpNGXb7ovfMNqhbUeJYjQG8,"Very nice, but useless at least on my Techno Phone. Firstly, I can't change the notification sound, and secondly, it's inactive when the phone is on silent or do not disturb.",2,0,,2026-01-29 23:41:24,,,
48e8e02c-770d-4ddd-bcb9-a8ac407d6c87,Isaac Mustapher,https://play-lh.googleusercontent.com/a/ACg8ocJLx-2UOuVH_fl0DyONTbaAIldc6CxfVvGTOu8SiiDaPS-8Ww=mo,good,5,0,2.10.1,2026-01-29 15:34:01,,,2.10.1
650e9a02-98a3-4a2c-86e5-9c8f4a5f5bfa,Md. Abdur Razzak,https://play-lh.googleusercontent.com/a-/ALV-UjW0SXSOWBaZ_rSN2LVvycmd4KLFLl2a4sNvLL3v5untFl3SCU7x,Very much effective 👌,5,0,3.0.5,2026-01-29 05:37:33,,,3.0.5
719a1a25-6f4c-4e71-bf2a-4bd314bbd50e,Mohamed Jakeima,https://play-lh.googleusercontent.com/a-/ALV-UjX26zE1Hlz2h5dGcqEcLR3Hyg5N8NSrqygsFWS0v7MXS21D4UM,"very accurate, the best. Maa'sha'Allah Tabarakallah.",5,0,3.0.5,2026-01-29 05:23:07,,,3.0.5
6764d3aa-6485-4769-848c-2f73335e9b22,Abdirahman,https://play-lh.googleusercontent.com/a/ACg8ocL1OTYe72Riw8FjKoroq5Rf5_tUrrIhSuVXEdEK0HeDuHXj57s=mo,"this,app,he make me truly connection to Allah and I,m so happy, I hope he better .",1,0,3.0.5,2026-01-29 00:17:48,,,3.0.5
ff19ef9c-9620-4f99-a010-4e5cd9ca3341,Terry,https://play-lh.googleusercontent.com/a/ACg8ocJXozfpdGQ6AyA8xdmhi0JPTmtYtB-vrgT1M3b-tr_M4FKTog=mo,Great app 👌,5,0,3.0.5,2026-01-28 23:34:30,,,3.0.5
373854c4-fff9-48d4-b9ca-a1f8361454a0,Ma Cha,https://play-lh.googleusercontent.com/a-/ALV-UjUMIR9ERRFvLQfOPH8cmBOu7RgUkDVbZPmnhTfMhNbiVpK1rp8,i never miss pray from this app,5,0,3.0.5,2026-01-26 18:08:51,,,3.0.5
1ce1f853-4ac3-4b3c-8b81-7b014d4a2392,Hunter Carrier,https://play-lh.googleusercontent.com/a-/ALV-UjWw9szIMgSiRLi7fB6P73QYdWabIqpqDnmTqBulO-f8eH0YoMB_,Very helpful! I used to doomscroll so much but now this app helps me commit!!!,5,0,3.0.5,2026-01-25 18:59:03,,,3.0.5
14c99078-09cf-4c00-aaed-e4f9165f3f50,Bashir Ahmad,https://play-lh.googleusercontent.com/a-/ALV-UjWoFxGuvMcegqZi647HneV-vvtDIIHXgkiJRLh_XysyWiprzDHs,super star,5,0,3.0.5,2026-01-25 18:21:13,,,3.0.5
98c8ad24-e29c-44ac-ab9a-05bfc02f83b5,Yousri Askri,https://play-lh.googleusercontent.com/a-/ALV-UjWU8yFHY8WN-WUl63uZCbBxmwSqOYKntATMr9NoFBaFEA8uGypW,"great app has everything and without annoying adds,",5,1,3.0.5,2026-01-24 17:08:31,,,3.0.5
90eaf946-fb12-47cd-8825-c753490418eb,Aaliyanaushad Khan,https://play-lh.googleusercontent.com/a/ACg8ocL7IsTytVrFYODT0sfQAvBsdSf8ISa1bxcHSMqsNNu7CPxX2A=mo,mashallah,5,0,3.0.5,2026-01-24 04:22:14,,,3.0.5
b1df1c57-c7f5-4a0f-92a7-560ee56f9c92,muhammad msinjewe,https://play-lh.googleusercontent.com/a-/ALV-UjVbUVLkYAsqRqp5NI9UndyeOJAu8lDo03hQXfsSSn_O8m32PsE,Excellent,5,0,3.0.4,2026-01-23 20:34:03,,,3.0.4
ab513192-3c2a-45e8-a653-e430efbcf714,Kesha Petersen,https://play-lh.googleusercontent.com/a-/ALV-UjWsY6K3JuLsbL3iBSUcK2wFamBV0YKXDkIZ5NRkzfQx_HIlglk,it's a good reminder ❤️ and it keeps me from wanting to follow my Deen and want to improve,4,0,3.0.4,2026-01-22 20:45:28,,,3.0.4
32110135-59b5-4dd6-ba2d-abe45cb39c45,Khalil Khan,https://play-lh.googleusercontent.com/a-/ALV-UjVS0fDHMdf1kpVRcbHcvy0ShI0JQo1QuKMXXI-h5Vn3vWSdZ8jL,good,5,0,3.0.4,2026-01-22 16:31:13,,,3.0.4
bf9d5f28-bf41-428e-90a2-6eace429f0d3,Ammaday Reck,https://play-lh.googleusercontent.com/a/ACg8ocK3dal5eNYGZGZN558SLLphkszQ513eghm0PEAxE51byRoSFQ=mo,fantastic app i love,5,0,3.0.4,2026-01-21 16:15:14,,,3.0.4
0bf36ec0-f186-4d96-b2d7-60812e576b0f,Reaze Rambharat,https://play-lh.googleusercontent.com/a-/ALV-UjWbZWaXAAIm_v12wl1qVFu7jeEyI752OX8iCOWrcPzv8gfKL-I,"Is there a problem with the notifications? It has stopped sending notifications on all my devices since January 19th, 2026",3,2,3.0.4,2026-01-21 16:14:35,,,3.0.4
f42ad02c-6d06-4b39-a7de-d924acbbf7d6,Brian Mwash,https://play-lh.googleusercontent.com/a-/ALV-UjVqBWV0hQDO-rDAPs-AU_XhH-Az9dH7v-KEtoEAxjkzvMRuVFMN,it's good and I love it,5,0,2.10.1,2026-01-19 15:02:48,,,2.10.1
bb7ce23f-7252-4cbe-9f50-cdca10e08fa4,Mirshod Sodikov,https://play-lh.googleusercontent.com/a/ACg8ocLLT9q3BKgR_HFdMnYFAetXHWflTs00iMIjgGAkEkVEgDvpxg=mo,Just a good app,5,0,3.0.0,2026-01-19 07:48:28,,,3.0.0
162d8538-6b03-4cff-9597-55179d42ef8e,mar kasan,https://play-lh.googleusercontent.com/a-/ALV-UjVIrzGl9OqcJWc9qmB8VWqOzey_xW2rpGwHInaawgckIQ5y9Jw0,very good app,5,0,3.0.2,2026-01-18 23:00:51,,,3.0.2
2f331952-2612-455d-a921-e9341cc02fc9,Khattab Alnjjar,https://play-lh.googleusercontent.com/a/ACg8ocJSmTxRR06COkzgvYR8hNHfatRe7oRn3j41a2VBv5OFdQSMow=mo,A great and Accurate App جزاكم الله خيرا,5,0,2.10.1,2026-01-18 06:32:47,,,2.10.1
d50ed5f8-adde-4310-8a6f-8ee3335f86e6,Emam Hossain,https://play-lh.googleusercontent.com/a/ACg8ocJAWJl5wME65kpCZTRQwXI2in3u3yXOQJZhYGj2_0fUWUH-QQ=mo,excellent,5,0,2.10.1,2026-01-17 15:47:41,,,2.10.1
c6299230-734d-44a9-a584-e0c2d6f27920,Hassan El-yaqub,https://play-lh.googleusercontent.com/a-/ALV-UjUFesONpjWRlryOprLIsf98iT0HP-p3JDP6xZWF9L2n-vq9DRPf,one of the best if not the best Islamic App,5,0,2.10.1,2026-01-16 17:41:00,,,2.10.1
0135d941-179c-4101-b777-4b558055bf71,Mohamed Ouf,https://play-lh.googleusercontent.com/a-/ALV-UjWmeDLJEoKdxMKrbMtdrLO_zGGz_SYPK1Fk5T-mxBA4j4A0h1kd,ممتاز,5,0,2.10.1,2026-01-16 16:28:29,,,2.10.1
415f42e8-4f5f-403a-b884-8edb400df582,Fath Zulfa Ali,https://play-lh.googleusercontent.com/a-/ALV-UjVasElAG2WYq6fr6WCANEq2Ajyl7bQ0gqwUQ5yc6Fdo1Aa7TdcA,"Looks awesome, but i have idea to add reminders before prayer held, maybe make it 1 hour before or even custom for best, jazakallah khairan",5,0,2.10.1,2026-01-16 15:16:37,,,2.10.1
3b7575eb-2812-42db-83ec-22d0bfc4e460,Adesoye Ridwan,https://play-lh.googleusercontent.com/a-/ALV-UjUD3gt4r_Dr__I0yM8OQMvCdHj34mDEAa4RaMti4idoOgaRikak,Nice and cool to use💯,5,0,2.10.1,2026-01-16 15:07:00,,,2.10.1
4268ed8b-1600-4b15-ab64-ea7dd502ee80,Imran Chowdhury,https://play-lh.googleusercontent.com/a/ACg8ocJJvykUjcVK_WxCVwdbw6fm54VtnEzY0YxNKU8sqzBTTNjm-TY=mo,One one of the best apps to get accurate prayer times. It also has midnight and tahajjud timing features. Highly recommend it.,5,3,2.10.1,2026-01-13 05:19:14,,,2.10.1
20b4b44d-287d-49dd-ac67-f2ef481f523d,HOORIYAH NANDING,https://play-lh.googleusercontent.com/a-/ALV-UjW3bwUurBsNpz6yyU9grzDN8vN5zmjOxBGbbj0fN6idVFqmWaI,alhamdulillah,5,0,2.10.1,2026-01-12 08:52:28,,,2.10.1
2a8579fa-1c60-4d10-8f5c-3bca2a69a4b0,muhammad Ahmed,https://play-lh.googleusercontent.com/a/ACg8ocKJIKcbrKVa6dgPzkQj2kv62ChIAhKmgZswf0_uj3k-v7pFRw=mo,one of the best.,5,0,2.10.1,2026-01-11 05:19:20,,,2.10.1
6d5e12e6-a3fc-41ea-b450-7ddee7b96da7,Lubega Nutifahrahman,https://play-lh.googleusercontent.com/a/ACg8ocIqAUaXGzm8p9VBNQ9Ixtabo2L7r2qdiIziRZ_BOdXOBiUYkg=mo,Allahumma Barik,5,0,2.10.1,2026-01-10 00:56:42,,,2.10.1
72c37e95-9fa8-4e00-848c-a28f6dc4d5ec,abubakar muhammad,https://play-lh.googleusercontent.com/a-/ALV-UjUYQ0bj6CIXPth_TxAbYJePsLxejxKy_gomoqp6kbhyEhRdmdFc,"Alhamdulillah, I found the app interested, Jazakumullah khair",5,0,2.8.4,2026-01-09 12:11:55,,,2.8.4
00b3a4fe-fb64-4cef-80f8-1d48fd39a79d,khan sodozai,https://play-lh.googleusercontent.com/a/ACg8ocIftLgQndnhVY54dGHkUTLKv_0kIhNIT_qHfKR0d1YvgUJbwA=mo,Good app for prayer.,5,1,2.10.1,2026-01-09 01:00:22,,,2.10.1
8dba38a5-7b21-479c-8254-8eb99511157e,orazmurad amangeldiyev,https://play-lh.googleusercontent.com/a-/ALV-UjUNru6XzzHWRDO8zPJzsKjWZ2KHbAfeZILYyFMNLXPo5qf0lLg,very good app,5,0,2.10.1,2026-01-06 08:48:44,,,2.10.1
994f7049-8025-4320-9fb2-9dd5435eb6e0,Nader Wagih,https://play-lh.googleusercontent.com/a/ACg8ocKITta6zIoyTtKpgcMqYLY_4uhhtYX2FJQ4PQKrhzWtf8Fnbw=mo,"It's an excellent app .very simple , no ads . May Allah bless you! kepp going💪",5,7,2.10.1,2026-01-05 21:25:31,,,2.10.1
1cd93f14-54c2-4b7f-a100-60248b69017c,Abdur Rauf,https://play-lh.googleusercontent.com/a/ACg8ocIcDLVEFw6oJQmEJ0Yb4B740GvYYlgCF9KVh5yKmwVy4qzJDXUc=mo,Best Apps,5,0,2.10.1,2026-01-03 17:26:57,,,2.10.1
c9c8a241-8924-46ad-af61-34d0c58f3e25,Zaydnadeem,https://play-lh.googleusercontent.com/a/ACg8ocIO_oCEVwYxQ4C-mWiUztTi7RB1y4rhLHl_DPusbexPYBMhTw=mo,amazing app 👏 👌,5,0,2.10.1,2026-01-02 04:57:26,,,2.10.1
924df403-c9c2-416d-bb64-ee8ef7fb4948,Mirsad Havic,https://play-lh.googleusercontent.com/a/ACg8ocIXPZuh8CtRWoSt8nnA4KTMa6GPOI3osXFt-kmuFBr9Tgg-DQ=mo,"Excellent app masha Allah. Easy to set up, use and navigate",5,0,2.10.1,2026-01-01 11:54:23,,,2.10.1
0797a7dc-bd4c-4601-8e6e-ab14e95ee361,shaxboz berdiraxmatov,https://play-lh.googleusercontent.com/a/ACg8ocIxK0x15B7FO58UUVihQwAzHOv48nyeK37zyN0flglH6YYQdw=mo,Yaxshi,5,0,2.9.0,2026-01-01 01:22:04,,,2.9.0
63c32e44-980e-4cb3-b729-c00d296aa2b4,Idris Ibrahim,https://play-lh.googleusercontent.com/a-/ALV-UjWYQMEmDtCa4K0Oqei62noCHhbyPT33grpzCKkD0n2JG9Hw1w4A,"l,m interested",5,0,2.10.1,2025-12-31 10:11:30,,,2.10.1
f7bda923-261e-454d-91b6-9cad6ee544dd,GR Nobel (Nobel),https://play-lh.googleusercontent.com/a-/ALV-UjW-Avg6rjYQ_A3IifJn1-kL1pQt9w4LHSHi4vAXn2CYOvKrCBRNaw,Simple and good app for time and others,5,1,2.10.1,2025-12-29 04:27:41,,,2.10.1
40216400-6637-4ac4-a622-43b1f7552f69,Rachid MAROINI,https://play-lh.googleusercontent.com/a/ACg8ocL1PoN50Q9r84SV-_7EAqs2Bn0I_eEeZhEtSDplR1FjB5YP4Q=mo,good app,5,0,,2025-12-26 23:23:11,,,
139b3be0-2ec5-4849-91ea-64ad09ee3309,Sam K,https://play-lh.googleusercontent.com/a-/ALV-UjXAap1l_GWjadVWlyrAhYvOxTGSUXuN6m6g0jqI4_x8DkZIumHI,very clean minimalist design. needs more options for adhan and iqama . Mashallah Tabarakallah,5,3,2.10.1,2025-12-25 20:29:48,,,2.10.1
a2be06aa-51a6-4df6-a484-dfd46679023e,Gulshan Divekar,https://play-lh.googleusercontent.com/a-/ALV-UjVxDoM97C1tmsY2cmtYTggXe5ctghakRqeNGnBODW6LfaBLHWs,"I like the app, it's nice",5,0,2.10.1,2025-12-24 18:30:47,,,2.10.1
4629ba39-6f28-48e7-8cd2-558db0b0002a,Kedir Endris,https://play-lh.googleusercontent.com/a/ACg8ocK_Qu_ga8QfroByev6eh36isfTy_9Zw-Ejy7KqA-AIoJu8nFyw=mo,"for salah time, for hijri calendar and others it's perfect",5,0,2.10.1,2025-12-23 22:25:48,,,2.10.1
77e44dda-fef2-41ea-8f21-12f5ee17cb7a,Haron Pinagayao,https://play-lh.googleusercontent.com/a-/ALV-UjXm6-vH3IrC576fgZgo3bTZH8IDoJxYv1skRZoi_HEInomIMjsW,very satisfied i realy love this app🤲,5,1,2.10.1,2025-12-22 09:53:26,,,2.10.1
b51cceaf-fe7c-4954-a0e2-c1cead35ed27,Salami Kamoru Oyewole,https://play-lh.googleusercontent.com/a-/ALV-UjVu3RhC-BEyFFfD2ksp7GzgnLlW3tkJYD4gXGoQIguXMjEmGXSdMA,excellent,5,0,2.10.1,2025-12-21 23:39:32,,,2.10.1
6f47dbe6-4c37-4c9e-ae13-fcfdee165f0c,Aisha Adam Danjuma,https://play-lh.googleusercontent.com/a/ACg8ocIMoKajXNkHutWawI_K_-B5RfF28s10glAFSqwIHvIYKc5dZA=mo,The app is nice worth downloading,5,1,2.10.1,2025-12-21 09:55:34,,,2.10.1
df30acb4-6706-4984-9868-7339bd4c39bc,Mohd Mushir Shaikh,https://play-lh.googleusercontent.com/a-/ALV-UjUBZiBZf0h2GrexWS3vMQ51Ya6RITZl7oIPkioJ4lRpnhAs7KND,very good,5,0,2.10.1,2025-12-20 17:40:57,,,2.10.1
efa50b77-8349-4a8f-81c0-b40408540954,Jahiruddin Sekh,https://play-lh.googleusercontent.com/a-/ALV-UjVdjFFNsX3ls6lvqhTvM0wYoI1K4Zx8L-NXA1-kg4niMf0ZLvWe,Everything is perfect. I just love the app. this is very useful. 🚫No Ads. 🚫No Subconscious. ❤‍🔥Pure Simple. I have tried 10+ Similar app but never find something like that before.,5,13,2.10.1,2025-12-20 07:48:41,,,2.10.1
57a24b2b-8961-4663-b45f-b621d69f343b,jackie joshua,https://play-lh.googleusercontent.com/a-/ALV-UjWb4x1tp3LxtAunz8mQ2wooBWetD8xbNLXNp5JabOnEgOVj5bB3,The best Qur'an app I have ever seen this is the best and i thank the team who made this app ☺️❤️❤️❤️❤️❤️❤️,5,0,2.10.1,2025-12-19 16:07:08,,,2.10.1
9206b1b0-ca61-4f10-a482-22c262903c9c,Adrian Dinn,https://play-lh.googleusercontent.com/a-/ALV-UjXmy9Qmuucj21DFMDiBkK9phlGt_xKNvMnMXB2GtE5yzfJODAI,Assalamualaikum! This is a good app in my opinion.,5,0,2.10.1,2025-12-16 21:41:08,,,2.10.1
792b6ae3-1dba-48ae-ac2c-c30dc2a9b6fc,shaik abdhulla,https://play-lh.googleusercontent.com/a/ACg8ocLbekKGSt45yW_3Wgu_RURhvDce9k31HAjO6haI8g5SviHY6A=mo,hamdulillah,5,0,2.10.0,2025-12-08 12:28:59,,,2.10.0
7f103771-05a8-48df-a83f-715a8892a980,Mirja Zafar,https://play-lh.googleusercontent.com/a-/ALV-UjXbZ0IBmriNXdXNyGlqUeXtzq5kp_UxhxqQqJkvNFlP2ab8O-5j,lovely interface,5,0,2.10.0,2025-12-05 08:59:01,,,2.10.0
25abf2f3-55a1-4936-8aa5-fdb63718ada6,Nisha begam k,https://play-lh.googleusercontent.com/a-/ALV-UjXOkh7bM8JBBEzmKGoJ30aw-lekJaIN7ZVJQd_FO3LywF9InbaZ,religious related very useful app it's help to improve your islamic attention and knowledge...,5,2,2.10.0,2025-12-02 19:09:58,,,2.10.0
fb0ee069-af52-4d16-9756-508d255f5597,Abdulla Mia,https://play-lh.googleusercontent.com/a-/ALV-UjWs7ErsCG6vlts4yK1QD1E-kXLcdbm3DT9KjVd5vKSpSNE65xBN,Masallah,5,0,2.9.0,2025-12-01 12:58:26,,,2.9.0
4720c3e8-99b8-465d-980a-eebda2df8b58,Hamida Noori,https://play-lh.googleusercontent.com/a-/ALV-UjVOanhWbegV6XEJE4-EJguS8BNMh8BdA2Y2J72IuHPx1RTVmxQdBQ,It's the best app!,5,0,2.9.0,2025-11-27 06:36:17,,,2.9.0
fd1e3de0-9734-40f8-8663-342842054691,Osman Kassim,https://play-lh.googleusercontent.com/a/ACg8ocKGfgnPd03w7ToPY6sQaArqsR5rYvPx0e7XWRGfbI_EQkB_YA=mo,A very useful and functional app. Well done to the developers,5,0,2.9.0,2025-11-25 05:36:47,,,2.9.0
caddbfc2-28cb-45f5-b760-d941612fc03b,Bilal Abdul-Aziz,https://play-lh.googleusercontent.com/a-/ALV-UjUB2O7LHlZmG7HwaOs8BH06UzvVUmWHIU_bWiq0qnOozh-WDClb,accurate with the sun by a few minutes years round.,5,0,2.9.0,2025-11-23 20:06:02,,,2.9.0
29354749-6818-46e4-9801-e7a099ccb601,Christopher Mckenzie,https://play-lh.googleusercontent.com/a/ACg8ocIh0teJBG_88GobFY-ofMK9ZDhFH04Ql4dpNQgW3C74uwrS=mo,incredibly good experience,5,0,,2025-11-22 07:41:12,,,
c930a7e8-6232-47ea-8213-8faff8fd5ed7,Mohammad Naeem,https://play-lh.googleusercontent.com/a-/ALV-UjW5tVcs5q8AN6je6cVK47bGpq23ILAP4IiU7RwSvSKyW_QfVbBrPA,😊👍👍,5,0,2.9.0,2025-11-22 01:49:43,,,2.9.0
05272d21-cd9d-4ad8-b588-144dc78304d0,S Khaz,https://play-lh.googleusercontent.com/a/ACg8ocKBJwPY2t_cVW2_BqLDeNv0kJWzUkq5Jfn9oLVetYsR3bj_Nfo=mo,need proof reading there is some issue pls check sura ya sin,1,0,,2025-11-19 15:23:32,,,
bcb99b16-780f-4f76-8cf2-50453d1b144a,Adam Witnik,https://play-lh.googleusercontent.com/a/ACg8ocJls6Q05gGk_rmMG6pUCby1asBRr69VIo6RrL0-gs8zP3hCfA=mo,I like that there are no ads and it's free,5,1,2.8.4,2025-11-17 19:22:18,,,2.8.4
46504ba0-b244-46a8-bd82-898e96d690fd,tarique Iqbal,https://play-lh.googleusercontent.com/a-/ALV-UjVZj1GGBiRdHdoNinoiUMwSprzcWz6DSven4jVeZPREqzom4rUEaA,Best app so far. No ads. No lagging.,5,1,2.8.4,2025-11-13 07:43:19,,,2.8.4
83d8fe17-ed21-4454-8dee-554db923e270,Zahir Shah,https://play-lh.googleusercontent.com/a-/ALV-UjU5yY83p7GbYAw-q19fW-XVlzljwIwHK4Kz5zivOir7AuC5T5r7,Very informative app,5,0,2.8.4,2025-11-11 07:34:33,,,2.8.4
7b27ae38-daba-4c16-a6fc-8aa3dc5d7ee5,Rashidul Islam,https://play-lh.googleusercontent.com/a-/ALV-UjU9-VfXaIbBON2tEiD4z1msFpjdlQNEiSg5j8Y0fxTOHbsNwag,This is the best Application for Namaz alart,5,0,2.8.4,2025-11-10 15:15:43,,,2.8.4
92cd9ae1-3c84-4cea-8eb7-e05f0a07feab,Musa Abba Kawu,https://play-lh.googleusercontent.com/a-/ALV-UjXKZ6BqtaeOYwcYsbVvMq0JPulJThA1Er3oHnWmuWNGB8Z2KWQi,Fantastic,5,0,2.8.4,2025-11-04 21:20:05,,,2.8.4
0ec22609-2c92-480b-be13-c52f8bf06751,Md Haris,https://play-lh.googleusercontent.com/a/ACg8ocK-zWctrZnkJ_z5ViYgmQ2NGneOD1IM0rFKEaT6BT9oOcqsqRc=mo,very good 👍,5,0,2.8.4,2025-11-04 19:28:36,,,2.8.4
974d1bfb-86cf-473c-a75d-2aaa666888f9,Mr Malik,https://play-lh.googleusercontent.com/a/ACg8ocJIJagPgubRbA6loLjjteWDCNNP_M2byx1A6MHIAKUP4KbKSug=mo,excellent,5,0,2.8.4,2025-11-04 01:02:34,,,2.8.4
c804d2be-03ad-487f-b884-c051119b17c8,Jaber A.K.,https://play-lh.googleusercontent.com/a/ACg8ocKcUWJ8-1RnicnoVlVxbIdX65JbikMqQI69C904q1hiMFekUA=mo,Perfect App for Athan Reminders.,5,1,2.8.4,2025-11-02 10:01:07,,,2.8.4
ae4be27f-1b72-4c23-a504-076e01405625,Darryl White,https://play-lh.googleusercontent.com/a-/ALV-UjUvsiTSxjXcisRq7ITa0DbTB0QYjuIZm5Rt9sJVrg9P3dpCDf_1,Excellent,5,0,2.8.4,2025-11-02 05:34:30,,,2.8.4
bc7f26ac-c8b0-4f39-8adc-5a9800d4170c,Kar,https://play-lh.googleusercontent.com/a-/ALV-UjXGEA5V3muJml5XEreN8ueKgHxsG1cu1lr_nrrKRchbu4aA2ww,"Simple, I love it.",5,0,2.8.4,2025-11-02 01:23:49,,,2.8.4
920616f0-7846-4fb7-a29b-ffb37e928c4e,Mogaji Babatunde,https://play-lh.googleusercontent.com/a/ACg8ocJcznUrjDW2GmyUHAHXs5T5wJ4aQ6mVxzbKo3FbkliVCOC8XA=mo,it doesn't call adhan but it's nice sha,5,1,2.7.7,2025-10-29 14:19:53,,,2.7.7
8463f651-53b4-4b73-84c0-b1ad503e6851,Tajul Azrizal,https://play-lh.googleusercontent.com/a/ACg8ocLemt9GeeclpE8yx2C1MBroTv4SGjwOOqXvGAm7cbjDA6OK=mo,Free and no adds👍,5,0,2.8.4,2025-10-28 16:20:48,,,2.8.4
4a36ec03-4544-4a8b-b4c4-3e43cf8611c2,Akbar Akbar,https://play-lh.googleusercontent.com/a/ACg8ocKl-ppHbk7R9wlppdNqHUXeYqyxahTtTXDBXFu2cY7SaDl9GQ=mo,good,5,0,2.8.4,2025-10-26 14:38:48,,,2.8.4
759045ea-3730-4ab6-9f2c-65fa17f943b2,Ilhaanize Now,https://play-lh.googleusercontent.com/a-/ALV-UjVjwzTl2k68PQBpgAm9eFA5ce8nx5NYbL7oXp5dpZR7_oV_cpk,No disturbing ads,5,1,2.8.4,2025-10-26 02:29:29,,,2.8.4
6267c690-b6b3-46b7-9c97-d9db0ff29945,A Selâm Eren,https://play-lh.googleusercontent.com/a-/ALV-UjWFYSdHyu_GRCaLJX00gjb3Z3C3GXQ186BAf90e9ZsT-JpDOko,so far so good Alhamdulillah,5,0,2.7.7,2025-10-25 22:46:59,,,2.7.7
37795409-4de1-48c0-9d27-e1f3cdd480c8,MUFTI ZIAUR RAHMAN KOLKATA INDIA,https://play-lh.googleusercontent.com/a-/ALV-UjX_4HoNUCz6x3NluUo4VyhF7-PgjtjdBqZy_GnzIN407chO5bO1,Ramzan ka date before time indicated hai yeh best hai,5,0,2.8.4,2025-10-25 20:53:09,,,2.8.4
f614096a-39ec-45f7-be36-264d29a675b7,Garba Abdulkadir,https://play-lh.googleusercontent.com/a/ACg8ocJciLR0S-d7dit7pPNuMo97TEXHA1uyqHk7gKBmyrLrZ5a6dg=mo,good Islamic App.,5,0,2.7.7,2025-10-24 02:39:35,,,2.7.7
494bfb1f-336c-4d00-a19c-d0661646db66,nazir a usman,https://play-lh.googleusercontent.com/a/ACg8ocJhJ0AkEHOV6NLUaGs1FpG8fK3ebgpkWWDzdJJ4Tg1fB5iRew=mo,I love this application easy to use,5,0,2.7.7,2025-10-19 20:34:39,,,2.7.7
2102d2d0-8900-42a7-ac88-4fe371f84ac0,KING DAURA,https://play-lh.googleusercontent.com/a-/ALV-UjVzzIJRUlqef6q3Zvf_FYgsDym26aP4oWNcIvgJNavXN2m5ej_q,ALHAMDULILLAH RABBIL AaLAMIN 🙏🏿🤲🙏🏿🕊️,5,0,2.7.7,2025-10-19 20:33:12,,,2.7.7
26ee4a73-af48-440f-a6ad-22b1fd0b4f11,Mohammed Niyaz Ansari,https://play-lh.googleusercontent.com/a-/ALV-UjUuDhgGkY3dETvXkxwTmFAjtOYwh369V4MRCgeClm2_3nebLJX4Gw,very good app,5,0,2.7.7,2025-10-19 02:02:57,,,2.7.7
373cfc39-d799-45ec-9096-bf9b77ab9a0e,Shafique Ur Rehman,https://play-lh.googleusercontent.com/a/ACg8ocLw707k-TF1gURsZ9fsAGBW9I6_DOSoKcFHHsS4NSytn21VGw=mo,Nice app.,5,0,2.8.4,2025-10-18 12:50:04,,,2.8.4
9315cbee-5192-4931-9b8d-823f6dc74680,Faisal ilyas,https://play-lh.googleusercontent.com/a/ACg8ocKJfbIY9LmvElTfbWw1DZ6kkj6YwDXToomXHSqXA7lzcwouLQ=mo,"Nice app, very Helpful",5,0,2.7.5,2025-10-18 08:15:42,,,2.7.5
9158afed-258d-4c54-bc9b-f92aab227948,Fahad Ansari,https://play-lh.googleusercontent.com/a-/ALV-UjXJvo-p-aSMyu1f0HYnhkulGjnCF3-_XcBPb5HjcBN6DLVHkdwB,Good,5,0,2.7.7,2025-10-17 14:46:12,,,2.7.7
76c229b6-13ef-4956-ad26-7566842e93fe,nazir ahmed Mintu,https://play-lh.googleusercontent.com/a/ACg8ocIwUSjnw89ZIZ84Zp7WFKRvpu3OoxzlYwd_OdzjuR8_2Q4lSps=mo,"Alhamdulillah,an amazing app, prayer times, location and many more are available in this app, everything is fine, there is no better free app than this. 👍👍👍",5,4,2.7.7,2025-10-16 19:06:38,,,2.7.7
8a3d5d53-1d4d-44f6-8d13-6d3cb743a64c,Farid Abbas Mapari,https://play-lh.googleusercontent.com/a-/ALV-UjUVsfsnlk9Jo1Pf6Looqauc4JiPV4X6h2VVDoWookAwnlwPNJaK,very nice app,5,0,2.7.7,2025-10-16 13:17:34,,,2.7.7
3ada0622-f174-40bc-8764-d49cf345a286,Hilal Khan,https://play-lh.googleusercontent.com/a/ACg8ocJZxZjesnwG6CGpfm_BQepGkh2KB6qfrronHyQsC-Vy3AE8Ow=mo,so gorgeous,5,0,,2025-10-16 09:31:53,,,
40d5f818-c1bb-4596-8078-17d8dc4dd7d7,Lawyer Abed Dalbah,https://play-lh.googleusercontent.com/a-/ALV-UjVSTYCqC6QaFo6h1rBuGNzqQUw2iOGzstCeWuFE1V9Vs_t6I3cAlw,I hope if you could set time for the iqamah prayer other than that the app is amazing,4,0,,2025-10-16 03:34:05,,,
f6311852-5ba0-4a00-b0c8-c11247f0347b,abu Abbas Faisal Punzalan,https://play-lh.googleusercontent.com/a-/ALV-UjVsE_-tpy_on7ABf2W_8VQ-s56QDpXs5cWHfroYHhajwFaX0oI,"I'm,,,speechless to this apps for our adhan and,very helpful...",5,0,2.7.7,2025-10-15 18:09:28,,,2.7.7
3b81423c-5390-408e-a2dc-4e0fc4476bbc,sajad eslami,https://play-lh.googleusercontent.com/a-/ALV-UjWMK7ciWKUWb8N7RIDiu1z-QF55FkbAqpRjCG7G_3Wct9Nij9FY,"No ads, free and accurate",5,0,2.7.7,2025-10-14 17:33:16,,,2.7.7
3f34e72d-4181-4d30-83d2-a4f1dbb4abbb,adil ahmed,https://play-lh.googleusercontent.com/a-/ALV-UjVaZLQYEEz98OJTyUrRdgAV37uHX4nOMZ8E8jrHV-mWxDfQFYbb,perfect app,5,0,2.7.7,2025-10-10 00:17:23,,,2.7.7
cd555182-7a83-4d66-a7f9-b21de6cba165,Hugo Chavez,https://play-lh.googleusercontent.com/a-/ALV-UjWd7D1LN8VbqFtGb2BtvfTazSb5Zn3l0IjiH5CoIP2tx7bzIIIq,"The app works very well. Hurry to prayer, hurry to success! Salah is a happy thing, and this app will help you to accomplish it. Alhamdulillah!",5,18,2.7.7,2025-10-05 18:10:42,,,2.7.7
a6d9abcc-4411-48c9-bc5a-0e16b994ad7f,Rush K,https://play-lh.googleusercontent.com/a-/ALV-UjVzjnqYeqIz-owacc3Lc6Y_p_Pce_52HnV74YLFVi9tfM_H6vHZ,love it,5,0,2.7.7,2025-10-04 16:25:47,,,2.7.7
98c0e45d-d2c8-40f1-a3cc-d254fb2bb4da,Faizalii Khudoidodzoda,https://play-lh.googleusercontent.com/a-/ALV-UjWNSxB3WcbQrgw2rLWJrGdBaTkSw6TOTnimYYm0UfApgmfon9pX,Assalamu aleikum Jazzakallohu khairan for the effort 👌,5,0,2.7.5,2025-10-03 12:19:07,,,2.7.5
ae4f4b0a-9daf-42c9-b331-e26d2a144373,Tamuma Tamuma,https://play-lh.googleusercontent.com/a/ACg8ocIdzmpkcQzUxPLmFaYsRql2m7za9KlZFsZwhDBlwBYd8CCddQ=mo,very good,5,0,2.7.7,2025-10-02 20:36:36,,,2.7.7
7163914d-cb06-486c-bcec-be0b53080189,Naznin Akter,https://play-lh.googleusercontent.com/a-/ALV-UjWRXy8s0DLjFndXGmV8w4w_Ha5Y0sFzEAP4xGrzzxw6A-jYRUk,"Excellent app for namaj alarm without add,MashaAllah",5,2,2.7.7,2025-10-02 18:18:49,,,2.7.7
ae241a8a-98c9-4e12-92a0-94bd4981e39a,Ferieda Tarout,https://play-lh.googleusercontent.com/a-/ALV-UjVRbg4iw5gVkjgVkzXuhpwcrSpAc0pDpLJ3ZKSCTj92xz3-pAA,Great if you are looking for prayer times and everything they promise.,5,1,2.7.5,2025-10-01 22:07:38,,,2.7.5
f40e17a3-aac3-4be0-b619-8f1e24849dba,Nafeeha Nativeone,https://play-lh.googleusercontent.com/a/ACg8ocKTEXrmu1_rgEGRB0xQh0E5-fS1uCfbGh_9aeK2g8fpszukuw=mo,Alhamdullilaah ☝🏽🌺💯,5,0,2.7.5,2025-10-01 18:23:39,,,2.7.5
dd9c3252-fc4b-4d77-b9bb-a633bab74f67,La Riviera Suites,https://play-lh.googleusercontent.com/a-/ALV-UjXKKjrZT8rgQFK94fXnNECZoZbD8RrIwtYhmG8MiGrqDoAus1uM,alhamdulillah,5,0,2.7.5,2025-09-30 18:44:02,,,2.7.5
5229da27-0c55-4711-b14a-d2b2e3df1ae0,Adnan Alam,https://play-lh.googleusercontent.com/a-/ALV-UjVb5TFGlEUBa8_9SfjN4o-WSXELIvl6lRhexMwNbi6moN67euvN,It is a very helpful app,5,0,2.7.5,2025-09-30 17:20:07,,,2.7.5
affd81f1-a9ca-4143-953c-7fd78dee68e1,Md Sumon Ahmed,https://play-lh.googleusercontent.com/a-/ALV-UjWwIg_hE923ZlHp9Y-p9NIFeS0Nwl7jdm1BM3zi1gxLej36tJPlgg,A complete package ✅,5,0,2.7.5,2025-09-29 15:41:19,,,2.7.5
92063486-fd4e-41de-8895-1b37ce99b729,K Bit,https://play-lh.googleusercontent.com/a-/ALV-UjVp9BmrY98zjRY6MAYqDQphemdHwSrVDQDEs5wvUVxUlbeLcJ9U,"love the app, but i wish you only add an option to mute the notification when turning the phone upside down that would be very convenient and would get my 5th 🌟. thanks",4,7,2.7.4,2025-09-26 22:18:35,,,2.7.4
a4891723-e1b5-452f-9f99-b704470eebc0,Noorjahan Chanded,https://play-lh.googleusercontent.com/a-/ALV-UjU4dEGiyWoDPF1O6Wi6HhSrA2K-m-_Yw1_t6zB6GQJMLBDsubj0,👍 good,3,0,2.7.5,2025-09-26 19:06:56,,,2.7.5
91711014-0dae-4400-b0be-8e1e844eb8e7,Oltin Jumaboyeva,https://play-lh.googleusercontent.com/a-/ALV-UjVZS5sABMZeeWdKedew5f5v1CIRDBz77929HHc50tihdLe2dQ,so good,5,0,,2025-09-26 18:27:14,,,
58b4f6b4-d68b-4984-b728-eca23eb3dbfc,Aliyan khan,https://play-lh.googleusercontent.com/a/ACg8ocI_x_lJMDbkuCReltGM3AhqWVYokxk7p-ojv03MWasgzoRbgQ=mo,💯💯💯💯,5,0,2.7.3,2025-09-23 18:37:38,,,2.7.3
84765058-2c26-4a0b-99b7-22117557898e,zeki zak,https://play-lh.googleusercontent.com/a-/ALV-UjWVDmvSo0gU17yvT8Ii1MwPNrUWzOOhQLzJH94KTHYmmfchlAii,great app,5,0,2.7.4,2025-09-23 00:10:49,,,2.7.4
094b1661-36ea-4d5f-9257-97bf1c5bedb1,Luciana López,https://play-lh.googleusercontent.com/a-/ALV-UjX9x2PyORCf2fTrdzX-uFB1tbVAlHtB2UP5oeMEXa6yjw80WlfHWw,I really love it,5,0,,2025-09-22 23:58:08,,,
9972c450-b3f0-43dd-9d6c-7606f29319f1,Evangeline Boncales,https://play-lh.googleusercontent.com/a/ACg8ocIcKwhe35IUmEEjVnQgXR_tz3LO9FrI7izx6_GSKvLr7FN4NQ=mo,assalamualaikum wa ramatullahi wa barahkatuhu po Alhamdullilah malaking tulong para sa tulad kong ina,5,0,2.7.3,2025-09-22 22:50:05,,,2.7.3
d94ddc08-81f8-45f5-8139-fa6c22eacf04,Mark Marinelli,https://play-lh.googleusercontent.com/a-/ALV-UjVuuzp2cOKmzw9IRvcJJSl1pGYXY9W_PoMM59wKjI70KbCmddlA,its a very useful app,5,0,2.7.3,2025-09-18 17:04:42,,,2.7.3
8739f8c2-ef9c-4817-80d3-6d003be9d2ba,ahamed kulfardeen,https://play-lh.googleusercontent.com/a-/ALV-UjVAEtww8r5dL9he-bX99R5HP1bT2jUdIPskkHylCTDNH0C62PGE,nice App,5,0,2.7.3,2025-09-16 21:42:04,,,2.7.3
b7bcc314-cb4b-4d38-b9ec-663cf6b3fc14,A B,https://play-lh.googleusercontent.com/a/ACg8ocJzsnoo0uxMrOsAdfsnOiYjW16X0LG8oGziDi4swXQYxU8P-w=mo,Great app but the button to stop the sound is way too small. Please make a small white square to stop sound bigger.,3,1,2.7.3,2025-09-16 08:24:59,Thanks for the feedback. We will definitely fix this.,2025-09-16 14:07:49,2.7.3
ccf5e53d-3086-4159-83e7-1536950bb6b8,Alfonso Brown,https://play-lh.googleusercontent.com/a/ACg8ocIMoR7dqem5Lka8J8rnCbxIiSkQe7ZTz0D0yOndeeQlfLS4t6OS=mo,the best app you can get may Allah bless us ameen 🙏,5,0,2.7.3,2025-09-12 02:59:22,,,2.7.3
7146304c-c2cd-4cdb-a1b7-856cc917fe61,Shaheen Akhter,https://play-lh.googleusercontent.com/a/ACg8ocI2F6gF8Zx82pnvtB37B612LrsILGFxTRgIS9zHHxaahBuqiRE=mo,very good app masha Allah,5,0,2.7.3,2025-09-10 00:37:00,,,2.7.3
7744b05e-2e72-4bf8-9519-666ec60ae7b3,Abdurrahman Waqar,https://play-lh.googleusercontent.com/a/ACg8ocJPQFqTdMd9RcqarNFF2040hyVL07T6FvuwtOKPy4zLyXCH9w=mo,"this app is amazing, it has no ads and is very easy to use.",5,3,2.7.3,2025-09-09 17:36:43,,,2.7.3
2f6b312e-232a-407e-a1dd-1edaefbcbb54,M Rahman,https://play-lh.googleusercontent.com/a/ACg8ocJMlnUCusZxJYB6FsIqCMCtIcbtWziWmAEasAG50r_cpiTI7Q=mo,musfiqur,5,0,2.7.3,2025-09-06 12:08:41,,,2.7.3
fed2e748-c906-4c86-9e63-e10d18585e12,Mahmoud Chmaisse,https://play-lh.googleusercontent.com/a-/ALV-UjU0LcFzRmDyORzEHJyBtEiXuD0h0LIHCuocsZUqpkpu4qLMrc2E,amazing app. easy to use. love the visuals,5,1,2.7.3,2025-09-05 14:04:09,,,2.7.3
30e7a071-3d7e-41f0-b8b3-db0ac58eec80,Dwayne Deveaux,https://play-lh.googleusercontent.com/a-/ALV-UjVp6cBnwEpBN2pxWmrrb3qQ9GnaKAZ3fqzMsXr7EoJIYq6n04ENPQ,"Marshallah, I love this app. May Allah reward the creators for their efforts. Alhumdullah",5,0,2.7.3,2025-09-03 14:52:58,,,2.7.3
db148615-ea80-49ce-b9e0-4d137c2871d0,Andrie Ng Zhang Kai,https://play-lh.googleusercontent.com/a/ACg8ocKr6G27eRiZahIaMFx6HW81FH3GJvaZlfwDUb9KNIiEZ8pj2Q=mo,not Accurate in Malaysia,1,0,,2025-08-30 23:53:45,,,
f5ff25fe-f275-41fc-9d83-85cd37132c05,Mazhar Mateen Sargana,https://play-lh.googleusercontent.com/a-/ALV-UjWobkFl2J_seIqlzrDqL9oyOquCqtIa_2nQLdu8Di55b2kFz-g,بہت اچھی ایپس ہے اور بہت آسان آپشن ہیں سب سے زیادہ مزے کی بات یہ ہے کہ اسلامی مہینوں کی تاریخ اس طرح کاؤنٹ کی گئی ہے کہ فلاں اسلامی مہینے کے باقی اتنے دن رہتے ہیں یہ بہت اچھا آپشن ہے بہت کلیئر لکھا گیا ہے مطلب 365 دنوں میں سے ماہ رمضان کو آنے میں سے باقی 172 دن رہ گئے ہیں اور ماہ رمضان 18 فروری کو ہوگا مزید اچھی بات یہ ہے کہ آذان کا وقت اور آذان بیل سیٹ کرنا بہت آسان ہے میں نے بہت سی اپلیکیشن ڈاؤن لوڈ کی ہیں پر میری تلاش اس اپلیکیشن پہ آکے ختم ہوگئی,5,0,2.7.3,2025-08-30 18:06:23,,,2.7.3
8d0da936-669f-470d-aeb3-05dc1b8bf2ab,Ameer m Ambo,https://play-lh.googleusercontent.com/a-/ALV-UjWqc0vYDE3innwZdKtwwkBcxwj6wUIRbOWd0GXh0qorBgI4NHpg,this is the best Islamic app ever,5,0,2.7.3,2025-08-30 11:14:35,,,2.7.3
b0ce13ef-3ede-4cf5-9e32-10a5346556e2,Alliu Sanni,https://play-lh.googleusercontent.com/a-/ALV-UjVE5rNZ7mIN3DVv-QPGNCNiFm_oKjAJJtB02Q1upwtIbkZSqW2C,My best so far. No disturbing ads till date.,5,1,2.7.2,2025-08-26 10:09:11,,,2.7.2
d8cf0caf-b839-48a0-bd24-ea8e2df73ed9,Maqsut Bliss,https://play-lh.googleusercontent.com/a-/ALV-UjULrawgfgdAE4-7qXYsjRohQTcTLngNjEGM03bTNJutn-sEk70,Alhamduillah,5,0,2.7.2,2025-08-26 01:05:31,,,2.7.2
061bb96a-edbd-469d-9c56-b2a455cb0582,Bachir Darra,https://play-lh.googleusercontent.com/a-/ALV-UjW1ZNzwnPg2Ytf-1Ole2bfDbI1Z773U8est8BJxwotihX3L6GG5rQ,really no ads. the best,5,0,2.7.2,2025-08-25 03:29:29,,,2.7.2
de12080d-a24e-457b-abb3-e4da2f8c59f2,Osman Kaba,https://play-lh.googleusercontent.com/a-/ALV-UjWtPXsZ4K9aAWy64Y33sYc7NguLlh3zQ_NMN3-CFB87sCsNi4wupw,"decent app, but there is no way to setup a custom sound for notifications.",3,1,2.7.2,2025-08-24 01:28:56,,,2.7.2
ef85a157-b32e-48bb-93cf-fb63442b49f6,Mohammad Raihan Nadwi Alig,https://play-lh.googleusercontent.com/a-/ALV-UjXpWpDw847_l2QNHiHWztPC7jx8LywgNuXUL1YvlvmsHNtwSrbX,The good application for Namaz timing,5,0,2.7.1,2025-08-23 17:11:48,,,2.7.1
8394fb7a-7339-4e60-ba9f-ef0f10afed23,Hamza Hassan,https://play-lh.googleusercontent.com/a/ACg8ocJ-UKyw6vymw4Tk2BBz0r43NEYrWwQxd5rgAkah8ECnComrqw=mo,mashallah very 👍,5,0,2.7.2,2025-08-21 15:32:46,,,2.7.2
a16fff99-5063-4d59-9eb5-693bb74de6b6,Mumuni Zouré,https://play-lh.googleusercontent.com/a/ACg8ocJ-i1o4o-KCNtKq-ebq_7aP4WAY1pXjfW9VrptMpX8L_iTAjQ=mo,Simple and Straightforward,5,0,2.7.1,2025-08-21 00:55:59,,,2.7.1
89b50e35-6648-41d3-80a0-079fae7f13f8,mufthi afzal,https://play-lh.googleusercontent.com/a-/ALV-UjWmb9mArKbPfG8OMwhGrlL7_SCjCcZJecP07k5MrY9REkqFUhY,ads free and super app to use,5,0,,2025-08-20 08:11:32,,,
6443a0aa-4063-467f-ab2b-fc45be760a24,Muhammad Idris,https://play-lh.googleusercontent.com/a-/ALV-UjXxmYCsE77mCjo7O6K22q7uI7JQ9HaEnvm4rZNP_TT5g8ccJ8c,appreciate this app,5,0,2.7.1,2025-08-20 02:10:15,,,2.7.1
7abcbf7e-eebb-4b3c-80b4-0f709fb29214,Zuber Bloch,https://play-lh.googleusercontent.com/a/ACg8ocL5DhVnzsxp8y8vPuD3l0ebVasNdmTQN1hEDNvEwGHrk4jWbS4=mo,Mashallah Nice App😊,5,0,2.7.1,2025-08-18 23:03:48,,,2.7.1
a20b1c6e-c3d0-4c15-9dc0-020211c68a31,Jimoh Mayowa,https://play-lh.googleusercontent.com/a-/ALV-UjUxIdghvmsPuZHosVo0kUxFoit87GG1oJ1twH6o_vQKfnbrPao,very good app,5,0,2.7.1,2025-08-16 17:11:07,,,2.7.1
ebc3da01-3464-42f9-b6b6-8e1a19cf791c,MigiMigiMigs Rapsing,https://play-lh.googleusercontent.com/a-/ALV-UjWN1i2Fg7shCFEyv8keJHX5fqm7mfgbGmpgcYi1sYOx4WtXFIBa,Alhamdulillah,5,0,2.7.1,2025-08-15 04:34:51,,,2.7.1
e53c5473-111d-4976-8a83-1ed8fa624926,Muhsina Abass,https://play-lh.googleusercontent.com/a-/ALV-UjVEQkJD9rPavaM9_Pv4zOW3jU8RlfwTpiaqEa4gqwvdGClWHng,"This is an excellent App, very helpful",5,0,2.7.1,2025-08-12 22:10:54,,,2.7.1
7c4e0755-f15f-4ff1-9b79-68f4c06a8b8a,Ali Amer,https://play-lh.googleusercontent.com/a-/ALV-UjWlzdXivYlbdRKpGud3-WhHzJiY1mlOKyMDTAunkrbe1HM1hK_X,good,4,0,2.7.1,2025-08-11 01:37:06,,,2.7.1
c7c01f1e-dd51-4655-ba0c-843f522b16b6,Bashir muhd Bello,https://play-lh.googleusercontent.com/a-/ALV-UjWTGvFGXXN34sJJhFcj-iWJ9XY5IL7aCtBkJzqkFglsm6Mzvc9F,very interested,5,0,2.7.0,2025-08-10 20:51:00,,,2.7.0
cddacab5-705b-4a6d-a77d-fb0347658dd4,M Jalal,https://play-lh.googleusercontent.com/a-/ALV-UjVbp1inx7zjxn3aNZCfPAbIVJQDxaRxN_wTic9iaZpKc1jME1yU8g,Masha'Allah,5,0,,2025-08-10 20:43:40,,,
4c3dbf3d-7b19-4ecb-9663-de62c45ac6ee,Melih TOY,https://play-lh.googleusercontent.com/a/ACg8ocJSyD6kF279AkVRIjDfur6WIHeQItYP9SKewXugdvoSnSnIQKDZ=mo,"I live in Ispara, Türkiye, and the afternoon time is not calculated correctly, there is a deviation of more than an hour. --update : This is related to the stupid system in Türkiye. There's no error in the program. They're Hanafis and making calculations according to the Maleki of thought.",5,14,2.7.0,2025-08-10 19:49:53,,,2.7.0
70686b2f-9c8f-4ae0-bae8-67deb84d1baf,Md Saidul Ripo,https://play-lh.googleusercontent.com/a/ACg8ocJyogD5GRrhCdLDS0eiC2aXQzSACU-8pw263DsQYd4_SN_AEQ=mo,good,5,0,2.7.0,2025-08-09 22:22:02,,,2.7.0
8b46345a-89f0-4381-8bf9-a649d172c1b1,Seno Kuncoro,https://play-lh.googleusercontent.com/a-/ALV-UjXYYzPk-H3SXHI3tyjZdMfS0Hnyys9K-RYklmvrZpgaT0R8d0Og,I've never seen a complete package of an app like this. It has all of it. Kudos and appreciated for the team who developed this. May Allah bless your lives,5,1,2.7.0,2025-08-08 18:20:27,,,2.7.0
0d890f8d-2621-4487-a6da-8b707b8e72b4,Yousef Al-Hunaif,https://play-lh.googleusercontent.com/a-/ALV-UjWmblwc7eFPr7E5VirNcJjJRn9Oat_Cuj_UHhV-EHNOj6Iw5Wxn,very 👍,5,0,2.7.0,2025-08-08 15:44:36,,,2.7.0
37e709fc-8b36-4bdb-b256-706be73f9912,Noor Muhammed,https://play-lh.googleusercontent.com/a-/ALV-UjWHOXTnfbRNHYXCllno1NHIUG3CMp6ZzhaMV0hIXeyP42MiZr90,mashallah,5,0,2.7.0,2025-08-08 00:45:55,,,2.7.0
dab05485-3476-4352-b25e-4814eb9e16f6,Salman Mustwafa,https://play-lh.googleusercontent.com/a-/ALV-UjUwUeC-L5LY48Z8xHax6XYCKp7bsW248GS7-mO_L0Sran4pjVAY,perfect,5,0,2.7.0,2025-08-07 22:23:25,,,2.7.0
0fa4d737-cd05-448e-802a-67a0b8ab4fbc,Abi,https://play-lh.googleusercontent.com/a/ACg8ocJPcEmNCobumUC50LL810cu2WP4oayDT-nVskZ2G2raCjXpyg=mo,Excellent app.,5,0,2.7.0,2025-08-07 19:47:37,,,2.7.0
26824cf3-1904-46d0-b457-b6727ffd0a55,Nasrat Juma,https://play-lh.googleusercontent.com/a-/ALV-UjVLqFcXkKShrXP2h3qIY6y_95PhePA-I2qfFBJvvDLg_Pnk6MklYA,wonderful,5,0,2.7.0,2025-08-03 08:55:40,,,2.7.0
67226b10-5c2e-4676-80dd-fae55d6cf21b,M Mesbahi,https://play-lh.googleusercontent.com/a-/ALV-UjWkzhGgl8RfypYtyK79t-XZ8V9lt1zmrsyNhcfmd32HsaJx6_mT,"no ads, wow. ty",5,0,2.7.0,2025-08-03 03:00:12,,,2.7.0
c6d1e7bb-47e1-4531-9fcb-b5a1c14e4393,Yasar Mermer,https://play-lh.googleusercontent.com/a/ACg8ocLsueMWoJuEys-zORcMHuX8O6g52eE0SoJANiNW4mmhrJKqWg=mo,poor settings!,1,0,2.7.0,2025-08-02 17:23:29,,,2.7.0
3fdc38f2-a945-4527-a9f4-603c841be483,A Al Balushi,https://play-lh.googleusercontent.com/a-/ALV-UjWX-RLhPnybZY5oe_n2GMz1BuWNFtwZIThTT96lgMbpe_xTCXCv,Just wondering how to adjust prayer times.,3,0,2.7.0,2025-07-31 14:37:52,,,2.7.0
6967c8be-704e-4f77-9bae-41b60781ae09,moh kh,https://play-lh.googleusercontent.com/a/ACg8ocJwsmW7jfhwQVImOc-EF2juOEyeLKWXwPnFU4jrZf9TQ6lFvQ=mo,easy and good services,4,0,2.7.0,2025-07-29 15:11:23,,,2.7.0
670c524b-a263-4175-89a8-8891824eb043,Fawad Shahid,https://play-lh.googleusercontent.com/a/ACg8ocKWczofPvqKlLocpI5-sZtSnIznisE_iNsg2jgi3O_1qD1I-A=mo,its a really good app its remind me the time of namaz,5,0,2.7.0,2025-07-29 04:43:55,,,2.7.0
24ab8695-6949-49b0-9c10-0dc4d7802c64,Faisal Ali,https://play-lh.googleusercontent.com/a-/ALV-UjXYJJnOfQMnsz3nu9w5zVXLsQbasZ7guqWONpcgDkro_G_MMgAO,vvvv great aap,5,0,2.7.0,2025-07-28 21:25:41,,,2.7.0
d1afb01f-4064-48ee-9601-bfa0bcdcd379,shaun,https://play-lh.googleusercontent.com/a/ACg8ocLbLATUPlEMky3P9o6xL90QzwJsqC8mWLoAgIc17UugVbhtOg=mo,"thank you for sharing and teaching us your wisdom Islam. to some of us Americans, that had picked up the message you brought with you from over there from your country.. you never know how many countful souls you may save from corruption of polytheist and damnation from hell too",5,0,2.7.0,2025-07-28 14:46:56,,,2.7.0
14afdb8e-e265-478d-bda1-7faa2deb3bb7,samiul haque,https://play-lh.googleusercontent.com/a-/ALV-UjVQMk0xBnYxUcTqjeNfdoUbOCRLm37klygyB0EUZ_bF52K8Uuvm,masha allah,5,0,2.7.0,2025-07-27 18:48:43,,,2.7.0
f1d57d38-0054-4aa4-b9dd-dca2345bd82f,Iftikar Ahmed,https://play-lh.googleusercontent.com/a/ACg8ocIg6dEMoubNprNT7F8MYuJtzgfQcpWZpZEvtNHyLnyp8j94X7s=mo,Nice app,5,0,2.16.5,2025-07-25 18:39:25,,,2.16.5
bb844533-20ed-43b6-9249-dcf9f3d87834,Sonia,https://play-lh.googleusercontent.com/a/ACg8ocKaw06-qjuBx_QRcAgRpqfOzbwaXtI25KGfr5yW6DoFdTepLQ=mo,"The best part for me was: every time the notification of the prayer comes, this line pops up: hurry to prayer, hurry to success.",5,1,2.16.5,2025-07-25 02:03:15,,,2.16.5
7fdede35-1555-43ca-a47d-ff603835f98f,justice mcqueen,https://play-lh.googleusercontent.com/a-/ALV-UjVn3ghOXSsKIdGPUXirLJNQuhYmrSi2qP1yfOgTq9szBeNNU-VwYw,great reminder of pray time,5,0,2.16.5,2025-07-22 15:35:24,,,2.16.5
d01b7cb5-ff35-487d-b981-8736d379b205,Md Mehboob Raza,https://play-lh.googleusercontent.com/a-/ALV-UjXrma_ZHyBe9RxsXYljP2rkYshiQ2XfAzVnMwfcpA1MzZH0B24,Masha Allah,5,0,2.16.5,2025-07-21 00:18:32,,,2.16.5
db4de10b-100e-43e8-add7-56893d6049c0,S A Nizamuddin,https://play-lh.googleusercontent.com/a/ACg8ocL7SlgkSEh01UeYiwdaIxf-_Lt9-2Mm0K8Md80n--iaoIuK0UAq=mo,very helpful to me,5,0,2.16.5,2025-07-11 05:16:24,,,2.16.5
4117275b-959c-4a0e-86d7-620b08afa305,Mausam Kabeer,https://play-lh.googleusercontent.com/a/ACg8ocK5r9WfhFCFgjf0Tqv8gnR-LU0hoOAOsRGslRTfU84NIeFBWg=mo,v.nice. i love it. every thing easy.,5,0,2.16.5,2025-07-09 20:59:16,,,2.16.5
28eeea5e-6a38-426c-8ae6-b2c3b6710983,Richard Milsap,https://play-lh.googleusercontent.com/a/ACg8ocK_lIWpa2CBlSAKTsOTjmdonq56MLmqs93nUin6coj6cVMZaFI=mo,الحمد لله,5,0,2.16.5,2025-07-06 23:57:52,,,2.16.5
6c26ccf1-448f-4d9b-8ce6-42ab0ee48f06,Hengxi Jojoma,https://play-lh.googleusercontent.com/a/ACg8ocJ6nC1kj0Jk4t8m9e0_ncgkC72E3LjtZX-qawOE6v-XdEWKQA=mo,The mishary azan is so beautiful and is so beautiful,5,1,2.16.5,2025-07-06 05:20:15,,,2.16.5
09edf55f-8877-4749-a902-54982822ed62,Tavish Akhtar,https://play-lh.googleusercontent.com/a-/ALV-UjXyvQLag3bImpS_f89wcHb-sz7K3UpFtq7QZctBjaP1JPqJxb_K5A,So good and very useful app in this busy life,5,0,2.16.5,2025-07-05 19:53:27,,,2.16.5
3fe0b017-5341-4f9f-9091-2a604b2bafe7,Bdul Aziz,https://play-lh.googleusercontent.com/a/ACg8ocJ4unOE-mzVoARxUwxwxgoT8ZEshNVQNYPNWJ0lIeZyqG2P_g=mo,alhamduAllah,5,0,2.16.5,2025-07-04 18:18:43,,,2.16.5
29ef72d1-20bc-4787-ba91-2fa29b4befbe,Muhammad Arshad,https://play-lh.googleusercontent.com/a/ACg8ocIR97yM1UmcrcdOqY8nD9J1dSm1XZu6V9wMzgJ3K3Olxu8akw=mo,It is an excellent application but hijri date is not adjustable. Please rectify. Thanks,5,5,2.16.5,2025-07-02 14:39:49,,,2.16.5
67582d92-b54e-4752-b945-ed2fe30390c9,Brian Barry,https://play-lh.googleusercontent.com/a-/ALV-UjUZAuRrxzL0wLRlnZew4ZSraD71i32W_jx82FWxWVNh6g3RHNKutw,Accurate,5,0,2.16.5,2025-07-02 03:06:32,,,2.16.5
d9660fb7-3322-41ba-a677-b995e4ecdd10,T Khan,https://play-lh.googleusercontent.com/a/ACg8ocIPgXOl0QTeorqI78JLy3g6R3V5WTqUEdprzr2F_11IHIUC8A=mo,⭐️⭐️⭐️⭐️⭐️,5,0,2.16.5,2025-07-01 04:28:25,,,2.16.5
ae3d3150-0916-4cf6-927c-d9fe3e4375b0,Uthmaan Apollos,https://play-lh.googleusercontent.com/a-/ALV-UjWQ3XRw0uqXKVyO7bsBhrBDiiUSNd0vTlcaveTxlxTA5k4KfAg,it helps alot to no prayer time is near especially when a person is busy at work,5,0,2.16.5,2025-06-30 01:15:12,,,2.16.5
dacefdb6-4642-4acd-9eba-9b0821309bb6,nejmah mohd,https://play-lh.googleusercontent.com/a/ACg8ocILvNDh89c-k0ZaJI0wiFRa85K6h2hjcY2rA2Pau6fV6_PSYw=mo,its an excellent app with no adds. The quran app is also very beneficial with tajweed. I totally recomend this app. Best i've seen so far.,5,2,2.16.5,2025-06-23 08:38:22,,,2.16.5
9225a1bb-369f-4786-990b-63c194179bd6,Amine Rami,https://play-lh.googleusercontent.com/a/ACg8ocKLGyXiEXMkydfNcok6X0TeFYxdn5CqSeeGEYqhYEiGM3z5gw=mo,"it's a really good app. i love how well made it is. I wish Adhan notification could be heard even on silent mode or tweak that option. Other than that, MASHALLAH",5,9,2.16.5,2025-06-22 19:02:38,,,2.16.5
cfa9db20-4527-4c08-882a-9c73daced2c7,Zaynab,https://play-lh.googleusercontent.com/a/ACg8ocIm9-EcKCHgYN49nLwCDpfPcN3vE7IjOvkSgCpiwHu-3Bjo9w=mo,adhan has not being calling on my phone only once in a while,1,0,2.16.5,2025-06-20 19:13:54,,,2.16.5
dca3d90b-006c-49f8-a574-b4078199a70a,Ace Boog,https://play-lh.googleusercontent.com/a-/ALV-UjWyVvourIBn4XdXkgBHPM1W6topRPIe60oeuQ12LB_XOQkxfXpH,👍🏾👍🏾,5,0,2.16.5,2025-06-18 23:50:42,,,2.16.5
1a559d18-95dd-48ec-aab0-b09d95fed618,Pagillanagarjun Nagarjun,https://play-lh.googleusercontent.com/a-/ALV-UjWoT-YU0YnL6FJvWshexMBTibvisRjWDUvFbgH2pVb54jmaFCu6,good,5,0,2.16.5,2025-06-16 19:02:52,,,2.16.5
0d6f6321-41c6-42b6-910a-db0a2e09ee17,Temur Qazan,https://play-lh.googleusercontent.com/a/ACg8ocIPfdahWMd0fYYSIaTA9RD97mnYKuMJ7Lnt9UIQ5vN-GS-xNw=mo,Very good app. all reviews correct.,1,0,,2025-06-13 18:00:05,,,
a63c1646-b0d1-4b83-86f7-1781ce4b26ea,abcde Khan,https://play-lh.googleusercontent.com/a/ACg8ocKno2tXYr4Xvthk-uB6-spB030NLGSO76l6q8hyrT-M7B-YEA=mo,Masha Allah,5,0,2.16.5,2025-06-13 07:12:40,,,2.16.5
0110131c-7dcf-47f9-a710-c02ecb213544,Mustapha Mohammed Gidaje,https://play-lh.googleusercontent.com/a-/ALV-UjV-B7VO4DCRGM5kCOwabbOjyWRgLQtVlrG8nWpkiIkxpM5khLU,Alhamdulillah ❤️☝️🤲🤍🕊️💯🤝🔋🫂,5,0,2.16.5,2025-06-10 22:17:21,,,2.16.5
5c13f84e-f42c-4568-a747-7bee8b4fecad,abdelmohsen emam,https://play-lh.googleusercontent.com/a-/ALV-UjWIq1vea7XzvOm_byzffb_EM9TB6JgXhlm9muzxWN5Q_frRJTZB,exillant,4,0,2.16.5,2025-06-10 08:27:59,,,2.16.5
4300dcdd-c8c4-4c36-80d7-269dfe9ae03f,Mohsin Saifi,https://play-lh.googleusercontent.com/a-/ALV-UjUEUmiP8HafAAS0o-TH6QLKOE2Jedxdrly5Ak0yBpti2-3kpZed,good very good,5,0,2.16.5,2025-06-05 05:53:53,,,2.16.5
0c90cdae-9a43-4c6f-84d7-89be0ff8abc6,MAQSOOD AHMAD,https://play-lh.googleusercontent.com/a/ACg8ocJPWNDadlJqFc_0obU7trL3dt4omz62CbzKCy9fkjIgIFuZ6A=mo,Excellent app.,5,0,2.16.5,2025-06-05 03:55:30,,,2.16.5
6820889a-8e49-49e9-b120-b794a8d64e05,Munaza Bukhari,https://play-lh.googleusercontent.com/a-/ALV-UjVdIt9vCRFQlXOSt0v3eBCeV1D_Hy2PxsjxQV2fTCRAfH7Ut_N_2w,Great ❤️,5,0,2.16.5,2025-06-03 02:18:04,,,2.16.5
1e23b625-9273-4935-abb7-4cc8dbab9413,MD Tanjid Ahmed,https://play-lh.googleusercontent.com/a-/ALV-UjXRY22CtyIKCvVHBDx-VeNPew_HcySGVQ_kSVebXz_6eNFK7Wd8,"No ads, minimalistic, has what I need ❤️ Zazakallahu Khairaan ❤️",5,0,2.16.5,2025-05-30 19:32:03,,,2.16.5
c32197ad-2942-4f0c-8626-460de0d4f7ca,Sona Saha,https://play-lh.googleusercontent.com/a/ACg8ocIL7Pqj7Ud4xdryuIqvPs-VBAeWRtsups9ZaSAjvkI8CQf5mg=mo,👍,2,0,2.16.5,2025-05-29 23:56:47,,,2.16.5
e21ddcb2-fa47-4c3c-81c5-5df0ed064561,Tim Ham,https://play-lh.googleusercontent.com/a-/ALV-UjWrV4A4FHH-joGJs_u3lCulZ6z07xlq_nKaj8GMbeMEluOBRpCa,good work,5,0,2.16.5,2025-05-28 17:02:07,,,2.16.5
54a62d90-3855-4fb3-b1f3-cfe721019368,Sahliyah Aali-Raheem,https://play-lh.googleusercontent.com/a-/ALV-UjWAxx4zEaygrxPu2HE8S6OaaPNbUzTMWQMR-HSJOQoXLEW_XsZf,Subhannallah. I'm grateful for the on time notifications to make salat.,5,0,2.16.5,2025-05-25 05:56:20,,,2.16.5
5965cd37-56cd-4f5d-aeb0-cba71f069de5,Kilani Bello Ismail,https://play-lh.googleusercontent.com/a-/ALV-UjUkYaAw5gJdK8G2Osvyvs61JYb_TZWUCt9XqtN5dMcfAmnuXf5h,great app,5,0,2.16.5,2025-05-22 09:27:16,,,2.16.5
53da186b-e426-4d6a-8b6a-9345b87e966e,Samer,https://play-lh.googleusercontent.com/a-/ALV-UjVFpnTjZYeFtEienpSFiuXbunccpSjnp9KXsv0dgZQj1grWggDqeQ,excellent,5,0,2.16.5,2025-05-21 02:14:36,,,2.16.5
5de3ad3c-6664-488d-a96c-4f2052d425fc,Sehou Jawara,https://play-lh.googleusercontent.com/a-/ALV-UjXTouMBBy2dvogsMs-NQRSwr-Q0XunLva9DFcVIB_VnD4II8jI,good,5,0,2.16.5,2025-05-20 06:38:32,,,2.16.5
d4021229-435a-4746-9896-fe6110044ee2,Bobby Apadan,https://play-lh.googleusercontent.com/a/ACg8ocJNyPgUzvzkyotnF3FoZ58kDJAwZBLLbCcrerg5KDPTjO6riQ=mo,I like this application if accuracy is concern,5,0,2.16.5,2025-05-15 02:21:32,,,2.16.5
6cf7347b-b7f5-4754-ae28-bbdc84067102,reda reda,https://play-lh.googleusercontent.com/a-/ALV-UjVg71vU0UbEayxttLVwOZNlZU--JjJN6EVqSXX1Vfs8skWzgdRgVA,"The application is good, but it lacks some features, including the ability to add a vibration option to alarms and notifications. Thank you.",3,0,2.16.5,2025-05-14 02:49:11,,,2.16.5
e0ac7dba-9041-401e-928d-73fb84f9925c,Rehan Sayyed,https://play-lh.googleusercontent.com/a/ACg8ocJaO-UYjzwakbquxbEcrRxQNHIwGYlECDYTRbZj2R3oKEZrOQ=mo,it has been a really terrible act from the dev's. u guys knew about the glitch that the timing are all screwed up and many mosque just rely on the application timing and due to some ruling we can't even switch to other apps. it was really disappointing to see an app used majorly world wide (especially in russia). please try not to glitch up the app in the future.,1,1,2.16.5,2025-05-13 04:47:15,,,2.16.5
d84e25a0-c627-4189-bfc4-0009aabd1ea6,OMAR ABDULLAHI,https://play-lh.googleusercontent.com/a/ACg8ocLM0ElpLwZogNHklR4o12M_KG9pRaM0eauf96T4RbFHjh1_0MI=mo,it's superb 😘😘😘,5,1,2.16.5,2025-05-12 20:37:21,,,2.16.5
c373a3c2-e3d3-4cfa-bab3-0ad6c6ba4508,Mirshod W,https://play-lh.googleusercontent.com/a-/ALV-UjVcbAv9FI-weVI7LO0K60TH6xbzo9KlMfFT-tiG8n3bcARadAo,"very useful, thanks",5,1,,2025-05-12 06:24:19,,,
74ce0fae-49fe-45b4-870f-fb88e696751f,Hamza Bourouina,https://play-lh.googleusercontent.com/a/ACg8ocIacxJ0uouMcYVRk1v9uOdce8QqaHGw30mMSW2uWYpnT6CRgA=mo,ماشاء الله تطبيق جيد,5,0,,2025-05-09 00:53:51,,,
0ca8dae8-8194-41b8-8aaa-6d1e676c486e,Rahma Issah Rahma,https://play-lh.googleusercontent.com/a/ACg8ocLlcxlCmC494qzw0X2YUJiYH9jXFsN5r4rGTJ0_c_6v01f3YQ=mo,Masha Allah TabarakAllah I really enjoyed using this best application may Allah reward you abundantly pls do not change anything about this blessed app pls✔️👍👍👍👍👍😍,5,1,2.16.5,2025-05-07 03:48:21,,,2.16.5
d2fbfb90-49ea-42c9-b215-d52f0d0f4ced,Chinere McCree,https://play-lh.googleusercontent.com/a-/ALV-UjWqbItrCk0RDT9C_F43B0EHBegmnAkS_OTPu0DXIZYgPH3RfsO0,this app is awesome. Jazakallah Khair. Masha Allah and it is free. I make du'a for the creators to get 🏔️ of hasana on yowm ki yama. May Allah reward you much here and hereafter. thank you thank you very much. tiz better than Muslim pro in the tafsir and the way it works so easy. the hidden gems in this app 🥰,5,13,2.16.5,2025-05-04 18:23:02,,,2.16.5
c2e28785-2083-41f0-8d19-1df158cf1b0e,Prajyot Alim,https://play-lh.googleusercontent.com/a-/ALV-UjVw-nRIHDYnTZqgZLAMt8B3Nw_mwqy_85fbmAf9-o-GSWhEQnltWg,Giving 4 stars so review is seen by devloper team...lol else it's 5. Best app I found which suits me only thing I am wondering that it uses alarm sound for notification which has no procedure to change its setting for my device I use Samsung s20fe While the time for prayer notification volume which is by default to alarm for app is at lowest...so can hardly hear And while setting notification tone in the app..it uses media volume for us to know how much volume we want to set. Help me:),4,6,2.16.4,2025-05-01 05:32:39,,,2.16.4
32ecd85a-0e1c-47cc-b622-99181f3cf544,Ero,https://play-lh.googleusercontent.com/a-/ALV-UjUfjeZRjR-61P-4lOCGNAAAVua8TmYx1_sw4g-WGaYBj1f9IuxR,This is very important and useful for Muslims. So prefer it.,5,2,2.16.4,2025-04-28 22:42:24,,,2.16.4
a8c101ea-5268-4819-a3af-fa1a6439ae3b,Zeyheera Cadir,https://play-lh.googleusercontent.com/a-/ALV-UjXltKTOZ0P3bQB-4RYI5z1nKd0y_14yD5qabKz3P28-_lJqhwy6,alhumduillilah/ٱلْحَمْدُلِلَٰهِ,5,1,2.16.4,2025-04-28 09:06:25,,,2.16.4
1fb81bbc-6144-4908-b1f3-1ab7382f6701,Ghulam Mustafa (GM),https://play-lh.googleusercontent.com/a-/ALV-UjU8xMwrHT4QJQGQSsuvJm_gll7mp3q2AmsCxUGzDI35T8y5ykhB,great app. i love 😘 this,4,1,2.16.4,2025-04-27 21:13:00,,,2.16.4
d18f5315-5483-4802-b17e-b15627de54b4,Alhassan Hashimu,https://play-lh.googleusercontent.com/a-/ALV-UjUYm_h0oTQW6kpuYg3SWiGbGPVCRkNjPBwkP3mIYdAQmzrSspGy3Q,the best timing prayer app I ever seen I LOVE IT Masha ALLAH 🫶,5,2,2.16.4,2025-04-18 06:47:31,,,2.16.4
f1d4db98-cfbe-43ea-b2a8-6253ae7de395,A Google user,https://play-lh.googleusercontent.com/EGemoI2NTXmTsBVtJqk8jxF9rh8ApRWfsIMQSt2uE4OcpQqbFu7f7NbTK05lx80nuSijCz7sc3a277R67g,I just love it. It is very useful app:),5,2,2.16.4,2025-04-16 09:40:20,,,2.16.4
c9d2f8ef-7295-4ba3-b44f-1b7ea730a222,Jumli Kamlani,https://play-lh.googleusercontent.com/a-/ALV-UjUPqlKHdl7HBPM_lH0mMPB61O6TBdR8A29l9JwXNiqFA6npLeQ3,nice,5,0,2.16.4,2025-04-14 14:45:53,,,2.16.4
71e28486-fcc2-4588-82ca-20ae09606909,Tarique Ghazali,https://play-lh.googleusercontent.com/a-/ALV-UjXdqJM5LR62L3woAxh4DCOQ-zyVXTdDk1y7HYbXl3qPGEMz-yR9,Big big thanks,5,1,2.16.4,2025-04-08 15:17:37,,,2.16.4
54dc91af-e370-4ef3-8156-c9916a87f250,Alisher yusupov (Raxmonaliyevich),https://play-lh.googleusercontent.com/a/ACg8ocJaebI2GezDTeDjryWY-QIb8WY6Sb87UcE8E7J8_4Ke-RqXnn4=mo,MashaaAlloh juda qulay,5,0,2.16.4,2025-04-08 06:48:54,,,2.16.4
38ba0ad6-a6ff-4278-8992-c5647e56139f,Adnan Khaliq,https://play-lh.googleusercontent.com/a-/ALV-UjU8OnuHo4eMftnGrXPdJrIbEiowhXS7aKcCVnsMSW9NpWN-o2AHDQ,"it's a great app, a feature that I would really appreciate is to add a widget that shows countdown for the amount of time left for a particular Salah that's due at that particular time.",4,4,2.16.4,2025-04-07 20:14:45,,,2.16.4
a5908571-8c8d-4924-a044-daa08cbd68c4,Steve Comins,https://play-lh.googleusercontent.com/a/ACg8ocJkWou6Mj01TbxgHSQUPdtb-Gbevbmwu-Yanviv-mIr9tB6pA=mo,"If you are not Muslim, but a dear friend or collegue is, it is a great way to not accidently telephone them during devotions. It can be set so simply give a single quiet pop-up or two then cease. Not intrusive. If you work in a country were folks are predominantly Muslim, I would recommend this app.",5,26,2.16.4,2025-04-07 06:14:38,,,2.16.4
7391715e-2cc7-49c8-9eb9-022f30754cb8,Fahmeed Qureshi,https://play-lh.googleusercontent.com/a-/ALV-UjVqn2FZU6vAisMjpM_6ZURb4JKn3TCAwaQ1vYVEqB-TPhIrvkw_yQ,nice,5,0,2.16.3,2025-04-06 12:00:36,,,2.16.3
b298214b-8ff2-4859-8446-cc433f687cdb,Mohammad Shaikh,https://play-lh.googleusercontent.com/a-/ALV-UjWE2wb78js9njjopcDENXCcrorxnxZyiSTf7dmvSrJuMv1mTS5UMA,"Very nice praying app, try once I am happy to use you should also try it out the main features is accurate time of azaan.",5,4,2.16.3,2025-04-06 06:46:09,,,2.16.3
f47825ed-73ca-473f-91e1-4313dad9f638,moony ahmed,https://play-lh.googleusercontent.com/a-/ALV-UjWM07kNvO-lK9FweXiJ75c19lDQmel4XNYFQsRqp2NSI9SnfMdK,very good👍,5,0,2.16.3,2025-04-04 23:42:52,,,2.16.3
f207f462-ee24-4e9c-812f-239befa91a5b,Bankole Adisa,https://play-lh.googleusercontent.com/a-/ALV-UjXfUV4dPOPsRIgjsDAeRiz9DVN7qP8M5uGNEN5cwq9g07tTlwmr,nice app for call to prayer,5,1,2.16.3,2025-04-03 18:02:20,,,2.16.3
79f6271d-27d0-4766-9e6c-33bcf40d1820,M . A. HUSSAIN,https://play-lh.googleusercontent.com/a-/ALV-UjUU9ZinAawgq0JmR0jgeIE459p4la5w6kIG4EPmUd_F9Lx4Cs1z,perfect and excellent 👌,5,1,2.16.3,2025-04-02 22:52:11,,,2.16.3
a5276571-c4e9-4d02-b083-0cf62a88fb08,Wali Mujib,https://play-lh.googleusercontent.com/a-/ALV-UjV2Q2hKbkdGQvmIwZGH-JDqe7O1UJe_ghPRCqaVvAoVde1eHM0,Al Hamdu Lillah Rabbil Alamin,5,0,2.16.3,2025-04-02 06:01:41,,,2.16.3
fef5fa9f-e4c6-4d6b-b38a-9b8869bf8b86,Ash,https://play-lh.googleusercontent.com/a/ACg8ocK_7YxRTOy4vl4qZ3Jtt_S7tC-Yt6XTGzeG-WMbrYvIrOyq6Q=mo,It misses certain reminders for prayer times. You need to offer an explanation or correct this issue. Overall I found the app to very good but needs to do better in this regard.,2,1,2.16.3,2025-04-01 00:58:59,,,2.16.3
f091097b-c451-4752-8cfc-f8aac6ea4b7d,Abdul Alrahman,https://play-lh.googleusercontent.com/a-/ALV-UjUqFB1sm5NSDQRuYoT-eAgdpTmDj49gu-aHtsfbFDztIvPn6ao,love it,5,0,2.16.3,2025-03-30 08:29:55,,,2.16.3
6f25c012-c83e-4ad0-8714-f6dabe505759,S K Basha,https://play-lh.googleusercontent.com/a-/ALV-UjWvYhEmMYQMin625VmhrxIEa9LI8bCebRZXPRyBeklmkmaQep-W5A,MASHA ALLAH bahut badiya hai,5,0,2.16.3,2025-03-30 05:44:55,,,2.16.3
b4c3e8a6-6f26-4e8a-8a74-ed8222ddbb56,M.Abdurrahman MEHRABI,https://play-lh.googleusercontent.com/a-/ALV-UjUGHTq2eGP9tJdWaRUKS4c-aREneqxtF9H73RCM-HNLuW0XnrjK,جزاکم الله خیرا ❤️,5,0,2.16.3,2025-03-29 07:07:33,,,2.16.3
219aa103-2604-4801-89b9-af9f49977768,Zafar Asrorov,https://play-lh.googleusercontent.com/a-/ALV-UjWWooByu1eSb_mRYP6CUz7RCnGogQ-3qoidbjwQatoOyDgjRRk,I love it😍😍 it's really useful app for Muslims🤝,5,2,2.16.3,2025-03-29 06:50:52,,,2.16.3
f0d3b90a-dd48-4fb0-9ac4-e43967d97dd5,S L,https://play-lh.googleusercontent.com/a/ACg8ocIio8_0XOLMsAJpoI5Fd75X9REy5yqxebV_s-STW5LXP5Y5zg=mo,Assalamualaikum..please add tasbih would be super helpful useful,5,2,2.16.3,2025-03-26 07:14:41,,,2.16.3
941f2860-bdbd-477c-a08f-d986dc36ceeb,Yodgor Nurmatov,https://play-lh.googleusercontent.com/a/ACg8ocKuiWCzsWe99MB_cRsIw7ITSBGfNgjfMXhMVdxdx6pJOWMZZQ=mo,Assalamu alaykum. Very useful APP. God bless you all. Thanks a lt,5,2,2.16.3,2025-03-25 07:51:26,,,2.16.3
08f60871-900c-4b23-adbb-59c8902dee78,Faraz Rahamut,https://play-lh.googleusercontent.com/a/ACg8ocLyOLP1Fy-KCVKJ81bWNFENBAFH3Mpp9YZPbyW71zUA-efBuw=mo,very good app,5,1,2.16.3,2025-03-24 23:38:43,,,2.16.3
71b855d2-255e-496f-bee7-aac0fd3dcbb0,bangumoh,https://play-lh.googleusercontent.com/a-/ALV-UjVmeqbzAtEVaABSqX5NuRAeIRr4fDiDALkSXAUYO9W4WxwF1Ag,Excellent 👌 better sweet Relationship with you in Islamic Calendar Month,5,2,2.16.3,2025-03-24 18:21:24,,,2.16.3
35ea7b5c-5484-4d9d-80cc-6ccca86822bc,Abdullahi Arte,https://play-lh.googleusercontent.com/a-/ALV-UjUw28Vxv0OC7KE5rCRZK4edIdPocwxY0Z91R2veioUHiJREDfwx,MashaAllah,5,0,2.16.3,2025-03-23 16:53:17,,,2.16.3
6535258c-100e-4559-a3f2-f7d73d47c1b5,janmo bhumy,https://play-lh.googleusercontent.com/a/ACg8ocKMIGEtXKuY4BBpQZkhRW2N5hk9TYggxF7l7k-ud7A405uX8g=mo,Very good app.Thanks. Mizan from New York.,5,1,,2025-03-21 13:56:16,,,
3ce18b23-88d7-4c8b-8042-bb47508d7d3d,Tony Bail,https://play-lh.googleusercontent.com/a/ACg8ocL2lTrU8PqaX0Vv-KKjXA9SHUeLSIGZZHZCMvfz5dJACR5mNnIx=mo,Assalamualaikum waRahmantullah waBarakatu All Praises to Allah my best all in one App. There may be an error in transliteration word for word Surah 14 ayat 21 the last word please check. May Allah be pleased with the work of you all and Bless you in abundance in this life and the Hereafter. GOOD Work ✌🏾,5,4,2.16.3,2025-03-21 02:30:11,,,2.16.3
b2cdc9f8-235f-4b98-934f-529075322f19,Rukayat Olapade,https://play-lh.googleusercontent.com/a-/ALV-UjXg5Nn-WDYhauycI77pD9lD4Zpkj2mFiuLwKKsOZPnk2ll79iLi,it was fine ooo,5,1,2.16.3,2025-03-20 09:22:01,,,2.16.3
e41341c7-908a-400e-a5e1-51af1cb17d28,Mohammed Raziuddin,https://play-lh.googleusercontent.com/a-/ALV-UjWpoo8BOonjOD6qT4XO5hCFcBrNuwRHHhhAKGVnKj8lN0B5rHCB,useful and learning aap,5,1,2.16.3,2025-03-20 04:02:58,,,2.16.3
9cd43c2e-6969-4427-8ee6-8306228a0cb3,INA Amash,https://play-lh.googleusercontent.com/a/ACg8ocLNNJKr6btAYHtVlDpkzRLuhyoE0u4G63Nc2TrniFdHAReNMQ=mo,Thanks very helpfull with No wasting time ads.,5,2,2.16.3,2025-03-17 07:09:41,,,2.16.3
5ded9d9f-9fbc-485f-a169-857be5491d55,Nasirkhan Nasir,https://play-lh.googleusercontent.com/a/ACg8ocK3sQiFngD-_9ICq2CwdKbTJh0q1EGsFeGE48wIkpPxKFqxlQ=mo,bohat achcha apni apni waqton ki namazon main alaram baj jata hai aur hum atantion ho jate hain ki namaz ka time hogaya hai👌,5,0,2.16.3,2025-03-16 20:13:43,,,2.16.3
f6be4b1d-1f55-41ae-a230-78975e9b6e8e,tara,https://play-lh.googleusercontent.com/a-/ALV-UjVokqVN9ZtwAaDduiklkXyxFvUBXgTVDYglG992EnRcJzZgQys,5 stars,5,0,2.16.3,2025-03-16 11:01:13,,,2.16.3
6ffafa7c-6afe-418f-b9f9-687bd8eb5788,Qamar Nasir,https://play-lh.googleusercontent.com/a/ACg8ocISZ3Ovxm64oXDLH1OcBLG7G9qEj9O_4c1XYGsZp48k3qtnRg=mo,Got rid of MuslimPro due to too many ads and the subscription price was too high (considering they have had 100M + downloads) and replaced it with IslamApp. Straightforward apo with no ads and everything you need.,5,24,2.16.3,2025-03-15 15:44:28,,,2.16.3
dd13359a-4040-4022-bb95-ca88c9520f9d,MD MUNSAF ALAM,https://play-lh.googleusercontent.com/a-/ALV-UjWZ34yf6EsG8vmSUlmvQJQlgVitRL907hXdMPm6UdFigeFOkxy4,excellent but sometimes need to add & update in this application,5,2,2.16.3,2025-03-15 05:33:12,,,2.16.3
d0065129-274a-4d3a-88af-6ef6158c0248,Bruce Lee,https://play-lh.googleusercontent.com/a-/ALV-UjUb7_35JsvwyWMHNvXfQAP_xvNjplDrOwg0adrFoCbqNQO8FOel0w,The best app I've ever met,5,1,2.16.3,2025-03-15 01:40:33,,,2.16.3
40b55175-c725-4a2b-bda0-25f070918799,Thaha Rashid,https://play-lh.googleusercontent.com/a-/ALV-UjWcixX6uvwmQnItB_-Zl-TLfxz66PcGw7RSCyt-bOyLZSx0KXo,Simple & Addfree,5,3,2.16.3,2025-03-13 05:56:09,,,2.16.3
1e451712-ae8a-48db-9f5b-9b1fbd32a6be,Keith LaBeau,https://play-lh.googleusercontent.com/a-/ALV-UjXFM_X-R8qASm4nTGkhCMXObQECyJBm3fUwk5OXJwQCY8LCiUI3,wonderful app thanks works well,5,2,2.16.3,2025-03-12 16:20:53,,,2.16.3
e7979cfd-efe1-476c-899e-74fab142da75,Terry Muhammad,https://play-lh.googleusercontent.com/a-/ALV-UjUpKy_ottngLNiSPk9Y4mjWNxpGe0QkI6ImSj_LiDq_w5a0xjgH,"I Thank Allah for this app being developed especially during Ramadan, it has been a great help for me. Thanks to the program developer's. May Allah be Pleased with them.",5,6,2.16.3,2025-03-10 17:39:35,,,2.16.3
fd395924-a76f-4684-8be9-c49725254b8e,MD mustafa rajoo,https://play-lh.googleusercontent.com/a-/ALV-UjVJE8XHqljJ366BVCydXr5frWFJmfXt1vJ130YGjxXmdRZIqobm8g,very friendly apps timer accurate,5,3,2.16.3,2025-03-10 13:58:17,,,2.16.3
184adc35-1a5b-460d-b242-1105b0e962df,Shahid Quraishi,https://play-lh.googleusercontent.com/a-/ALV-UjVjb-LNy-RCrBrEpP_EZ2DsRKC-JabV7U_RtBAYxllJ6Amp8ews,one of the best app,5,1,2.16.3,2025-03-09 07:59:11,,,2.16.3
60505d21-17dc-41c0-8a8e-c6d66f8ee4e6,Musa Isiaka,https://play-lh.googleusercontent.com/a/ACg8ocLT-zFu8giqcRnnfSmfqi6C64OjdDs12iGYb5r-gEfAM8QNqA=mo,Nice and right on point,5,1,2.16.1,2025-03-08 22:01:13,,,2.16.1
38cc36d9-8281-47dc-a297-9542a235fc27,Muhib ul Rahman Paktiawal Ahmadzai,https://play-lh.googleusercontent.com/a-/ALV-UjWkIazavj34LKKGbVaS3sHhmS3kJZELQYyJu__izMataL6PcTLS,Best app for prayer time all around the world.,5,1,2.16.3,2025-03-08 17:07:35,,,2.16.3
82355ff8-4642-4f45-abdf-9116694e87d2,Lumambas Utto,https://play-lh.googleusercontent.com/a-/ALV-UjWEDPbCJLJcTxbCmY256F9aoc8bIh9xzox_RDK9uvWVdBTt5qu_,nuce apps.,5,0,2.16.1,2025-03-06 19:49:02,,,2.16.1
d77d0272-e30c-49ef-973d-582b70fdbc59,Salim mulla,https://play-lh.googleusercontent.com/a-/ALV-UjXs8se3EmwGLXyGX254aTL5yQwzJ0nxbOwTcYTQwUzta4UmB161,Nice 🙂,5,0,2.16.1,2025-03-06 14:53:12,,,2.16.1
efbdd543-0e15-4994-b57d-c201a8bcd884,Unknown Person,https://play-lh.googleusercontent.com/a-/ALV-UjWQ2Vv8DLKQxwNU9Dy7Zd6KUzRnqrURWG8k7rvsT09pNc3WDV8,alhamdulila I found this app may Allah guide us and lead us to the right path Ameen🌙❤️,5,4,2.16.2,2025-03-06 12:07:56,,,2.16.2
04df9be3-7edb-4da2-ab14-2431859110b3,Sayeed Chasti,https://play-lh.googleusercontent.com/a-/ALV-UjUyv--g6T6gcxtxIM2gX834TyXA60oF55tzQAynlII357SPqpZGJA,best of all,5,1,2.16.2,2025-03-06 03:50:55,,,2.16.2
3bf9acf6-2a01-4758-9352-a8a558ba3036,SULIYANSYAH 1973,https://play-lh.googleusercontent.com/a-/ALV-UjWxG4CUAQohdq16F-1IMThkNAEv-HkOMPQm8OilKe4bZ3WBO7B_Pg,👍👍👍,5,0,2.16.2,2025-03-06 02:43:50,,,2.16.2
ae715369-5a81-4175-802e-2d159e430b44,Razib Ahmed,https://play-lh.googleusercontent.com/a-/ALV-UjX6txs6xylieteBozfPQuUjOGgmiXZAWS0PzyOuWler9tKA_Eme,The app is very good. It can determine the location accurately.,5,3,2.16.2,2025-03-06 02:35:52,,,2.16.2
24a3caf5-4881-4a06-babe-6c2cc011f4c5,"UK omor777 ,",https://play-lh.googleusercontent.com/a-/ALV-UjU1wLiUFyhl-KPtN0TAdyVOwZjybA_KxyoN1daJ6jsmDysv3MES,greatest app ever for prayer times and Quran,5,2,2.16.2,2025-03-04 17:25:16,,,2.16.2
c92dfa80-2f76-46a5-8df7-004cebdc871b,Rukayat Abiola,https://play-lh.googleusercontent.com/a/ACg8ocIIiK0OhwjZ-7uCAhE6EYfYM8BZPLH5kbNgzL4-HxsSS3OuIg=mo,"I like this application,is good and accurate",5,2,2.16.2,2025-03-04 08:50:48,,,2.16.2
ef604f2d-671f-4c7c-9686-3a6a82c34c4e,Inoyathon,https://play-lh.googleusercontent.com/a/ACg8ocIEUAw2I8IbiSsSl66qwG19YX7guv3kFxnby0lGLA2Wx1GA2Q=mo,i really like that upp 🌸🌸🌸🌸🌸,5,1,2.16.2,2025-03-04 06:15:27,,,2.16.2
be8d93e3-44c6-4ba9-b939-8b7e9af72991,যুবরাজ মোঃ নয়ন,https://play-lh.googleusercontent.com/a-/ALV-UjWx5qKEHWOJ17nmnRyuBZyFwR7M_tnKhPff1Nd3MzaelvvxpbeK8w,"so good,,,",5,0,2.16.1,2025-03-03 07:05:17,,,2.16.1
d2c1a711-0147-47da-b318-f3c832025f4d,Rohail Ashraf Sabri,https://play-lh.googleusercontent.com/a-/ALV-UjV-CsTB4kyOd6i_Vo2xoZ0FK06biuZhWa97l7Y_FF_YCrHUSZ-u,👍,5,0,2.16.1,2025-03-03 05:46:41,,,2.16.1
99841123-02a4-4a51-b45f-4817adcd1bfd,Mustapha Ridwan Ibrahim,https://play-lh.googleusercontent.com/a-/ALV-UjVQkdUkT-URVDm3mPHdndJ8mx3FZEciy5o9_ZFvDj49sFg5mXV5,it's a good app in the world 🌎 👌,5,2,2.16.1,2025-03-02 17:01:12,,,2.16.1
97b830f7-41f9-4dfd-a3e4-0cc464a5deb8,Ибрагим,https://play-lh.googleusercontent.com/a-/ALV-UjVNW47nzZ7FzalvIih97gW1H2ob47pC5ZVywUL0ByoPXHOK48I,Спасибо вам теперь я не пропускаю намазы спасибо!!!!!!🙃❤️❤️❤️❤️❤️🤩❤️👍😀,5,0,2.16.1,2025-03-02 08:02:11,,,2.16.1
3a611d84-2fd0-4740-bec5-f8a758f8fcaa,Haydar Atajanow,https://play-lh.googleusercontent.com/a-/ALV-UjVXovg-mXS8arjY1Ik6__psYGWA6kCrH7ig2QIjMJWEEsDCHH0,good application 👍,5,0,2.16.1,2025-03-02 07:22:23,,,2.16.1
3f1c63eb-b7f8-4cbf-a4ce-7750a56d13d3,Urrvasi Karni,https://play-lh.googleusercontent.com/a/ACg8ocLDHdaARiTFyrBD_Qs-bRJuCKWKL3Z4hyprAugmee9Y8V32Yg=mo,super great,5,0,2.16.1,2025-03-01 22:45:29,,,2.16.1
c863568d-deb3-449b-903e-1928253330e0,Dual Imran,https://play-lh.googleusercontent.com/a-/ALV-UjUSZs4OO6hIs1XvJJN4KV7yfq7lJzqAi6oZfn410dqF-E-PHl2W,THIS APP IS REALY GOD I LOVET🤩 FOR MUSLIMS 🥰 I LOVET,4,2,2.16.1,2025-03-01 18:48:48,,,2.16.1
173a6faa-43a0-4ed6-8ac7-bc34d18ce94f,Romana Islam,https://play-lh.googleusercontent.com/a/ACg8ocL5zIrzvnYtJenf3Esa8ESNlTBLFToKVu6thUcmYPfPPX0WEw=mo,This app is good that even when I downloaded it it was super good I love it and the quran and everything,5,3,2.16.1,2025-03-01 17:23:32,,,2.16.1
56132cd3-9d23-4e83-98fb-3f9f942884b1,Tanhim Rouf,https://play-lh.googleusercontent.com/a/ACg8ocIwrMylDtED-qsZKxqQCRNsxWPzA6R6cdSJv6NmU-nYZfczPg=mo,Just what I needed; no hassles at all.,5,1,2.16.1,2025-03-01 11:50:54,,,2.16.1
c73c20d0-966e-42b3-8e5f-9ffbb98fa74b,Sk Raj,https://play-lh.googleusercontent.com/a-/ALV-UjWXjWOempLyVFXAN6JrdauLsazGT1D7iSriF4AnijpR0rv_Bu-M,my namaz mate ☺,5,1,2.16.1,2025-03-01 10:43:40,,,2.16.1
f9524f8b-d878-43f4-b81e-2d1c6bbfd340,Rafiur Rahman,https://play-lh.googleusercontent.com/a-/ALV-UjWQsK2y-lC9M_v7uEkt2y33_IWCiN99rxXWjPpRvZs--74uoJg,Finally a correct app.,5,0,2.16.1,2025-03-01 03:39:00,,,2.16.1
1e692ac2-0123-49f3-920a-76ddcf9a6826,Musa Juli,https://play-lh.googleusercontent.com/a-/ALV-UjU1fSeMtKYrnPbGtwy-NB_xP6Rfx5CitvcEb5latGaUgpCfuKU,السلام عليكم ورحمة الله,3,0,2.16.1,2025-02-28 21:08:58,,,2.16.1
ecbf696d-1eaf-4580-ac44-22e27587ebdc,Raashid Nolan,https://play-lh.googleusercontent.com/a/ACg8ocKf85brnR0PEQvDuINshx3EjhJRl1oivqMFPtRiOejkOywyBQ=mo,No is ok I'm fine with the program,4,1,,2025-02-28 17:05:02,,,
3db812b4-6e33-436a-b504-987cfb84ba2b,Mohammed Sirajuddin,https://play-lh.googleusercontent.com/a-/ALV-UjWaE6l42HQGxMHN1XFtGBhxpG1mxSsfzk2rfZNRkwPvS4UNSn3w,excellent 👌👍💝,5,0,2.16.1,2025-02-28 09:46:59,,,2.16.1
03a64807-1c52-477b-b75c-9a98b99c2f75,SEID YESUF,https://play-lh.googleusercontent.com/a-/ALV-UjUJrZijdcTETlrSuaA-e3g23Vxs5usodLEfb1_4BATJCtkkmlJB,mashallah,5,0,2.16.1,2025-02-27 17:31:00,,,2.16.1
d2e501be-19a7-472c-a9c9-a7573487b5a6,Jmadave89,https://play-lh.googleusercontent.com/a-/ALV-UjUB45KfOWIF5QAcIuqMgx14JfkjOh_3tHEHws88p2BS-nIWEnWZ,IslamApp is the better Islamic App I've ever seen in my life ❤️,5,2,2.16.1,2025-02-25 16:18:26,,,2.16.1
83f74725-4dbc-498c-961b-8b7e1d2fd6d6,Mohammad Ali Muiz,https://play-lh.googleusercontent.com/a-/ALV-UjWOe9a0MZPKGq4dg0oHeQyXqARqHNcy5Sg-I_H1jOWIGBttqW6s3g,"simple and fulfill my need from daily prayer, hadist, Quran verse etc. Syukron",5,3,2.16.1,2025-02-23 22:10:45,,,2.16.1
e199fe9e-0df8-48a4-9ebc-cdbedf7d0076,Abdul Majeed,https://play-lh.googleusercontent.com/a/ACg8ocLMmtiuEg5hlZJIaTfywGwS2o9HfnvnqOr2g6Sbrw1gK9kr=mo,👍,5,0,2.14.1,2025-02-22 16:56:37,,,2.14.1
a6035a4f-e988-4d4d-a8a9-6f98694075df,Хаяла Тельмановна,https://play-lh.googleusercontent.com/a/ACg8ocJWDqvpBbPRy__diuLcswjxiGY2j_axjNSB75Zs5s___BWD3Q=mo,Ишала,5,2,2.16.1,2025-02-21 12:22:06,,,2.16.1
1499d982-33c4-4012-b611-1ce4a0e46212,Rashid Mussah,https://play-lh.googleusercontent.com/a/ACg8ocJVMyA-LYK_lfdpvwMnI8Y6Fw89j8ub0ItoUfilU60OJza2ig=mo,very good App with more benefits,5,2,2.16.1,2025-02-19 22:19:35,,,2.16.1
45d1f0ea-47f6-4914-9aa3-2283c568d702,Yuta-kun,https://play-lh.googleusercontent.com/a-/ALV-UjVfW2p-VtP_IdQDcYjyBuqEu4B1u3_Wmbg20r9D_UJVPIAhGKSz,Great!.Love it.Alhamdulillah💛❤️‍🔥🤩😍😊,5,1,2.15.0,2025-02-17 10:39:09,,,2.15.0
a2ff76a8-0370-4350-aba0-6c72c6565299,Mohammad Ali Muiz,https://play-lh.googleusercontent.com/a-/ALV-UjWOe9a0MZPKGq4dg0oHeQyXqARqHNcy5Sg-I_H1jOWIGBttqW6s3g,"All in one apps, cover all my day to day needs - from prayer time, Quran Hadist, etc. With simple GUI. May Allah bless the developer with abundance here and the day after",5,5,2.15.0,2025-02-16 11:27:36,,,2.15.0
5899c9ff-3a78-40ee-95f3-e877e9fba597,Shabbir Hussain,https://play-lh.googleusercontent.com/a/ACg8ocIcn4UcnD97vHL86tPtfE1cQB81r4JA1ATEMEhUR4FXqVnTOA=mo,zabardast app,5,0,2.15.0,2025-02-16 06:08:28,,,2.15.0
401d27bf-8643-4070-8410-ac69ce28836e,Карим Галеев,https://play-lh.googleusercontent.com/a/ACg8ocI_OkKkwtVAQWq4UB0Rjcd6LISxhHDaROe-fFqSQBZPG0FFnA=mo,perfect,5,0,2.15.0,2025-02-15 08:03:39,,,2.15.0
7910ee75-0884-48b2-941b-84852fb63e8d,King Ismail,https://play-lh.googleusercontent.com/a-/ALV-UjX3AJ7oIYNupoJajxq1QI0n0VsQBPNIii4I7vcUCm0IJjKvYjY,Great App for All muslim Brothers and Sisters,5,1,2.15.0,2025-02-14 18:42:13,,,2.15.0
a2d57db2-3be6-4c5d-8b9d-700d58f7c96d,Adewale Rasaq,https://play-lh.googleusercontent.com/a/ACg8ocIek2jBRjJyKiHhB4Mf6eYLfgVpo3974_-CxA92RsC5z60unw=mo,"One of the best I've come across. Simple, precise and accurate. JazakumllAh khair to the creator(s) and all those making it available for our use bi idhnillAhi",5,9,2.15.0,2025-02-14 14:55:12,,,2.15.0
e067ae57-f164-4352-9d3a-03c384476a3a,Adilet Bakytshanyli,https://play-lh.googleusercontent.com/a/ACg8ocJs-z0I0qmXUKc-srEfKt89atUPfyz2qot5gp-vj9tXc9mmY9k=mo,mashalah,5,0,2.15.0,2025-02-14 09:08:20,,,2.15.0
b8eb6e37-b050-47d7-b8e7-dfd43c34f4e9,Adedeji Moyosoore,https://play-lh.googleusercontent.com/a-/ALV-UjWmYVtvSX7AgMXOS7L3AaxudBslChzNcYsY6AJrQDPbpbMKOig,Improve solat performance on time,5,0,,2025-02-13 04:47:01,,,
87d62bb7-7db0-42fe-9168-fabcb3e63b3f,Rukayya Nadaf,https://play-lh.googleusercontent.com/a-/ALV-UjVBENTK2fvoKmGTC8_zzKOUFJzYN1P9urw-HRJGeVKqnRTicaks,👍👍 good,5,0,2.15.0,2025-02-12 22:11:30,,,2.15.0
92e403bb-83fc-423e-8406-1353e0e33833,Kerim (ONKI),https://play-lh.googleusercontent.com/a-/ALV-UjXOq11EAdF8uk1mgSNsaeIKuGE67jQ2zsP8i41vg_NdfrpwIdd-,Pretty good!,5,0,2.15.0,2025-02-10 20:19:36,,,2.15.0
54daec22-3ded-4fde-9a3f-236c8379c77e,RABEEHA EMEN,https://play-lh.googleusercontent.com/a/ACg8ocIYeeuwj54QCvOSEJclOUImW0q9Z-zSiccZSINYxTqOcRL_rA=mo,super great 💯👍,5,0,2.15.0,2025-02-10 17:20:06,,,2.15.0
20009ed1-46c4-46be-a1ff-5ec5192b75d8,Loo Loo,https://play-lh.googleusercontent.com/a/ACg8ocKJKQsiCyCX57UWeuQE7aZ3ulqsG4r1-YIr59bUVauqtlP4Rw=mo,GOOD,5,0,,2025-02-10 00:29:31,,,
0f9abb23-de73-4233-9531-64ad2feb4613,Aspire As,https://play-lh.googleusercontent.com/a/ACg8ocKhMTZmCQMwctbI2GPbScQbH0yCzWcnB02lujJVTB9sL4iYuA=mo,"very useful app for Muslims, with gratitude from Kazakhstan",5,2,2.15.0,2025-02-08 16:04:58,,,2.15.0
59063bca-8646-42ab-aa15-ee0d998589f9,Dorothy Mitchell,https://play-lh.googleusercontent.com/a-/ALV-UjUneyKaxHpNpKoTBOMqbrcayrZrmr3BbmAHNNrQWjagrycM6Tw,Why is it stopping in the middle of the Athan???,4,1,2.15.0,2025-02-08 04:56:01,,,2.15.0
645225c4-e743-4249-bcee-eb6195c6cff0,Mohammed H H,https://play-lh.googleusercontent.com/a-/ALV-UjXxwi0pNWAotuTN7kpqjH8RzUh4pi6_fRNf3fVLPQx95WoGMAV-yg,"Masha Allah, is great app. Keeps me with accurate time for daily prayers.",5,2,2.15.0,2025-02-07 06:25:04,,,2.15.0
92c43bf3-83db-4fae-a31a-58dc65878bd8,MJ Sir,https://play-lh.googleusercontent.com/a-/ALV-UjVuuvL_98_r_YP0cpgWlS8-n_Kel8L3DODo-IVgkRCznqtJDgKl-g,very good for muslim,5,1,2.14.4,2025-02-02 18:32:26,,,2.14.4
4f284215-34c6-4c05-9953-6cc0e80a4730,F T,https://play-lh.googleusercontent.com/a-/ALV-UjV8a01F3CPEMD8XHWdzLwIcY0RgyRSQt9xeKfv92bVZ-qtxRrVubw,"The Azan notifications do not sound anymore, it was working then one day it just stopped.",3,1,2.15.0,2025-02-01 12:32:23,,,2.15.0
61bac046-562d-4642-92fe-f1c91e2a5285,Eko Susanto,https://play-lh.googleusercontent.com/a/ACg8ocKQsHDr7sbcHJGRph7SSMwd2XLacDAFsTaJCcMcUKqidgI1IgnA=mo,kalau bisa ditambahi pengatur volume suara sendiri di aplikasi,5,0,2.15.0,2025-01-31 06:17:30,,,2.15.0
012151ac-aa66-41d7-9867-fa71e7cc18d2,Maya Al moulem,https://play-lh.googleusercontent.com/a-/ALV-UjXQNa_aF3290EGx_NOb2lWXgjcFDuDktZrh9mjD2-PN6tEUFgsr,the widget is free and it helps to know how much time is for prayers. thank you for this app,5,3,2.14.4,2025-01-29 17:48:47,,,2.14.4
51a3bef9-63ce-43e6-a518-1e2e245237e4,Kurbonov Suhrob,https://play-lh.googleusercontent.com/a-/ALV-UjV3gaJ4ue_7r74p3hxMyKlLLJ4Cu5VJ-vUtFfJhv9hKAWYmZMo,simple and best,5,1,2.14.4,2025-01-28 13:49:57,,,2.14.4
7fa164f7-409c-4e3a-9306-c08832e27d9c,Hafiz Nasir,https://play-lh.googleusercontent.com/a-/ALV-UjXT0XjKXdvFh5vfKa_Xrznfo-kSSJ7V5MaM312RF554VJAFVc-m7A,awesome,5,0,2.14.4,2025-01-21 00:34:09,,,2.14.4
79cce533-3fd0-47df-8548-e04d9ef171e2,Khadijah Stambuli,https://play-lh.googleusercontent.com/a/ACg8ocJvYGDnpB8_H4HQ4qIVRyZGF6X8N62lTRLGgw2jB_7ICXqStQ=mo,salam alykm,5,0,,2025-01-19 12:02:03,,,
e62656ef-4ee0-40b4-bbbd-d7d5d81318d4,M M Khan,https://play-lh.googleusercontent.com/a/ACg8ocKKtaCMIzvY-QwChyozwunip0E6y04ClMwV9jwk7q8ymLzbfg=mo,+918************5 9 9 6 669 699,5,0,2.14.4,2025-01-11 15:39:38,,,2.14.4
a2555627-e2aa-48b4-9b4e-e03dfc9505c4,Ali Mutaliev,https://play-lh.googleusercontent.com/a-/ALV-UjX8zenMZql1McbwFbq5AOqdQtgGKEfEAmLSdYxhJa8OEB9iFiA,l love it,5,0,2.14.4,2025-01-10 02:50:53,,,2.14.4
fb933466-950e-41cf-8a39-6a758e5f1006,Chernor Barry,https://play-lh.googleusercontent.com/a-/ALV-UjV5kfEfOUsptE7NcFS20xP2KEafAU9-6XK8hdFBIC6LncF0ZrY,excellent app no crazy adds this is the best for prayer time and the holy Quran,5,2,2.14.4,2025-01-09 04:02:15,,,2.14.4
461be13e-847a-44d1-9c53-1e17ae782aab,Keyredin Love,https://play-lh.googleusercontent.com/a-/ALV-UjVn7ZByv75bKMZWGczCuKhqYJCNxtl9NTnR5HaIKzBIqSCCLQ0-,nice,5,0,,2025-01-08 23:02:00,,,
451b10af-acdf-4ea2-9545-3927d2cd1dee,Razia Asim,https://play-lh.googleusercontent.com/a/ACg8ocLoa5nwQdrIcsSJrN-vK-hQ1JcAvE-G0ichX34mUrKQJ1Ml-PRC=mo,Great app..always reminded me,3,1,2.14.4,2025-01-06 10:30:12,,,2.14.4
a4b349a3-2fba-4fed-9140-f8b83a66a5d3,Mohamed Brka,https://play-lh.googleusercontent.com/a-/ALV-UjXanS6TIqKLhQrAJ4klQUCsKTBYDhsYGqJGWGVCe5Pk7qaxIg7e,"This app doesn't have any advertisements and makes you focus fully on remembering Allah Swt, I highly recommend using this app.",5,3,2.14.4,2025-01-04 01:06:06,,,2.14.4
287fb48e-1b6a-49fc-a965-1f9d7c450930,Mrs. K,https://play-lh.googleusercontent.com/a-/ALV-UjXG_47erQX6hs9twG8l3hZd3ltmZi6JkRX_6wkw4k7OssMW-302NQ,"Does what it needs to do. Has Hanafi schedule, let's you look up holidays.",5,1,2.14.4,2024-12-30 04:22:49,,,2.14.4
a840110d-0f01-42b4-88f7-41521d9feb7c,Safiye,https://play-lh.googleusercontent.com/a/ACg8ocKxig1JhXTMLiQyFoQIEzaQ5iY4gXFs7XyzBu3QhU6LGmU-gP8=mo,Çok kullanışlı ve yararlı bir uygulama. Kesinlikle tavsiye ederim indirmenizi. Yapımcılara da teşekkürler 🤍,5,0,2.14.4,2024-12-29 20:46:41,,,2.14.4
497565cb-1a26-40e6-917f-288cc1057200,Yoonus Mohamed,https://play-lh.googleusercontent.com/a-/ALV-UjU_W_Lv1DOXb9FrC25SQoc0KP52IuEjLy3ulilMhfz3b-tuGiHM,"Masha Allah, Works beautifully",5,1,2.14.1,2024-12-24 03:32:52,,,2.14.1
c3d8cbc9-d6e3-429a-95be-5320716d3408,Abdulrahman Bah,https://play-lh.googleusercontent.com/a-/ALV-UjU7-g5P9jjiSUpKdBaKl3m7K1mwk1Ola17mydtxEpUDvSPmFbd_,very good app 💯😃,5,1,2.14.1,2024-12-22 22:13:07,,,2.14.1
387e0835-1588-468f-9ddb-145e8e8a4a71,Abdullah Humaizer,https://play-lh.googleusercontent.com/a/ACg8ocKBGJcBy0q2SdX_ehtHdqSyfDltwe1TFPJ2Vp9CO7XRFnu3Fw=mo,Very good,5,1,2.14.1,2024-12-22 13:18:27,,,2.14.1
8ec82603-86b7-49da-8958-2191948cfbc6,Sulaiman Conteh,https://play-lh.googleusercontent.com/a/ACg8ocJ62DggRdF6UeFx6vZKReS5dWr1s9LJD84aLf04Of47xn14-g=mo,Allah Is One,5,1,2.14.1,2024-12-22 01:36:07,,,2.14.1
8a479895-6b34-44ef-b4fa-be9a110f587f,Sodiq Isiaka,https://play-lh.googleusercontent.com/a-/ALV-UjWWqQpq8dKyBsAQ0Ut9XjLlUJSmj5aar5BHdZq_TetPN1sMG3uD,Excellent 👍,1,0,2.14.1,2024-12-22 00:16:54,,,2.14.1
a298cc1f-59b7-4290-bd84-8130df499d3a,MD arif Alam,https://play-lh.googleusercontent.com/a/ACg8ocJPWkTqVAyY6chi1Xqg16PUWQLhO9NjIRJpJfbnMuN2r2aDQw=mo,very helpful,5,0,2.14.1,2024-12-18 23:31:50,,,2.14.1
4bcfd01c-73e4-4e07-aaf3-98c72dc1f193,E. Fatty,https://play-lh.googleusercontent.com/a-/ALV-UjV6s2GvClbdycQXh6CYVDZ5RBAr4ijZoZC04t0dyAXt8agBcMQ,ما شاء الّله,5,0,2.14.1,2024-12-17 17:53:57,,,2.14.1
2e2ec3d7-b907-4678-84f5-8c5deb4a14ae,Randall Satterwhite,https://play-lh.googleusercontent.com/a/ACg8ocLyAiZuSU0oB37R_Oo92KOIjlXxct_NbMKoPCVvMdjSO7wXhE0=mo,Alhamdulillah,5,0,2.14.1,2024-12-17 08:28:49,,,2.14.1
292f63a3-bf6c-4f93-a0fc-312198b4f505,Elif,https://play-lh.googleusercontent.com/a/ACg8ocL1_NG_SEVPJhvC7rFtw-CYcIcyOVtCdpyjTYzSez3tPpCb39Ho=mo,Best app on playstore. No adds. Exact timing. Thanks you!,5,3,2.14.1,2024-12-16 20:34:00,,,2.14.1
926319b3-82d6-48d9-be41-99fd1849204b,Musitfa nesir Ousimen,https://play-lh.googleusercontent.com/a-/ALV-UjVPb5SYGiVz6cfN3Nh-qreEg_1tAgXqsgv1RWUyBe13HY-EnJs,Athén,5,0,2.14.1,2024-12-15 20:29:32,,,2.14.1
b4d09f64-a1ba-4adc-b282-5ffa7633df0d,Oltin Jumaboyeva,https://play-lh.googleusercontent.com/a-/ALV-UjU2jKuzECzQz41wqHu4yO_eOGKec1SZnZ8rcnNr2etEHUloGAA,thanks 😊 so good up,5,1,2.14.1,2024-12-12 03:12:15,,,2.14.1
3705276d-20d9-45a9-8529-e6e90f2c3daf,Wan Faris,https://play-lh.googleusercontent.com/a-/ALV-UjX_HD_pZxKBE8CGZpjNixiNHD63LKojQGIAwB11vIs2zyxpWZBc,"Please add an option in the widget to display the exact prayer times and countdown times, so users can choose based on their personal preferences.",5,14,2.14.1,2024-12-11 05:11:36,,,2.14.1
29f1085e-8c5f-44e5-ad2c-f010482961b9,MASTER : EL PRINCE A' MYR A'DAAM ESQ.,https://play-lh.googleusercontent.com/a/ACg8ocITq6XlWgHi-fwIQEwOxUo8K1HaYgFtNpg9br1G7fbX0NeipTc=mo,THIS IS THE BEST APP. I LIKE NO ADS. AND NO ASKING FOR MONEY. THAT IS BEST FOR ISLAM. WHEN I GIVE I WILL GIVE WITH OUT BEING ASKED,5,8,2.14.1,2024-12-09 15:31:01,,,2.14.1
655b4747-feee-433e-8fe2-aef8991d1727,Md Mamun,https://play-lh.googleusercontent.com/a/ACg8ocIa_96pmj1pDiLS-OuPlISJu8sKz7vP7xjt0VupJ79Bh0YkCA=mo,"In a nutshell, I can say that this app is really useful for every muslim....🥰🥰",5,2,2.14.1,2024-12-07 21:47:17,,,2.14.1
80ec7d25-6708-46e7-b850-d99088d9f10c,Zaw Min,https://play-lh.googleusercontent.com/a-/ALV-UjXJAhMHApXFLrkNRz9Ty8TyOz_3zyywmPC8XfK3Gaq47sruUbs7,good like,5,0,2.14.0,2024-12-04 05:56:20,,,2.14.0
d412939a-d12c-4d00-b42f-475b0a8d6782,Uzma Sajid Mirza,https://play-lh.googleusercontent.com/a-/ALV-UjXdfsHuf8L_oWVr8VwyZUDSC1VBzcGtsbwzanlsN0kBIk1hAU2vHA,Very like. amazing app. fast. simple. no ads.,5,3,2.14.1,2024-12-03 18:10:23,,,2.14.1
e89c71fe-082e-412c-b009-d7df647a12bf,Khadija Nadat,https://play-lh.googleusercontent.com/a/ACg8ocKO3fvJBsRsWNUEcjL6tueI3ZcZKxTXJ2cRQeNurRui38lGIg=mo,Please update the app and make the times accurate to location and edit the times,3,4,,2024-12-02 07:06:24,,,
efdc97f1-e787-4ced-ab9e-d6bbbb09e9ea,Abror Nurmatov,https://play-lh.googleusercontent.com/a-/ALV-UjX8fvjMn3ni9Rc9WhPQYaWGJ0YLkSp1BMUVOm-wC0dGP5QsSF6l,easy to use good ui,5,1,2.14.0,2024-11-29 13:14:54,,,2.14.0
268412a7-53eb-4ce5-bf64-cf74e6c3a340,jonah Abdullah,https://play-lh.googleusercontent.com/a-/ALV-UjX8LwM-Kpo84PhDspzuY89CSuHXxGG9rN9Dk9_MPP7BOg-lmEsz,this is all I want but it could be improved a bit such as more widgets as well as the ability to add our own Adhan. thank you whoever is behind this master price.,4,7,2.14.0,2024-11-27 19:06:19,,,2.14.0
02fcf8d0-0a56-4a95-a2ca-846453990ddf,Madina Qilicheva,https://play-lh.googleusercontent.com/a/ACg8ocLBqQCHjF5VJrrCv7OyAcqxGPBiSae87UzpXTJvbWG9pXwc=mo,😍❤️,5,0,2.13.10,2024-11-27 18:07:07,,,2.13.10
7f04d5a7-3140-455c-82d6-4edbd4102ae0,AronEkin,https://play-lh.googleusercontent.com/a-/ALV-UjVCj2CXpe3c3i0GJ2RtiNXetLyZKV-fGBHfw7D6a6UcnAe3-06U,"very2 usefull app, tqvm brothers.",5,1,2.13.10,2024-11-26 11:02:26,,,2.13.10
98085f54-319d-4870-8afd-e84236e2add3,Pyan Tang,https://play-lh.googleusercontent.com/a/ACg8ocIMgzqqiqFrb3qnR2-NN0MC7zHicsBSQf2NPeblpfI4sAS8dA=mo,very good,5,0,2.13.10,2024-11-26 05:33:39,,,2.13.10
7984131f-4435-47b3-93a4-d9446da6f764,Tashreeq Adams,https://play-lh.googleusercontent.com/a/ACg8ocL_QEir-XztE4_kJPdTCsaiMj4OGBXtwXEPp8sNtK75QpbyZw=mo,Allah is great,4,1,2.13.10,2024-11-25 20:31:45,,,2.13.10
6b252941-53f7-46ce-bf05-079058177466,mohamed abdulla,https://play-lh.googleusercontent.com/a-/ALV-UjXkso63qoNHeWgN4Y4zFbjF0WuAo4LK6To6ZBzUcb7XwPraaVz9,good app,5,0,2.13.9,2024-11-22 07:59:23,,,2.13.9
629f666d-1157-491f-8b4f-907a37399dd3,Anjum Masood,https://play-lh.googleusercontent.com/a/ACg8ocKYiRiS4H3o-j5lBrumLQHVah-tKEZbABoXi4n48HZBbbtF2g=mo,great app all in one alhumdullilah,5,1,2.13.9,2024-11-19 17:41:45,,,2.13.9
eafcc176-3edd-45ee-b623-aaa79bdd9145,Mohamad Nazrin,https://play-lh.googleusercontent.com/a/ACg8ocKboKObg2YcsTLKQlOqM8JIEtnNg4KixXg4tgwYpCqxcykRtQ=mo,Alhamdulillah,5,0,2.13.9,2024-11-19 10:58:00,,,2.13.9
59c6a87e-1561-4d2c-9013-9a8c8542141d,Binta,https://play-lh.googleusercontent.com/a/ACg8ocJjAA679LBg9T69NHDkYxmxiq--HYoriHXKzrWA5K50Fd81Jg=mo,"I like this,because it doesn't have ads.its just tell the time to pray period.which is perfect for me. love the app.may SWT reward those that created this app abundantly.Jazak Allah kheir!.",5,6,2.13.9,2024-11-15 04:08:40,,,2.13.9
f52723f8-c3e3-4c0c-b12a-aa7e617a3c23,Oliver Basterfield,https://play-lh.googleusercontent.com/a/ACg8ocJUEkiuOjCipj9Rdq4H6i5Zwx4kGsmWWCuV8BVVEsgz0vOBuHo=mo,Really good to help me with what time to pray,5,1,2.13.9,2024-11-15 01:20:55,,,2.13.9
2b26cbff-66b0-48c1-b75a-5917ade3044b,Sherin Elrayes,https://play-lh.googleusercontent.com/a-/ALV-UjWDjs0uKfKII473x2UE3ERgfe6Q-stoVKM6NmDteOYKFVTHB_Y,great app,5,0,2.13.9,2024-11-12 22:34:59,,,2.13.9
63649c9b-9c2f-4aff-ac58-60910a11a4f2,MIR MADIHA,https://play-lh.googleusercontent.com/a/ACg8ocLef0ND6vHW36m8pFYhEwnJNL2xIl2C4-I58we44c3evke-gw=mo,Perfect aap and very easy to use.,5,1,2.13.9,2024-11-03 14:53:12,,,2.13.9
8996b829-eeb6-4ad6-8b70-9025e2757c4d,Abdulaziz Zeynu,https://play-lh.googleusercontent.com/a/ACg8ocIjl8z32jhti-i98Kf_YlQkovxQZ6rcGuJVFpKJT_IHVcZI8w=mo,Nice and useful!,5,1,2.13.9,2024-11-03 04:11:45,,,2.13.9
634ebe51-c4fa-43d8-bec0-2106f3cb2a2a,YxAzozxY,https://play-lh.googleusercontent.com/a-/ALV-UjWQt1F5DYU8bLh6wIOGCzFDA9DeVl7TTcfZyu1WQ21oezGlNSP8,lovely,5,0,2.13.9,2024-11-03 03:50:05,,,2.13.9
06aee284-00e8-4e7a-b01b-b55658e6cb32,Zeeshan Zeeshan,https://play-lh.googleusercontent.com/a/ACg8ocJpGw1VKrjmbvRcj7B0MDZFIrQsHjryCvTkEgKPgsggfIQKEw=mo,gret,5,0,,2024-11-01 19:47:27,,,
4b3dac65-e5b5-4e6a-a335-8ccb130e9d51,Jason,https://play-lh.googleusercontent.com/a/ACg8ocJiZGzl7vO8Cqis7xkPbXpuCPKDV-nTDPLu4oIHNzpFbqpguA=mo,Pure joy 😂,5,0,2.13.9,2024-10-31 23:22:59,,,2.13.9
471bfece-2d9c-43a3-a5dd-547df0cad04e,MUHAMMAD WASIL shangla,https://play-lh.googleusercontent.com/a-/ALV-UjX0Wz11fMPZLhB25G3nDFbbP7Sq04KUjLTJ0c9FyqcM83xMJqmR,it is a best app,5,1,2.13.9,2024-10-30 00:08:14,,,2.13.9
099b2d03-6ba4-4f1c-89dd-7c7e76726abb,jayaCatLvr,https://play-lh.googleusercontent.com/a-/ALV-UjU-xT0sAIbkXP7BfGagPtXR9_qeJOkonY03Jx3uD4dKHSRHHiEP,Why doesnt the complete adhan play? It cuts off in the middle,2,1,2.13.9,2024-10-29 02:28:26,,,2.13.9
d363f3fa-39b7-49f1-b497-0c3933719a5d,Nur Adlina Khazali,https://play-lh.googleusercontent.com/a-/ALV-UjVQN0_7aWDTzHPnkPdyixFobk2-bZpvkQ-NxBLNy9xLP26OkijoZA,Beautiful adhan @ azan to choose for each prayer time. Love it.,5,1,2.13.9,2024-10-27 18:05:06,,,2.13.9
e83a164e-5592-4034-885c-4ca3406b8812,Mohamed Heikal,https://play-lh.googleusercontent.com/a/ACg8ocIQmm9ZNuzUlGHeB07gfUFxFmG7jy03S0SFiMdOGw1Tasm5Kw=mo,تطبيق رائع ودقيق ولكن التطبيق يحسب منتصف الليل من غروب الشمس حتى الشروق وجمهور العلماء يرى أن إحتساب منتصف الليل يكون من غروب الشمس وحتى الفجر الصادق فلابد من وضع الخيارين في إعدادات التطبيق كما تفعل بعض التطبيقات الآخرى وجزاكم الله خيرا على هذا التطبيق الرائع,4,0,2.13.9,2024-10-27 01:46:04,,,2.13.9
36768ba4-56b1-4f92-b38f-10245d7c1473,Reuben Wiskey,https://play-lh.googleusercontent.com/a-/ALV-UjX1xmblI22g5TDkv5N22D_Td6a9Gg3jDYznrjmoLpKn5zItBouy,a very good application,5,1,2.13.8,2024-10-25 08:55:05,,,2.13.8
79d6b132-bd89-4214-af14-68f4281b5833,shang chao,https://play-lh.googleusercontent.com/a/ACg8ocJsX4HfmerVurfP7HyjCCXMLpo36YofrvFYRtAt0hoaOeyO0g=mo,"MashaAllah, good App.",5,1,2.13.9,2024-10-24 22:28:14,,,2.13.9
51e2eabd-efc0-46bc-a5cd-7f09534963ee,Abubeker Kemal,https://play-lh.googleusercontent.com/a-/ALV-UjU5RW1zMQ5T8kaQx4Ea3E-X4Pfubnxzfir_CRfabJxAOe7z-kU,cool app,5,0,2.13.9,2024-10-24 18:31:18,,,2.13.9
944238bd-e542-4ab7-ac80-5fcae88fee3d,Aley El-Olemy,https://play-lh.googleusercontent.com/a/ACg8ocLxNv6hAMiqvz4FsE9o21Q0vgCoYxaJCvdAkM00gtiSDEV8fIs=mo,amazing app. fast. simple. no ads. 11/10,5,5,2.13.8,2024-10-21 22:06:15,,,2.13.8
275a3703-0933-439e-abae-ffd297c20d24,Fayaz,https://play-lh.googleusercontent.com/a/ACg8ocKqHw3gAsB38hsIDEqFx8cfPwt8p2uFHQ4KcNU9fPLrChjgog=mo,perfecto,5,0,2.13.8,2024-10-21 10:39:22,,,2.13.8
42c43b36-99d3-43e5-b287-c0a917e205eb,Asadu Alamin,https://play-lh.googleusercontent.com/a/ACg8ocLtlonG7LVwqQzl1hoc6qaoMTzq565e0GpfPNavNOvt68P99w=mo,good app,5,0,2.13.8,2024-10-19 09:49:12,,,2.13.8
ffc2af91-83d2-46fd-b332-bd21cd4286c1,Nurmuhammad Xayrullayev,https://play-lh.googleusercontent.com/a/ACg8ocL2OiCmQztut_3pM7EzhIZuaX1fQgsKYcJzjcj-QuOAwHIS0A=mo,best,5,0,2.13.8,2024-10-15 18:47:57,,,2.13.8
253a5266-8f2a-4dc2-ac1a-6881bb67650a,Mohammed Sirajo Gibiril,https://play-lh.googleusercontent.com/a/ACg8ocIf6zike3g7mC6Cs3W0I7uzhYbQh2xpsXawueTS4s-2TjTCTw=mo,very good 👍👍👍,4,0,2.13.4,2024-10-14 21:42:51,,,2.13.4
abf7724c-79cc-4570-ae8e-ce56ace84627,arshad qureshi5217,https://play-lh.googleusercontent.com/a-/ALV-UjV41CSxwil97OYkDIvTWtOZTRs2YogBTYu2yas6yj4jap8nduI,this is very Very helpful 🙂 👏,5,1,2.13.8,2024-10-11 01:30:26,,,2.13.8
0d88bdd9-8ec7-4f92-bc45-2bfff650d0d9,Mir Fida Nadeem,https://play-lh.googleusercontent.com/a-/ALV-UjUODPG1u-uPacCgKmB_YRgp2FFRItG0ifOze9D92kZmCkkH4G7Q,"First primary suggestion is to add hijri date adjustment like other apps to correct local moon sighting Hijri date aciordingly. Second request is to Change Hijri date to next after maghrib. Islamic calendar lunar date changes after maghrib and not midnight like Gregorian calendar solar date. Overall, minimal and simple, but all beneficial features with no clutter about irrelevant items. It will be my main prayer time in the long run if it keeps snappy, neat and efficient with future updates.",4,11,2.13.8,2024-10-07 21:32:11,,,2.13.8
a998a529-a110-48c8-b865-90274ce15863,Sulman Khalid,https://play-lh.googleusercontent.com/a-/ALV-UjUeja6qT0mHcXepuK4CZqQXAF5estTDIFfFUzvrVPlUVZoH15w,The widget no longer opens the app when you touch it.,4,2,2.13.8,2024-10-03 23:18:15,,,2.13.8
2e25a267-9fa9-442d-b038-b4f9b15b552f,soror qalb,https://play-lh.googleusercontent.com/a/ACg8ocLEZieSAENkctkDcuqwNKs-NCBaG-R3XEdSHUJg64Xtn-Dbiw=mo,Не сейчас он не работает,5,0,,2024-10-03 08:36:44,"Салам алейкум!
Если у вас вознмкли трудности или проблемы при использования приложения. Напишите мне для раеративного решения проблемы:

Telegram: tmagomedk
WhatsApp: +7 977 133 90 76",2024-10-03 14:25:07,
d7a34cb5-249d-4759-bdf8-e0e79512ec14,Sunil Kumar,https://play-lh.googleusercontent.com/a-/ALV-UjX46Yis0gx1n6eOWkaasCvV3GUDkU88QvUa7Rwvu0vpVlWZSGk,Wonderful,5,0,,2024-10-02 17:12:19,,,
f27c3e23-ee1b-45cd-a7c4-6d0909af5b06,Mahirul,https://play-lh.googleusercontent.com/a/ACg8ocJL21Nvfq74eaPEMnh5EnbW9uNEmVsleMrHirYJtxuNCwCqzw=mo,app crashing,1,1,2.13.6,2024-10-01 19:51:54,"Salaam alaikum! The problem is solved, you can update the application",2024-10-02 11:25:39,2.13.6
18009fcb-d70e-4705-8742-e7e259fa81f3,Hasan Azzawi,https://play-lh.googleusercontent.com/a-/ALV-UjWybWf37SRCeg0fUHjMjk7Sv9nw4m1Icewb3sR0SWOAgErISTv9,The most accurate prayer app and without ADs! Amazing,5,2,2.13.5,2024-09-30 11:28:53,,,2.13.5
c8cf4638-9c9e-43e6-b941-e3a889ed4860,Md Sazid Hasan,https://play-lh.googleusercontent.com/a/ACg8ocLsE11X65IebcOJEu_qgiC3AJrZ3pBIryv5O1qx1a1b1KG-Lw=mo,very good,5,0,2.13.4,2024-09-26 05:28:32,,,2.13.4
a53decb0-893b-4c7a-ab54-01eb34ef49fa,unity2 the mysterious traveler,https://play-lh.googleusercontent.com/a-/ALV-UjVmBjbr-0SaXR6XcE5Ka_mB5Ah90_gi_WtkAPW1wpr-N2AZSvY,Easy to use works well.,5,1,2.13.4,2024-09-20 17:46:17,,,2.13.4
236fbb14-02bb-4b19-8a60-0fdc605e8042,Khurshid Alam,https://play-lh.googleusercontent.com/a/ACg8ocK-Vfvf7Ix74J1IubCqVWKNCnxNvxMsaX8HU9vHw723HIae9kI=mo,best prayer app,5,1,2.13.3,2024-09-17 06:57:23,,,2.13.3
d1349379-732a-453c-912b-c4cdc8e082e1,Raj Waddud,https://play-lh.googleusercontent.com/a-/ALV-UjUhaQbwcQYJKSU83lKZv5iTWN8WSjzex4-BhozeegYEkRT5SHbr,"Fantastic app, without any daft ads. All features are simple and intuitive. There are only three improvements that I could suggest to the developers, which is to allow users to adjust the prayer times to the local area. Allow users to upload preferred azan reciters and finally the widget to work on the locked screen. Besides these little niggles, this app is perfect.",5,28,2.13.3,2024-09-16 10:36:00,,,2.13.3
1b48f4a6-fbbe-48d3-9b54-43fea07af9fc,SYAHRUL ROBI,https://play-lh.googleusercontent.com/a/ACg8ocKytzGeY0zGsNQ9iLdnUN13UmWcOmPoxVQjjiSv3Nifxcfadg=mo,"aplikasi yang berguna, tks",5,0,2.13.3,2024-09-16 03:13:26,,,2.13.3
ffb7c5fb-0ed6-4519-a1f5-734d6a50133a,may moha,https://play-lh.googleusercontent.com/a/ACg8ocLSNV4PALJsl4pdv3oZllTzHiDMfnOfLN4R6mZRwqXIiNTIgQ=mo,No alerts whatsover. Plus I can't edit my prayer time,1,6,2.13.3,2024-09-15 18:12:01,,,2.13.3
028c994f-0002-4b62-b9a0-490946beb9e3,Lynn Faulkner,https://play-lh.googleusercontent.com/a-/ALV-UjWr_Q7zjKi9PJO6qwjd8-j7hGIXgDeM-OYjL2WksTdWUxCwXOqUIg,"when the call for prayer comes on, I can't turn it off.",1,4,2.13.3,2024-09-12 04:43:53,,,2.13.3
f8ec75f4-4886-4176-8c78-0e1e21b9ece6,Akeem Tijani,https://play-lh.googleusercontent.com/a-/ALV-UjVVEVP8ZWgCfL3ZAn_YNKdNvgiSpqkn1NCu4-frrK4c0ckvWg0N,A good App 👏,5,1,2.13.1,2024-09-04 18:18:06,,,2.13.1
55eaec9c-7f98-49c5-b8c2-eda8e2a288ac,Ad T,https://play-lh.googleusercontent.com/a/ACg8ocKVk73n4fOyswhR0iOKPj3GQmHm-yXix8hBq1UcDNzLgCLEfQ=mo,"Jazzakoum Allah khayran No add no playing around Thank you so much for all the EXTREMELY useful features... just widget transparency, please. It is obvious that the only reward you're looking for is from Allah soubhanahou wa taAla",5,8,2.12.12,2024-08-23 11:26:14,,,2.12.12
ab637141-da9b-420b-a4d0-049ee0fc905d,Karim Koki,https://play-lh.googleusercontent.com/a/ACg8ocKnVDaawJ5ssVsQeF5qy7I52NE9-S8vaCLnI94XoED2fSj9CQ=mo,good app,5,0,2.12.12,2024-08-15 22:52:09,,,2.12.12
3dd94ba3-7959-4d14-830f-0cb2eb28f69e,Y Nk,https://play-lh.googleusercontent.com/a/ACg8ocJpD5HbzT2HJ3U6LmiZTw87zCKPgXGFlMszUckaChS5m44_6Q=mo,❤️,5,0,2.12.12,2024-08-07 21:23:04,,,2.12.12
ab89d624-0f8a-4159-9d09-b0b5a584a971,Khadijah Ng.,https://play-lh.googleusercontent.com/a-/ALV-UjVTWWokm3rBJNWiZyb9legYCJhon_FCHgfmbQ_vKJLbigPlqlylZQ,Overall it's a good App. It sucks that we have to download a Qur'an App when they could easily install one here. The issue of having a handful of recitors when we have a thousand and more Qur'an recitors. The App just needs more to be separated from the rest.,5,15,2.12.12,2024-08-07 09:51:40,,,2.12.12
b312833b-238e-49ae-bd2b-b33580f2247b,Dilawar Ismail Naik,https://play-lh.googleusercontent.com/a-/ALV-UjVYTCmngmjgD8fSe3H60LkGUeEz0WFlrVKIaGgEhgIABDEcLo9pSA,"Very nice aap parfet time adan information, I love it too much",5,1,2.12.12,2024-07-31 18:07:06,,,2.12.12
bf60b813-9afb-4748-9b1e-e51ad4150f0b,Azam Ahmed,https://play-lh.googleusercontent.com/a-/ALV-UjXh4X2yBm7ILEWQOWi-gYufaS-4YwK72xzNfv5HFmifnErP85kADA,Good,5,0,,2024-07-25 17:25:05,,,
c2b4a603-3eda-4057-bc61-58944a056ab6,Ibrahim Waqas,https://play-lh.googleusercontent.com/a/ACg8ocImjjtqALX5lfxmqC3yn4lzm-rmgE5eOTNaFUH8q6tdVxhFGw=mo,Good excellent,5,0,2.12.12,2024-07-19 03:15:25,,,2.12.12
2825a474-e324-490f-b8c5-cbce7011c700,Abdurrahmanameen Ameen,https://play-lh.googleusercontent.com/a-/ALV-UjU1kFq735MjjYqKj1AmvDcfWMVH_zuCu1IiFMrNpMbNoWXho6SB,very good,5,0,2.12.12,2024-07-18 11:27:17,,,2.12.12
28fd3f3a-79d5-4d15-b564-cc6cd97523f5,hodan osman ahmed,https://play-lh.googleusercontent.com/a/ACg8ocJOZengoy3SYOGQDw1z-HqtYxGyUXC4b4rbBuftqDJ3BM_CGxE=mo,super cool 😄,5,1,,2024-07-17 17:45:17,,,
0190f519-0928-4d7d-8df0-0aca7dc8eb2f,Ranjha Mehar,https://play-lh.googleusercontent.com/a-/ALV-UjWh4T5E-E7DTpBZMSlLR27Be7aPU-lXwcbK4CbsIFPOVdd-l56K,Great apps,5,0,2.12.12,2024-07-13 21:29:40,,,2.12.12
b2ef5bf1-5057-4b09-a7dd-869113d296b7,Ummah Imon Nishu,https://play-lh.googleusercontent.com/a/ACg8ocLpyNeByXFrqAaNzkY2nucGVyTvgVnRRliqDD5BXUXLT7mZ2LU=mo,"Alhamdulillah, this app is amazing.lots of Dua for those who made this app.",5,1,2.12.12,2024-07-11 02:47:24,,,2.12.12
4e60359e-6bfb-4ed1-a23c-362f7d8eff6c,Imran Mughal,https://play-lh.googleusercontent.com/a-/ALV-UjVrvZ8oBvLd-Tal6ZBJ8dXScR5ptDovSk1kPCZOwcw4aPAENQKu,Good prayer app simple version is very good but one problem Shafi time is not in this app please shafi time have in this app but lock screen and home screen widget please,4,3,,2024-07-07 15:38:05,,,
0f567f1a-2909-45f3-b94b-1cc287272c09,Mohammad Uruj Shahid,https://play-lh.googleusercontent.com/a-/ALV-UjUOcXAXOBok7oH95PdIwqdqeYkcqi1M8kEj4u0iMvw7erqdwHIE,Accurate and simple and good,5,1,2.12.12,2024-07-06 15:10:34,,,2.12.12
9e7b754b-af71-44c1-8333-017f42ada666,Mohamed Ahmed,https://play-lh.googleusercontent.com/a-/ALV-UjWztLr2y5riB31kpGAi2WGwJOqrHA8a4VYyX4s1EM-WfbatYNchyg,♥️♥️,5,0,2.12.12,2024-07-05 14:31:11,,,2.12.12
adcdce58-5ede-4aba-a3f9-9038d49e3926,Dough Nut,https://play-lh.googleusercontent.com/a-/ALV-UjXNyM4Bhc7UHNrAHdClri5-yvt23AFqXXi5wfSfIgtCFwYUEIM,A good reminder!,5,1,2.12.12,2024-07-04 18:39:13,,,2.12.12
2fac827b-73c9-4f4b-b938-7a7ed8a73c80,Nadeem butt,https://play-lh.googleusercontent.com/a-/ALV-UjUrsTs417RBq1O2t9YgO-PZU_1byRidzMNfupl9V9ksFr9SreIF,MAShAALLAH,5,0,2.12.12,2024-07-04 18:08:43,,,2.12.12
ceaa1658-c29a-41f4-b920-aa75e8e317d5,Nasreen Ansar1968,https://play-lh.googleusercontent.com/a/ACg8ocIrUvA0Gb6ziT1fXigyydPIP2B-1yeyCvKx1SwSh4M0ot21zg=mo,I'm happy with Islam App,5,0,2.12.12,2024-07-01 13:12:35,,,2.12.12
60b21c6d-2cf3-478e-bb52-5e940ea15cb0,Ulugbek Khakimov,https://play-lh.googleusercontent.com/a-/ALV-UjWHI4GzN7fiyf0RVnGy8t5UxqmlHSNwA9P6IxxmKeZTJO3n7lyg,Best ever,5,0,2.12.12,2024-06-30 22:43:12,,,2.12.12
c42a684e-f24b-4634-9fef-ae5f641d6dda,T A,https://play-lh.googleusercontent.com/a/ACg8ocIg-U1uy17f_hWoMs2vdc6VGIz9jD1N5_vAdbfCiRGfC8_gCg=mo,the app does not show sunrise time,3,2,2.12.12,2024-06-27 17:01:06,,,2.12.12
754ad3e4-4de1-4435-bf43-eae807484cef,M. Mushfiqur Rahman,https://play-lh.googleusercontent.com/a-/ALV-UjXUNFpSiTFFcHjySWGVoKryBD_JDGt2RahIjbLsTqFGnzlDbKT4,"Super minimalistic, clean and just the features I want. Jazāk Allāhu Khayran (جزاك الله خيرا) May Allah reward you with Goodness.",5,1,,2024-06-27 14:24:34,,,
bd582bf8-417a-460f-ae46-6074e27e835d,A K,https://play-lh.googleusercontent.com/a/ACg8ocJ6VtN-lIakjMk7Aaji-25VvsxHIzeriFIYb51ugH6hCFldgvS3=mo,Good app. Would be useful to have a notification (other than widget) showing prayer times.,3,2,2.12.12,2024-06-26 09:53:47,,,2.12.12
f393644a-ce4c-4925-ba22-2788dfe25aef,Mohammad IMRANqadri,https://play-lh.googleusercontent.com/a-/ALV-UjXFDIoaRNyavLQiYAwCHhUdGme5CX9Vg3d5iAFbVbjPouCqvkUj,mashallah,4,0,2.12.12,2024-06-23 01:03:40,,,2.12.12
26a11caa-feff-41c8-90a3-12a7bdb4aa09,yaya kongira,https://play-lh.googleusercontent.com/a/ACg8ocLOWUD8EVGX0FvNXpSsQ-ycI8BuajRXPV8qeY2Joj2Q0f_ZaQ=mo,How can I make praising Allah names while I want to count how much I made,5,1,2.12.12,2024-06-20 19:23:06,,,2.12.12
f561adca-8adf-4520-b63b-c18884f6f847,Bruce Laroche,https://play-lh.googleusercontent.com/a-/ALV-UjVl1IB_re2O8vQhmADq06I8pnNCBGmQrtoZdNL2vkd21fuXSijiQw,"Subhana Allah beautiful. Hopefully, it stays that way. إن شاء الله تعالي ☝🏽🕋",5,1,2.12.12,2024-06-16 05:38:38,,,2.12.12
2c764d33-c364-4f3b-9062-7725054b2a01,Syedazohra Hussain,https://play-lh.googleusercontent.com/a/ACg8ocJoZbBRLFX4u07K8lIgFcpj7aakMnPLHT0BN_QllouGoalfdg=mo,Very good,5,0,2.12.12,2024-06-07 23:46:30,,,2.12.12
005c6c3b-cdf1-4484-b8b2-be96fc251e6c,Rahim Mullick,https://play-lh.googleusercontent.com/a-/ALV-UjXUbVdG1V8wmB5BmgQNSZVpbhD_lY_6p0sXkl4zSJ-Q3sH-BrA4,this app is always greater than,2,1,2.12.12,2024-06-06 05:50:21,,,2.12.12
e8603d8f-23da-48f7-917a-a42e1a897900,Corazon Mondejan,https://play-lh.googleusercontent.com/a-/ALV-UjWjBxeSHmAzEiTBUE1X99J6mgY0pUca9qeutYM0W9ceqG6uOAY,to be honest this app for me is the best,5,1,2.12.12,2024-06-03 00:09:24,,,2.12.12
85467af0-ecf4-4a62-b427-8623c79bafc0,Sirat Zahra,https://play-lh.googleusercontent.com/a-/ALV-UjXPkX4vZHw_QQVn0mrRIAMV2mCCUblAQuEvIfDLbeQzD8L8fK1k,You good boy,5,0,2.12.11,2024-06-02 01:35:22,,,2.12.11
cbec31a5-73e1-40b5-9ef5-b0a89d4aff21,Shukoo Garcia,https://play-lh.googleusercontent.com/a-/ALV-UjXAAQUx2ECdpYeG-rTDh702WLojcOd8TKF1EoOd18dA5NhPT-7j,Great apps,5,0,2.12.12,2024-05-31 21:11:10,,,2.12.12
390b7c16-7763-4e5a-b89a-22acc30b1410,Rajab Zangi,https://play-lh.googleusercontent.com/a-/ALV-UjUdEKOmXVVdO_gWoRybOQgpXteY1kU4p_0fpoam3d2QSLcUhnWr,good useful no drama at all,5,3,2.12.12,2024-05-30 12:34:33,,,2.12.12
82a9f550-70f0-4c78-a38a-736f2813fd1e,olamilekan liasu,https://play-lh.googleusercontent.com/a/ACg8ocLJw3rnpJEbi9POM_xoiSxSxLK10cDtMtx12cIpSWUCGDDIGw=mo,good,5,0,2.12.11,2024-05-25 20:04:02,,,2.12.11
c724079d-7387-4c31-9760-355bafb5e72b,Aboon Aboon,https://play-lh.googleusercontent.com/a/ACg8ocLLv5WaMdpEn-ITp_EPdDA-tHua4goAU96WKVo5yAmyeY74fw=mo,easy apps and clear information with the accurate right time for prayer,5,1,2.12.11,2024-05-21 02:44:54,,,2.12.11
3d3b4a69-bda1-41ea-93db-a0cd21d51b46,Kamorudeen kolawole Olasupo,https://play-lh.googleusercontent.com/a-/ALV-UjWpHbLQVHuM4xhalbn9ZvHtlW7ClVUJpxoTeAnVi-H-rm_CCb0G,Very good indeed,5,1,2.12.11,2024-05-19 21:46:57,,,2.12.11
2740de3d-f2ea-42c1-91cb-3351209a8380,G . AKBAR,https://play-lh.googleusercontent.com/a-/ALV-UjUTon8fKT9XyDgAiqqw6tEWaTSeYJmuw_I4TzKQOOH9X-sQK2ui,ad free and all the basic needs on the go MashAllah,5,1,2.12.11,2024-05-17 21:48:30,,,2.12.11
b5413430-af7e-4ce3-b7cf-7c0ac7060706,Jakir Hussain,https://play-lh.googleusercontent.com/a-/ALV-UjWOV77YcwChn3kOsgoSy12hDtEUe4bjtpaPRFmV7VD4J5CrAFR7,very good app i don't see ever like this app it's saw the time exchatly...,5,1,2.12.11,2024-05-14 10:41:01,,,2.12.11
f250d9f3-8f51-4d80-9055-a18f08fee3fd,hasan,https://play-lh.googleusercontent.com/a-/ALV-UjXeU5P7OVL5FKp2OGWRTeTw0cKxWYowobhKpDv1YeZbFO0K390yZA,Absolutely amazing app. The ui and everything is so simple and amazing. It would be nice if you could change transparency and color of your widgets tho.,5,15,2.12.11,2024-05-11 20:20:28,,,2.12.11
e414d46f-fe61-45ac-a12c-816481ffc21b,Parves Miah,https://play-lh.googleusercontent.com/a-/ALV-UjVWg5adFTkum1HyJ5MROboclVu5s-yv-UOZOsQDOfE8wshYDJLg,allhamdurilla,5,0,2.12.11,2024-05-10 09:37:32,,,2.12.11
e09aae51-8411-4793-80b9-2acb8a511f2e,Salihu Abdul (Hussy Abdul),https://play-lh.googleusercontent.com/a/ACg8ocIP02svwuWNdGQDhjFsKLBb1I8EDtY2-Az03GHYOZawyDBO9tM=mo,Nice,5,0,2.12.11,2024-05-08 22:33:34,,,2.12.11
274d7d3a-1a6e-42a9-92ed-591a95bd1873,Haruna Yusuf,https://play-lh.googleusercontent.com/a-/ALV-UjVZgDDmB9FdiWmIYyXtfMiymDH1kRlw298HaSO5l7JDjUUnyQU,SATISFACTORY,5,0,2.12.11,2024-05-06 14:16:59,,,2.12.11
9ed8ef4e-388d-44a5-bd5f-af1d7b06bc00,Nazmin Choudhury,https://play-lh.googleusercontent.com/a-/ALV-UjUdH5eGJTAmtCHhjIH1w4Nq9geHjcpYTfOulQCTbh9nZp9igtWVqw,good,5,0,2.12.11,2024-05-06 13:20:06,,,2.12.11
d6de1154-f7d7-4755-b662-ce9f60880bde,Ryan Christopher Naymik,https://play-lh.googleusercontent.com/a-/ALV-UjV02PT985OsK5X1rLBx67JImjSaWwKMWQWF9xButstFObmRNIU,❤️ perfect for reminding me when to pray! also has other features that I haven't messed with yet but will be useful.,5,5,2.12.11,2024-05-04 22:08:06,,,2.12.11
7cab3baf-4881-4f43-97a9-9ad0f9fa6853,Yasmin Mohamed,https://play-lh.googleusercontent.com/a-/ALV-UjX5OgfZrpAtJpo3RTgLr39WumtpFWRdUT8RdwezMypQBBGgww,👍,5,0,2.12.11,2024-05-03 03:08:37,,,2.12.11
85d15d6c-b1a0-4fbf-8b9b-8d6058d302e3,Hurairah,https://play-lh.googleusercontent.com/a/ACg8ocLj8gBUfVPTKoYYQOn6uouqswRpv1dQJbvHJZTotDpA6xgKvg=mo,Good for all Muslim who is learning Islamic religion and who is learning too Muslim for more details,5,0,,2024-04-30 09:25:19,,,
1d052a87-f6c2-422f-98b2-714e7f878ead,Son of Africa (T.D.),https://play-lh.googleusercontent.com/a-/ALV-UjX66FtdKmte72_iOqfdIg4NTJXVnTZEOzwi60wm1AhRb72iU-q4,a simpler app without any disturbing ads that interfere with its use.,4,1,2.12.11,2024-04-29 07:19:08,,,2.12.11
ad56c6f2-5a27-41e9-9ac6-1b2c7d60dedf,Shaz,https://play-lh.googleusercontent.com/a/ACg8ocIyU41hgP35zRJi9WP5r7Cb0qXoZqczrrPLJPMgaWlTKoJ2qAo=mo,should have daily azkhars but still brilliant app,5,1,2.12.11,2024-04-25 09:43:54,,,2.12.11
707f7dde-5f31-4227-83ca-3464d34e222d,manuppa vellila,https://play-lh.googleusercontent.com/a-/ALV-UjVlrmnJTNeaJGn6SOk7T_CHDCX5pGCw5636nfbve_q8ya2JTX7H,👍👍👍,3,0,2.12.10,2024-04-16 18:49:09,,,2.12.10
dff34716-0715-4f72-9688-5ca349c62bd0,mohktar Awang Chik,https://play-lh.googleusercontent.com/a-/ALV-UjXK880Ywaz8zYFiTWoVLgszB-f7uQW4opsFIu4x9R454GE0kk7rVg,"Easy to use, can put all solat time main screen, no need to open the apps",5,2,2.12.10,2024-04-16 11:37:57,,,2.12.10
bf76a601-dd0b-4364-ad41-2a2ff3f0ebbd,Adam Wong,https://play-lh.googleusercontent.com/a/ACg8ocJ1EtvLp9_lbJDNs6Ao2LHhtxNqjl-0F_aBVq5QZvNY8OqP=mo,simple to use,5,1,2.12.10,2024-04-14 14:21:27,,,2.12.10
ce7569d1-8d40-4ef1-8286-2e43d3aceb43,Abd The hero,https://play-lh.googleusercontent.com/a-/ALV-UjUbZPrRIcvF3uTKV5ggv8eUObhwI597k0TIS8PDqf4U8qS3oFs,really good,5,0,2.12.10,2024-04-14 07:36:13,,,2.12.10
698bd963-d8d5-42e0-9f93-132c3855cddc,Muhammadsodiq Ergashev,https://play-lh.googleusercontent.com/a-/ALV-UjVJKOsLJ4lAo2efjMLg6J1_iJD6NLomUb2F3eKfn1zr0F9ppNk,zor,5,0,2.12.10,2024-04-08 09:48:36,,,2.12.10
7e6d3ae6-2530-4f39-a3b7-a3f7a35c9d94,saheed ogunlowo,https://play-lh.googleusercontent.com/a-/ALV-UjWxC6VETKiLmtcHeoal0zYu-wH0D7QcGXJbl6UmBYnzggUKH6o,mature configuration for notifications and usage,5,1,2.12.10,2024-04-07 14:45:52,,,2.12.10
d918dd78-4e6b-4ec6-9fcb-e0f0ce4b4a10,Sulaiman Wakilat,https://play-lh.googleusercontent.com/a/ACg8ocI7RVkqJ7U88WGtWINShe9ExkK5x6WvSgGpohSKb2m8zRuY_Q=mo,nice,5,0,2.12.10,2024-04-04 18:51:08,,,2.12.10
a27d7859-29f3-458e-b68f-e2f871fb33b1,Zareen Ansari,https://play-lh.googleusercontent.com/a/ACg8ocLWNPxvMwgwLOuOLySXw7mkDJ-pDrA_IKSAdbc0sMHSGWJ52A=mo,amezing but no play prayer sound,5,1,2.12.10,2024-04-04 03:58:41,,,2.12.10
15eee755-dc81-4793-a381-60c96a884bc1,Hala Fouad,https://play-lh.googleusercontent.com/a-/ALV-UjXVWJzFclGmvE7wNN8OltijYM4A1etxRLUCWa7KX9qazabrOkhmRA,It's a very useful and easy to use app. Thank you,5,0,2.12.10,2024-04-03 08:08:00,,,2.12.10
60bb229b-e572-48cc-81c6-0cd0a28a5a2f,Da Ro,https://play-lh.googleusercontent.com/a/ACg8ocLaLsb8Jb751gt0hfz3HdjKMJeyO89jzouFw2eHDOTwXNowIQ=mo,parfact time and everything,5,2,2.12.10,2024-04-02 23:11:26,,,2.12.10
a0fe92d4-e77e-4597-b70c-43eda839e588,Havoc Svu (HavocxXxSvu),https://play-lh.googleusercontent.com/a-/ALV-UjVjyER7kq_wmIv-RMOUs2UTVTIBWh6VZShch3_3StosVV0R_dPA,very good,5,0,2.12.9,2024-04-02 02:38:05,,,2.12.9
bf62d726-a859-4b62-8e99-afc054f5f804,Tarık,https://play-lh.googleusercontent.com/a/ACg8ocL8YrlXclyR58Q57sT2vzNLhYcnqk9t1hW6uDGJjdLq_BnSbO4=mo,"Without ads, you are the best!",5,1,2.12.9,2024-04-01 18:43:44,,,2.12.9
65a39ebc-ea2c-4205-ad98-4fc6d2fd8c5d,Henriette Van Schalkwyk,https://play-lh.googleusercontent.com/a/ACg8ocKu8iaeLQi8QJ6HBbkzHVwoedbL057x8KTfhg19DUs7bfX1LPM=mo,"For a newly revert, the app are wonderfully to assist in prayer and Ramadan hours.",5,4,2.12.9,2024-03-29 08:44:25,,,2.12.9
f68e44c2-acf6-47c2-b382-4fcecf728861,:Rodney-Lee: Sullivan.,https://play-lh.googleusercontent.com/a-/ALV-UjXluUbwEJ85MlMRI-mMcCPqP2oVmrEvc1AxnLw4m_gIJigsK_yD,Totally a Blessing,5,1,2.12.8,2024-03-19 13:05:55,,,2.12.8
e1451ca1-6bd4-43eb-96e3-f4e4caa98aa3,Omar Hassan,https://play-lh.googleusercontent.com/a-/ALV-UjX_cAHNFLMicIZ-wjCb5K0O2o1s847wpyS-vK4jEAZJPpsktiDF,Great app 👌,5,1,2.12.8,2024-03-18 18:14:32,,,2.12.8
12dc9bb6-1d7c-4d38-936e-82f1318fae96,Yiga Acramh,https://play-lh.googleusercontent.com/a/ACg8ocItaoyWN29k9BIAXLVvSAcgmPgF05f8VZ-iEL9XCIZJ7fFpPQ=mo,it's good 👍,5,0,2.12.8,2024-03-18 08:36:59,,,2.12.8
a69ea211-7bdc-419b-bde4-7541f57b7b24,Jeena De silva,https://play-lh.googleusercontent.com/a/ACg8ocLTxmETdHcHRE9eD9vv1O05AGW1CuyLExvE4ZX14WAMCUBBYQ=mo,very good app❤️,5,1,2.12.8,2024-03-17 10:36:54,,,2.12.8
bf16f340-bbe9-4b9c-81fa-aab9fbb9a81f,rihana jineri,https://play-lh.googleusercontent.com/a/ACg8ocI4ORubqgfr7f9EMUEYbBrNk_FQkK21IGvTi3aThWsBcOlsNKh0=mo,very good,5,0,2.12.8,2024-03-13 06:05:52,,,2.12.8
d9df5495-7194-4408-8149-eda65f9c3f0e,ledbrick,https://play-lh.googleusercontent.com/a-/ALV-UjUX9r-ImdJo_9itxqkxayoJwPHy9jPIEMUEVkW-v1n8sxEhlyUL,Overall nice app. It would be very nice to be able to have a dark skin as well as a (before prayer) reminder instead of just a reminder right at prayer time. Other than that not bad.,4,4,2.12.8,2024-03-12 02:12:48,,,2.12.8
55bbcd30-7605-4d25-bcc1-f64468236a6b,Jo Blow,https://play-lh.googleusercontent.com/a-/ALV-UjUPmZlO_pAzyyurVmb0gAdV9Sq7kzA5vOlFEHjr6kBFhUkpPibd,love this app,5,1,2.12.7,2024-03-11 15:56:32,,,2.12.7
80676ce9-e2bd-4b88-876a-3732db80b72f,Na Zar (Nazar),https://play-lh.googleusercontent.com/a-/ALV-UjV5IVHdz_SuWvxTcOqFhATwOd0Rn9WzqJCC-V2rja5Z_cbiPCdc5Q,good app,5,0,2.12.8,2024-03-11 08:55:20,,,2.12.8
fc1c8a1c-c0a0-4da0-8374-916d78c02b14,Robert Taylor,https://play-lh.googleusercontent.com/a/ACg8ocJcptl6yCI96JrTWl4Y29dksKOOkoLLkoJoFeVpPVKntecqGg=mo,Alhamduillah.,5,0,2.12.6,2024-03-08 00:11:38,,,2.12.6
abdeca4d-9088-4c37-9814-852683d8087a,Mohammed Ehtesham Alam,https://play-lh.googleusercontent.com/a/ACg8ocLoAVKV_2mXf3mKm3r7QJ5Y-c0RbYxNtxSe7tnF1oYinXjghw=mo,good,5,0,2.12.6,2024-03-03 16:36:29,,,2.12.6
bafab3e1-3cf4-472d-a189-d347f2ae00f3,prince naseer,https://play-lh.googleusercontent.com/a/ACg8ocKkdCtdOH2F2B1vqAUP7IbubmRZ2SEcjeZiowQOq2uercMGRA=mo,"The app offers a wide range of features related to Islamic practices and prayer time. provides accurate prayer times based on location and time zone. But Users cannot adjust prayer times for specific prayers, which could be inconvenient for those who follow different prayer schedules. Users may find it inconvenient if they rely on the Hijri calendar for religious or cultural purposes as it lacks Hijiri date adjustments .",4,11,2.12.4,2024-02-28 20:02:39,,,2.12.4
c7155e82-e9e6-432f-9cf4-c11de2a68d03,Sevara Durumbayeva,https://play-lh.googleusercontent.com/a-/ALV-UjWkV6tfEQgvVkBFhzSqqBZtw2_BoN8Sx5BoFdNQZLEuhOr8Vu0,useful app,5,0,2.12.1,2024-02-28 15:17:30,,,2.12.1
17b6c4b9-173e-4c7e-9917-ab04b10a7ff1,Mohammad Khan,https://play-lh.googleusercontent.com/a-/ALV-UjXB_vvDVV86m10lBY-13Dmty1HCCfceRg9jM_eSRKfEON8h1WI,Simple no ads Quran style is so Assam I love and appreciate it,5,1,2.12.1,2024-02-20 04:02:11,"Салам алейкум!
Мы рады что приложение вам понравилось и приносит пользу!
Поделитесь с семьей и близкими.",2024-02-21 02:40:29,2.12.1
af2d866c-e3e8-40a4-bdf4-a4406b2ec1de,Ismail Alarmouti,https://play-lh.googleusercontent.com/a/ACg8ocIcvHOWuY6KkeznebNQ6vVFS4eEiOaAnFEBL8UxI4-RTvD3sEo=mo,simple and straightforward with no ads.,5,5,2.12.1,2024-02-18 12:18:01,,,2.12.1
e225fe3c-2f15-47ea-a4e0-8050b788b310,Jafar Maksadov,https://play-lh.googleusercontent.com/a-/ALV-UjWBhE5G8D3knU924hB0r3XcOZQFxqFWHBUkNDbYvWopDrlvTV4,working and helping very good,5,1,2.12.1,2024-02-15 13:16:16,,,2.12.1
ba2e617d-5001-4609-8fa5-6a673fc0ef34,Muhammad Tarique Saleem,https://play-lh.googleusercontent.com/a-/ALV-UjXMg66VjUXZ94ExkcTr50cin_Yui7Z2-51wM9QbuJ4kOtUBvS2Kpg,"Great app. Have 2 requests: 1. The notification option doesn't have option to set the vibration type. It would be very nice to be able to select vibration short or long (currently it is long) 1b. It would be great to have an option to select notification for specific prayer, to have notification that is silent along with no vibration. 2. ""Ask question"" doesn't work (just opens up whatsapp)",5,17,2.12.1,2024-02-09 16:41:52,,,2.12.1
0747fd59-226a-4019-948d-bbaf0136e209,Dean Abuattieh,https://play-lh.googleusercontent.com/a-/ALV-UjWVsiBfFVOMhdw4WKYkQXBE09tv66rDKKXrHZJF1D8QADDHGLd4,it's good,5,0,2.11.1,2024-01-16 03:56:14,,,2.11.1
823f62cf-565c-4df8-9828-807f67770d24,Nordon Limonzoda,https://play-lh.googleusercontent.com/a/ACg8ocJ3Y6-Be_h28TRy4OQ5d3kZ40tZuuyj-7yBx15jaNpWg6KXZg=mo,May Allah bless you guys for such a great app and without any advertising and collecting sensitive information,5,2,2.11.1,2024-01-04 18:36:59,,,2.11.1
e03988be-cc3c-40ab-8c0e-a887c9df22ea,Nasir ahmad Khan,https://play-lh.googleusercontent.com/a/ACg8ocI_wXIP3UEIH4v33AvtISaCaICXCmMjY3sw5KAI5gXoNFjRhA=mo,good,5,0,2.11.1,2023-12-25 05:41:14,,,2.11.1
1f7e5b76-d092-44c3-a7f6-b101bcdee37f,Sardorkhuja Ibrokhimov,https://play-lh.googleusercontent.com/a/ACg8ocKtCD--XbvfWHShrGI9rHrGBMOmNvcXrZgIObCo0uiKxL5ctg=mo,Overall app is great app. Thanks for the developers. But App doesn't update time correctly if app is in background and notification is not always on time. I would like request developers fix this issues and add a small feature. It will be great if app will give notification 10 before the salah time.,3,7,,2023-12-08 22:06:07,,,
c0ff3e96-1ba9-4b41-a808-34234c1d783e,Lutfulloh Nazirjonov,https://play-lh.googleusercontent.com/a/ACg8ocLdDAqlqYQ9yVQeZbYU4mVeGzizQCJGqap8PrwUjxeHxY6Tgg=mo,👍👍,5,0,2.11.1,2023-12-03 17:55:11,,,2.11.1
6d5799e2-626a-4b3e-8714-db7ef98aae75,Hamid Malik,https://play-lh.googleusercontent.com/a/ACg8ocJiA1VrqYQpnXpKXfLJ1v5Vg3PUpVqZVqWw3ppQ8g1vpsR6Dw=mo,best ever seen,5,1,2.11.1,2023-11-30 21:52:22,,,2.11.1
a35f967e-4ccb-4a70-a6e6-9a811bf1c7fd,Abdul Azeem,https://play-lh.googleusercontent.com/a-/ALV-UjUi2NrU2jqN1BMXyAkWoPq9XGWEzHTnZ0pBEyZrJQrxwAkmkae4,feature to acche hain lekin date galat chal rahi hai,5,0,2.11.1,2023-11-25 00:02:02,,,2.11.1
c0a33f31-8fb1-49d9-acfa-da4ce3f430c5,Martin P,https://play-lh.googleusercontent.com/a-/ALV-UjVJjVTcbMiRUbqA6igHwk8OnfJgiwc3sZEnwUHuh1fYxMd1npM,Not found location,2,0,2.11.1,2023-11-12 08:23:21,,,2.11.1
fde6e1df-3d61-4c59-b2f1-9404cc9d9205,Hani “Moe M81” Moe,https://play-lh.googleusercontent.com/a/ACg8ocLVf88CF5duvACJUCdExbHyqI5vBjpnEVLPTUel66WajFPcrA=mo,very easy to use app,5,3,2.11.1,2023-11-06 02:14:28,,,2.11.1
1e9d9c88-d5b8-4dc4-b6c6-cd92957db5f0,Nasir Ahmed Tak,https://play-lh.googleusercontent.com/a-/ALV-UjXyKcDOHnw4UZE2Fdw03oqQcVpZvli3KAc7plCEo-ta9jBNaR6U,Great app but no widgets,5,2,,2023-10-23 22:22:25,,,
234d09a5-39ec-49b2-bb00-7033a0f74fb9,Legenda M,https://play-lh.googleusercontent.com/a-/ALV-UjW2OL5dnSXgjqfvFY_ssW-65Scw3JvttIoDJrU8RfcZGStfl6g,"Здраствуйте.Приложение отличное но если добавите ""виджеты"" то это было бы вообше класс очень удобно сталобы пользоватся",5,2,2.9.3,2023-09-05 14:26:10,,,2.9.3
e2dcff8e-23f4-4cd8-a58c-b5cc19859e4f,Abdul Kudus,https://play-lh.googleusercontent.com/a/ACg8ocIQVi8ivsG_Jzgc4XGkDAa-Pi1iMBrSbYCnWLL_ZEL6eyzKBA=mo,jazakullah khaira,5,0,2.9.3,2023-07-30 01:39:23,,,2.9.3
9d575add-5c84-44bc-b9ec-779406752336,Rezyanul Riyad,https://play-lh.googleusercontent.com/a-/ALV-UjX_VQbu3Z1f1ZdgSAh4jor2rEUjtfvitaHvbZSxTPHJ5RlD6Iw,Thanks for share,5,1,2.9.3,2023-07-15 18:52:35,,,2.9.3
927c085b-502e-4b5c-bea4-6ded115e6c7e,John Muhammad Al Ali,https://play-lh.googleusercontent.com/a/ACg8ocILZcLPXP4wKpcY7y7Jmjd2W19C-eKlEsAdVK4Y2IgXAQNp-lRy=mo,it works !,5,0,2.9.3,2023-06-18 17:43:10,,,2.9.3
08c9dca8-b34f-475f-a0b7-0668ce8d6b02,Russian vodka,https://play-lh.googleusercontent.com/a/ACg8ocL9qruwXNl4mW8ns0H-6FFcTDA9EjHBQ5LOEuaN2-nQ2SCSkg=mo,The app is for sumna Muslims,2,0,,2023-05-17 01:30:17,,,
c8286e33-9703-4716-aadc-6b723fbe4568,Yusif Ekberov,https://play-lh.googleusercontent.com/a-/ALV-UjX4Z6pOpKYZMQxG4-LXn2Vp0XCvZOsEpDeD_4KCnzP3bVdLQ1xs9Q,Piter vaxt ela 5 ulduz,5,0,2.8.0,2023-04-18 23:36:37,,,2.8.0
8f7f017c-cb98-4c82-a6e1-2c9350334130,Faizan Munawar Varya,https://play-lh.googleusercontent.com/a-/ALV-UjUR9MMkggjnchqsXsWYHa7p2iMDIlO0joUEsBigK7zwmhhWqKug,Must download an awesome islamic app highly recomended by Faizan Munawar Varya,5,1,,2023-03-12 04:59:30,,,
39ef072e-4653-487c-bdda-7f759abb1425,Yerbolat Yerzhamalov,https://play-lh.googleusercontent.com/a-/ALV-UjVl2OP6tL6MHxUge7vxaBOLBKK2LEUkmIPLn6oMTk6GBNwEEzuw,Молодцы разрабы 👍🏻,5,0,,2022-12-14 17:24:45,,,
ca035ec8-aee8-40b3-b7b2-fe832d437df2,Ibrahim Mustafayev,https://play-lh.googleusercontent.com/a-/ALV-UjXrwhegRH-PyUCNJ6o3v80u6kPXjMEMucgedGusHYAeuAFBZDUR,"Ассаламу алейкум ва рахматуллах! Спасибо большое за такое прекрасное приложение, братья! Давно искал именно такую простую версию, без всяких лишних дополнений и приятным интерфейсом. Всё работает отлично, не наблюдал никаких проблем со дня скачивания, Алхамдулиллах. Самое главное это то, что приложение само автоматически находит именно самые правильные времена (Сунна/Сяляф) намазов, а не как в других, где около десяти методов расчёта, что подвергает начинающих к ошибке. Спасибо, братья!",5,1,2.3.9,2022-04-08 22:31:24,"Спасибо, рады стараться!",2022-04-19 21:36:07,2.3.9
c78d9a82-e201-4978-8013-0ab81fa44a57,Bakhtiyar Zakirov,https://play-lh.googleusercontent.com/a-/ALV-UjXnVigaE3lq6K-CR-O6V5eL0k5sITXSqAuprGgFs_HNhKi34tXK,Good,5,1,2.2.4,2021-08-19 17:08:06,,,2.2.4
26974724-0dc9-4c7d-8253-e37df6b4a7c0,Khamzat Zhamaldaev,https://play-lh.googleusercontent.com/a-/ALV-UjXG6QzULY-st2AwukuOZJMLq1wIdJuEg4E5Ga_F2rTXKDUiy8qg,Почему нельзя выбрать местоположение?Когда пишу город меня выкидывает.,5,1,2.2.2,2021-05-11 22:59:03,"Салам алейкум, напишите мне, помогу решить проблему: Телеграм - tmagomedk Вацап - 79771339076 Почта - tmagomedk@live.ru",2021-05-11 23:00:49,2.2.2
3066f14d-3b17-4258-9108-db5d5a6bb7f7,KSV,https://play-lh.googleusercontent.com/a/ACg8ocIdXpyZT9VWVEFrSP3CC6cwtEW1WcYlr3uKKlKXBH06C11qog=mo,"Программа хороша, но требует доработки",5,1,1.2,2020-11-03 12:40:51,,,1.2
